0,1,2,3,4,5,6,7,8,9,10,11,12,13,14,15,16,17,18,19,20,21,22,23,24,25,26,27,28,29,30,31,32,33,34,35,36,37,38,39,40,41,42,43,44,45,46,47,48,49,50
-76.52662658691406,-75.6088638305664,-75.79462432861328,-74.54653930664062,-74.38676452636719,-75.048095703125,-74.46961975097656,-74.63082885742188,-75.0492935180664,-74.62157440185547,-73.91132354736328,-73.59123229980469,-74.94309997558594,-73.34973907470703,-72.52799987792969,-72.07037353515625,-72.82613372802734,-73.06195831298828,-72.8831558227539,-72.71986389160156,-73.09465026855469,-73.09321594238281,-73.15462493896484,-72.05272674560547,-71.91290283203125,-72.45169067382812,-72.51836395263672,-72.84744262695312,-72.71208190917969,-70.82266998291016,-69.89923095703125,-71.78897094726562,-69.51031494140625,-70.15100860595703,-70.08572387695312,-68.0959243774414,-69.8459243774414,-70.79012298583984,-69.05758666992188,-68.14700317382812,-67.69686889648438,-67.03900146484375,-66.0676498413086,-67.20649719238281,-67.67644500732422,-67.72286224365234,-67.95074462890625,-67.90669250488281,-67.96908569335938,-68.15162658691406,0.0
-75.6088638305664,-75.79462432861328,-74.54653930664062,-74.38676452636719,-75.048095703125,-74.46961975097656,-74.63082885742188,-75.0492935180664,-74.62157440185547,-73.91132354736328,-73.59123229980469,-74.94309997558594,-73.34973907470703,-72.52799987792969,-72.07037353515625,-72.82613372802734,-73.06195831298828,-72.8831558227539,-72.71986389160156,-73.09465026855469,-73.09321594238281,-73.15462493896484,-72.05272674560547,-71.91290283203125,-72.45169067382812,-72.51836395263672,-72.84744262695312,-72.71208190917969,-70.82266998291016,-69.89923095703125,-71.78897094726562,-69.51031494140625,-70.15100860595703,-70.08572387695312,-68.0959243774414,-69.8459243774414,-70.79012298583984,-69.05758666992188,-68.14700317382812,-67.69686889648438,-67.03900146484375,-66.0676498413086,-67.20649719238281,-67.67644500732422,-67.72286224365234,-67.95074462890625,-67.90669250488281,-67.96908569335938,-68.15162658691406,-69.128173828125,0.0
-75.79462432861328,-74.54653930664062,-74.38676452636719,-75.048095703125,-74.46961975097656,-74.63082885742188,-75.0492935180664,-74.62157440185547,-73.91132354736328,-73.59123229980469,-74.94309997558594,-73.34973907470703,-72.52799987792969,-72.07037353515625,-72.82613372802734,-73.06195831298828,-72.8831558227539,-72.71986389160156,-73.09465026855469,-73.09321594238281,-73.15462493896484,-72.05272674560547,-71.91290283203125,-72.45169067382812,-72.51836395263672,-72.84744262695312,-72.71208190917969,-70.82266998291016,-69.89923095703125,-71.78897094726562,-69.51031494140625,-70.15100860595703,-70.08572387695312,-68.0959243774414,-69.8459243774414,-70.79012298583984,-69.05758666992188,-68.14700317382812,-67.69686889648438,-67.03900146484375,-66.0676498413086,-67.20649719238281,-67.67644500732422,-67.72286224365234,-67.95074462890625,-67.90669250488281,-67.96908569335938,-68.15162658691406,-69.128173828125,-70.90975952148438,0.0
-74.54653930664062,-74.38676452636719,-75.048095703125,-74.46961975097656,-74.63082885742188,-75.0492935180664,-74.62157440185547,-73.91132354736328,-73.59123229980469,-74.94309997558594,-73.34973907470703,-72.52799987792969,-72.07037353515625,-72.82613372802734,-73.06195831298828,-72.8831558227539,-72.71986389160156,-73.09465026855469,-73.09321594238281,-73.15462493896484,-72.05272674560547,-71.91290283203125,-72.45169067382812,-72.51836395263672,-72.84744262695312,-72.71208190917969,-70.82266998291016,-69.89923095703125,-71.78897094726562,-69.51031494140625,-70.15100860595703,-70.08572387695312,-68.0959243774414,-69.8459243774414,-70.79012298583984,-69.05758666992188,-68.14700317382812,-67.69686889648438,-67.03900146484375,-66.0676498413086,-67.20649719238281,-67.67644500732422,-67.72286224365234,-67.95074462890625,-67.90669250488281,-67.96908569335938,-68.15162658691406,-69.128173828125,-70.90975952148438,-70.49563598632812,0.0
-74.38676452636719,-75.048095703125,-74.46961975097656,-74.63082885742188,-75.0492935180664,-74.62157440185547,-73.91132354736328,-73.59123229980469,-74.94309997558594,-73.34973907470703,-72.52799987792969,-72.07037353515625,-72.82613372802734,-73.06195831298828,-72.8831558227539,-72.71986389160156,-73.09465026855469,-73.09321594238281,-73.15462493896484,-72.05272674560547,-71.91290283203125,-72.45169067382812,-72.51836395263672,-72.84744262695312,-72.71208190917969,-70.82266998291016,-69.89923095703125,-71.78897094726562,-69.51031494140625,-70.15100860595703,-70.08572387695312,-68.0959243774414,-69.8459243774414,-70.79012298583984,-69.05758666992188,-68.14700317382812,-67.69686889648438,-67.03900146484375,-66.0676498413086,-67.20649719238281,-67.67644500732422,-67.72286224365234,-67.95074462890625,-67.90669250488281,-67.96908569335938,-68.15162658691406,-69.128173828125,-70.90975952148438,-70.49563598632812,-70.0479965209961,0.0
-75.048095703125,-74.46961975097656,-74.63082885742188,-75.0492935180664,-74.62157440185547,-73.91132354736328,-73.59123229980469,-74.94309997558594,-73.34973907470703,-72.52799987792969,-72.07037353515625,-72.82613372802734,-73.06195831298828,-72.8831558227539,-72.71986389160156,-73.09465026855469,-73.09321594238281,-73.15462493896484,-72.05272674560547,-71.91290283203125,-72.45169067382812,-72.51836395263672,-72.84744262695312,-72.71208190917969,-70.82266998291016,-69.89923095703125,-71.78897094726562,-69.51031494140625,-70.15100860595703,-70.08572387695312,-68.0959243774414,-69.8459243774414,-70.79012298583984,-69.05758666992188,-68.14700317382812,-67.69686889648438,-67.03900146484375,-66.0676498413086,-67.20649719238281,-67.67644500732422,-67.72286224365234,-67.95074462890625,-67.90669250488281,-67.96908569335938,-68.15162658691406,-69.128173828125,-70.90975952148438,-70.49563598632812,-70.0479965209961,-69.82817840576172,0.0
-74.46961975097656,-74.63082885742188,-75.0492935180664,-74.62157440185547,-73.91132354736328,-73.59123229980469,-74.94309997558594,-73.34973907470703,-72.52799987792969,-72.07037353515625,-72.82613372802734,-73.06195831298828,-72.8831558227539,-72.71986389160156,-73.09465026855469,-73.09321594238281,-73.15462493896484,-72.05272674560547,-71.91290283203125,-72.45169067382812,-72.51836395263672,-72.84744262695312,-72.71208190917969,-70.82266998291016,-69.89923095703125,-71.78897094726562,-69.51031494140625,-70.15100860595703,-70.08572387695312,-68.0959243774414,-69.8459243774414,-70.79012298583984,-69.05758666992188,-68.14700317382812,-67.69686889648438,-67.03900146484375,-66.0676498413086,-67.20649719238281,-67.67644500732422,-67.72286224365234,-67.95074462890625,-67.90669250488281,-67.96908569335938,-68.15162658691406,-69.128173828125,-70.90975952148438,-70.49563598632812,-70.0479965209961,-69.82817840576172,-69.65316772460938,1.0
-74.63082885742188,-75.0492935180664,-74.62157440185547,-73.91132354736328,-73.59123229980469,-74.94309997558594,-73.34973907470703,-72.52799987792969,-72.07037353515625,-72.82613372802734,-73.06195831298828,-72.8831558227539,-72.71986389160156,-73.09465026855469,-73.09321594238281,-73.15462493896484,-72.05272674560547,-71.91290283203125,-72.45169067382812,-72.51836395263672,-72.84744262695312,-72.71208190917969,-70.82266998291016,-69.89923095703125,-71.78897094726562,-69.51031494140625,-70.15100860595703,-70.08572387695312,-68.0959243774414,-69.8459243774414,-70.79012298583984,-69.05758666992188,-68.14700317382812,-67.69686889648438,-67.03900146484375,-66.0676498413086,-67.20649719238281,-67.67644500732422,-67.72286224365234,-67.95074462890625,-67.90669250488281,-67.96908569335938,-68.15162658691406,-69.128173828125,-70.90975952148438,-70.49563598632812,-70.0479965209961,-69.82817840576172,-69.65316772460938,-69.71403503417969,1.0
-75.0492935180664,-74.62157440185547,-73.91132354736328,-73.59123229980469,-74.94309997558594,-73.34973907470703,-72.52799987792969,-72.07037353515625,-72.82613372802734,-73.06195831298828,-72.8831558227539,-72.71986389160156,-73.09465026855469,-73.09321594238281,-73.15462493896484,-72.05272674560547,-71.91290283203125,-72.45169067382812,-72.51836395263672,-72.84744262695312,-72.71208190917969,-70.82266998291016,-69.89923095703125,-71.78897094726562,-69.51031494140625,-70.15100860595703,-70.08572387695312,-68.0959243774414,-69.8459243774414,-70.79012298583984,-69.05758666992188,-68.14700317382812,-67.69686889648438,-67.03900146484375,-66.0676498413086,-67.20649719238281,-67.67644500732422,-67.72286224365234,-67.95074462890625,-67.90669250488281,-67.96908569335938,-68.15162658691406,-69.128173828125,-70.90975952148438,-70.49563598632812,-70.0479965209961,-69.82817840576172,-69.65316772460938,-69.71403503417969,-69.87273406982422,0.0
-74.62157440185547,-73.91132354736328,-73.59123229980469,-74.94309997558594,-73.34973907470703,-72.52799987792969,-72.07037353515625,-72.82613372802734,-73.06195831298828,-72.8831558227539,-72.71986389160156,-73.09465026855469,-73.09321594238281,-73.15462493896484,-72.05272674560547,-71.91290283203125,-72.45169067382812,-72.51836395263672,-72.84744262695312,-72.71208190917969,-70.82266998291016,-69.89923095703125,-71.78897094726562,-69.51031494140625,-70.15100860595703,-70.08572387695312,-68.0959243774414,-69.8459243774414,-70.79012298583984,-69.05758666992188,-68.14700317382812,-67.69686889648438,-67.03900146484375,-66.0676498413086,-67.20649719238281,-67.67644500732422,-67.72286224365234,-67.95074462890625,-67.90669250488281,-67.96908569335938,-68.15162658691406,-69.128173828125,-70.90975952148438,-70.49563598632812,-70.0479965209961,-69.82817840576172,-69.65316772460938,-69.71403503417969,-69.87273406982422,-69.52597045898438,0.0
-73.91132354736328,-73.59123229980469,-74.94309997558594,-73.34973907470703,-72.52799987792969,-72.07037353515625,-72.82613372802734,-73.06195831298828,-72.8831558227539,-72.71986389160156,-73.09465026855469,-73.09321594238281,-73.15462493896484,-72.05272674560547,-71.91290283203125,-72.45169067382812,-72.51836395263672,-72.84744262695312,-72.71208190917969,-70.82266998291016,-69.89923095703125,-71.78897094726562,-69.51031494140625,-70.15100860595703,-70.08572387695312,-68.0959243774414,-69.8459243774414,-70.79012298583984,-69.05758666992188,-68.14700317382812,-67.69686889648438,-67.03900146484375,-66.0676498413086,-67.20649719238281,-67.67644500732422,-67.72286224365234,-67.95074462890625,-67.90669250488281,-67.96908569335938,-68.15162658691406,-69.128173828125,-70.90975952148438,-70.49563598632812,-70.0479965209961,-69.82817840576172,-69.65316772460938,-69.71403503417969,-69.87273406982422,-69.52597045898438,-69.36125946044922,0.0
-73.59123229980469,-74.94309997558594,-73.34973907470703,-72.52799987792969,-72.07037353515625,-72.82613372802734,-73.06195831298828,-72.8831558227539,-72.71986389160156,-73.09465026855469,-73.09321594238281,-73.15462493896484,-72.05272674560547,-71.91290283203125,-72.45169067382812,-72.51836395263672,-72.84744262695312,-72.71208190917969,-70.82266998291016,-69.89923095703125,-71.78897094726562,-69.51031494140625,-70.15100860595703,-70.08572387695312,-68.0959243774414,-69.8459243774414,-70.79012298583984,-69.05758666992188,-68.14700317382812,-67.69686889648438,-67.03900146484375,-66.0676498413086,-67.20649719238281,-67.67644500732422,-67.72286224365234,-67.95074462890625,-67.90669250488281,-67.96908569335938,-68.15162658691406,-69.128173828125,-70.90975952148438,-70.49563598632812,-70.0479965209961,-69.82817840576172,-69.65316772460938,-69.71403503417969,-69.87273406982422,-69.52597045898438,-69.36125946044922,-69.43734741210938,0.0
-74.94309997558594,-73.34973907470703,-72.52799987792969,-72.07037353515625,-72.82613372802734,-73.06195831298828,-72.8831558227539,-72.71986389160156,-73.09465026855469,-73.09321594238281,-73.15462493896484,-72.05272674560547,-71.91290283203125,-72.45169067382812,-72.51836395263672,-72.84744262695312,-72.71208190917969,-70.82266998291016,-69.89923095703125,-71.78897094726562,-69.51031494140625,-70.15100860595703,-70.08572387695312,-68.0959243774414,-69.8459243774414,-70.79012298583984,-69.05758666992188,-68.14700317382812,-67.69686889648438,-67.03900146484375,-66.0676498413086,-67.20649719238281,-67.67644500732422,-67.72286224365234,-67.95074462890625,-67.90669250488281,-67.96908569335938,-68.15162658691406,-69.128173828125,-70.90975952148438,-70.49563598632812,-70.0479965209961,-69.82817840576172,-69.65316772460938,-69.71403503417969,-69.87273406982422,-69.52597045898438,-69.36125946044922,-69.43734741210938,-69.58137512207031,0.0
-73.34973907470703,-72.52799987792969,-72.07037353515625,-72.82613372802734,-73.06195831298828,-72.8831558227539,-72.71986389160156,-73.09465026855469,-73.09321594238281,-73.15462493896484,-72.05272674560547,-71.91290283203125,-72.45169067382812,-72.51836395263672,-72.84744262695312,-72.71208190917969,-70.82266998291016,-69.89923095703125,-71.78897094726562,-69.51031494140625,-70.15100860595703,-70.08572387695312,-68.0959243774414,-69.8459243774414,-70.79012298583984,-69.05758666992188,-68.14700317382812,-67.69686889648438,-67.03900146484375,-66.0676498413086,-67.20649719238281,-67.67644500732422,-67.72286224365234,-67.95074462890625,-67.90669250488281,-67.96908569335938,-68.15162658691406,-69.128173828125,-70.90975952148438,-70.49563598632812,-70.0479965209961,-69.82817840576172,-69.65316772460938,-69.71403503417969,-69.87273406982422,-69.52597045898438,-69.36125946044922,-69.43734741210938,-69.58137512207031,-69.48497009277344,0.0
-72.52799987792969,-72.07037353515625,-72.82613372802734,-73.06195831298828,-72.8831558227539,-72.71986389160156,-73.09465026855469,-73.09321594238281,-73.15462493896484,-72.05272674560547,-71.91290283203125,-72.45169067382812,-72.51836395263672,-72.84744262695312,-72.71208190917969,-70.82266998291016,-69.89923095703125,-71.78897094726562,-69.51031494140625,-70.15100860595703,-70.08572387695312,-68.0959243774414,-69.8459243774414,-70.79012298583984,-69.05758666992188,-68.14700317382812,-67.69686889648438,-67.03900146484375,-66.0676498413086,-67.20649719238281,-67.67644500732422,-67.72286224365234,-67.95074462890625,-67.90669250488281,-67.96908569335938,-68.15162658691406,-69.128173828125,-70.90975952148438,-70.49563598632812,-70.0479965209961,-69.82817840576172,-69.65316772460938,-69.71403503417969,-69.87273406982422,-69.52597045898438,-69.36125946044922,-69.43734741210938,-69.58137512207031,-69.48497009277344,-69.4354248046875,0.0
-72.07037353515625,-72.82613372802734,-73.06195831298828,-72.8831558227539,-72.71986389160156,-73.09465026855469,-73.09321594238281,-73.15462493896484,-72.05272674560547,-71.91290283203125,-72.45169067382812,-72.51836395263672,-72.84744262695312,-72.71208190917969,-70.82266998291016,-69.89923095703125,-71.78897094726562,-69.51031494140625,-70.15100860595703,-70.08572387695312,-68.0959243774414,-69.8459243774414,-70.79012298583984,-69.05758666992188,-68.14700317382812,-67.69686889648438,-67.03900146484375,-66.0676498413086,-67.20649719238281,-67.67644500732422,-67.72286224365234,-67.95074462890625,-67.90669250488281,-67.96908569335938,-68.15162658691406,-69.128173828125,-70.90975952148438,-70.49563598632812,-70.0479965209961,-69.82817840576172,-69.65316772460938,-69.71403503417969,-69.87273406982422,-69.52597045898438,-69.36125946044922,-69.43734741210938,-69.58137512207031,-69.48497009277344,-69.4354248046875,-69.54682922363281,0.0
-72.82613372802734,-73.06195831298828,-72.8831558227539,-72.71986389160156,-73.09465026855469,-73.09321594238281,-73.15462493896484,-72.05272674560547,-71.91290283203125,-72.45169067382812,-72.51836395263672,-72.84744262695312,-72.71208190917969,-70.82266998291016,-69.89923095703125,-71.78897094726562,-69.51031494140625,-70.15100860595703,-70.08572387695312,-68.0959243774414,-69.8459243774414,-70.79012298583984,-69.05758666992188,-68.14700317382812,-67.69686889648438,-67.03900146484375,-66.0676498413086,-67.20649719238281,-67.67644500732422,-67.72286224365234,-67.95074462890625,-67.90669250488281,-67.96908569335938,-68.15162658691406,-69.128173828125,-70.90975952148438,-70.49563598632812,-70.0479965209961,-69.82817840576172,-69.65316772460938,-69.71403503417969,-69.87273406982422,-69.52597045898438,-69.36125946044922,-69.43734741210938,-69.58137512207031,-69.48497009277344,-69.4354248046875,-69.54682922363281,-69.40937805175781,0.0
-73.06195831298828,-72.8831558227539,-72.71986389160156,-73.09465026855469,-73.09321594238281,-73.15462493896484,-72.05272674560547,-71.91290283203125,-72.45169067382812,-72.51836395263672,-72.84744262695312,-72.71208190917969,-70.82266998291016,-69.89923095703125,-71.78897094726562,-69.51031494140625,-70.15100860595703,-70.08572387695312,-68.0959243774414,-69.8459243774414,-70.79012298583984,-69.05758666992188,-68.14700317382812,-67.69686889648438,-67.03900146484375,-66.0676498413086,-67.20649719238281,-67.67644500732422,-67.72286224365234,-67.95074462890625,-67.90669250488281,-67.96908569335938,-68.15162658691406,-69.128173828125,-70.90975952148438,-70.49563598632812,-70.0479965209961,-69.82817840576172,-69.65316772460938,-69.71403503417969,-69.87273406982422,-69.52597045898438,-69.36125946044922,-69.43734741210938,-69.58137512207031,-69.48497009277344,-69.4354248046875,-69.54682922363281,-69.40937805175781,-69.33368682861328,1.0
-72.8831558227539,-72.71986389160156,-73.09465026855469,-73.09321594238281,-73.15462493896484,-72.05272674560547,-71.91290283203125,-72.45169067382812,-72.51836395263672,-72.84744262695312,-72.71208190917969,-70.82266998291016,-69.89923095703125,-71.78897094726562,-69.51031494140625,-70.15100860595703,-70.08572387695312,-68.0959243774414,-69.8459243774414,-70.79012298583984,-69.05758666992188,-68.14700317382812,-67.69686889648438,-67.03900146484375,-66.0676498413086,-67.20649719238281,-67.67644500732422,-67.72286224365234,-67.95074462890625,-67.90669250488281,-67.96908569335938,-68.15162658691406,-69.128173828125,-70.90975952148438,-70.49563598632812,-70.0479965209961,-69.82817840576172,-69.65316772460938,-69.71403503417969,-69.87273406982422,-69.52597045898438,-69.36125946044922,-69.43734741210938,-69.58137512207031,-69.48497009277344,-69.4354248046875,-69.54682922363281,-69.40937805175781,-69.33368682861328,-69.487548828125,1.0
-72.71986389160156,-73.09465026855469,-73.09321594238281,-73.15462493896484,-72.05272674560547,-71.91290283203125,-72.45169067382812,-72.51836395263672,-72.84744262695312,-72.71208190917969,-70.82266998291016,-69.89923095703125,-71.78897094726562,-69.51031494140625,-70.15100860595703,-70.08572387695312,-68.0959243774414,-69.8459243774414,-70.79012298583984,-69.05758666992188,-68.14700317382812,-67.69686889648438,-67.03900146484375,-66.0676498413086,-67.20649719238281,-67.67644500732422,-67.72286224365234,-67.95074462890625,-67.90669250488281,-67.96908569335938,-68.15162658691406,-69.128173828125,-70.90975952148438,-70.49563598632812,-70.0479965209961,-69.82817840576172,-69.65316772460938,-69.71403503417969,-69.87273406982422,-69.52597045898438,-69.36125946044922,-69.43734741210938,-69.58137512207031,-69.48497009277344,-69.4354248046875,-69.54682922363281,-69.40937805175781,-69.33368682861328,-69.487548828125,-69.54357147216797,0.0
-73.09465026855469,-73.09321594238281,-73.15462493896484,-72.05272674560547,-71.91290283203125,-72.45169067382812,-72.51836395263672,-72.84744262695312,-72.71208190917969,-70.82266998291016,-69.89923095703125,-71.78897094726562,-69.51031494140625,-70.15100860595703,-70.08572387695312,-68.0959243774414,-69.8459243774414,-70.79012298583984,-69.05758666992188,-68.14700317382812,-67.69686889648438,-67.03900146484375,-66.0676498413086,-67.20649719238281,-67.67644500732422,-67.72286224365234,-67.95074462890625,-67.90669250488281,-67.96908569335938,-68.15162658691406,-69.128173828125,-70.90975952148438,-70.49563598632812,-70.0479965209961,-69.82817840576172,-69.65316772460938,-69.71403503417969,-69.87273406982422,-69.52597045898438,-69.36125946044922,-69.43734741210938,-69.58137512207031,-69.48497009277344,-69.4354248046875,-69.54682922363281,-69.40937805175781,-69.33368682861328,-69.487548828125,-69.54357147216797,-69.69316864013672,0.0
-73.09321594238281,-73.15462493896484,-72.05272674560547,-71.91290283203125,-72.45169067382812,-72.51836395263672,-72.84744262695312,-72.71208190917969,-70.82266998291016,-69.89923095703125,-71.78897094726562,-69.51031494140625,-70.15100860595703,-70.08572387695312,-68.0959243774414,-69.8459243774414,-70.79012298583984,-69.05758666992188,-68.14700317382812,-67.69686889648438,-67.03900146484375,-66.0676498413086,-67.20649719238281,-67.67644500732422,-67.72286224365234,-67.95074462890625,-67.90669250488281,-67.96908569335938,-68.15162658691406,-69.128173828125,-70.90975952148438,-70.49563598632812,-70.0479965209961,-69.82817840576172,-69.65316772460938,-69.71403503417969,-69.87273406982422,-69.52597045898438,-69.36125946044922,-69.43734741210938,-69.58137512207031,-69.48497009277344,-69.4354248046875,-69.54682922363281,-69.40937805175781,-69.33368682861328,-69.487548828125,-69.54357147216797,-69.69316864013672,-69.4879150390625,0.0
-73.15462493896484,-72.05272674560547,-71.91290283203125,-72.45169067382812,-72.51836395263672,-72.84744262695312,-72.71208190917969,-70.82266998291016,-69.89923095703125,-71.78897094726562,-69.51031494140625,-70.15100860595703,-70.08572387695312,-68.0959243774414,-69.8459243774414,-70.79012298583984,-69.05758666992188,-68.14700317382812,-67.69686889648438,-67.03900146484375,-66.0676498413086,-67.20649719238281,-67.67644500732422,-67.72286224365234,-67.95074462890625,-67.90669250488281,-67.96908569335938,-68.15162658691406,-69.128173828125,-70.90975952148438,-70.49563598632812,-70.0479965209961,-69.82817840576172,-69.65316772460938,-69.71403503417969,-69.87273406982422,-69.52597045898438,-69.36125946044922,-69.43734741210938,-69.58137512207031,-69.48497009277344,-69.4354248046875,-69.54682922363281,-69.40937805175781,-69.33368682861328,-69.487548828125,-69.54357147216797,-69.69316864013672,-69.4879150390625,-69.5743179321289,0.0
-72.05272674560547,-71.91290283203125,-72.45169067382812,-72.51836395263672,-72.84744262695312,-72.71208190917969,-70.82266998291016,-69.89923095703125,-71.78897094726562,-69.51031494140625,-70.15100860595703,-70.08572387695312,-68.0959243774414,-69.8459243774414,-70.79012298583984,-69.05758666992188,-68.14700317382812,-67.69686889648438,-67.03900146484375,-66.0676498413086,-67.20649719238281,-67.67644500732422,-67.72286224365234,-67.95074462890625,-67.90669250488281,-67.96908569335938,-68.15162658691406,-69.128173828125,-70.90975952148438,-70.49563598632812,-70.0479965209961,-69.82817840576172,-69.65316772460938,-69.71403503417969,-69.87273406982422,-69.52597045898438,-69.36125946044922,-69.43734741210938,-69.58137512207031,-69.48497009277344,-69.4354248046875,-69.54682922363281,-69.40937805175781,-69.33368682861328,-69.487548828125,-69.54357147216797,-69.69316864013672,-69.4879150390625,-69.5743179321289,-69.90744018554688,0.0
-71.91290283203125,-72.45169067382812,-72.51836395263672,-72.84744262695312,-72.71208190917969,-70.82266998291016,-69.89923095703125,-71.78897094726562,-69.51031494140625,-70.15100860595703,-70.08572387695312,-68.0959243774414,-69.8459243774414,-70.79012298583984,-69.05758666992188,-68.14700317382812,-67.69686889648438,-67.03900146484375,-66.0676498413086,-67.20649719238281,-67.67644500732422,-67.72286224365234,-67.95074462890625,-67.90669250488281,-67.96908569335938,-68.15162658691406,-69.128173828125,-70.90975952148438,-70.49563598632812,-70.0479965209961,-69.82817840576172,-69.65316772460938,-69.71403503417969,-69.87273406982422,-69.52597045898438,-69.36125946044922,-69.43734741210938,-69.58137512207031,-69.48497009277344,-69.4354248046875,-69.54682922363281,-69.40937805175781,-69.33368682861328,-69.487548828125,-69.54357147216797,-69.69316864013672,-69.4879150390625,-69.5743179321289,-69.90744018554688,-70.52889251708984,0.0
-72.45169067382812,-72.51836395263672,-72.84744262695312,-72.71208190917969,-70.82266998291016,-69.89923095703125,-71.78897094726562,-69.51031494140625,-70.15100860595703,-70.08572387695312,-68.0959243774414,-69.8459243774414,-70.79012298583984,-69.05758666992188,-68.14700317382812,-67.69686889648438,-67.03900146484375,-66.0676498413086,-67.20649719238281,-67.67644500732422,-67.72286224365234,-67.95074462890625,-67.90669250488281,-67.96908569335938,-68.15162658691406,-69.128173828125,-70.90975952148438,-70.49563598632812,-70.0479965209961,-69.82817840576172,-69.65316772460938,-69.71403503417969,-69.87273406982422,-69.52597045898438,-69.36125946044922,-69.43734741210938,-69.58137512207031,-69.48497009277344,-69.4354248046875,-69.54682922363281,-69.40937805175781,-69.33368682861328,-69.487548828125,-69.54357147216797,-69.69316864013672,-69.4879150390625,-69.5743179321289,-69.90744018554688,-70.52889251708984,-68.64400482177734,1.0
-72.51836395263672,-72.84744262695312,-72.71208190917969,-70.82266998291016,-69.89923095703125,-71.78897094726562,-69.51031494140625,-70.15100860595703,-70.08572387695312,-68.0959243774414,-69.8459243774414,-70.79012298583984,-69.05758666992188,-68.14700317382812,-67.69686889648438,-67.03900146484375,-66.0676498413086,-67.20649719238281,-67.67644500732422,-67.72286224365234,-67.95074462890625,-67.90669250488281,-67.96908569335938,-68.15162658691406,-69.128173828125,-70.90975952148438,-70.49563598632812,-70.0479965209961,-69.82817840576172,-69.65316772460938,-69.71403503417969,-69.87273406982422,-69.52597045898438,-69.36125946044922,-69.43734741210938,-69.58137512207031,-69.48497009277344,-69.4354248046875,-69.54682922363281,-69.40937805175781,-69.33368682861328,-69.487548828125,-69.54357147216797,-69.69316864013672,-69.4879150390625,-69.5743179321289,-69.90744018554688,-70.52889251708984,-68.64400482177734,-68.0030288696289,1.0
-72.84744262695312,-72.71208190917969,-70.82266998291016,-69.89923095703125,-71.78897094726562,-69.51031494140625,-70.15100860595703,-70.08572387695312,-68.0959243774414,-69.8459243774414,-70.79012298583984,-69.05758666992188,-68.14700317382812,-67.69686889648438,-67.03900146484375,-66.0676498413086,-67.20649719238281,-67.67644500732422,-67.72286224365234,-67.95074462890625,-67.90669250488281,-67.96908569335938,-68.15162658691406,-69.128173828125,-70.90975952148438,-70.49563598632812,-70.0479965209961,-69.82817840576172,-69.65316772460938,-69.71403503417969,-69.87273406982422,-69.52597045898438,-69.36125946044922,-69.43734741210938,-69.58137512207031,-69.48497009277344,-69.4354248046875,-69.54682922363281,-69.40937805175781,-69.33368682861328,-69.487548828125,-69.54357147216797,-69.69316864013672,-69.4879150390625,-69.5743179321289,-69.90744018554688,-70.52889251708984,-68.64400482177734,-68.0030288696289,-68.40635681152344,0.0
-72.71208190917969,-70.82266998291016,-69.89923095703125,-71.78897094726562,-69.51031494140625,-70.15100860595703,-70.08572387695312,-68.0959243774414,-69.8459243774414,-70.79012298583984,-69.05758666992188,-68.14700317382812,-67.69686889648438,-67.03900146484375,-66.0676498413086,-67.20649719238281,-67.67644500732422,-67.72286224365234,-67.95074462890625,-67.90669250488281,-67.96908569335938,-68.15162658691406,-69.128173828125,-70.90975952148438,-70.49563598632812,-70.0479965209961,-69.82817840576172,-69.65316772460938,-69.71403503417969,-69.87273406982422,-69.52597045898438,-69.36125946044922,-69.43734741210938,-69.58137512207031,-69.48497009277344,-69.4354248046875,-69.54682922363281,-69.40937805175781,-69.33368682861328,-69.487548828125,-69.54357147216797,-69.69316864013672,-69.4879150390625,-69.5743179321289,-69.90744018554688,-70.52889251708984,-68.64400482177734,-68.0030288696289,-68.40635681152344,-67.864013671875,0.0
-70.82266998291016,-69.89923095703125,-71.78897094726562,-69.51031494140625,-70.15100860595703,-70.08572387695312,-68.0959243774414,-69.8459243774414,-70.79012298583984,-69.05758666992188,-68.14700317382812,-67.69686889648438,-67.03900146484375,-66.0676498413086,-67.20649719238281,-67.67644500732422,-67.72286224365234,-67.95074462890625,-67.90669250488281,-67.96908569335938,-68.15162658691406,-69.128173828125,-70.90975952148438,-70.49563598632812,-70.0479965209961,-69.82817840576172,-69.65316772460938,-69.71403503417969,-69.87273406982422,-69.52597045898438,-69.36125946044922,-69.43734741210938,-69.58137512207031,-69.48497009277344,-69.4354248046875,-69.54682922363281,-69.40937805175781,-69.33368682861328,-69.487548828125,-69.54357147216797,-69.69316864013672,-69.4879150390625,-69.5743179321289,-69.90744018554688,-70.52889251708984,-68.64400482177734,-68.0030288696289,-68.40635681152344,-67.864013671875,-67.79399871826172,0.0
-69.89923095703125,-71.78897094726562,-69.51031494140625,-70.15100860595703,-70.08572387695312,-68.0959243774414,-69.8459243774414,-70.79012298583984,-69.05758666992188,-68.14700317382812,-67.69686889648438,-67.03900146484375,-66.0676498413086,-67.20649719238281,-67.67644500732422,-67.72286224365234,-67.95074462890625,-67.90669250488281,-67.96908569335938,-68.15162658691406,-69.128173828125,-70.90975952148438,-70.49563598632812,-70.0479965209961,-69.82817840576172,-69.65316772460938,-69.71403503417969,-69.87273406982422,-69.52597045898438,-69.36125946044922,-69.43734741210938,-69.58137512207031,-69.48497009277344,-69.4354248046875,-69.54682922363281,-69.40937805175781,-69.33368682861328,-69.487548828125,-69.54357147216797,-69.69316864013672,-69.4879150390625,-69.5743179321289,-69.90744018554688,-70.52889251708984,-68.64400482177734,-68.0030288696289,-68.40635681152344,-67.864013671875,-67.79399871826172,-67.75889587402344,0.0
-71.78897094726562,-69.51031494140625,-70.15100860595703,-70.08572387695312,-68.0959243774414,-69.8459243774414,-70.79012298583984,-69.05758666992188,-68.14700317382812,-67.69686889648438,-67.03900146484375,-66.0676498413086,-67.20649719238281,-67.67644500732422,-67.72286224365234,-67.95074462890625,-67.90669250488281,-67.96908569335938,-68.15162658691406,-69.128173828125,-70.90975952148438,-70.49563598632812,-70.0479965209961,-69.82817840576172,-69.65316772460938,-69.71403503417969,-69.87273406982422,-69.52597045898438,-69.36125946044922,-69.43734741210938,-69.58137512207031,-69.48497009277344,-69.4354248046875,-69.54682922363281,-69.40937805175781,-69.33368682861328,-69.487548828125,-69.54357147216797,-69.69316864013672,-69.4879150390625,-69.5743179321289,-69.90744018554688,-70.52889251708984,-68.64400482177734,-68.0030288696289,-68.40635681152344,-67.864013671875,-67.79399871826172,-67.75889587402344,-68.64348602294922,0.0
-69.51031494140625,-70.15100860595703,-70.08572387695312,-68.0959243774414,-69.8459243774414,-70.79012298583984,-69.05758666992188,-68.14700317382812,-67.69686889648438,-67.03900146484375,-66.0676498413086,-67.20649719238281,-67.67644500732422,-67.72286224365234,-67.95074462890625,-67.90669250488281,-67.96908569335938,-68.15162658691406,-69.128173828125,-70.90975952148438,-70.49563598632812,-70.0479965209961,-69.82817840576172,-69.65316772460938,-69.71403503417969,-69.87273406982422,-69.52597045898438,-69.36125946044922,-69.43734741210938,-69.58137512207031,-69.48497009277344,-69.4354248046875,-69.54682922363281,-69.40937805175781,-69.33368682861328,-69.487548828125,-69.54357147216797,-69.69316864013672,-69.4879150390625,-69.5743179321289,-69.90744018554688,-70.52889251708984,-68.64400482177734,-68.0030288696289,-68.40635681152344,-67.864013671875,-67.79399871826172,-67.75889587402344,-68.64348602294922,-68.18304443359375,0.0
-70.15100860595703,-70.08572387695312,-68.0959243774414,-69.8459243774414,-70.79012298583984,-69.05758666992188,-68.14700317382812,-67.69686889648438,-67.03900146484375,-66.0676498413086,-67.20649719238281,-67.67644500732422,-67.72286224365234,-67.95074462890625,-67.90669250488281,-67.96908569335938,-68.15162658691406,-69.128173828125,-70.90975952148438,-70.49563598632812,-70.0479965209961,-69.82817840576172,-69.65316772460938,-69.71403503417969,-69.87273406982422,-69.52597045898438,-69.36125946044922,-69.43734741210938,-69.58137512207031,-69.48497009277344,-69.4354248046875,-69.54682922363281,-69.40937805175781,-69.33368682861328,-69.487548828125,-69.54357147216797,-69.69316864013672,-69.4879150390625,-69.5743179321289,-69.90744018554688,-70.52889251708984,-68.64400482177734,-68.0030288696289,-68.40635681152344,-67.864013671875,-67.79399871826172,-67.75889587402344,-68.64348602294922,-68.18304443359375,-69.50685119628906,0.0
-70.08572387695312,-68.0959243774414,-69.8459243774414,-70.79012298583984,-69.05758666992188,-68.14700317382812,-67.69686889648438,-67.03900146484375,-66.0676498413086,-67.20649719238281,-67.67644500732422,-67.72286224365234,-67.95074462890625,-67.90669250488281,-67.96908569335938,-68.15162658691406,-69.128173828125,-70.90975952148438,-70.49563598632812,-70.0479965209961,-69.82817840576172,-69.65316772460938,-69.71403503417969,-69.87273406982422,-69.52597045898438,-69.36125946044922,-69.43734741210938,-69.58137512207031,-69.48497009277344,-69.4354248046875,-69.54682922363281,-69.40937805175781,-69.33368682861328,-69.487548828125,-69.54357147216797,-69.69316864013672,-69.4879150390625,-69.5743179321289,-69.90744018554688,-70.52889251708984,-68.64400482177734,-68.0030288696289,-68.40635681152344,-67.864013671875,-67.79399871826172,-67.75889587402344,-68.64348602294922,-68.18304443359375,-69.50685119628906,-68.78672790527344,0.0
-68.0959243774414,-69.8459243774414,-70.79012298583984,-69.05758666992188,-68.14700317382812,-67.69686889648438,-67.03900146484375,-66.0676498413086,-67.20649719238281,-67.67644500732422,-67.72286224365234,-67.95074462890625,-67.90669250488281,-67.96908569335938,-68.15162658691406,-69.128173828125,-70.90975952148438,-70.49563598632812,-70.0479965209961,-69.82817840576172,-69.65316772460938,-69.71403503417969,-69.87273406982422,-69.52597045898438,-69.36125946044922,-69.43734741210938,-69.58137512207031,-69.48497009277344,-69.4354248046875,-69.54682922363281,-69.40937805175781,-69.33368682861328,-69.487548828125,-69.54357147216797,-69.69316864013672,-69.4879150390625,-69.5743179321289,-69.90744018554688,-70.52889251708984,-68.64400482177734,-68.0030288696289,-68.40635681152344,-67.864013671875,-67.79399871826172,-67.75889587402344,-68.64348602294922,-68.18304443359375,-69.50685119628906,-68.78672790527344,-65.86494445800781,0.0
-69.8459243774414,-70.79012298583984,-69.05758666992188,-68.14700317382812,-67.69686889648438,-67.03900146484375,-66.0676498413086,-67.20649719238281,-67.67644500732422,-67.72286224365234,-67.95074462890625,-67.90669250488281,-67.96908569335938,-68.15162658691406,-69.128173828125,-70.90975952148438,-70.49563598632812,-70.0479965209961,-69.82817840576172,-69.65316772460938,-69.71403503417969,-69.87273406982422,-69.52597045898438,-69.36125946044922,-69.43734741210938,-69.58137512207031,-69.48497009277344,-69.4354248046875,-69.54682922363281,-69.40937805175781,-69.33368682861328,-69.487548828125,-69.54357147216797,-69.69316864013672,-69.4879150390625,-69.5743179321289,-69.90744018554688,-70.52889251708984,-68.64400482177734,-68.0030288696289,-68.40635681152344,-67.864013671875,-67.79399871826172,-67.75889587402344,-68.64348602294922,-68.18304443359375,-69.50685119628906,-68.78672790527344,-65.86494445800781,-64.37457275390625,0.0
-70.79012298583984,-69.05758666992188,-68.14700317382812,-67.69686889648438,-67.03900146484375,-66.0676498413086,-67.20649719238281,-67.67644500732422,-67.72286224365234,-67.95074462890625,-67.90669250488281,-67.96908569335938,-68.15162658691406,-69.128173828125,-70.90975952148438,-70.49563598632812,-70.0479965209961,-69.82817840576172,-69.65316772460938,-69.71403503417969,-69.87273406982422,-69.52597045898438,-69.36125946044922,-69.43734741210938,-69.58137512207031,-69.48497009277344,-69.4354248046875,-69.54682922363281,-69.40937805175781,-69.33368682861328,-69.487548828125,-69.54357147216797,-69.69316864013672,-69.4879150390625,-69.5743179321289,-69.90744018554688,-70.52889251708984,-68.64400482177734,-68.0030288696289,-68.40635681152344,-67.864013671875,-67.79399871826172,-67.75889587402344,-68.64348602294922,-68.18304443359375,-69.50685119628906,-68.78672790527344,-65.86494445800781,-64.37457275390625,-62.133182525634766,0.0
-69.05758666992188,-68.14700317382812,-67.69686889648438,-67.03900146484375,-66.0676498413086,-67.20649719238281,-67.67644500732422,-67.72286224365234,-67.95074462890625,-67.90669250488281,-67.96908569335938,-68.15162658691406,-69.128173828125,-70.90975952148438,-70.49563598632812,-70.0479965209961,-69.82817840576172,-69.65316772460938,-69.71403503417969,-69.87273406982422,-69.52597045898438,-69.36125946044922,-69.43734741210938,-69.58137512207031,-69.48497009277344,-69.4354248046875,-69.54682922363281,-69.40937805175781,-69.33368682861328,-69.487548828125,-69.54357147216797,-69.69316864013672,-69.4879150390625,-69.5743179321289,-69.90744018554688,-70.52889251708984,-68.64400482177734,-68.0030288696289,-68.40635681152344,-67.864013671875,-67.79399871826172,-67.75889587402344,-68.64348602294922,-68.18304443359375,-69.50685119628906,-68.78672790527344,-65.86494445800781,-64.37457275390625,-62.133182525634766,-64.60028076171875,1.0
-68.14700317382812,-67.69686889648438,-67.03900146484375,-66.0676498413086,-67.20649719238281,-67.67644500732422,-67.72286224365234,-67.95074462890625,-67.90669250488281,-67.96908569335938,-68.15162658691406,-69.128173828125,-70.90975952148438,-70.49563598632812,-70.0479965209961,-69.82817840576172,-69.65316772460938,-69.71403503417969,-69.87273406982422,-69.52597045898438,-69.36125946044922,-69.43734741210938,-69.58137512207031,-69.48497009277344,-69.4354248046875,-69.54682922363281,-69.40937805175781,-69.33368682861328,-69.487548828125,-69.54357147216797,-69.69316864013672,-69.4879150390625,-69.5743179321289,-69.90744018554688,-70.52889251708984,-68.64400482177734,-68.0030288696289,-68.40635681152344,-67.864013671875,-67.79399871826172,-67.75889587402344,-68.64348602294922,-68.18304443359375,-69.50685119628906,-68.78672790527344,-65.86494445800781,-64.37457275390625,-62.133182525634766,-64.60028076171875,-61.52206802368164,0.0
-67.69686889648438,-67.03900146484375,-66.0676498413086,-67.20649719238281,-67.67644500732422,-67.72286224365234,-67.95074462890625,-67.90669250488281,-67.96908569335938,-68.15162658691406,-69.128173828125,-70.90975952148438,-70.49563598632812,-70.0479965209961,-69.82817840576172,-69.65316772460938,-69.71403503417969,-69.87273406982422,-69.52597045898438,-69.36125946044922,-69.43734741210938,-69.58137512207031,-69.48497009277344,-69.4354248046875,-69.54682922363281,-69.40937805175781,-69.33368682861328,-69.487548828125,-69.54357147216797,-69.69316864013672,-69.4879150390625,-69.5743179321289,-69.90744018554688,-70.52889251708984,-68.64400482177734,-68.0030288696289,-68.40635681152344,-67.864013671875,-67.79399871826172,-67.75889587402344,-68.64348602294922,-68.18304443359375,-69.50685119628906,-68.78672790527344,-65.86494445800781,-64.37457275390625,-62.133182525634766,-64.60028076171875,-61.52206802368164,-61.88996887207031,1.0
-67.03900146484375,-66.0676498413086,-67.20649719238281,-67.67644500732422,-67.72286224365234,-67.95074462890625,-67.90669250488281,-67.96908569335938,-68.15162658691406,-69.128173828125,-70.90975952148438,-70.49563598632812,-70.0479965209961,-69.82817840576172,-69.65316772460938,-69.71403503417969,-69.87273406982422,-69.52597045898438,-69.36125946044922,-69.43734741210938,-69.58137512207031,-69.48497009277344,-69.4354248046875,-69.54682922363281,-69.40937805175781,-69.33368682861328,-69.487548828125,-69.54357147216797,-69.69316864013672,-69.4879150390625,-69.5743179321289,-69.90744018554688,-70.52889251708984,-68.64400482177734,-68.0030288696289,-68.40635681152344,-67.864013671875,-67.79399871826172,-67.75889587402344,-68.64348602294922,-68.18304443359375,-69.50685119628906,-68.78672790527344,-65.86494445800781,-64.37457275390625,-62.133182525634766,-64.60028076171875,-61.52206802368164,-61.88996887207031,-62.323482513427734,0.0
-66.0676498413086,-67.20649719238281,-67.67644500732422,-67.72286224365234,-67.95074462890625,-67.90669250488281,-67.96908569335938,-68.15162658691406,-69.128173828125,-70.90975952148438,-70.49563598632812,-70.0479965209961,-69.82817840576172,-69.65316772460938,-69.71403503417969,-69.87273406982422,-69.52597045898438,-69.36125946044922,-69.43734741210938,-69.58137512207031,-69.48497009277344,-69.4354248046875,-69.54682922363281,-69.40937805175781,-69.33368682861328,-69.487548828125,-69.54357147216797,-69.69316864013672,-69.4879150390625,-69.5743179321289,-69.90744018554688,-70.52889251708984,-68.64400482177734,-68.0030288696289,-68.40635681152344,-67.864013671875,-67.79399871826172,-67.75889587402344,-68.64348602294922,-68.18304443359375,-69.50685119628906,-68.78672790527344,-65.86494445800781,-64.37457275390625,-62.133182525634766,-64.60028076171875,-61.52206802368164,-61.88996887207031,-62.323482513427734,-61.31401824951172,0.0
-67.20649719238281,-67.67644500732422,-67.72286224365234,-67.95074462890625,-67.90669250488281,-67.96908569335938,-68.15162658691406,-69.128173828125,-70.90975952148438,-70.49563598632812,-70.0479965209961,-69.82817840576172,-69.65316772460938,-69.71403503417969,-69.87273406982422,-69.52597045898438,-69.36125946044922,-69.43734741210938,-69.58137512207031,-69.48497009277344,-69.4354248046875,-69.54682922363281,-69.40937805175781,-69.33368682861328,-69.487548828125,-69.54357147216797,-69.69316864013672,-69.4879150390625,-69.5743179321289,-69.90744018554688,-70.52889251708984,-68.64400482177734,-68.0030288696289,-68.40635681152344,-67.864013671875,-67.79399871826172,-67.75889587402344,-68.64348602294922,-68.18304443359375,-69.50685119628906,-68.78672790527344,-65.86494445800781,-64.37457275390625,-62.133182525634766,-64.60028076171875,-61.52206802368164,-61.88996887207031,-62.323482513427734,-61.31401824951172,-60.15436553955078,0.0
-67.67644500732422,-67.72286224365234,-67.95074462890625,-67.90669250488281,-67.96908569335938,-68.15162658691406,-69.128173828125,-70.90975952148438,-70.49563598632812,-70.0479965209961,-69.82817840576172,-69.65316772460938,-69.71403503417969,-69.87273406982422,-69.52597045898438,-69.36125946044922,-69.43734741210938,-69.58137512207031,-69.48497009277344,-69.4354248046875,-69.54682922363281,-69.40937805175781,-69.33368682861328,-69.487548828125,-69.54357147216797,-69.69316864013672,-69.4879150390625,-69.5743179321289,-69.90744018554688,-70.52889251708984,-68.64400482177734,-68.0030288696289,-68.40635681152344,-67.864013671875,-67.79399871826172,-67.75889587402344,-68.64348602294922,-68.18304443359375,-69.50685119628906,-68.78672790527344,-65.86494445800781,-64.37457275390625,-62.133182525634766,-64.60028076171875,-61.52206802368164,-61.88996887207031,-62.323482513427734,-61.31401824951172,-60.15436553955078,-59.45694351196289,0.0
-67.72286224365234,-67.95074462890625,-67.90669250488281,-67.96908569335938,-68.15162658691406,-69.128173828125,-70.90975952148438,-70.49563598632812,-70.0479965209961,-69.82817840576172,-69.65316772460938,-69.71403503417969,-69.87273406982422,-69.52597045898438,-69.36125946044922,-69.43734741210938,-69.58137512207031,-69.48497009277344,-69.4354248046875,-69.54682922363281,-69.40937805175781,-69.33368682861328,-69.487548828125,-69.54357147216797,-69.69316864013672,-69.4879150390625,-69.5743179321289,-69.90744018554688,-70.52889251708984,-68.64400482177734,-68.0030288696289,-68.40635681152344,-67.864013671875,-67.79399871826172,-67.75889587402344,-68.64348602294922,-68.18304443359375,-69.50685119628906,-68.78672790527344,-65.86494445800781,-64.37457275390625,-62.133182525634766,-64.60028076171875,-61.52206802368164,-61.88996887207031,-62.323482513427734,-61.31401824951172,-60.15436553955078,-59.45694351196289,-60.90134811401367,0.0
-67.95074462890625,-67.90669250488281,-67.96908569335938,-68.15162658691406,-69.128173828125,-70.90975952148438,-70.49563598632812,-70.0479965209961,-69.82817840576172,-69.65316772460938,-69.71403503417969,-69.87273406982422,-69.52597045898438,-69.36125946044922,-69.43734741210938,-69.58137512207031,-69.48497009277344,-69.4354248046875,-69.54682922363281,-69.40937805175781,-69.33368682861328,-69.487548828125,-69.54357147216797,-69.69316864013672,-69.4879150390625,-69.5743179321289,-69.90744018554688,-70.52889251708984,-68.64400482177734,-68.0030288696289,-68.40635681152344,-67.864013671875,-67.79399871826172,-67.75889587402344,-68.64348602294922,-68.18304443359375,-69.50685119628906,-68.78672790527344,-65.86494445800781,-64.37457275390625,-62.133182525634766,-64.60028076171875,-61.52206802368164,-61.88996887207031,-62.323482513427734,-61.31401824951172,-60.15436553955078,-59.45694351196289,-60.90134811401367,-61.08069610595703,0.0
-67.90669250488281,-67.96908569335938,-68.15162658691406,-69.128173828125,-70.90975952148438,-70.49563598632812,-70.0479965209961,-69.82817840576172,-69.65316772460938,-69.71403503417969,-69.87273406982422,-69.52597045898438,-69.36125946044922,-69.43734741210938,-69.58137512207031,-69.48497009277344,-69.4354248046875,-69.54682922363281,-69.40937805175781,-69.33368682861328,-69.487548828125,-69.54357147216797,-69.69316864013672,-69.4879150390625,-69.5743179321289,-69.90744018554688,-70.52889251708984,-68.64400482177734,-68.0030288696289,-68.40635681152344,-67.864013671875,-67.79399871826172,-67.75889587402344,-68.64348602294922,-68.18304443359375,-69.50685119628906,-68.78672790527344,-65.86494445800781,-64.37457275390625,-62.133182525634766,-64.60028076171875,-61.52206802368164,-61.88996887207031,-62.323482513427734,-61.31401824951172,-60.15436553955078,-59.45694351196289,-60.90134811401367,-61.08069610595703,-55.23389434814453,0.0
-67.96908569335938,-68.15162658691406,-69.128173828125,-70.90975952148438,-70.49563598632812,-70.0479965209961,-69.82817840576172,-69.65316772460938,-69.71403503417969,-69.87273406982422,-69.52597045898438,-69.36125946044922,-69.43734741210938,-69.58137512207031,-69.48497009277344,-69.4354248046875,-69.54682922363281,-69.40937805175781,-69.33368682861328,-69.487548828125,-69.54357147216797,-69.69316864013672,-69.4879150390625,-69.5743179321289,-69.90744018554688,-70.52889251708984,-68.64400482177734,-68.0030288696289,-68.40635681152344,-67.864013671875,-67.79399871826172,-67.75889587402344,-68.64348602294922,-68.18304443359375,-69.50685119628906,-68.78672790527344,-65.86494445800781,-64.37457275390625,-62.133182525634766,-64.60028076171875,-61.52206802368164,-61.88996887207031,-62.323482513427734,-61.31401824951172,-60.15436553955078,-59.45694351196289,-60.90134811401367,-61.08069610595703,-55.23389434814453,-56.48822021484375,0.0
-68.15162658691406,-69.128173828125,-70.90975952148438,-70.49563598632812,-70.0479965209961,-69.82817840576172,-69.65316772460938,-69.71403503417969,-69.87273406982422,-69.52597045898438,-69.36125946044922,-69.43734741210938,-69.58137512207031,-69.48497009277344,-69.4354248046875,-69.54682922363281,-69.40937805175781,-69.33368682861328,-69.487548828125,-69.54357147216797,-69.69316864013672,-69.4879150390625,-69.5743179321289,-69.90744018554688,-70.52889251708984,-68.64400482177734,-68.0030288696289,-68.40635681152344,-67.864013671875,-67.79399871826172,-67.75889587402344,-68.64348602294922,-68.18304443359375,-69.50685119628906,-68.78672790527344,-65.86494445800781,-64.37457275390625,-62.133182525634766,-64.60028076171875,-61.52206802368164,-61.88996887207031,-62.323482513427734,-61.31401824951172,-60.15436553955078,-59.45694351196289,-60.90134811401367,-61.08069610595703,-55.23389434814453,-56.48822021484375,-59.524417877197266,0.0
-69.128173828125,-70.90975952148438,-70.49563598632812,-70.0479965209961,-69.82817840576172,-69.65316772460938,-69.71403503417969,-69.87273406982422,-69.52597045898438,-69.36125946044922,-69.43734741210938,-69.58137512207031,-69.48497009277344,-69.4354248046875,-69.54682922363281,-69.40937805175781,-69.33368682861328,-69.487548828125,-69.54357147216797,-69.69316864013672,-69.4879150390625,-69.5743179321289,-69.90744018554688,-70.52889251708984,-68.64400482177734,-68.0030288696289,-68.40635681152344,-67.864013671875,-67.79399871826172,-67.75889587402344,-68.64348602294922,-68.18304443359375,-69.50685119628906,-68.78672790527344,-65.86494445800781,-64.37457275390625,-62.133182525634766,-64.60028076171875,-61.52206802368164,-61.88996887207031,-62.323482513427734,-61.31401824951172,-60.15436553955078,-59.45694351196289,-60.90134811401367,-61.08069610595703,-55.23389434814453,-56.48822021484375,-59.524417877197266,-59.420616149902344,0.0
-70.90975952148438,-70.49563598632812,-70.0479965209961,-69.82817840576172,-69.65316772460938,-69.71403503417969,-69.87273406982422,-69.52597045898438,-69.36125946044922,-69.43734741210938,-69.58137512207031,-69.48497009277344,-69.4354248046875,-69.54682922363281,-69.40937805175781,-69.33368682861328,-69.487548828125,-69.54357147216797,-69.69316864013672,-69.4879150390625,-69.5743179321289,-69.90744018554688,-70.52889251708984,-68.64400482177734,-68.0030288696289,-68.40635681152344,-67.864013671875,-67.79399871826172,-67.75889587402344,-68.64348602294922,-68.18304443359375,-69.50685119628906,-68.78672790527344,-65.86494445800781,-64.37457275390625,-62.133182525634766,-64.60028076171875,-61.52206802368164,-61.88996887207031,-62.323482513427734,-61.31401824951172,-60.15436553955078,-59.45694351196289,-60.90134811401367,-61.08069610595703,-55.23389434814453,-56.48822021484375,-59.524417877197266,-59.420616149902344,-61.04862594604492,0.0
-70.49563598632812,-70.0479965209961,-69.82817840576172,-69.65316772460938,-69.71403503417969,-69.87273406982422,-69.52597045898438,-69.36125946044922,-69.43734741210938,-69.58137512207031,-69.48497009277344,-69.4354248046875,-69.54682922363281,-69.40937805175781,-69.33368682861328,-69.487548828125,-69.54357147216797,-69.69316864013672,-69.4879150390625,-69.5743179321289,-69.90744018554688,-70.52889251708984,-68.64400482177734,-68.0030288696289,-68.40635681152344,-67.864013671875,-67.79399871826172,-67.75889587402344,-68.64348602294922,-68.18304443359375,-69.50685119628906,-68.78672790527344,-65.86494445800781,-64.37457275390625,-62.133182525634766,-64.60028076171875,-61.52206802368164,-61.88996887207031,-62.323482513427734,-61.31401824951172,-60.15436553955078,-59.45694351196289,-60.90134811401367,-61.08069610595703,-55.23389434814453,-56.48822021484375,-59.524417877197266,-59.420616149902344,-61.04862594604492,-60.760704040527344,0.0
-70.0479965209961,-69.82817840576172,-69.65316772460938,-69.71403503417969,-69.87273406982422,-69.52597045898438,-69.36125946044922,-69.43734741210938,-69.58137512207031,-69.48497009277344,-69.4354248046875,-69.54682922363281,-69.40937805175781,-69.33368682861328,-69.487548828125,-69.54357147216797,-69.69316864013672,-69.4879150390625,-69.5743179321289,-69.90744018554688,-70.52889251708984,-68.64400482177734,-68.0030288696289,-68.40635681152344,-67.864013671875,-67.79399871826172,-67.75889587402344,-68.64348602294922,-68.18304443359375,-69.50685119628906,-68.78672790527344,-65.86494445800781,-64.37457275390625,-62.133182525634766,-64.60028076171875,-61.52206802368164,-61.88996887207031,-62.323482513427734,-61.31401824951172,-60.15436553955078,-59.45694351196289,-60.90134811401367,-61.08069610595703,-55.23389434814453,-56.48822021484375,-59.524417877197266,-59.420616149902344,-61.04862594604492,-60.760704040527344,-62.043121337890625,0.0
-69.82817840576172,-69.65316772460938,-69.71403503417969,-69.87273406982422,-69.52597045898438,-69.36125946044922,-69.43734741210938,-69.58137512207031,-69.48497009277344,-69.4354248046875,-69.54682922363281,-69.40937805175781,-69.33368682861328,-69.487548828125,-69.54357147216797,-69.69316864013672,-69.4879150390625,-69.5743179321289,-69.90744018554688,-70.52889251708984,-68.64400482177734,-68.0030288696289,-68.40635681152344,-67.864013671875,-67.79399871826172,-67.75889587402344,-68.64348602294922,-68.18304443359375,-69.50685119628906,-68.78672790527344,-65.86494445800781,-64.37457275390625,-62.133182525634766,-64.60028076171875,-61.52206802368164,-61.88996887207031,-62.323482513427734,-61.31401824951172,-60.15436553955078,-59.45694351196289,-60.90134811401367,-61.08069610595703,-55.23389434814453,-56.48822021484375,-59.524417877197266,-59.420616149902344,-61.04862594604492,-60.760704040527344,-62.043121337890625,-62.3389778137207,0.0
-69.65316772460938,-69.71403503417969,-69.87273406982422,-69.52597045898438,-69.36125946044922,-69.43734741210938,-69.58137512207031,-69.48497009277344,-69.4354248046875,-69.54682922363281,-69.40937805175781,-69.33368682861328,-69.487548828125,-69.54357147216797,-69.69316864013672,-69.4879150390625,-69.5743179321289,-69.90744018554688,-70.52889251708984,-68.64400482177734,-68.0030288696289,-68.40635681152344,-67.864013671875,-67.79399871826172,-67.75889587402344,-68.64348602294922,-68.18304443359375,-69.50685119628906,-68.78672790527344,-65.86494445800781,-64.37457275390625,-62.133182525634766,-64.60028076171875,-61.52206802368164,-61.88996887207031,-62.323482513427734,-61.31401824951172,-60.15436553955078,-59.45694351196289,-60.90134811401367,-61.08069610595703,-55.23389434814453,-56.48822021484375,-59.524417877197266,-59.420616149902344,-61.04862594604492,-60.760704040527344,-62.043121337890625,-62.3389778137207,-61.81309127807617,0.0
-69.71403503417969,-69.87273406982422,-69.52597045898438,-69.36125946044922,-69.43734741210938,-69.58137512207031,-69.48497009277344,-69.4354248046875,-69.54682922363281,-69.40937805175781,-69.33368682861328,-69.487548828125,-69.54357147216797,-69.69316864013672,-69.4879150390625,-69.5743179321289,-69.90744018554688,-70.52889251708984,-68.64400482177734,-68.0030288696289,-68.40635681152344,-67.864013671875,-67.79399871826172,-67.75889587402344,-68.64348602294922,-68.18304443359375,-69.50685119628906,-68.78672790527344,-65.86494445800781,-64.37457275390625,-62.133182525634766,-64.60028076171875,-61.52206802368164,-61.88996887207031,-62.323482513427734,-61.31401824951172,-60.15436553955078,-59.45694351196289,-60.90134811401367,-61.08069610595703,-55.23389434814453,-56.48822021484375,-59.524417877197266,-59.420616149902344,-61.04862594604492,-60.760704040527344,-62.043121337890625,-62.3389778137207,-61.81309127807617,-62.74611282348633,1.0
-69.87273406982422,-69.52597045898438,-69.36125946044922,-69.43734741210938,-69.58137512207031,-69.48497009277344,-69.4354248046875,-69.54682922363281,-69.40937805175781,-69.33368682861328,-69.487548828125,-69.54357147216797,-69.69316864013672,-69.4879150390625,-69.5743179321289,-69.90744018554688,-70.52889251708984,-68.64400482177734,-68.0030288696289,-68.40635681152344,-67.864013671875,-67.79399871826172,-67.75889587402344,-68.64348602294922,-68.18304443359375,-69.50685119628906,-68.78672790527344,-65.86494445800781,-64.37457275390625,-62.133182525634766,-64.60028076171875,-61.52206802368164,-61.88996887207031,-62.323482513427734,-61.31401824951172,-60.15436553955078,-59.45694351196289,-60.90134811401367,-61.08069610595703,-55.23389434814453,-56.48822021484375,-59.524417877197266,-59.420616149902344,-61.04862594604492,-60.760704040527344,-62.043121337890625,-62.3389778137207,-61.81309127807617,-62.74611282348633,-63.828304290771484,0.0
-69.52597045898438,-69.36125946044922,-69.43734741210938,-69.58137512207031,-69.48497009277344,-69.4354248046875,-69.54682922363281,-69.40937805175781,-69.33368682861328,-69.487548828125,-69.54357147216797,-69.69316864013672,-69.4879150390625,-69.5743179321289,-69.90744018554688,-70.52889251708984,-68.64400482177734,-68.0030288696289,-68.40635681152344,-67.864013671875,-67.79399871826172,-67.75889587402344,-68.64348602294922,-68.18304443359375,-69.50685119628906,-68.78672790527344,-65.86494445800781,-64.37457275390625,-62.133182525634766,-64.60028076171875,-61.52206802368164,-61.88996887207031,-62.323482513427734,-61.31401824951172,-60.15436553955078,-59.45694351196289,-60.90134811401367,-61.08069610595703,-55.23389434814453,-56.48822021484375,-59.524417877197266,-59.420616149902344,-61.04862594604492,-60.760704040527344,-62.043121337890625,-62.3389778137207,-61.81309127807617,-62.74611282348633,-63.828304290771484,-64.402099609375,0.0
-69.36125946044922,-69.43734741210938,-69.58137512207031,-69.48497009277344,-69.4354248046875,-69.54682922363281,-69.40937805175781,-69.33368682861328,-69.487548828125,-69.54357147216797,-69.69316864013672,-69.4879150390625,-69.5743179321289,-69.90744018554688,-70.52889251708984,-68.64400482177734,-68.0030288696289,-68.40635681152344,-67.864013671875,-67.79399871826172,-67.75889587402344,-68.64348602294922,-68.18304443359375,-69.50685119628906,-68.78672790527344,-65.86494445800781,-64.37457275390625,-62.133182525634766,-64.60028076171875,-61.52206802368164,-61.88996887207031,-62.323482513427734,-61.31401824951172,-60.15436553955078,-59.45694351196289,-60.90134811401367,-61.08069610595703,-55.23389434814453,-56.48822021484375,-59.524417877197266,-59.420616149902344,-61.04862594604492,-60.760704040527344,-62.043121337890625,-62.3389778137207,-61.81309127807617,-62.74611282348633,-63.828304290771484,-64.402099609375,-64.97190856933594,1.0
-69.43734741210938,-69.58137512207031,-69.48497009277344,-69.4354248046875,-69.54682922363281,-69.40937805175781,-69.33368682861328,-69.487548828125,-69.54357147216797,-69.69316864013672,-69.4879150390625,-69.5743179321289,-69.90744018554688,-70.52889251708984,-68.64400482177734,-68.0030288696289,-68.40635681152344,-67.864013671875,-67.79399871826172,-67.75889587402344,-68.64348602294922,-68.18304443359375,-69.50685119628906,-68.78672790527344,-65.86494445800781,-64.37457275390625,-62.133182525634766,-64.60028076171875,-61.52206802368164,-61.88996887207031,-62.323482513427734,-61.31401824951172,-60.15436553955078,-59.45694351196289,-60.90134811401367,-61.08069610595703,-55.23389434814453,-56.48822021484375,-59.524417877197266,-59.420616149902344,-61.04862594604492,-60.760704040527344,-62.043121337890625,-62.3389778137207,-61.81309127807617,-62.74611282348633,-63.828304290771484,-64.402099609375,-64.97190856933594,-67.205322265625,0.0
-69.58137512207031,-69.48497009277344,-69.4354248046875,-69.54682922363281,-69.40937805175781,-69.33368682861328,-69.487548828125,-69.54357147216797,-69.69316864013672,-69.4879150390625,-69.5743179321289,-69.90744018554688,-70.52889251708984,-68.64400482177734,-68.0030288696289,-68.40635681152344,-67.864013671875,-67.79399871826172,-67.75889587402344,-68.64348602294922,-68.18304443359375,-69.50685119628906,-68.78672790527344,-65.86494445800781,-64.37457275390625,-62.133182525634766,-64.60028076171875,-61.52206802368164,-61.88996887207031,-62.323482513427734,-61.31401824951172,-60.15436553955078,-59.45694351196289,-60.90134811401367,-61.08069610595703,-55.23389434814453,-56.48822021484375,-59.524417877197266,-59.420616149902344,-61.04862594604492,-60.760704040527344,-62.043121337890625,-62.3389778137207,-61.81309127807617,-62.74611282348633,-63.828304290771484,-64.402099609375,-64.97190856933594,-67.205322265625,-68.74488830566406,1.0
-69.48497009277344,-69.4354248046875,-69.54682922363281,-69.40937805175781,-69.33368682861328,-69.487548828125,-69.54357147216797,-69.69316864013672,-69.4879150390625,-69.5743179321289,-69.90744018554688,-70.52889251708984,-68.64400482177734,-68.0030288696289,-68.40635681152344,-67.864013671875,-67.79399871826172,-67.75889587402344,-68.64348602294922,-68.18304443359375,-69.50685119628906,-68.78672790527344,-65.86494445800781,-64.37457275390625,-62.133182525634766,-64.60028076171875,-61.52206802368164,-61.88996887207031,-62.323482513427734,-61.31401824951172,-60.15436553955078,-59.45694351196289,-60.90134811401367,-61.08069610595703,-55.23389434814453,-56.48822021484375,-59.524417877197266,-59.420616149902344,-61.04862594604492,-60.760704040527344,-62.043121337890625,-62.3389778137207,-61.81309127807617,-62.74611282348633,-63.828304290771484,-64.402099609375,-64.97190856933594,-67.205322265625,-68.74488830566406,-68.74288940429688,0.0
-69.4354248046875,-69.54682922363281,-69.40937805175781,-69.33368682861328,-69.487548828125,-69.54357147216797,-69.69316864013672,-69.4879150390625,-69.5743179321289,-69.90744018554688,-70.52889251708984,-68.64400482177734,-68.0030288696289,-68.40635681152344,-67.864013671875,-67.79399871826172,-67.75889587402344,-68.64348602294922,-68.18304443359375,-69.50685119628906,-68.78672790527344,-65.86494445800781,-64.37457275390625,-62.133182525634766,-64.60028076171875,-61.52206802368164,-61.88996887207031,-62.323482513427734,-61.31401824951172,-60.15436553955078,-59.45694351196289,-60.90134811401367,-61.08069610595703,-55.23389434814453,-56.48822021484375,-59.524417877197266,-59.420616149902344,-61.04862594604492,-60.760704040527344,-62.043121337890625,-62.3389778137207,-61.81309127807617,-62.74611282348633,-63.828304290771484,-64.402099609375,-64.97190856933594,-67.205322265625,-68.74488830566406,-68.74288940429688,-68.74136352539062,0.0
-69.54682922363281,-69.40937805175781,-69.33368682861328,-69.487548828125,-69.54357147216797,-69.69316864013672,-69.4879150390625,-69.5743179321289,-69.90744018554688,-70.52889251708984,-68.64400482177734,-68.0030288696289,-68.40635681152344,-67.864013671875,-67.79399871826172,-67.75889587402344,-68.64348602294922,-68.18304443359375,-69.50685119628906,-68.78672790527344,-65.86494445800781,-64.37457275390625,-62.133182525634766,-64.60028076171875,-61.52206802368164,-61.88996887207031,-62.323482513427734,-61.31401824951172,-60.15436553955078,-59.45694351196289,-60.90134811401367,-61.08069610595703,-55.23389434814453,-56.48822021484375,-59.524417877197266,-59.420616149902344,-61.04862594604492,-60.760704040527344,-62.043121337890625,-62.3389778137207,-61.81309127807617,-62.74611282348633,-63.828304290771484,-64.402099609375,-64.97190856933594,-67.205322265625,-68.74488830566406,-68.74288940429688,-68.74136352539062,-69.515625,0.0
-69.40937805175781,-69.33368682861328,-69.487548828125,-69.54357147216797,-69.69316864013672,-69.4879150390625,-69.5743179321289,-69.90744018554688,-70.52889251708984,-68.64400482177734,-68.0030288696289,-68.40635681152344,-67.864013671875,-67.79399871826172,-67.75889587402344,-68.64348602294922,-68.18304443359375,-69.50685119628906,-68.78672790527344,-65.86494445800781,-64.37457275390625,-62.133182525634766,-64.60028076171875,-61.52206802368164,-61.88996887207031,-62.323482513427734,-61.31401824951172,-60.15436553955078,-59.45694351196289,-60.90134811401367,-61.08069610595703,-55.23389434814453,-56.48822021484375,-59.524417877197266,-59.420616149902344,-61.04862594604492,-60.760704040527344,-62.043121337890625,-62.3389778137207,-61.81309127807617,-62.74611282348633,-63.828304290771484,-64.402099609375,-64.97190856933594,-67.205322265625,-68.74488830566406,-68.74288940429688,-68.74136352539062,-69.515625,-67.06314086914062,1.0
-69.33368682861328,-69.487548828125,-69.54357147216797,-69.69316864013672,-69.4879150390625,-69.5743179321289,-69.90744018554688,-70.52889251708984,-68.64400482177734,-68.0030288696289,-68.40635681152344,-67.864013671875,-67.79399871826172,-67.75889587402344,-68.64348602294922,-68.18304443359375,-69.50685119628906,-68.78672790527344,-65.86494445800781,-64.37457275390625,-62.133182525634766,-64.60028076171875,-61.52206802368164,-61.88996887207031,-62.323482513427734,-61.31401824951172,-60.15436553955078,-59.45694351196289,-60.90134811401367,-61.08069610595703,-55.23389434814453,-56.48822021484375,-59.524417877197266,-59.420616149902344,-61.04862594604492,-60.760704040527344,-62.043121337890625,-62.3389778137207,-61.81309127807617,-62.74611282348633,-63.828304290771484,-64.402099609375,-64.97190856933594,-67.205322265625,-68.74488830566406,-68.74288940429688,-68.74136352539062,-69.515625,-67.06314086914062,-67.39683532714844,0.0
-69.487548828125,-69.54357147216797,-69.69316864013672,-69.4879150390625,-69.5743179321289,-69.90744018554688,-70.52889251708984,-68.64400482177734,-68.0030288696289,-68.40635681152344,-67.864013671875,-67.79399871826172,-67.75889587402344,-68.64348602294922,-68.18304443359375,-69.50685119628906,-68.78672790527344,-65.86494445800781,-64.37457275390625,-62.133182525634766,-64.60028076171875,-61.52206802368164,-61.88996887207031,-62.323482513427734,-61.31401824951172,-60.15436553955078,-59.45694351196289,-60.90134811401367,-61.08069610595703,-55.23389434814453,-56.48822021484375,-59.524417877197266,-59.420616149902344,-61.04862594604492,-60.760704040527344,-62.043121337890625,-62.3389778137207,-61.81309127807617,-62.74611282348633,-63.828304290771484,-64.402099609375,-64.97190856933594,-67.205322265625,-68.74488830566406,-68.74288940429688,-68.74136352539062,-69.515625,-67.06314086914062,-67.39683532714844,-68.09666442871094,1.0
-69.54357147216797,-69.69316864013672,-69.4879150390625,-69.5743179321289,-69.90744018554688,-70.52889251708984,-68.64400482177734,-68.0030288696289,-68.40635681152344,-67.864013671875,-67.79399871826172,-67.75889587402344,-68.64348602294922,-68.18304443359375,-69.50685119628906,-68.78672790527344,-65.86494445800781,-64.37457275390625,-62.133182525634766,-64.60028076171875,-61.52206802368164,-61.88996887207031,-62.323482513427734,-61.31401824951172,-60.15436553955078,-59.45694351196289,-60.90134811401367,-61.08069610595703,-55.23389434814453,-56.48822021484375,-59.524417877197266,-59.420616149902344,-61.04862594604492,-60.760704040527344,-62.043121337890625,-62.3389778137207,-61.81309127807617,-62.74611282348633,-63.828304290771484,-64.402099609375,-64.97190856933594,-67.205322265625,-68.74488830566406,-68.74288940429688,-68.74136352539062,-69.515625,-67.06314086914062,-67.39683532714844,-68.09666442871094,-66.66802215576172,1.0
-69.69316864013672,-69.4879150390625,-69.5743179321289,-69.90744018554688,-70.52889251708984,-68.64400482177734,-68.0030288696289,-68.40635681152344,-67.864013671875,-67.79399871826172,-67.75889587402344,-68.64348602294922,-68.18304443359375,-69.50685119628906,-68.78672790527344,-65.86494445800781,-64.37457275390625,-62.133182525634766,-64.60028076171875,-61.52206802368164,-61.88996887207031,-62.323482513427734,-61.31401824951172,-60.15436553955078,-59.45694351196289,-60.90134811401367,-61.08069610595703,-55.23389434814453,-56.48822021484375,-59.524417877197266,-59.420616149902344,-61.04862594604492,-60.760704040527344,-62.043121337890625,-62.3389778137207,-61.81309127807617,-62.74611282348633,-63.828304290771484,-64.402099609375,-64.97190856933594,-67.205322265625,-68.74488830566406,-68.74288940429688,-68.74136352539062,-69.515625,-67.06314086914062,-67.39683532714844,-68.09666442871094,-66.66802215576172,-67.02891540527344,0.0
-69.4879150390625,-69.5743179321289,-69.90744018554688,-70.52889251708984,-68.64400482177734,-68.0030288696289,-68.40635681152344,-67.864013671875,-67.79399871826172,-67.75889587402344,-68.64348602294922,-68.18304443359375,-69.50685119628906,-68.78672790527344,-65.86494445800781,-64.37457275390625,-62.133182525634766,-64.60028076171875,-61.52206802368164,-61.88996887207031,-62.323482513427734,-61.31401824951172,-60.15436553955078,-59.45694351196289,-60.90134811401367,-61.08069610595703,-55.23389434814453,-56.48822021484375,-59.524417877197266,-59.420616149902344,-61.04862594604492,-60.760704040527344,-62.043121337890625,-62.3389778137207,-61.81309127807617,-62.74611282348633,-63.828304290771484,-64.402099609375,-64.97190856933594,-67.205322265625,-68.74488830566406,-68.74288940429688,-68.74136352539062,-69.515625,-67.06314086914062,-67.39683532714844,-68.09666442871094,-66.66802215576172,-67.02891540527344,-66.71664428710938,1.0
-69.5743179321289,-69.90744018554688,-70.52889251708984,-68.64400482177734,-68.0030288696289,-68.40635681152344,-67.864013671875,-67.79399871826172,-67.75889587402344,-68.64348602294922,-68.18304443359375,-69.50685119628906,-68.78672790527344,-65.86494445800781,-64.37457275390625,-62.133182525634766,-64.60028076171875,-61.52206802368164,-61.88996887207031,-62.323482513427734,-61.31401824951172,-60.15436553955078,-59.45694351196289,-60.90134811401367,-61.08069610595703,-55.23389434814453,-56.48822021484375,-59.524417877197266,-59.420616149902344,-61.04862594604492,-60.760704040527344,-62.043121337890625,-62.3389778137207,-61.81309127807617,-62.74611282348633,-63.828304290771484,-64.402099609375,-64.97190856933594,-67.205322265625,-68.74488830566406,-68.74288940429688,-68.74136352539062,-69.515625,-67.06314086914062,-67.39683532714844,-68.09666442871094,-66.66802215576172,-67.02891540527344,-66.71664428710938,-64.57119750976562,1.0
-69.90744018554688,-70.52889251708984,-68.64400482177734,-68.0030288696289,-68.40635681152344,-67.864013671875,-67.79399871826172,-67.75889587402344,-68.64348602294922,-68.18304443359375,-69.50685119628906,-68.78672790527344,-65.86494445800781,-64.37457275390625,-62.133182525634766,-64.60028076171875,-61.52206802368164,-61.88996887207031,-62.323482513427734,-61.31401824951172,-60.15436553955078,-59.45694351196289,-60.90134811401367,-61.08069610595703,-55.23389434814453,-56.48822021484375,-59.524417877197266,-59.420616149902344,-61.04862594604492,-60.760704040527344,-62.043121337890625,-62.3389778137207,-61.81309127807617,-62.74611282348633,-63.828304290771484,-64.402099609375,-64.97190856933594,-67.205322265625,-68.74488830566406,-68.74288940429688,-68.74136352539062,-69.515625,-67.06314086914062,-67.39683532714844,-68.09666442871094,-66.66802215576172,-67.02891540527344,-66.71664428710938,-64.57119750976562,-63.40875244140625,1.0
-70.52889251708984,-68.64400482177734,-68.0030288696289,-68.40635681152344,-67.864013671875,-67.79399871826172,-67.75889587402344,-68.64348602294922,-68.18304443359375,-69.50685119628906,-68.78672790527344,-65.86494445800781,-64.37457275390625,-62.133182525634766,-64.60028076171875,-61.52206802368164,-61.88996887207031,-62.323482513427734,-61.31401824951172,-60.15436553955078,-59.45694351196289,-60.90134811401367,-61.08069610595703,-55.23389434814453,-56.48822021484375,-59.524417877197266,-59.420616149902344,-61.04862594604492,-60.760704040527344,-62.043121337890625,-62.3389778137207,-61.81309127807617,-62.74611282348633,-63.828304290771484,-64.402099609375,-64.97190856933594,-67.205322265625,-68.74488830566406,-68.74288940429688,-68.74136352539062,-69.515625,-67.06314086914062,-67.39683532714844,-68.09666442871094,-66.66802215576172,-67.02891540527344,-66.71664428710938,-64.57119750976562,-63.40875244140625,-64.35232543945312,1.0
-68.64400482177734,-68.0030288696289,-68.40635681152344,-67.864013671875,-67.79399871826172,-67.75889587402344,-68.64348602294922,-68.18304443359375,-69.50685119628906,-68.78672790527344,-65.86494445800781,-64.37457275390625,-62.133182525634766,-64.60028076171875,-61.52206802368164,-61.88996887207031,-62.323482513427734,-61.31401824951172,-60.15436553955078,-59.45694351196289,-60.90134811401367,-61.08069610595703,-55.23389434814453,-56.48822021484375,-59.524417877197266,-59.420616149902344,-61.04862594604492,-60.760704040527344,-62.043121337890625,-62.3389778137207,-61.81309127807617,-62.74611282348633,-63.828304290771484,-64.402099609375,-64.97190856933594,-67.205322265625,-68.74488830566406,-68.74288940429688,-68.74136352539062,-69.515625,-67.06314086914062,-67.39683532714844,-68.09666442871094,-66.66802215576172,-67.02891540527344,-66.71664428710938,-64.57119750976562,-63.40875244140625,-64.35232543945312,-66.51554107666016,1.0
-68.0030288696289,-68.40635681152344,-67.864013671875,-67.79399871826172,-67.75889587402344,-68.64348602294922,-68.18304443359375,-69.50685119628906,-68.78672790527344,-65.86494445800781,-64.37457275390625,-62.133182525634766,-64.60028076171875,-61.52206802368164,-61.88996887207031,-62.323482513427734,-61.31401824951172,-60.15436553955078,-59.45694351196289,-60.90134811401367,-61.08069610595703,-55.23389434814453,-56.48822021484375,-59.524417877197266,-59.420616149902344,-61.04862594604492,-60.760704040527344,-62.043121337890625,-62.3389778137207,-61.81309127807617,-62.74611282348633,-63.828304290771484,-64.402099609375,-64.97190856933594,-67.205322265625,-68.74488830566406,-68.74288940429688,-68.74136352539062,-69.515625,-67.06314086914062,-67.39683532714844,-68.09666442871094,-66.66802215576172,-67.02891540527344,-66.71664428710938,-64.57119750976562,-63.40875244140625,-64.35232543945312,-66.51554107666016,-69.26531982421875,1.0
-68.40635681152344,-67.864013671875,-67.79399871826172,-67.75889587402344,-68.64348602294922,-68.18304443359375,-69.50685119628906,-68.78672790527344,-65.86494445800781,-64.37457275390625,-62.133182525634766,-64.60028076171875,-61.52206802368164,-61.88996887207031,-62.323482513427734,-61.31401824951172,-60.15436553955078,-59.45694351196289,-60.90134811401367,-61.08069610595703,-55.23389434814453,-56.48822021484375,-59.524417877197266,-59.420616149902344,-61.04862594604492,-60.760704040527344,-62.043121337890625,-62.3389778137207,-61.81309127807617,-62.74611282348633,-63.828304290771484,-64.402099609375,-64.97190856933594,-67.205322265625,-68.74488830566406,-68.74288940429688,-68.74136352539062,-69.515625,-67.06314086914062,-67.39683532714844,-68.09666442871094,-66.66802215576172,-67.02891540527344,-66.71664428710938,-64.57119750976562,-63.40875244140625,-64.35232543945312,-66.51554107666016,-69.26531982421875,-71.2441177368164,1.0
-67.864013671875,-67.79399871826172,-67.75889587402344,-68.64348602294922,-68.18304443359375,-69.50685119628906,-68.78672790527344,-65.86494445800781,-64.37457275390625,-62.133182525634766,-64.60028076171875,-61.52206802368164,-61.88996887207031,-62.323482513427734,-61.31401824951172,-60.15436553955078,-59.45694351196289,-60.90134811401367,-61.08069610595703,-55.23389434814453,-56.48822021484375,-59.524417877197266,-59.420616149902344,-61.04862594604492,-60.760704040527344,-62.043121337890625,-62.3389778137207,-61.81309127807617,-62.74611282348633,-63.828304290771484,-64.402099609375,-64.97190856933594,-67.205322265625,-68.74488830566406,-68.74288940429688,-68.74136352539062,-69.515625,-67.06314086914062,-67.39683532714844,-68.09666442871094,-66.66802215576172,-67.02891540527344,-66.71664428710938,-64.57119750976562,-63.40875244140625,-64.35232543945312,-66.51554107666016,-69.26531982421875,-71.2441177368164,-71.75142669677734,1.0
-67.79399871826172,-67.75889587402344,-68.64348602294922,-68.18304443359375,-69.50685119628906,-68.78672790527344,-65.86494445800781,-64.37457275390625,-62.133182525634766,-64.60028076171875,-61.52206802368164,-61.88996887207031,-62.323482513427734,-61.31401824951172,-60.15436553955078,-59.45694351196289,-60.90134811401367,-61.08069610595703,-55.23389434814453,-56.48822021484375,-59.524417877197266,-59.420616149902344,-61.04862594604492,-60.760704040527344,-62.043121337890625,-62.3389778137207,-61.81309127807617,-62.74611282348633,-63.828304290771484,-64.402099609375,-64.97190856933594,-67.205322265625,-68.74488830566406,-68.74288940429688,-68.74136352539062,-69.515625,-67.06314086914062,-67.39683532714844,-68.09666442871094,-66.66802215576172,-67.02891540527344,-66.71664428710938,-64.57119750976562,-63.40875244140625,-64.35232543945312,-66.51554107666016,-69.26531982421875,-71.2441177368164,-71.75142669677734,-74.47935485839844,0.0
-67.75889587402344,-68.64348602294922,-68.18304443359375,-69.50685119628906,-68.78672790527344,-65.86494445800781,-64.37457275390625,-62.133182525634766,-64.60028076171875,-61.52206802368164,-61.88996887207031,-62.323482513427734,-61.31401824951172,-60.15436553955078,-59.45694351196289,-60.90134811401367,-61.08069610595703,-55.23389434814453,-56.48822021484375,-59.524417877197266,-59.420616149902344,-61.04862594604492,-60.760704040527344,-62.043121337890625,-62.3389778137207,-61.81309127807617,-62.74611282348633,-63.828304290771484,-64.402099609375,-64.97190856933594,-67.205322265625,-68.74488830566406,-68.74288940429688,-68.74136352539062,-69.515625,-67.06314086914062,-67.39683532714844,-68.09666442871094,-66.66802215576172,-67.02891540527344,-66.71664428710938,-64.57119750976562,-63.40875244140625,-64.35232543945312,-66.51554107666016,-69.26531982421875,-71.2441177368164,-71.75142669677734,-74.47935485839844,-75.58300018310547,1.0
-68.64348602294922,-68.18304443359375,-69.50685119628906,-68.78672790527344,-65.86494445800781,-64.37457275390625,-62.133182525634766,-64.60028076171875,-61.52206802368164,-61.88996887207031,-62.323482513427734,-61.31401824951172,-60.15436553955078,-59.45694351196289,-60.90134811401367,-61.08069610595703,-55.23389434814453,-56.48822021484375,-59.524417877197266,-59.420616149902344,-61.04862594604492,-60.760704040527344,-62.043121337890625,-62.3389778137207,-61.81309127807617,-62.74611282348633,-63.828304290771484,-64.402099609375,-64.97190856933594,-67.205322265625,-68.74488830566406,-68.74288940429688,-68.74136352539062,-69.515625,-67.06314086914062,-67.39683532714844,-68.09666442871094,-66.66802215576172,-67.02891540527344,-66.71664428710938,-64.57119750976562,-63.40875244140625,-64.35232543945312,-66.51554107666016,-69.26531982421875,-71.2441177368164,-71.75142669677734,-74.47935485839844,-75.58300018310547,-73.40406799316406,0.0
-68.18304443359375,-69.50685119628906,-68.78672790527344,-65.86494445800781,-64.37457275390625,-62.133182525634766,-64.60028076171875,-61.52206802368164,-61.88996887207031,-62.323482513427734,-61.31401824951172,-60.15436553955078,-59.45694351196289,-60.90134811401367,-61.08069610595703,-55.23389434814453,-56.48822021484375,-59.524417877197266,-59.420616149902344,-61.04862594604492,-60.760704040527344,-62.043121337890625,-62.3389778137207,-61.81309127807617,-62.74611282348633,-63.828304290771484,-64.402099609375,-64.97190856933594,-67.205322265625,-68.74488830566406,-68.74288940429688,-68.74136352539062,-69.515625,-67.06314086914062,-67.39683532714844,-68.09666442871094,-66.66802215576172,-67.02891540527344,-66.71664428710938,-64.57119750976562,-63.40875244140625,-64.35232543945312,-66.51554107666016,-69.26531982421875,-71.2441177368164,-71.75142669677734,-74.47935485839844,-75.58300018310547,-73.40406799316406,-70.761962890625,0.0
-69.50685119628906,-68.78672790527344,-65.86494445800781,-64.37457275390625,-62.133182525634766,-64.60028076171875,-61.52206802368164,-61.88996887207031,-62.323482513427734,-61.31401824951172,-60.15436553955078,-59.45694351196289,-60.90134811401367,-61.08069610595703,-55.23389434814453,-56.48822021484375,-59.524417877197266,-59.420616149902344,-61.04862594604492,-60.760704040527344,-62.043121337890625,-62.3389778137207,-61.81309127807617,-62.74611282348633,-63.828304290771484,-64.402099609375,-64.97190856933594,-67.205322265625,-68.74488830566406,-68.74288940429688,-68.74136352539062,-69.515625,-67.06314086914062,-67.39683532714844,-68.09666442871094,-66.66802215576172,-67.02891540527344,-66.71664428710938,-64.57119750976562,-63.40875244140625,-64.35232543945312,-66.51554107666016,-69.26531982421875,-71.2441177368164,-71.75142669677734,-74.47935485839844,-75.58300018310547,-73.40406799316406,-70.761962890625,-69.67916870117188,1.0
-68.78672790527344,-65.86494445800781,-64.37457275390625,-62.133182525634766,-64.60028076171875,-61.52206802368164,-61.88996887207031,-62.323482513427734,-61.31401824951172,-60.15436553955078,-59.45694351196289,-60.90134811401367,-61.08069610595703,-55.23389434814453,-56.48822021484375,-59.524417877197266,-59.420616149902344,-61.04862594604492,-60.760704040527344,-62.043121337890625,-62.3389778137207,-61.81309127807617,-62.74611282348633,-63.828304290771484,-64.402099609375,-64.97190856933594,-67.205322265625,-68.74488830566406,-68.74288940429688,-68.74136352539062,-69.515625,-67.06314086914062,-67.39683532714844,-68.09666442871094,-66.66802215576172,-67.02891540527344,-66.71664428710938,-64.57119750976562,-63.40875244140625,-64.35232543945312,-66.51554107666016,-69.26531982421875,-71.2441177368164,-71.75142669677734,-74.47935485839844,-75.58300018310547,-73.40406799316406,-70.761962890625,-69.67916870117188,-70.87237548828125,0.0
-65.86494445800781,-64.37457275390625,-62.133182525634766,-64.60028076171875,-61.52206802368164,-61.88996887207031,-62.323482513427734,-61.31401824951172,-60.15436553955078,-59.45694351196289,-60.90134811401367,-61.08069610595703,-55.23389434814453,-56.48822021484375,-59.524417877197266,-59.420616149902344,-61.04862594604492,-60.760704040527344,-62.043121337890625,-62.3389778137207,-61.81309127807617,-62.74611282348633,-63.828304290771484,-64.402099609375,-64.97190856933594,-67.205322265625,-68.74488830566406,-68.74288940429688,-68.74136352539062,-69.515625,-67.06314086914062,-67.39683532714844,-68.09666442871094,-66.66802215576172,-67.02891540527344,-66.71664428710938,-64.57119750976562,-63.40875244140625,-64.35232543945312,-66.51554107666016,-69.26531982421875,-71.2441177368164,-71.75142669677734,-74.47935485839844,-75.58300018310547,-73.40406799316406,-70.761962890625,-69.67916870117188,-70.87237548828125,-71.50273895263672,0.0
-64.37457275390625,-62.133182525634766,-64.60028076171875,-61.52206802368164,-61.88996887207031,-62.323482513427734,-61.31401824951172,-60.15436553955078,-59.45694351196289,-60.90134811401367,-61.08069610595703,-55.23389434814453,-56.48822021484375,-59.524417877197266,-59.420616149902344,-61.04862594604492,-60.760704040527344,-62.043121337890625,-62.3389778137207,-61.81309127807617,-62.74611282348633,-63.828304290771484,-64.402099609375,-64.97190856933594,-67.205322265625,-68.74488830566406,-68.74288940429688,-68.74136352539062,-69.515625,-67.06314086914062,-67.39683532714844,-68.09666442871094,-66.66802215576172,-67.02891540527344,-66.71664428710938,-64.57119750976562,-63.40875244140625,-64.35232543945312,-66.51554107666016,-69.26531982421875,-71.2441177368164,-71.75142669677734,-74.47935485839844,-75.58300018310547,-73.40406799316406,-70.761962890625,-69.67916870117188,-70.87237548828125,-71.50273895263672,-72.13684844970703,0.0
-62.133182525634766,-64.60028076171875,-61.52206802368164,-61.88996887207031,-62.323482513427734,-61.31401824951172,-60.15436553955078,-59.45694351196289,-60.90134811401367,-61.08069610595703,-55.23389434814453,-56.48822021484375,-59.524417877197266,-59.420616149902344,-61.04862594604492,-60.760704040527344,-62.043121337890625,-62.3389778137207,-61.81309127807617,-62.74611282348633,-63.828304290771484,-64.402099609375,-64.97190856933594,-67.205322265625,-68.74488830566406,-68.74288940429688,-68.74136352539062,-69.515625,-67.06314086914062,-67.39683532714844,-68.09666442871094,-66.66802215576172,-67.02891540527344,-66.71664428710938,-64.57119750976562,-63.40875244140625,-64.35232543945312,-66.51554107666016,-69.26531982421875,-71.2441177368164,-71.75142669677734,-74.47935485839844,-75.58300018310547,-73.40406799316406,-70.761962890625,-69.67916870117188,-70.87237548828125,-71.50273895263672,-72.13684844970703,-71.39762878417969,1.0
-64.60028076171875,-61.52206802368164,-61.88996887207031,-62.323482513427734,-61.31401824951172,-60.15436553955078,-59.45694351196289,-60.90134811401367,-61.08069610595703,-55.23389434814453,-56.48822021484375,-59.524417877197266,-59.420616149902344,-61.04862594604492,-60.760704040527344,-62.043121337890625,-62.3389778137207,-61.81309127807617,-62.74611282348633,-63.828304290771484,-64.402099609375,-64.97190856933594,-67.205322265625,-68.74488830566406,-68.74288940429688,-68.74136352539062,-69.515625,-67.06314086914062,-67.39683532714844,-68.09666442871094,-66.66802215576172,-67.02891540527344,-66.71664428710938,-64.57119750976562,-63.40875244140625,-64.35232543945312,-66.51554107666016,-69.26531982421875,-71.2441177368164,-71.75142669677734,-74.47935485839844,-75.58300018310547,-73.40406799316406,-70.761962890625,-69.67916870117188,-70.87237548828125,-71.50273895263672,-72.13684844970703,-71.39762878417969,-71.60350036621094,0.0
-61.52206802368164,-61.88996887207031,-62.323482513427734,-61.31401824951172,-60.15436553955078,-59.45694351196289,-60.90134811401367,-61.08069610595703,-55.23389434814453,-56.48822021484375,-59.524417877197266,-59.420616149902344,-61.04862594604492,-60.760704040527344,-62.043121337890625,-62.3389778137207,-61.81309127807617,-62.74611282348633,-63.828304290771484,-64.402099609375,-64.97190856933594,-67.205322265625,-68.74488830566406,-68.74288940429688,-68.74136352539062,-69.515625,-67.06314086914062,-67.39683532714844,-68.09666442871094,-66.66802215576172,-67.02891540527344,-66.71664428710938,-64.57119750976562,-63.40875244140625,-64.35232543945312,-66.51554107666016,-69.26531982421875,-71.2441177368164,-71.75142669677734,-74.47935485839844,-75.58300018310547,-73.40406799316406,-70.761962890625,-69.67916870117188,-70.87237548828125,-71.50273895263672,-72.13684844970703,-71.39762878417969,-71.60350036621094,-73.476806640625,1.0
-61.88996887207031,-62.323482513427734,-61.31401824951172,-60.15436553955078,-59.45694351196289,-60.90134811401367,-61.08069610595703,-55.23389434814453,-56.48822021484375,-59.524417877197266,-59.420616149902344,-61.04862594604492,-60.760704040527344,-62.043121337890625,-62.3389778137207,-61.81309127807617,-62.74611282348633,-63.828304290771484,-64.402099609375,-64.97190856933594,-67.205322265625,-68.74488830566406,-68.74288940429688,-68.74136352539062,-69.515625,-67.06314086914062,-67.39683532714844,-68.09666442871094,-66.66802215576172,-67.02891540527344,-66.71664428710938,-64.57119750976562,-63.40875244140625,-64.35232543945312,-66.51554107666016,-69.26531982421875,-71.2441177368164,-71.75142669677734,-74.47935485839844,-75.58300018310547,-73.40406799316406,-70.761962890625,-69.67916870117188,-70.87237548828125,-71.50273895263672,-72.13684844970703,-71.39762878417969,-71.60350036621094,-73.476806640625,-71.938720703125,0.0
-62.323482513427734,-61.31401824951172,-60.15436553955078,-59.45694351196289,-60.90134811401367,-61.08069610595703,-55.23389434814453,-56.48822021484375,-59.524417877197266,-59.420616149902344,-61.04862594604492,-60.760704040527344,-62.043121337890625,-62.3389778137207,-61.81309127807617,-62.74611282348633,-63.828304290771484,-64.402099609375,-64.97190856933594,-67.205322265625,-68.74488830566406,-68.74288940429688,-68.74136352539062,-69.515625,-67.06314086914062,-67.39683532714844,-68.09666442871094,-66.66802215576172,-67.02891540527344,-66.71664428710938,-64.57119750976562,-63.40875244140625,-64.35232543945312,-66.51554107666016,-69.26531982421875,-71.2441177368164,-71.75142669677734,-74.47935485839844,-75.58300018310547,-73.40406799316406,-70.761962890625,-69.67916870117188,-70.87237548828125,-71.50273895263672,-72.13684844970703,-71.39762878417969,-71.60350036621094,-73.476806640625,-71.938720703125,-70.48966217041016,0.0
-61.31401824951172,-60.15436553955078,-59.45694351196289,-60.90134811401367,-61.08069610595703,-55.23389434814453,-56.48822021484375,-59.524417877197266,-59.420616149902344,-61.04862594604492,-60.760704040527344,-62.043121337890625,-62.3389778137207,-61.81309127807617,-62.74611282348633,-63.828304290771484,-64.402099609375,-64.97190856933594,-67.205322265625,-68.74488830566406,-68.74288940429688,-68.74136352539062,-69.515625,-67.06314086914062,-67.39683532714844,-68.09666442871094,-66.66802215576172,-67.02891540527344,-66.71664428710938,-64.57119750976562,-63.40875244140625,-64.35232543945312,-66.51554107666016,-69.26531982421875,-71.2441177368164,-71.75142669677734,-74.47935485839844,-75.58300018310547,-73.40406799316406,-70.761962890625,-69.67916870117188,-70.87237548828125,-71.50273895263672,-72.13684844970703,-71.39762878417969,-71.60350036621094,-73.476806640625,-71.938720703125,-70.48966217041016,-72.27217102050781,0.0
-60.15436553955078,-59.45694351196289,-60.90134811401367,-61.08069610595703,-55.23389434814453,-56.48822021484375,-59.524417877197266,-59.420616149902344,-61.04862594604492,-60.760704040527344,-62.043121337890625,-62.3389778137207,-61.81309127807617,-62.74611282348633,-63.828304290771484,-64.402099609375,-64.97190856933594,-67.205322265625,-68.74488830566406,-68.74288940429688,-68.74136352539062,-69.515625,-67.06314086914062,-67.39683532714844,-68.09666442871094,-66.66802215576172,-67.02891540527344,-66.71664428710938,-64.57119750976562,-63.40875244140625,-64.35232543945312,-66.51554107666016,-69.26531982421875,-71.2441177368164,-71.75142669677734,-74.47935485839844,-75.58300018310547,-73.40406799316406,-70.761962890625,-69.67916870117188,-70.87237548828125,-71.50273895263672,-72.13684844970703,-71.39762878417969,-71.60350036621094,-73.476806640625,-71.938720703125,-70.48966217041016,-72.27217102050781,-72.6851806640625,0.0
-59.45694351196289,-60.90134811401367,-61.08069610595703,-55.23389434814453,-56.48822021484375,-59.524417877197266,-59.420616149902344,-61.04862594604492,-60.760704040527344,-62.043121337890625,-62.3389778137207,-61.81309127807617,-62.74611282348633,-63.828304290771484,-64.402099609375,-64.97190856933594,-67.205322265625,-68.74488830566406,-68.74288940429688,-68.74136352539062,-69.515625,-67.06314086914062,-67.39683532714844,-68.09666442871094,-66.66802215576172,-67.02891540527344,-66.71664428710938,-64.57119750976562,-63.40875244140625,-64.35232543945312,-66.51554107666016,-69.26531982421875,-71.2441177368164,-71.75142669677734,-74.47935485839844,-75.58300018310547,-73.40406799316406,-70.761962890625,-69.67916870117188,-70.87237548828125,-71.50273895263672,-72.13684844970703,-71.39762878417969,-71.60350036621094,-73.476806640625,-71.938720703125,-70.48966217041016,-72.27217102050781,-72.6851806640625,-71.24520111083984,0.0
-60.90134811401367,-61.08069610595703,-55.23389434814453,-56.48822021484375,-59.524417877197266,-59.420616149902344,-61.04862594604492,-60.760704040527344,-62.043121337890625,-62.3389778137207,-61.81309127807617,-62.74611282348633,-63.828304290771484,-64.402099609375,-64.97190856933594,-67.205322265625,-68.74488830566406,-68.74288940429688,-68.74136352539062,-69.515625,-67.06314086914062,-67.39683532714844,-68.09666442871094,-66.66802215576172,-67.02891540527344,-66.71664428710938,-64.57119750976562,-63.40875244140625,-64.35232543945312,-66.51554107666016,-69.26531982421875,-71.2441177368164,-71.75142669677734,-74.47935485839844,-75.58300018310547,-73.40406799316406,-70.761962890625,-69.67916870117188,-70.87237548828125,-71.50273895263672,-72.13684844970703,-71.39762878417969,-71.60350036621094,-73.476806640625,-71.938720703125,-70.48966217041016,-72.27217102050781,-72.6851806640625,-71.24520111083984,-72.09140014648438,0.0
-61.08069610595703,-55.23389434814453,-56.48822021484375,-59.524417877197266,-59.420616149902344,-61.04862594604492,-60.760704040527344,-62.043121337890625,-62.3389778137207,-61.81309127807617,-62.74611282348633,-63.828304290771484,-64.402099609375,-64.97190856933594,-67.205322265625,-68.74488830566406,-68.74288940429688,-68.74136352539062,-69.515625,-67.06314086914062,-67.39683532714844,-68.09666442871094,-66.66802215576172,-67.02891540527344,-66.71664428710938,-64.57119750976562,-63.40875244140625,-64.35232543945312,-66.51554107666016,-69.26531982421875,-71.2441177368164,-71.75142669677734,-74.47935485839844,-75.58300018310547,-73.40406799316406,-70.761962890625,-69.67916870117188,-70.87237548828125,-71.50273895263672,-72.13684844970703,-71.39762878417969,-71.60350036621094,-73.476806640625,-71.938720703125,-70.48966217041016,-72.27217102050781,-72.6851806640625,-71.24520111083984,-72.09140014648438,-71.84567260742188,0.0
-55.23389434814453,-56.48822021484375,-59.524417877197266,-59.420616149902344,-61.04862594604492,-60.760704040527344,-62.043121337890625,-62.3389778137207,-61.81309127807617,-62.74611282348633,-63.828304290771484,-64.402099609375,-64.97190856933594,-67.205322265625,-68.74488830566406,-68.74288940429688,-68.74136352539062,-69.515625,-67.06314086914062,-67.39683532714844,-68.09666442871094,-66.66802215576172,-67.02891540527344,-66.71664428710938,-64.57119750976562,-63.40875244140625,-64.35232543945312,-66.51554107666016,-69.26531982421875,-71.2441177368164,-71.75142669677734,-74.47935485839844,-75.58300018310547,-73.40406799316406,-70.761962890625,-69.67916870117188,-70.87237548828125,-71.50273895263672,-72.13684844970703,-71.39762878417969,-71.60350036621094,-73.476806640625,-71.938720703125,-70.48966217041016,-72.27217102050781,-72.6851806640625,-71.24520111083984,-72.09140014648438,-71.84567260742188,-73.41615295410156,0.0
-56.48822021484375,-59.524417877197266,-59.420616149902344,-61.04862594604492,-60.760704040527344,-62.043121337890625,-62.3389778137207,-61.81309127807617,-62.74611282348633,-63.828304290771484,-64.402099609375,-64.97190856933594,-67.205322265625,-68.74488830566406,-68.74288940429688,-68.74136352539062,-69.515625,-67.06314086914062,-67.39683532714844,-68.09666442871094,-66.66802215576172,-67.02891540527344,-66.71664428710938,-64.57119750976562,-63.40875244140625,-64.35232543945312,-66.51554107666016,-69.26531982421875,-71.2441177368164,-71.75142669677734,-74.47935485839844,-75.58300018310547,-73.40406799316406,-70.761962890625,-69.67916870117188,-70.87237548828125,-71.50273895263672,-72.13684844970703,-71.39762878417969,-71.60350036621094,-73.476806640625,-71.938720703125,-70.48966217041016,-72.27217102050781,-72.6851806640625,-71.24520111083984,-72.09140014648438,-71.84567260742188,-73.41615295410156,-74.53251647949219,0.0
-59.524417877197266,-59.420616149902344,-61.04862594604492,-60.760704040527344,-62.043121337890625,-62.3389778137207,-61.81309127807617,-62.74611282348633,-63.828304290771484,-64.402099609375,-64.97190856933594,-67.205322265625,-68.74488830566406,-68.74288940429688,-68.74136352539062,-69.515625,-67.06314086914062,-67.39683532714844,-68.09666442871094,-66.66802215576172,-67.02891540527344,-66.71664428710938,-64.57119750976562,-63.40875244140625,-64.35232543945312,-66.51554107666016,-69.26531982421875,-71.2441177368164,-71.75142669677734,-74.47935485839844,-75.58300018310547,-73.40406799316406,-70.761962890625,-69.67916870117188,-70.87237548828125,-71.50273895263672,-72.13684844970703,-71.39762878417969,-71.60350036621094,-73.476806640625,-71.938720703125,-70.48966217041016,-72.27217102050781,-72.6851806640625,-71.24520111083984,-72.09140014648438,-71.84567260742188,-73.41615295410156,-74.53251647949219,-74.94081115722656,0.0
-59.420616149902344,-61.04862594604492,-60.760704040527344,-62.043121337890625,-62.3389778137207,-61.81309127807617,-62.74611282348633,-63.828304290771484,-64.402099609375,-64.97190856933594,-67.205322265625,-68.74488830566406,-68.74288940429688,-68.74136352539062,-69.515625,-67.06314086914062,-67.39683532714844,-68.09666442871094,-66.66802215576172,-67.02891540527344,-66.71664428710938,-64.57119750976562,-63.40875244140625,-64.35232543945312,-66.51554107666016,-69.26531982421875,-71.2441177368164,-71.75142669677734,-74.47935485839844,-75.58300018310547,-73.40406799316406,-70.761962890625,-69.67916870117188,-70.87237548828125,-71.50273895263672,-72.13684844970703,-71.39762878417969,-71.60350036621094,-73.476806640625,-71.938720703125,-70.48966217041016,-72.27217102050781,-72.6851806640625,-71.24520111083984,-72.09140014648438,-71.84567260742188,-73.41615295410156,-74.53251647949219,-74.94081115722656,-74.07359313964844,0.0
-61.04862594604492,-60.760704040527344,-62.043121337890625,-62.3389778137207,-61.81309127807617,-62.74611282348633,-63.828304290771484,-64.402099609375,-64.97190856933594,-67.205322265625,-68.74488830566406,-68.74288940429688,-68.74136352539062,-69.515625,-67.06314086914062,-67.39683532714844,-68.09666442871094,-66.66802215576172,-67.02891540527344,-66.71664428710938,-64.57119750976562,-63.40875244140625,-64.35232543945312,-66.51554107666016,-69.26531982421875,-71.2441177368164,-71.75142669677734,-74.47935485839844,-75.58300018310547,-73.40406799316406,-70.761962890625,-69.67916870117188,-70.87237548828125,-71.50273895263672,-72.13684844970703,-71.39762878417969,-71.60350036621094,-73.476806640625,-71.938720703125,-70.48966217041016,-72.27217102050781,-72.6851806640625,-71.24520111083984,-72.09140014648438,-71.84567260742188,-73.41615295410156,-74.53251647949219,-74.94081115722656,-74.07359313964844,-74.07833862304688,1.0
-60.760704040527344,-62.043121337890625,-62.3389778137207,-61.81309127807617,-62.74611282348633,-63.828304290771484,-64.402099609375,-64.97190856933594,-67.205322265625,-68.74488830566406,-68.74288940429688,-68.74136352539062,-69.515625,-67.06314086914062,-67.39683532714844,-68.09666442871094,-66.66802215576172,-67.02891540527344,-66.71664428710938,-64.57119750976562,-63.40875244140625,-64.35232543945312,-66.51554107666016,-69.26531982421875,-71.2441177368164,-71.75142669677734,-74.47935485839844,-75.58300018310547,-73.40406799316406,-70.761962890625,-69.67916870117188,-70.87237548828125,-71.50273895263672,-72.13684844970703,-71.39762878417969,-71.60350036621094,-73.476806640625,-71.938720703125,-70.48966217041016,-72.27217102050781,-72.6851806640625,-71.24520111083984,-72.09140014648438,-71.84567260742188,-73.41615295410156,-74.53251647949219,-74.94081115722656,-74.07359313964844,-74.07833862304688,-74.0079345703125,0.0
-62.043121337890625,-62.3389778137207,-61.81309127807617,-62.74611282348633,-63.828304290771484,-64.402099609375,-64.97190856933594,-67.205322265625,-68.74488830566406,-68.74288940429688,-68.74136352539062,-69.515625,-67.06314086914062,-67.39683532714844,-68.09666442871094,-66.66802215576172,-67.02891540527344,-66.71664428710938,-64.57119750976562,-63.40875244140625,-64.35232543945312,-66.51554107666016,-69.26531982421875,-71.2441177368164,-71.75142669677734,-74.47935485839844,-75.58300018310547,-73.40406799316406,-70.761962890625,-69.67916870117188,-70.87237548828125,-71.50273895263672,-72.13684844970703,-71.39762878417969,-71.60350036621094,-73.476806640625,-71.938720703125,-70.48966217041016,-72.27217102050781,-72.6851806640625,-71.24520111083984,-72.09140014648438,-71.84567260742188,-73.41615295410156,-74.53251647949219,-74.94081115722656,-74.07359313964844,-74.07833862304688,-74.0079345703125,-74.81651306152344,0.0
-62.3389778137207,-61.81309127807617,-62.74611282348633,-63.828304290771484,-64.402099609375,-64.97190856933594,-67.205322265625,-68.74488830566406,-68.74288940429688,-68.74136352539062,-69.515625,-67.06314086914062,-67.39683532714844,-68.09666442871094,-66.66802215576172,-67.02891540527344,-66.71664428710938,-64.57119750976562,-63.40875244140625,-64.35232543945312,-66.51554107666016,-69.26531982421875,-71.2441177368164,-71.75142669677734,-74.47935485839844,-75.58300018310547,-73.40406799316406,-70.761962890625,-69.67916870117188,-70.87237548828125,-71.50273895263672,-72.13684844970703,-71.39762878417969,-71.60350036621094,-73.476806640625,-71.938720703125,-70.48966217041016,-72.27217102050781,-72.6851806640625,-71.24520111083984,-72.09140014648438,-71.84567260742188,-73.41615295410156,-74.53251647949219,-74.94081115722656,-74.07359313964844,-74.07833862304688,-74.0079345703125,-74.81651306152344,-76.735595703125,1.0
-61.81309127807617,-62.74611282348633,-63.828304290771484,-64.402099609375,-64.97190856933594,-67.205322265625,-68.74488830566406,-68.74288940429688,-68.74136352539062,-69.515625,-67.06314086914062,-67.39683532714844,-68.09666442871094,-66.66802215576172,-67.02891540527344,-66.71664428710938,-64.57119750976562,-63.40875244140625,-64.35232543945312,-66.51554107666016,-69.26531982421875,-71.2441177368164,-71.75142669677734,-74.47935485839844,-75.58300018310547,-73.40406799316406,-70.761962890625,-69.67916870117188,-70.87237548828125,-71.50273895263672,-72.13684844970703,-71.39762878417969,-71.60350036621094,-73.476806640625,-71.938720703125,-70.48966217041016,-72.27217102050781,-72.6851806640625,-71.24520111083984,-72.09140014648438,-71.84567260742188,-73.41615295410156,-74.53251647949219,-74.94081115722656,-74.07359313964844,-74.07833862304688,-74.0079345703125,-74.81651306152344,-76.735595703125,-75.84001159667969,0.0
-62.74611282348633,-63.828304290771484,-64.402099609375,-64.97190856933594,-67.205322265625,-68.74488830566406,-68.74288940429688,-68.74136352539062,-69.515625,-67.06314086914062,-67.39683532714844,-68.09666442871094,-66.66802215576172,-67.02891540527344,-66.71664428710938,-64.57119750976562,-63.40875244140625,-64.35232543945312,-66.51554107666016,-69.26531982421875,-71.2441177368164,-71.75142669677734,-74.47935485839844,-75.58300018310547,-73.40406799316406,-70.761962890625,-69.67916870117188,-70.87237548828125,-71.50273895263672,-72.13684844970703,-71.39762878417969,-71.60350036621094,-73.476806640625,-71.938720703125,-70.48966217041016,-72.27217102050781,-72.6851806640625,-71.24520111083984,-72.09140014648438,-71.84567260742188,-73.41615295410156,-74.53251647949219,-74.94081115722656,-74.07359313964844,-74.07833862304688,-74.0079345703125,-74.81651306152344,-76.735595703125,-75.84001159667969,-76.52566528320312,0.0
-63.828304290771484,-64.402099609375,-64.97190856933594,-67.205322265625,-68.74488830566406,-68.74288940429688,-68.74136352539062,-69.515625,-67.06314086914062,-67.39683532714844,-68.09666442871094,-66.66802215576172,-67.02891540527344,-66.71664428710938,-64.57119750976562,-63.40875244140625,-64.35232543945312,-66.51554107666016,-69.26531982421875,-71.2441177368164,-71.75142669677734,-74.47935485839844,-75.58300018310547,-73.40406799316406,-70.761962890625,-69.67916870117188,-70.87237548828125,-71.50273895263672,-72.13684844970703,-71.39762878417969,-71.60350036621094,-73.476806640625,-71.938720703125,-70.48966217041016,-72.27217102050781,-72.6851806640625,-71.24520111083984,-72.09140014648438,-71.84567260742188,-73.41615295410156,-74.53251647949219,-74.94081115722656,-74.07359313964844,-74.07833862304688,-74.0079345703125,-74.81651306152344,-76.735595703125,-75.84001159667969,-76.52566528320312,-76.00357055664062,1.0
-64.402099609375,-64.97190856933594,-67.205322265625,-68.74488830566406,-68.74288940429688,-68.74136352539062,-69.515625,-67.06314086914062,-67.39683532714844,-68.09666442871094,-66.66802215576172,-67.02891540527344,-66.71664428710938,-64.57119750976562,-63.40875244140625,-64.35232543945312,-66.51554107666016,-69.26531982421875,-71.2441177368164,-71.75142669677734,-74.47935485839844,-75.58300018310547,-73.40406799316406,-70.761962890625,-69.67916870117188,-70.87237548828125,-71.50273895263672,-72.13684844970703,-71.39762878417969,-71.60350036621094,-73.476806640625,-71.938720703125,-70.48966217041016,-72.27217102050781,-72.6851806640625,-71.24520111083984,-72.09140014648438,-71.84567260742188,-73.41615295410156,-74.53251647949219,-74.94081115722656,-74.07359313964844,-74.07833862304688,-74.0079345703125,-74.81651306152344,-76.735595703125,-75.84001159667969,-76.52566528320312,-76.00357055664062,-77.99726867675781,1.0
-64.97190856933594,-67.205322265625,-68.74488830566406,-68.74288940429688,-68.74136352539062,-69.515625,-67.06314086914062,-67.39683532714844,-68.09666442871094,-66.66802215576172,-67.02891540527344,-66.71664428710938,-64.57119750976562,-63.40875244140625,-64.35232543945312,-66.51554107666016,-69.26531982421875,-71.2441177368164,-71.75142669677734,-74.47935485839844,-75.58300018310547,-73.40406799316406,-70.761962890625,-69.67916870117188,-70.87237548828125,-71.50273895263672,-72.13684844970703,-71.39762878417969,-71.60350036621094,-73.476806640625,-71.938720703125,-70.48966217041016,-72.27217102050781,-72.6851806640625,-71.24520111083984,-72.09140014648438,-71.84567260742188,-73.41615295410156,-74.53251647949219,-74.94081115722656,-74.07359313964844,-74.07833862304688,-74.0079345703125,-74.81651306152344,-76.735595703125,-75.84001159667969,-76.52566528320312,-76.00357055664062,-77.99726867675781,-76.17491149902344,1.0
-67.205322265625,-68.74488830566406,-68.74288940429688,-68.74136352539062,-69.515625,-67.06314086914062,-67.39683532714844,-68.09666442871094,-66.66802215576172,-67.02891540527344,-66.71664428710938,-64.57119750976562,-63.40875244140625,-64.35232543945312,-66.51554107666016,-69.26531982421875,-71.2441177368164,-71.75142669677734,-74.47935485839844,-75.58300018310547,-73.40406799316406,-70.761962890625,-69.67916870117188,-70.87237548828125,-71.50273895263672,-72.13684844970703,-71.39762878417969,-71.60350036621094,-73.476806640625,-71.938720703125,-70.48966217041016,-72.27217102050781,-72.6851806640625,-71.24520111083984,-72.09140014648438,-71.84567260742188,-73.41615295410156,-74.53251647949219,-74.94081115722656,-74.07359313964844,-74.07833862304688,-74.0079345703125,-74.81651306152344,-76.735595703125,-75.84001159667969,-76.52566528320312,-76.00357055664062,-77.99726867675781,-76.17491149902344,-76.24234008789062,1.0
-68.74488830566406,-68.74288940429688,-68.74136352539062,-69.515625,-67.06314086914062,-67.39683532714844,-68.09666442871094,-66.66802215576172,-67.02891540527344,-66.71664428710938,-64.57119750976562,-63.40875244140625,-64.35232543945312,-66.51554107666016,-69.26531982421875,-71.2441177368164,-71.75142669677734,-74.47935485839844,-75.58300018310547,-73.40406799316406,-70.761962890625,-69.67916870117188,-70.87237548828125,-71.50273895263672,-72.13684844970703,-71.39762878417969,-71.60350036621094,-73.476806640625,-71.938720703125,-70.48966217041016,-72.27217102050781,-72.6851806640625,-71.24520111083984,-72.09140014648438,-71.84567260742188,-73.41615295410156,-74.53251647949219,-74.94081115722656,-74.07359313964844,-74.07833862304688,-74.0079345703125,-74.81651306152344,-76.735595703125,-75.84001159667969,-76.52566528320312,-76.00357055664062,-77.99726867675781,-76.17491149902344,-76.24234008789062,-76.28544616699219,0.0
-68.74288940429688,-68.74136352539062,-69.515625,-67.06314086914062,-67.39683532714844,-68.09666442871094,-66.66802215576172,-67.02891540527344,-66.71664428710938,-64.57119750976562,-63.40875244140625,-64.35232543945312,-66.51554107666016,-69.26531982421875,-71.2441177368164,-71.75142669677734,-74.47935485839844,-75.58300018310547,-73.40406799316406,-70.761962890625,-69.67916870117188,-70.87237548828125,-71.50273895263672,-72.13684844970703,-71.39762878417969,-71.60350036621094,-73.476806640625,-71.938720703125,-70.48966217041016,-72.27217102050781,-72.6851806640625,-71.24520111083984,-72.09140014648438,-71.84567260742188,-73.41615295410156,-74.53251647949219,-74.94081115722656,-74.07359313964844,-74.07833862304688,-74.0079345703125,-74.81651306152344,-76.735595703125,-75.84001159667969,-76.52566528320312,-76.00357055664062,-77.99726867675781,-76.17491149902344,-76.24234008789062,-76.28544616699219,-74.8570785522461,0.0
-68.74136352539062,-69.515625,-67.06314086914062,-67.39683532714844,-68.09666442871094,-66.66802215576172,-67.02891540527344,-66.71664428710938,-64.57119750976562,-63.40875244140625,-64.35232543945312,-66.51554107666016,-69.26531982421875,-71.2441177368164,-71.75142669677734,-74.47935485839844,-75.58300018310547,-73.40406799316406,-70.761962890625,-69.67916870117188,-70.87237548828125,-71.50273895263672,-72.13684844970703,-71.39762878417969,-71.60350036621094,-73.476806640625,-71.938720703125,-70.48966217041016,-72.27217102050781,-72.6851806640625,-71.24520111083984,-72.09140014648438,-71.84567260742188,-73.41615295410156,-74.53251647949219,-74.94081115722656,-74.07359313964844,-74.07833862304688,-74.0079345703125,-74.81651306152344,-76.735595703125,-75.84001159667969,-76.52566528320312,-76.00357055664062,-77.99726867675781,-76.17491149902344,-76.24234008789062,-76.28544616699219,-74.8570785522461,-76.98258972167969,0.0
-69.515625,-67.06314086914062,-67.39683532714844,-68.09666442871094,-66.66802215576172,-67.02891540527344,-66.71664428710938,-64.57119750976562,-63.40875244140625,-64.35232543945312,-66.51554107666016,-69.26531982421875,-71.2441177368164,-71.75142669677734,-74.47935485839844,-75.58300018310547,-73.40406799316406,-70.761962890625,-69.67916870117188,-70.87237548828125,-71.50273895263672,-72.13684844970703,-71.39762878417969,-71.60350036621094,-73.476806640625,-71.938720703125,-70.48966217041016,-72.27217102050781,-72.6851806640625,-71.24520111083984,-72.09140014648438,-71.84567260742188,-73.41615295410156,-74.53251647949219,-74.94081115722656,-74.07359313964844,-74.07833862304688,-74.0079345703125,-74.81651306152344,-76.735595703125,-75.84001159667969,-76.52566528320312,-76.00357055664062,-77.99726867675781,-76.17491149902344,-76.24234008789062,-76.28544616699219,-74.8570785522461,-76.98258972167969,-78.31529235839844,0.0
-67.06314086914062,-67.39683532714844,-68.09666442871094,-66.66802215576172,-67.02891540527344,-66.71664428710938,-64.57119750976562,-63.40875244140625,-64.35232543945312,-66.51554107666016,-69.26531982421875,-71.2441177368164,-71.75142669677734,-74.47935485839844,-75.58300018310547,-73.40406799316406,-70.761962890625,-69.67916870117188,-70.87237548828125,-71.50273895263672,-72.13684844970703,-71.39762878417969,-71.60350036621094,-73.476806640625,-71.938720703125,-70.48966217041016,-72.27217102050781,-72.6851806640625,-71.24520111083984,-72.09140014648438,-71.84567260742188,-73.41615295410156,-74.53251647949219,-74.94081115722656,-74.07359313964844,-74.07833862304688,-74.0079345703125,-74.81651306152344,-76.735595703125,-75.84001159667969,-76.52566528320312,-76.00357055664062,-77.99726867675781,-76.17491149902344,-76.24234008789062,-76.28544616699219,-74.8570785522461,-76.98258972167969,-78.31529235839844,-76.21163177490234,1.0
-67.39683532714844,-68.09666442871094,-66.66802215576172,-67.02891540527344,-66.71664428710938,-64.57119750976562,-63.40875244140625,-64.35232543945312,-66.51554107666016,-69.26531982421875,-71.2441177368164,-71.75142669677734,-74.47935485839844,-75.58300018310547,-73.40406799316406,-70.761962890625,-69.67916870117188,-70.87237548828125,-71.50273895263672,-72.13684844970703,-71.39762878417969,-71.60350036621094,-73.476806640625,-71.938720703125,-70.48966217041016,-72.27217102050781,-72.6851806640625,-71.24520111083984,-72.09140014648438,-71.84567260742188,-73.41615295410156,-74.53251647949219,-74.94081115722656,-74.07359313964844,-74.07833862304688,-74.0079345703125,-74.81651306152344,-76.735595703125,-75.84001159667969,-76.52566528320312,-76.00357055664062,-77.99726867675781,-76.17491149902344,-76.24234008789062,-76.28544616699219,-74.8570785522461,-76.98258972167969,-78.31529235839844,-76.21163177490234,-79.06576538085938,0.0
-68.09666442871094,-66.66802215576172,-67.02891540527344,-66.71664428710938,-64.57119750976562,-63.40875244140625,-64.35232543945312,-66.51554107666016,-69.26531982421875,-71.2441177368164,-71.75142669677734,-74.47935485839844,-75.58300018310547,-73.40406799316406,-70.761962890625,-69.67916870117188,-70.87237548828125,-71.50273895263672,-72.13684844970703,-71.39762878417969,-71.60350036621094,-73.476806640625,-71.938720703125,-70.48966217041016,-72.27217102050781,-72.6851806640625,-71.24520111083984,-72.09140014648438,-71.84567260742188,-73.41615295410156,-74.53251647949219,-74.94081115722656,-74.07359313964844,-74.07833862304688,-74.0079345703125,-74.81651306152344,-76.735595703125,-75.84001159667969,-76.52566528320312,-76.00357055664062,-77.99726867675781,-76.17491149902344,-76.24234008789062,-76.28544616699219,-74.8570785522461,-76.98258972167969,-78.31529235839844,-76.21163177490234,-79.06576538085938,-81.90959930419922,0.0
-66.66802215576172,-67.02891540527344,-66.71664428710938,-64.57119750976562,-63.40875244140625,-64.35232543945312,-66.51554107666016,-69.26531982421875,-71.2441177368164,-71.75142669677734,-74.47935485839844,-75.58300018310547,-73.40406799316406,-70.761962890625,-69.67916870117188,-70.87237548828125,-71.50273895263672,-72.13684844970703,-71.39762878417969,-71.60350036621094,-73.476806640625,-71.938720703125,-70.48966217041016,-72.27217102050781,-72.6851806640625,-71.24520111083984,-72.09140014648438,-71.84567260742188,-73.41615295410156,-74.53251647949219,-74.94081115722656,-74.07359313964844,-74.07833862304688,-74.0079345703125,-74.81651306152344,-76.735595703125,-75.84001159667969,-76.52566528320312,-76.00357055664062,-77.99726867675781,-76.17491149902344,-76.24234008789062,-76.28544616699219,-74.8570785522461,-76.98258972167969,-78.31529235839844,-76.21163177490234,-79.06576538085938,-81.90959930419922,-81.17560577392578,1.0
-67.02891540527344,-66.71664428710938,-64.57119750976562,-63.40875244140625,-64.35232543945312,-66.51554107666016,-69.26531982421875,-71.2441177368164,-71.75142669677734,-74.47935485839844,-75.58300018310547,-73.40406799316406,-70.761962890625,-69.67916870117188,-70.87237548828125,-71.50273895263672,-72.13684844970703,-71.39762878417969,-71.60350036621094,-73.476806640625,-71.938720703125,-70.48966217041016,-72.27217102050781,-72.6851806640625,-71.24520111083984,-72.09140014648438,-71.84567260742188,-73.41615295410156,-74.53251647949219,-74.94081115722656,-74.07359313964844,-74.07833862304688,-74.0079345703125,-74.81651306152344,-76.735595703125,-75.84001159667969,-76.52566528320312,-76.00357055664062,-77.99726867675781,-76.17491149902344,-76.24234008789062,-76.28544616699219,-74.8570785522461,-76.98258972167969,-78.31529235839844,-76.21163177490234,-79.06576538085938,-81.90959930419922,-81.17560577392578,-80.03003692626953,0.0
-66.71664428710938,-64.57119750976562,-63.40875244140625,-64.35232543945312,-66.51554107666016,-69.26531982421875,-71.2441177368164,-71.75142669677734,-74.47935485839844,-75.58300018310547,-73.40406799316406,-70.761962890625,-69.67916870117188,-70.87237548828125,-71.50273895263672,-72.13684844970703,-71.39762878417969,-71.60350036621094,-73.476806640625,-71.938720703125,-70.48966217041016,-72.27217102050781,-72.6851806640625,-71.24520111083984,-72.09140014648438,-71.84567260742188,-73.41615295410156,-74.53251647949219,-74.94081115722656,-74.07359313964844,-74.07833862304688,-74.0079345703125,-74.81651306152344,-76.735595703125,-75.84001159667969,-76.52566528320312,-76.00357055664062,-77.99726867675781,-76.17491149902344,-76.24234008789062,-76.28544616699219,-74.8570785522461,-76.98258972167969,-78.31529235839844,-76.21163177490234,-79.06576538085938,-81.90959930419922,-81.17560577392578,-80.03003692626953,-78.58822631835938,1.0
-64.57119750976562,-63.40875244140625,-64.35232543945312,-66.51554107666016,-69.26531982421875,-71.2441177368164,-71.75142669677734,-74.47935485839844,-75.58300018310547,-73.40406799316406,-70.761962890625,-69.67916870117188,-70.87237548828125,-71.50273895263672,-72.13684844970703,-71.39762878417969,-71.60350036621094,-73.476806640625,-71.938720703125,-70.48966217041016,-72.27217102050781,-72.6851806640625,-71.24520111083984,-72.09140014648438,-71.84567260742188,-73.41615295410156,-74.53251647949219,-74.94081115722656,-74.07359313964844,-74.07833862304688,-74.0079345703125,-74.81651306152344,-76.735595703125,-75.84001159667969,-76.52566528320312,-76.00357055664062,-77.99726867675781,-76.17491149902344,-76.24234008789062,-76.28544616699219,-74.8570785522461,-76.98258972167969,-78.31529235839844,-76.21163177490234,-79.06576538085938,-81.90959930419922,-81.17560577392578,-80.03003692626953,-78.58822631835938,-78.42027282714844,0.0
-63.40875244140625,-64.35232543945312,-66.51554107666016,-69.26531982421875,-71.2441177368164,-71.75142669677734,-74.47935485839844,-75.58300018310547,-73.40406799316406,-70.761962890625,-69.67916870117188,-70.87237548828125,-71.50273895263672,-72.13684844970703,-71.39762878417969,-71.60350036621094,-73.476806640625,-71.938720703125,-70.48966217041016,-72.27217102050781,-72.6851806640625,-71.24520111083984,-72.09140014648438,-71.84567260742188,-73.41615295410156,-74.53251647949219,-74.94081115722656,-74.07359313964844,-74.07833862304688,-74.0079345703125,-74.81651306152344,-76.735595703125,-75.84001159667969,-76.52566528320312,-76.00357055664062,-77.99726867675781,-76.17491149902344,-76.24234008789062,-76.28544616699219,-74.8570785522461,-76.98258972167969,-78.31529235839844,-76.21163177490234,-79.06576538085938,-81.90959930419922,-81.17560577392578,-80.03003692626953,-78.58822631835938,-78.42027282714844,-78.64234924316406,0.0
-64.35232543945312,-66.51554107666016,-69.26531982421875,-71.2441177368164,-71.75142669677734,-74.47935485839844,-75.58300018310547,-73.40406799316406,-70.761962890625,-69.67916870117188,-70.87237548828125,-71.50273895263672,-72.13684844970703,-71.39762878417969,-71.60350036621094,-73.476806640625,-71.938720703125,-70.48966217041016,-72.27217102050781,-72.6851806640625,-71.24520111083984,-72.09140014648438,-71.84567260742188,-73.41615295410156,-74.53251647949219,-74.94081115722656,-74.07359313964844,-74.07833862304688,-74.0079345703125,-74.81651306152344,-76.735595703125,-75.84001159667969,-76.52566528320312,-76.00357055664062,-77.99726867675781,-76.17491149902344,-76.24234008789062,-76.28544616699219,-74.8570785522461,-76.98258972167969,-78.31529235839844,-76.21163177490234,-79.06576538085938,-81.90959930419922,-81.17560577392578,-80.03003692626953,-78.58822631835938,-78.42027282714844,-78.64234924316406,-75.667236328125,1.0
-66.51554107666016,-69.26531982421875,-71.2441177368164,-71.75142669677734,-74.47935485839844,-75.58300018310547,-73.40406799316406,-70.761962890625,-69.67916870117188,-70.87237548828125,-71.50273895263672,-72.13684844970703,-71.39762878417969,-71.60350036621094,-73.476806640625,-71.938720703125,-70.48966217041016,-72.27217102050781,-72.6851806640625,-71.24520111083984,-72.09140014648438,-71.84567260742188,-73.41615295410156,-74.53251647949219,-74.94081115722656,-74.07359313964844,-74.07833862304688,-74.0079345703125,-74.81651306152344,-76.735595703125,-75.84001159667969,-76.52566528320312,-76.00357055664062,-77.99726867675781,-76.17491149902344,-76.24234008789062,-76.28544616699219,-74.8570785522461,-76.98258972167969,-78.31529235839844,-76.21163177490234,-79.06576538085938,-81.90959930419922,-81.17560577392578,-80.03003692626953,-78.58822631835938,-78.42027282714844,-78.64234924316406,-75.667236328125,-74.79087829589844,0.0
-69.26531982421875,-71.2441177368164,-71.75142669677734,-74.47935485839844,-75.58300018310547,-73.40406799316406,-70.761962890625,-69.67916870117188,-70.87237548828125,-71.50273895263672,-72.13684844970703,-71.39762878417969,-71.60350036621094,-73.476806640625,-71.938720703125,-70.48966217041016,-72.27217102050781,-72.6851806640625,-71.24520111083984,-72.09140014648438,-71.84567260742188,-73.41615295410156,-74.53251647949219,-74.94081115722656,-74.07359313964844,-74.07833862304688,-74.0079345703125,-74.81651306152344,-76.735595703125,-75.84001159667969,-76.52566528320312,-76.00357055664062,-77.99726867675781,-76.17491149902344,-76.24234008789062,-76.28544616699219,-74.8570785522461,-76.98258972167969,-78.31529235839844,-76.21163177490234,-79.06576538085938,-81.90959930419922,-81.17560577392578,-80.03003692626953,-78.58822631835938,-78.42027282714844,-78.64234924316406,-75.667236328125,-74.79087829589844,-75.29877471923828,1.0
-71.2441177368164,-71.75142669677734,-74.47935485839844,-75.58300018310547,-73.40406799316406,-70.761962890625,-69.67916870117188,-70.87237548828125,-71.50273895263672,-72.13684844970703,-71.39762878417969,-71.60350036621094,-73.476806640625,-71.938720703125,-70.48966217041016,-72.27217102050781,-72.6851806640625,-71.24520111083984,-72.09140014648438,-71.84567260742188,-73.41615295410156,-74.53251647949219,-74.94081115722656,-74.07359313964844,-74.07833862304688,-74.0079345703125,-74.81651306152344,-76.735595703125,-75.84001159667969,-76.52566528320312,-76.00357055664062,-77.99726867675781,-76.17491149902344,-76.24234008789062,-76.28544616699219,-74.8570785522461,-76.98258972167969,-78.31529235839844,-76.21163177490234,-79.06576538085938,-81.90959930419922,-81.17560577392578,-80.03003692626953,-78.58822631835938,-78.42027282714844,-78.64234924316406,-75.667236328125,-74.79087829589844,-75.29877471923828,-77.85868072509766,0.0
-71.75142669677734,-74.47935485839844,-75.58300018310547,-73.40406799316406,-70.761962890625,-69.67916870117188,-70.87237548828125,-71.50273895263672,-72.13684844970703,-71.39762878417969,-71.60350036621094,-73.476806640625,-71.938720703125,-70.48966217041016,-72.27217102050781,-72.6851806640625,-71.24520111083984,-72.09140014648438,-71.84567260742188,-73.41615295410156,-74.53251647949219,-74.94081115722656,-74.07359313964844,-74.07833862304688,-74.0079345703125,-74.81651306152344,-76.735595703125,-75.84001159667969,-76.52566528320312,-76.00357055664062,-77.99726867675781,-76.17491149902344,-76.24234008789062,-76.28544616699219,-74.8570785522461,-76.98258972167969,-78.31529235839844,-76.21163177490234,-79.06576538085938,-81.90959930419922,-81.17560577392578,-80.03003692626953,-78.58822631835938,-78.42027282714844,-78.64234924316406,-75.667236328125,-74.79087829589844,-75.29877471923828,-77.85868072509766,-79.2473373413086,0.0
-74.47935485839844,-75.58300018310547,-73.40406799316406,-70.761962890625,-69.67916870117188,-70.87237548828125,-71.50273895263672,-72.13684844970703,-71.39762878417969,-71.60350036621094,-73.476806640625,-71.938720703125,-70.48966217041016,-72.27217102050781,-72.6851806640625,-71.24520111083984,-72.09140014648438,-71.84567260742188,-73.41615295410156,-74.53251647949219,-74.94081115722656,-74.07359313964844,-74.07833862304688,-74.0079345703125,-74.81651306152344,-76.735595703125,-75.84001159667969,-76.52566528320312,-76.00357055664062,-77.99726867675781,-76.17491149902344,-76.24234008789062,-76.28544616699219,-74.8570785522461,-76.98258972167969,-78.31529235839844,-76.21163177490234,-79.06576538085938,-81.90959930419922,-81.17560577392578,-80.03003692626953,-78.58822631835938,-78.42027282714844,-78.64234924316406,-75.667236328125,-74.79087829589844,-75.29877471923828,-77.85868072509766,-79.2473373413086,-81.38214111328125,1.0
-75.58300018310547,-73.40406799316406,-70.761962890625,-69.67916870117188,-70.87237548828125,-71.50273895263672,-72.13684844970703,-71.39762878417969,-71.60350036621094,-73.476806640625,-71.938720703125,-70.48966217041016,-72.27217102050781,-72.6851806640625,-71.24520111083984,-72.09140014648438,-71.84567260742188,-73.41615295410156,-74.53251647949219,-74.94081115722656,-74.07359313964844,-74.07833862304688,-74.0079345703125,-74.81651306152344,-76.735595703125,-75.84001159667969,-76.52566528320312,-76.00357055664062,-77.99726867675781,-76.17491149902344,-76.24234008789062,-76.28544616699219,-74.8570785522461,-76.98258972167969,-78.31529235839844,-76.21163177490234,-79.06576538085938,-81.90959930419922,-81.17560577392578,-80.03003692626953,-78.58822631835938,-78.42027282714844,-78.64234924316406,-75.667236328125,-74.79087829589844,-75.29877471923828,-77.85868072509766,-79.2473373413086,-81.38214111328125,-81.98797607421875,0.0
-73.40406799316406,-70.761962890625,-69.67916870117188,-70.87237548828125,-71.50273895263672,-72.13684844970703,-71.39762878417969,-71.60350036621094,-73.476806640625,-71.938720703125,-70.48966217041016,-72.27217102050781,-72.6851806640625,-71.24520111083984,-72.09140014648438,-71.84567260742188,-73.41615295410156,-74.53251647949219,-74.94081115722656,-74.07359313964844,-74.07833862304688,-74.0079345703125,-74.81651306152344,-76.735595703125,-75.84001159667969,-76.52566528320312,-76.00357055664062,-77.99726867675781,-76.17491149902344,-76.24234008789062,-76.28544616699219,-74.8570785522461,-76.98258972167969,-78.31529235839844,-76.21163177490234,-79.06576538085938,-81.90959930419922,-81.17560577392578,-80.03003692626953,-78.58822631835938,-78.42027282714844,-78.64234924316406,-75.667236328125,-74.79087829589844,-75.29877471923828,-77.85868072509766,-79.2473373413086,-81.38214111328125,-81.98797607421875,-82.15632629394531,0.0
-70.761962890625,-69.67916870117188,-70.87237548828125,-71.50273895263672,-72.13684844970703,-71.39762878417969,-71.60350036621094,-73.476806640625,-71.938720703125,-70.48966217041016,-72.27217102050781,-72.6851806640625,-71.24520111083984,-72.09140014648438,-71.84567260742188,-73.41615295410156,-74.53251647949219,-74.94081115722656,-74.07359313964844,-74.07833862304688,-74.0079345703125,-74.81651306152344,-76.735595703125,-75.84001159667969,-76.52566528320312,-76.00357055664062,-77.99726867675781,-76.17491149902344,-76.24234008789062,-76.28544616699219,-74.8570785522461,-76.98258972167969,-78.31529235839844,-76.21163177490234,-79.06576538085938,-81.90959930419922,-81.17560577392578,-80.03003692626953,-78.58822631835938,-78.42027282714844,-78.64234924316406,-75.667236328125,-74.79087829589844,-75.29877471923828,-77.85868072509766,-79.2473373413086,-81.38214111328125,-81.98797607421875,-82.15632629394531,-80.32315826416016,0.0
-69.67916870117188,-70.87237548828125,-71.50273895263672,-72.13684844970703,-71.39762878417969,-71.60350036621094,-73.476806640625,-71.938720703125,-70.48966217041016,-72.27217102050781,-72.6851806640625,-71.24520111083984,-72.09140014648438,-71.84567260742188,-73.41615295410156,-74.53251647949219,-74.94081115722656,-74.07359313964844,-74.07833862304688,-74.0079345703125,-74.81651306152344,-76.735595703125,-75.84001159667969,-76.52566528320312,-76.00357055664062,-77.99726867675781,-76.17491149902344,-76.24234008789062,-76.28544616699219,-74.8570785522461,-76.98258972167969,-78.31529235839844,-76.21163177490234,-79.06576538085938,-81.90959930419922,-81.17560577392578,-80.03003692626953,-78.58822631835938,-78.42027282714844,-78.64234924316406,-75.667236328125,-74.79087829589844,-75.29877471923828,-77.85868072509766,-79.2473373413086,-81.38214111328125,-81.98797607421875,-82.15632629394531,-80.32315826416016,-82.14767456054688,1.0
-70.87237548828125,-71.50273895263672,-72.13684844970703,-71.39762878417969,-71.60350036621094,-73.476806640625,-71.938720703125,-70.48966217041016,-72.27217102050781,-72.6851806640625,-71.24520111083984,-72.09140014648438,-71.84567260742188,-73.41615295410156,-74.53251647949219,-74.94081115722656,-74.07359313964844,-74.07833862304688,-74.0079345703125,-74.81651306152344,-76.735595703125,-75.84001159667969,-76.52566528320312,-76.00357055664062,-77.99726867675781,-76.17491149902344,-76.24234008789062,-76.28544616699219,-74.8570785522461,-76.98258972167969,-78.31529235839844,-76.21163177490234,-79.06576538085938,-81.90959930419922,-81.17560577392578,-80.03003692626953,-78.58822631835938,-78.42027282714844,-78.64234924316406,-75.667236328125,-74.79087829589844,-75.29877471923828,-77.85868072509766,-79.2473373413086,-81.38214111328125,-81.98797607421875,-82.15632629394531,-80.32315826416016,-82.14767456054688,-83.2671890258789,0.0
-71.50273895263672,-72.13684844970703,-71.39762878417969,-71.60350036621094,-73.476806640625,-71.938720703125,-70.48966217041016,-72.27217102050781,-72.6851806640625,-71.24520111083984,-72.09140014648438,-71.84567260742188,-73.41615295410156,-74.53251647949219,-74.94081115722656,-74.07359313964844,-74.07833862304688,-74.0079345703125,-74.81651306152344,-76.735595703125,-75.84001159667969,-76.52566528320312,-76.00357055664062,-77.99726867675781,-76.17491149902344,-76.24234008789062,-76.28544616699219,-74.8570785522461,-76.98258972167969,-78.31529235839844,-76.21163177490234,-79.06576538085938,-81.90959930419922,-81.17560577392578,-80.03003692626953,-78.58822631835938,-78.42027282714844,-78.64234924316406,-75.667236328125,-74.79087829589844,-75.29877471923828,-77.85868072509766,-79.2473373413086,-81.38214111328125,-81.98797607421875,-82.15632629394531,-80.32315826416016,-82.14767456054688,-83.2671890258789,-84.11080932617188,1.0
-72.13684844970703,-71.39762878417969,-71.60350036621094,-73.476806640625,-71.938720703125,-70.48966217041016,-72.27217102050781,-72.6851806640625,-71.24520111083984,-72.09140014648438,-71.84567260742188,-73.41615295410156,-74.53251647949219,-74.94081115722656,-74.07359313964844,-74.07833862304688,-74.0079345703125,-74.81651306152344,-76.735595703125,-75.84001159667969,-76.52566528320312,-76.00357055664062,-77.99726867675781,-76.17491149902344,-76.24234008789062,-76.28544616699219,-74.8570785522461,-76.98258972167969,-78.31529235839844,-76.21163177490234,-79.06576538085938,-81.90959930419922,-81.17560577392578,-80.03003692626953,-78.58822631835938,-78.42027282714844,-78.64234924316406,-75.667236328125,-74.79087829589844,-75.29877471923828,-77.85868072509766,-79.2473373413086,-81.38214111328125,-81.98797607421875,-82.15632629394531,-80.32315826416016,-82.14767456054688,-83.2671890258789,-84.11080932617188,-84.12858581542969,0.0
-71.39762878417969,-71.60350036621094,-73.476806640625,-71.938720703125,-70.48966217041016,-72.27217102050781,-72.6851806640625,-71.24520111083984,-72.09140014648438,-71.84567260742188,-73.41615295410156,-74.53251647949219,-74.94081115722656,-74.07359313964844,-74.07833862304688,-74.0079345703125,-74.81651306152344,-76.735595703125,-75.84001159667969,-76.52566528320312,-76.00357055664062,-77.99726867675781,-76.17491149902344,-76.24234008789062,-76.28544616699219,-74.8570785522461,-76.98258972167969,-78.31529235839844,-76.21163177490234,-79.06576538085938,-81.90959930419922,-81.17560577392578,-80.03003692626953,-78.58822631835938,-78.42027282714844,-78.64234924316406,-75.667236328125,-74.79087829589844,-75.29877471923828,-77.85868072509766,-79.2473373413086,-81.38214111328125,-81.98797607421875,-82.15632629394531,-80.32315826416016,-82.14767456054688,-83.2671890258789,-84.11080932617188,-84.12858581542969,-84.48841857910156,0.0
-71.60350036621094,-73.476806640625,-71.938720703125,-70.48966217041016,-72.27217102050781,-72.6851806640625,-71.24520111083984,-72.09140014648438,-71.84567260742188,-73.41615295410156,-74.53251647949219,-74.94081115722656,-74.07359313964844,-74.07833862304688,-74.0079345703125,-74.81651306152344,-76.735595703125,-75.84001159667969,-76.52566528320312,-76.00357055664062,-77.99726867675781,-76.17491149902344,-76.24234008789062,-76.28544616699219,-74.8570785522461,-76.98258972167969,-78.31529235839844,-76.21163177490234,-79.06576538085938,-81.90959930419922,-81.17560577392578,-80.03003692626953,-78.58822631835938,-78.42027282714844,-78.64234924316406,-75.667236328125,-74.79087829589844,-75.29877471923828,-77.85868072509766,-79.2473373413086,-81.38214111328125,-81.98797607421875,-82.15632629394531,-80.32315826416016,-82.14767456054688,-83.2671890258789,-84.11080932617188,-84.12858581542969,-84.48841857910156,-83.28189849853516,0.0
-73.476806640625,-71.938720703125,-70.48966217041016,-72.27217102050781,-72.6851806640625,-71.24520111083984,-72.09140014648438,-71.84567260742188,-73.41615295410156,-74.53251647949219,-74.94081115722656,-74.07359313964844,-74.07833862304688,-74.0079345703125,-74.81651306152344,-76.735595703125,-75.84001159667969,-76.52566528320312,-76.00357055664062,-77.99726867675781,-76.17491149902344,-76.24234008789062,-76.28544616699219,-74.8570785522461,-76.98258972167969,-78.31529235839844,-76.21163177490234,-79.06576538085938,-81.90959930419922,-81.17560577392578,-80.03003692626953,-78.58822631835938,-78.42027282714844,-78.64234924316406,-75.667236328125,-74.79087829589844,-75.29877471923828,-77.85868072509766,-79.2473373413086,-81.38214111328125,-81.98797607421875,-82.15632629394531,-80.32315826416016,-82.14767456054688,-83.2671890258789,-84.11080932617188,-84.12858581542969,-84.48841857910156,-83.28189849853516,-81.89643096923828,0.0
-71.938720703125,-70.48966217041016,-72.27217102050781,-72.6851806640625,-71.24520111083984,-72.09140014648438,-71.84567260742188,-73.41615295410156,-74.53251647949219,-74.94081115722656,-74.07359313964844,-74.07833862304688,-74.0079345703125,-74.81651306152344,-76.735595703125,-75.84001159667969,-76.52566528320312,-76.00357055664062,-77.99726867675781,-76.17491149902344,-76.24234008789062,-76.28544616699219,-74.8570785522461,-76.98258972167969,-78.31529235839844,-76.21163177490234,-79.06576538085938,-81.90959930419922,-81.17560577392578,-80.03003692626953,-78.58822631835938,-78.42027282714844,-78.64234924316406,-75.667236328125,-74.79087829589844,-75.29877471923828,-77.85868072509766,-79.2473373413086,-81.38214111328125,-81.98797607421875,-82.15632629394531,-80.32315826416016,-82.14767456054688,-83.2671890258789,-84.11080932617188,-84.12858581542969,-84.48841857910156,-83.28189849853516,-81.89643096923828,-82.82837677001953,0.0
-70.48966217041016,-72.27217102050781,-72.6851806640625,-71.24520111083984,-72.09140014648438,-71.84567260742188,-73.41615295410156,-74.53251647949219,-74.94081115722656,-74.07359313964844,-74.07833862304688,-74.0079345703125,-74.81651306152344,-76.735595703125,-75.84001159667969,-76.52566528320312,-76.00357055664062,-77.99726867675781,-76.17491149902344,-76.24234008789062,-76.28544616699219,-74.8570785522461,-76.98258972167969,-78.31529235839844,-76.21163177490234,-79.06576538085938,-81.90959930419922,-81.17560577392578,-80.03003692626953,-78.58822631835938,-78.42027282714844,-78.64234924316406,-75.667236328125,-74.79087829589844,-75.29877471923828,-77.85868072509766,-79.2473373413086,-81.38214111328125,-81.98797607421875,-82.15632629394531,-80.32315826416016,-82.14767456054688,-83.2671890258789,-84.11080932617188,-84.12858581542969,-84.48841857910156,-83.28189849853516,-81.89643096923828,-82.82837677001953,-80.0718765258789,0.0
-72.27217102050781,-72.6851806640625,-71.24520111083984,-72.09140014648438,-71.84567260742188,-73.41615295410156,-74.53251647949219,-74.94081115722656,-74.07359313964844,-74.07833862304688,-74.0079345703125,-74.81651306152344,-76.735595703125,-75.84001159667969,-76.52566528320312,-76.00357055664062,-77.99726867675781,-76.17491149902344,-76.24234008789062,-76.28544616699219,-74.8570785522461,-76.98258972167969,-78.31529235839844,-76.21163177490234,-79.06576538085938,-81.90959930419922,-81.17560577392578,-80.03003692626953,-78.58822631835938,-78.42027282714844,-78.64234924316406,-75.667236328125,-74.79087829589844,-75.29877471923828,-77.85868072509766,-79.2473373413086,-81.38214111328125,-81.98797607421875,-82.15632629394531,-80.32315826416016,-82.14767456054688,-83.2671890258789,-84.11080932617188,-84.12858581542969,-84.48841857910156,-83.28189849853516,-81.89643096923828,-82.82837677001953,-80.0718765258789,-79.78565216064453,1.0
-72.6851806640625,-71.24520111083984,-72.09140014648438,-71.84567260742188,-73.41615295410156,-74.53251647949219,-74.94081115722656,-74.07359313964844,-74.07833862304688,-74.0079345703125,-74.81651306152344,-76.735595703125,-75.84001159667969,-76.52566528320312,-76.00357055664062,-77.99726867675781,-76.17491149902344,-76.24234008789062,-76.28544616699219,-74.8570785522461,-76.98258972167969,-78.31529235839844,-76.21163177490234,-79.06576538085938,-81.90959930419922,-81.17560577392578,-80.03003692626953,-78.58822631835938,-78.42027282714844,-78.64234924316406,-75.667236328125,-74.79087829589844,-75.29877471923828,-77.85868072509766,-79.2473373413086,-81.38214111328125,-81.98797607421875,-82.15632629394531,-80.32315826416016,-82.14767456054688,-83.2671890258789,-84.11080932617188,-84.12858581542969,-84.48841857910156,-83.28189849853516,-81.89643096923828,-82.82837677001953,-80.0718765258789,-79.78565216064453,-77.92533874511719,1.0
-71.24520111083984,-72.09140014648438,-71.84567260742188,-73.41615295410156,-74.53251647949219,-74.94081115722656,-74.07359313964844,-74.07833862304688,-74.0079345703125,-74.81651306152344,-76.735595703125,-75.84001159667969,-76.52566528320312,-76.00357055664062,-77.99726867675781,-76.17491149902344,-76.24234008789062,-76.28544616699219,-74.8570785522461,-76.98258972167969,-78.31529235839844,-76.21163177490234,-79.06576538085938,-81.90959930419922,-81.17560577392578,-80.03003692626953,-78.58822631835938,-78.42027282714844,-78.64234924316406,-75.667236328125,-74.79087829589844,-75.29877471923828,-77.85868072509766,-79.2473373413086,-81.38214111328125,-81.98797607421875,-82.15632629394531,-80.32315826416016,-82.14767456054688,-83.2671890258789,-84.11080932617188,-84.12858581542969,-84.48841857910156,-83.28189849853516,-81.89643096923828,-82.82837677001953,-80.0718765258789,-79.78565216064453,-77.92533874511719,-77.46918487548828,0.0
-72.09140014648438,-71.84567260742188,-73.41615295410156,-74.53251647949219,-74.94081115722656,-74.07359313964844,-74.07833862304688,-74.0079345703125,-74.81651306152344,-76.735595703125,-75.84001159667969,-76.52566528320312,-76.00357055664062,-77.99726867675781,-76.17491149902344,-76.24234008789062,-76.28544616699219,-74.8570785522461,-76.98258972167969,-78.31529235839844,-76.21163177490234,-79.06576538085938,-81.90959930419922,-81.17560577392578,-80.03003692626953,-78.58822631835938,-78.42027282714844,-78.64234924316406,-75.667236328125,-74.79087829589844,-75.29877471923828,-77.85868072509766,-79.2473373413086,-81.38214111328125,-81.98797607421875,-82.15632629394531,-80.32315826416016,-82.14767456054688,-83.2671890258789,-84.11080932617188,-84.12858581542969,-84.48841857910156,-83.28189849853516,-81.89643096923828,-82.82837677001953,-80.0718765258789,-79.78565216064453,-77.92533874511719,-77.46918487548828,-77.81645965576172,0.0
-71.84567260742188,-73.41615295410156,-74.53251647949219,-74.94081115722656,-74.07359313964844,-74.07833862304688,-74.0079345703125,-74.81651306152344,-76.735595703125,-75.84001159667969,-76.52566528320312,-76.00357055664062,-77.99726867675781,-76.17491149902344,-76.24234008789062,-76.28544616699219,-74.8570785522461,-76.98258972167969,-78.31529235839844,-76.21163177490234,-79.06576538085938,-81.90959930419922,-81.17560577392578,-80.03003692626953,-78.58822631835938,-78.42027282714844,-78.64234924316406,-75.667236328125,-74.79087829589844,-75.29877471923828,-77.85868072509766,-79.2473373413086,-81.38214111328125,-81.98797607421875,-82.15632629394531,-80.32315826416016,-82.14767456054688,-83.2671890258789,-84.11080932617188,-84.12858581542969,-84.48841857910156,-83.28189849853516,-81.89643096923828,-82.82837677001953,-80.0718765258789,-79.78565216064453,-77.92533874511719,-77.46918487548828,-77.81645965576172,-76.47554779052734,0.0
-73.41615295410156,-74.53251647949219,-74.94081115722656,-74.07359313964844,-74.07833862304688,-74.0079345703125,-74.81651306152344,-76.735595703125,-75.84001159667969,-76.52566528320312,-76.00357055664062,-77.99726867675781,-76.17491149902344,-76.24234008789062,-76.28544616699219,-74.8570785522461,-76.98258972167969,-78.31529235839844,-76.21163177490234,-79.06576538085938,-81.90959930419922,-81.17560577392578,-80.03003692626953,-78.58822631835938,-78.42027282714844,-78.64234924316406,-75.667236328125,-74.79087829589844,-75.29877471923828,-77.85868072509766,-79.2473373413086,-81.38214111328125,-81.98797607421875,-82.15632629394531,-80.32315826416016,-82.14767456054688,-83.2671890258789,-84.11080932617188,-84.12858581542969,-84.48841857910156,-83.28189849853516,-81.89643096923828,-82.82837677001953,-80.0718765258789,-79.78565216064453,-77.92533874511719,-77.46918487548828,-77.81645965576172,-76.47554779052734,-76.66349029541016,0.0
-74.53251647949219,-74.94081115722656,-74.07359313964844,-74.07833862304688,-74.0079345703125,-74.81651306152344,-76.735595703125,-75.84001159667969,-76.52566528320312,-76.00357055664062,-77.99726867675781,-76.17491149902344,-76.24234008789062,-76.28544616699219,-74.8570785522461,-76.98258972167969,-78.31529235839844,-76.21163177490234,-79.06576538085938,-81.90959930419922,-81.17560577392578,-80.03003692626953,-78.58822631835938,-78.42027282714844,-78.64234924316406,-75.667236328125,-74.79087829589844,-75.29877471923828,-77.85868072509766,-79.2473373413086,-81.38214111328125,-81.98797607421875,-82.15632629394531,-80.32315826416016,-82.14767456054688,-83.2671890258789,-84.11080932617188,-84.12858581542969,-84.48841857910156,-83.28189849853516,-81.89643096923828,-82.82837677001953,-80.0718765258789,-79.78565216064453,-77.92533874511719,-77.46918487548828,-77.81645965576172,-76.47554779052734,-76.66349029541016,-77.6574935913086,0.0
-74.94081115722656,-74.07359313964844,-74.07833862304688,-74.0079345703125,-74.81651306152344,-76.735595703125,-75.84001159667969,-76.52566528320312,-76.00357055664062,-77.99726867675781,-76.17491149902344,-76.24234008789062,-76.28544616699219,-74.8570785522461,-76.98258972167969,-78.31529235839844,-76.21163177490234,-79.06576538085938,-81.90959930419922,-81.17560577392578,-80.03003692626953,-78.58822631835938,-78.42027282714844,-78.64234924316406,-75.667236328125,-74.79087829589844,-75.29877471923828,-77.85868072509766,-79.2473373413086,-81.38214111328125,-81.98797607421875,-82.15632629394531,-80.32315826416016,-82.14767456054688,-83.2671890258789,-84.11080932617188,-84.12858581542969,-84.48841857910156,-83.28189849853516,-81.89643096923828,-82.82837677001953,-80.0718765258789,-79.78565216064453,-77.92533874511719,-77.46918487548828,-77.81645965576172,-76.47554779052734,-76.66349029541016,-77.6574935913086,-79.68572235107422,1.0
-74.07359313964844,-74.07833862304688,-74.0079345703125,-74.81651306152344,-76.735595703125,-75.84001159667969,-76.52566528320312,-76.00357055664062,-77.99726867675781,-76.17491149902344,-76.24234008789062,-76.28544616699219,-74.8570785522461,-76.98258972167969,-78.31529235839844,-76.21163177490234,-79.06576538085938,-81.90959930419922,-81.17560577392578,-80.03003692626953,-78.58822631835938,-78.42027282714844,-78.64234924316406,-75.667236328125,-74.79087829589844,-75.29877471923828,-77.85868072509766,-79.2473373413086,-81.38214111328125,-81.98797607421875,-82.15632629394531,-80.32315826416016,-82.14767456054688,-83.2671890258789,-84.11080932617188,-84.12858581542969,-84.48841857910156,-83.28189849853516,-81.89643096923828,-82.82837677001953,-80.0718765258789,-79.78565216064453,-77.92533874511719,-77.46918487548828,-77.81645965576172,-76.47554779052734,-76.66349029541016,-77.6574935913086,-79.68572235107422,-81.82076263427734,0.0
-74.07833862304688,-74.0079345703125,-74.81651306152344,-76.735595703125,-75.84001159667969,-76.52566528320312,-76.00357055664062,-77.99726867675781,-76.17491149902344,-76.24234008789062,-76.28544616699219,-74.8570785522461,-76.98258972167969,-78.31529235839844,-76.21163177490234,-79.06576538085938,-81.90959930419922,-81.17560577392578,-80.03003692626953,-78.58822631835938,-78.42027282714844,-78.64234924316406,-75.667236328125,-74.79087829589844,-75.29877471923828,-77.85868072509766,-79.2473373413086,-81.38214111328125,-81.98797607421875,-82.15632629394531,-80.32315826416016,-82.14767456054688,-83.2671890258789,-84.11080932617188,-84.12858581542969,-84.48841857910156,-83.28189849853516,-81.89643096923828,-82.82837677001953,-80.0718765258789,-79.78565216064453,-77.92533874511719,-77.46918487548828,-77.81645965576172,-76.47554779052734,-76.66349029541016,-77.6574935913086,-79.68572235107422,-81.82076263427734,-82.74053955078125,1.0
-74.0079345703125,-74.81651306152344,-76.735595703125,-75.84001159667969,-76.52566528320312,-76.00357055664062,-77.99726867675781,-76.17491149902344,-76.24234008789062,-76.28544616699219,-74.8570785522461,-76.98258972167969,-78.31529235839844,-76.21163177490234,-79.06576538085938,-81.90959930419922,-81.17560577392578,-80.03003692626953,-78.58822631835938,-78.42027282714844,-78.64234924316406,-75.667236328125,-74.79087829589844,-75.29877471923828,-77.85868072509766,-79.2473373413086,-81.38214111328125,-81.98797607421875,-82.15632629394531,-80.32315826416016,-82.14767456054688,-83.2671890258789,-84.11080932617188,-84.12858581542969,-84.48841857910156,-83.28189849853516,-81.89643096923828,-82.82837677001953,-80.0718765258789,-79.78565216064453,-77.92533874511719,-77.46918487548828,-77.81645965576172,-76.47554779052734,-76.66349029541016,-77.6574935913086,-79.68572235107422,-81.82076263427734,-82.74053955078125,-83.65432739257812,1.0
-74.81651306152344,-76.735595703125,-75.84001159667969,-76.52566528320312,-76.00357055664062,-77.99726867675781,-76.17491149902344,-76.24234008789062,-76.28544616699219,-74.8570785522461,-76.98258972167969,-78.31529235839844,-76.21163177490234,-79.06576538085938,-81.90959930419922,-81.17560577392578,-80.03003692626953,-78.58822631835938,-78.42027282714844,-78.64234924316406,-75.667236328125,-74.79087829589844,-75.29877471923828,-77.85868072509766,-79.2473373413086,-81.38214111328125,-81.98797607421875,-82.15632629394531,-80.32315826416016,-82.14767456054688,-83.2671890258789,-84.11080932617188,-84.12858581542969,-84.48841857910156,-83.28189849853516,-81.89643096923828,-82.82837677001953,-80.0718765258789,-79.78565216064453,-77.92533874511719,-77.46918487548828,-77.81645965576172,-76.47554779052734,-76.66349029541016,-77.6574935913086,-79.68572235107422,-81.82076263427734,-82.74053955078125,-83.65432739257812,-84.52823638916016,1.0
-76.735595703125,-75.84001159667969,-76.52566528320312,-76.00357055664062,-77.99726867675781,-76.17491149902344,-76.24234008789062,-76.28544616699219,-74.8570785522461,-76.98258972167969,-78.31529235839844,-76.21163177490234,-79.06576538085938,-81.90959930419922,-81.17560577392578,-80.03003692626953,-78.58822631835938,-78.42027282714844,-78.64234924316406,-75.667236328125,-74.79087829589844,-75.29877471923828,-77.85868072509766,-79.2473373413086,-81.38214111328125,-81.98797607421875,-82.15632629394531,-80.32315826416016,-82.14767456054688,-83.2671890258789,-84.11080932617188,-84.12858581542969,-84.48841857910156,-83.28189849853516,-81.89643096923828,-82.82837677001953,-80.0718765258789,-79.78565216064453,-77.92533874511719,-77.46918487548828,-77.81645965576172,-76.47554779052734,-76.66349029541016,-77.6574935913086,-79.68572235107422,-81.82076263427734,-82.74053955078125,-83.65432739257812,-84.52823638916016,-84.55240631103516,0.0
-75.84001159667969,-76.52566528320312,-76.00357055664062,-77.99726867675781,-76.17491149902344,-76.24234008789062,-76.28544616699219,-74.8570785522461,-76.98258972167969,-78.31529235839844,-76.21163177490234,-79.06576538085938,-81.90959930419922,-81.17560577392578,-80.03003692626953,-78.58822631835938,-78.42027282714844,-78.64234924316406,-75.667236328125,-74.79087829589844,-75.29877471923828,-77.85868072509766,-79.2473373413086,-81.38214111328125,-81.98797607421875,-82.15632629394531,-80.32315826416016,-82.14767456054688,-83.2671890258789,-84.11080932617188,-84.12858581542969,-84.48841857910156,-83.28189849853516,-81.89643096923828,-82.82837677001953,-80.0718765258789,-79.78565216064453,-77.92533874511719,-77.46918487548828,-77.81645965576172,-76.47554779052734,-76.66349029541016,-77.6574935913086,-79.68572235107422,-81.82076263427734,-82.74053955078125,-83.65432739257812,-84.52823638916016,-84.55240631103516,-84.11944580078125,0.0
-76.52566528320312,-76.00357055664062,-77.99726867675781,-76.17491149902344,-76.24234008789062,-76.28544616699219,-74.8570785522461,-76.98258972167969,-78.31529235839844,-76.21163177490234,-79.06576538085938,-81.90959930419922,-81.17560577392578,-80.03003692626953,-78.58822631835938,-78.42027282714844,-78.64234924316406,-75.667236328125,-74.79087829589844,-75.29877471923828,-77.85868072509766,-79.2473373413086,-81.38214111328125,-81.98797607421875,-82.15632629394531,-80.32315826416016,-82.14767456054688,-83.2671890258789,-84.11080932617188,-84.12858581542969,-84.48841857910156,-83.28189849853516,-81.89643096923828,-82.82837677001953,-80.0718765258789,-79.78565216064453,-77.92533874511719,-77.46918487548828,-77.81645965576172,-76.47554779052734,-76.66349029541016,-77.6574935913086,-79.68572235107422,-81.82076263427734,-82.74053955078125,-83.65432739257812,-84.52823638916016,-84.55240631103516,-84.11944580078125,-82.09241485595703,0.0
-76.00357055664062,-77.99726867675781,-76.17491149902344,-76.24234008789062,-76.28544616699219,-74.8570785522461,-76.98258972167969,-78.31529235839844,-76.21163177490234,-79.06576538085938,-81.90959930419922,-81.17560577392578,-80.03003692626953,-78.58822631835938,-78.42027282714844,-78.64234924316406,-75.667236328125,-74.79087829589844,-75.29877471923828,-77.85868072509766,-79.2473373413086,-81.38214111328125,-81.98797607421875,-82.15632629394531,-80.32315826416016,-82.14767456054688,-83.2671890258789,-84.11080932617188,-84.12858581542969,-84.48841857910156,-83.28189849853516,-81.89643096923828,-82.82837677001953,-80.0718765258789,-79.78565216064453,-77.92533874511719,-77.46918487548828,-77.81645965576172,-76.47554779052734,-76.66349029541016,-77.6574935913086,-79.68572235107422,-81.82076263427734,-82.74053955078125,-83.65432739257812,-84.52823638916016,-84.55240631103516,-84.11944580078125,-82.09241485595703,-82.31718444824219,0.0
-77.99726867675781,-76.17491149902344,-76.24234008789062,-76.28544616699219,-74.8570785522461,-76.98258972167969,-78.31529235839844,-76.21163177490234,-79.06576538085938,-81.90959930419922,-81.17560577392578,-80.03003692626953,-78.58822631835938,-78.42027282714844,-78.64234924316406,-75.667236328125,-74.79087829589844,-75.29877471923828,-77.85868072509766,-79.2473373413086,-81.38214111328125,-81.98797607421875,-82.15632629394531,-80.32315826416016,-82.14767456054688,-83.2671890258789,-84.11080932617188,-84.12858581542969,-84.48841857910156,-83.28189849853516,-81.89643096923828,-82.82837677001953,-80.0718765258789,-79.78565216064453,-77.92533874511719,-77.46918487548828,-77.81645965576172,-76.47554779052734,-76.66349029541016,-77.6574935913086,-79.68572235107422,-81.82076263427734,-82.74053955078125,-83.65432739257812,-84.52823638916016,-84.55240631103516,-84.11944580078125,-82.09241485595703,-82.31718444824219,-82.26725006103516,0.0
-76.17491149902344,-76.24234008789062,-76.28544616699219,-74.8570785522461,-76.98258972167969,-78.31529235839844,-76.21163177490234,-79.06576538085938,-81.90959930419922,-81.17560577392578,-80.03003692626953,-78.58822631835938,-78.42027282714844,-78.64234924316406,-75.667236328125,-74.79087829589844,-75.29877471923828,-77.85868072509766,-79.2473373413086,-81.38214111328125,-81.98797607421875,-82.15632629394531,-80.32315826416016,-82.14767456054688,-83.2671890258789,-84.11080932617188,-84.12858581542969,-84.48841857910156,-83.28189849853516,-81.89643096923828,-82.82837677001953,-80.0718765258789,-79.78565216064453,-77.92533874511719,-77.46918487548828,-77.81645965576172,-76.47554779052734,-76.66349029541016,-77.6574935913086,-79.68572235107422,-81.82076263427734,-82.74053955078125,-83.65432739257812,-84.52823638916016,-84.55240631103516,-84.11944580078125,-82.09241485595703,-82.31718444824219,-82.26725006103516,-82.42119598388672,0.0
-76.24234008789062,-76.28544616699219,-74.8570785522461,-76.98258972167969,-78.31529235839844,-76.21163177490234,-79.06576538085938,-81.90959930419922,-81.17560577392578,-80.03003692626953,-78.58822631835938,-78.42027282714844,-78.64234924316406,-75.667236328125,-74.79087829589844,-75.29877471923828,-77.85868072509766,-79.2473373413086,-81.38214111328125,-81.98797607421875,-82.15632629394531,-80.32315826416016,-82.14767456054688,-83.2671890258789,-84.11080932617188,-84.12858581542969,-84.48841857910156,-83.28189849853516,-81.89643096923828,-82.82837677001953,-80.0718765258789,-79.78565216064453,-77.92533874511719,-77.46918487548828,-77.81645965576172,-76.47554779052734,-76.66349029541016,-77.6574935913086,-79.68572235107422,-81.82076263427734,-82.74053955078125,-83.65432739257812,-84.52823638916016,-84.55240631103516,-84.11944580078125,-82.09241485595703,-82.31718444824219,-82.26725006103516,-82.42119598388672,-81.10589599609375,0.0
-76.28544616699219,-74.8570785522461,-76.98258972167969,-78.31529235839844,-76.21163177490234,-79.06576538085938,-81.90959930419922,-81.17560577392578,-80.03003692626953,-78.58822631835938,-78.42027282714844,-78.64234924316406,-75.667236328125,-74.79087829589844,-75.29877471923828,-77.85868072509766,-79.2473373413086,-81.38214111328125,-81.98797607421875,-82.15632629394531,-80.32315826416016,-82.14767456054688,-83.2671890258789,-84.11080932617188,-84.12858581542969,-84.48841857910156,-83.28189849853516,-81.89643096923828,-82.82837677001953,-80.0718765258789,-79.78565216064453,-77.92533874511719,-77.46918487548828,-77.81645965576172,-76.47554779052734,-76.66349029541016,-77.6574935913086,-79.68572235107422,-81.82076263427734,-82.74053955078125,-83.65432739257812,-84.52823638916016,-84.55240631103516,-84.11944580078125,-82.09241485595703,-82.31718444824219,-82.26725006103516,-82.42119598388672,-81.10589599609375,-81.83794403076172,0.0
-74.8570785522461,-76.98258972167969,-78.31529235839844,-76.21163177490234,-79.06576538085938,-81.90959930419922,-81.17560577392578,-80.03003692626953,-78.58822631835938,-78.42027282714844,-78.64234924316406,-75.667236328125,-74.79087829589844,-75.29877471923828,-77.85868072509766,-79.2473373413086,-81.38214111328125,-81.98797607421875,-82.15632629394531,-80.32315826416016,-82.14767456054688,-83.2671890258789,-84.11080932617188,-84.12858581542969,-84.48841857910156,-83.28189849853516,-81.89643096923828,-82.82837677001953,-80.0718765258789,-79.78565216064453,-77.92533874511719,-77.46918487548828,-77.81645965576172,-76.47554779052734,-76.66349029541016,-77.6574935913086,-79.68572235107422,-81.82076263427734,-82.74053955078125,-83.65432739257812,-84.52823638916016,-84.55240631103516,-84.11944580078125,-82.09241485595703,-82.31718444824219,-82.26725006103516,-82.42119598388672,-81.10589599609375,-81.83794403076172,-82.45487976074219,1.0
-76.98258972167969,-78.31529235839844,-76.21163177490234,-79.06576538085938,-81.90959930419922,-81.17560577392578,-80.03003692626953,-78.58822631835938,-78.42027282714844,-78.64234924316406,-75.667236328125,-74.79087829589844,-75.29877471923828,-77.85868072509766,-79.2473373413086,-81.38214111328125,-81.98797607421875,-82.15632629394531,-80.32315826416016,-82.14767456054688,-83.2671890258789,-84.11080932617188,-84.12858581542969,-84.48841857910156,-83.28189849853516,-81.89643096923828,-82.82837677001953,-80.0718765258789,-79.78565216064453,-77.92533874511719,-77.46918487548828,-77.81645965576172,-76.47554779052734,-76.66349029541016,-77.6574935913086,-79.68572235107422,-81.82076263427734,-82.74053955078125,-83.65432739257812,-84.52823638916016,-84.55240631103516,-84.11944580078125,-82.09241485595703,-82.31718444824219,-82.26725006103516,-82.42119598388672,-81.10589599609375,-81.83794403076172,-82.45487976074219,-82.90727996826172,1.0
-78.31529235839844,-76.21163177490234,-79.06576538085938,-81.90959930419922,-81.17560577392578,-80.03003692626953,-78.58822631835938,-78.42027282714844,-78.64234924316406,-75.667236328125,-74.79087829589844,-75.29877471923828,-77.85868072509766,-79.2473373413086,-81.38214111328125,-81.98797607421875,-82.15632629394531,-80.32315826416016,-82.14767456054688,-83.2671890258789,-84.11080932617188,-84.12858581542969,-84.48841857910156,-83.28189849853516,-81.89643096923828,-82.82837677001953,-80.0718765258789,-79.78565216064453,-77.92533874511719,-77.46918487548828,-77.81645965576172,-76.47554779052734,-76.66349029541016,-77.6574935913086,-79.68572235107422,-81.82076263427734,-82.74053955078125,-83.65432739257812,-84.52823638916016,-84.55240631103516,-84.11944580078125,-82.09241485595703,-82.31718444824219,-82.26725006103516,-82.42119598388672,-81.10589599609375,-81.83794403076172,-82.45487976074219,-82.90727996826172,-81.45079803466797,0.0
-76.21163177490234,-79.06576538085938,-81.90959930419922,-81.17560577392578,-80.03003692626953,-78.58822631835938,-78.42027282714844,-78.64234924316406,-75.667236328125,-74.79087829589844,-75.29877471923828,-77.85868072509766,-79.2473373413086,-81.38214111328125,-81.98797607421875,-82.15632629394531,-80.32315826416016,-82.14767456054688,-83.2671890258789,-84.11080932617188,-84.12858581542969,-84.48841857910156,-83.28189849853516,-81.89643096923828,-82.82837677001953,-80.0718765258789,-79.78565216064453,-77.92533874511719,-77.46918487548828,-77.81645965576172,-76.47554779052734,-76.66349029541016,-77.6574935913086,-79.68572235107422,-81.82076263427734,-82.74053955078125,-83.65432739257812,-84.52823638916016,-84.55240631103516,-84.11944580078125,-82.09241485595703,-82.31718444824219,-82.26725006103516,-82.42119598388672,-81.10589599609375,-81.83794403076172,-82.45487976074219,-82.90727996826172,-81.45079803466797,-80.64518737792969,0.0
-79.06576538085938,-81.90959930419922,-81.17560577392578,-80.03003692626953,-78.58822631835938,-78.42027282714844,-78.64234924316406,-75.667236328125,-74.79087829589844,-75.29877471923828,-77.85868072509766,-79.2473373413086,-81.38214111328125,-81.98797607421875,-82.15632629394531,-80.32315826416016,-82.14767456054688,-83.2671890258789,-84.11080932617188,-84.12858581542969,-84.48841857910156,-83.28189849853516,-81.89643096923828,-82.82837677001953,-80.0718765258789,-79.78565216064453,-77.92533874511719,-77.46918487548828,-77.81645965576172,-76.47554779052734,-76.66349029541016,-77.6574935913086,-79.68572235107422,-81.82076263427734,-82.74053955078125,-83.65432739257812,-84.52823638916016,-84.55240631103516,-84.11944580078125,-82.09241485595703,-82.31718444824219,-82.26725006103516,-82.42119598388672,-81.10589599609375,-81.83794403076172,-82.45487976074219,-82.90727996826172,-81.45079803466797,-80.64518737792969,-81.88993072509766,0.0
-81.90959930419922,-81.17560577392578,-80.03003692626953,-78.58822631835938,-78.42027282714844,-78.64234924316406,-75.667236328125,-74.79087829589844,-75.29877471923828,-77.85868072509766,-79.2473373413086,-81.38214111328125,-81.98797607421875,-82.15632629394531,-80.32315826416016,-82.14767456054688,-83.2671890258789,-84.11080932617188,-84.12858581542969,-84.48841857910156,-83.28189849853516,-81.89643096923828,-82.82837677001953,-80.0718765258789,-79.78565216064453,-77.92533874511719,-77.46918487548828,-77.81645965576172,-76.47554779052734,-76.66349029541016,-77.6574935913086,-79.68572235107422,-81.82076263427734,-82.74053955078125,-83.65432739257812,-84.52823638916016,-84.55240631103516,-84.11944580078125,-82.09241485595703,-82.31718444824219,-82.26725006103516,-82.42119598388672,-81.10589599609375,-81.83794403076172,-82.45487976074219,-82.90727996826172,-81.45079803466797,-80.64518737792969,-81.88993072509766,-82.50260162353516,0.0
-81.17560577392578,-80.03003692626953,-78.58822631835938,-78.42027282714844,-78.64234924316406,-75.667236328125,-74.79087829589844,-75.29877471923828,-77.85868072509766,-79.2473373413086,-81.38214111328125,-81.98797607421875,-82.15632629394531,-80.32315826416016,-82.14767456054688,-83.2671890258789,-84.11080932617188,-84.12858581542969,-84.48841857910156,-83.28189849853516,-81.89643096923828,-82.82837677001953,-80.0718765258789,-79.78565216064453,-77.92533874511719,-77.46918487548828,-77.81645965576172,-76.47554779052734,-76.66349029541016,-77.6574935913086,-79.68572235107422,-81.82076263427734,-82.74053955078125,-83.65432739257812,-84.52823638916016,-84.55240631103516,-84.11944580078125,-82.09241485595703,-82.31718444824219,-82.26725006103516,-82.42119598388672,-81.10589599609375,-81.83794403076172,-82.45487976074219,-82.90727996826172,-81.45079803466797,-80.64518737792969,-81.88993072509766,-82.50260162353516,-83.07762145996094,0.0
-80.03003692626953,-78.58822631835938,-78.42027282714844,-78.64234924316406,-75.667236328125,-74.79087829589844,-75.29877471923828,-77.85868072509766,-79.2473373413086,-81.38214111328125,-81.98797607421875,-82.15632629394531,-80.32315826416016,-82.14767456054688,-83.2671890258789,-84.11080932617188,-84.12858581542969,-84.48841857910156,-83.28189849853516,-81.89643096923828,-82.82837677001953,-80.0718765258789,-79.78565216064453,-77.92533874511719,-77.46918487548828,-77.81645965576172,-76.47554779052734,-76.66349029541016,-77.6574935913086,-79.68572235107422,-81.82076263427734,-82.74053955078125,-83.65432739257812,-84.52823638916016,-84.55240631103516,-84.11944580078125,-82.09241485595703,-82.31718444824219,-82.26725006103516,-82.42119598388672,-81.10589599609375,-81.83794403076172,-82.45487976074219,-82.90727996826172,-81.45079803466797,-80.64518737792969,-81.88993072509766,-82.50260162353516,-83.07762145996094,-83.0286865234375,0.0
-78.58822631835938,-78.42027282714844,-78.64234924316406,-75.667236328125,-74.79087829589844,-75.29877471923828,-77.85868072509766,-79.2473373413086,-81.38214111328125,-81.98797607421875,-82.15632629394531,-80.32315826416016,-82.14767456054688,-83.2671890258789,-84.11080932617188,-84.12858581542969,-84.48841857910156,-83.28189849853516,-81.89643096923828,-82.82837677001953,-80.0718765258789,-79.78565216064453,-77.92533874511719,-77.46918487548828,-77.81645965576172,-76.47554779052734,-76.66349029541016,-77.6574935913086,-79.68572235107422,-81.82076263427734,-82.74053955078125,-83.65432739257812,-84.52823638916016,-84.55240631103516,-84.11944580078125,-82.09241485595703,-82.31718444824219,-82.26725006103516,-82.42119598388672,-81.10589599609375,-81.83794403076172,-82.45487976074219,-82.90727996826172,-81.45079803466797,-80.64518737792969,-81.88993072509766,-82.50260162353516,-83.07762145996094,-83.0286865234375,-80.5703353881836,0.0
-78.42027282714844,-78.64234924316406,-75.667236328125,-74.79087829589844,-75.29877471923828,-77.85868072509766,-79.2473373413086,-81.38214111328125,-81.98797607421875,-82.15632629394531,-80.32315826416016,-82.14767456054688,-83.2671890258789,-84.11080932617188,-84.12858581542969,-84.48841857910156,-83.28189849853516,-81.89643096923828,-82.82837677001953,-80.0718765258789,-79.78565216064453,-77.92533874511719,-77.46918487548828,-77.81645965576172,-76.47554779052734,-76.66349029541016,-77.6574935913086,-79.68572235107422,-81.82076263427734,-82.74053955078125,-83.65432739257812,-84.52823638916016,-84.55240631103516,-84.11944580078125,-82.09241485595703,-82.31718444824219,-82.26725006103516,-82.42119598388672,-81.10589599609375,-81.83794403076172,-82.45487976074219,-82.90727996826172,-81.45079803466797,-80.64518737792969,-81.88993072509766,-82.50260162353516,-83.07762145996094,-83.0286865234375,-80.5703353881836,-79.6722183227539,0.0
-78.64234924316406,-75.667236328125,-74.79087829589844,-75.29877471923828,-77.85868072509766,-79.2473373413086,-81.38214111328125,-81.98797607421875,-82.15632629394531,-80.32315826416016,-82.14767456054688,-83.2671890258789,-84.11080932617188,-84.12858581542969,-84.48841857910156,-83.28189849853516,-81.89643096923828,-82.82837677001953,-80.0718765258789,-79.78565216064453,-77.92533874511719,-77.46918487548828,-77.81645965576172,-76.47554779052734,-76.66349029541016,-77.6574935913086,-79.68572235107422,-81.82076263427734,-82.74053955078125,-83.65432739257812,-84.52823638916016,-84.55240631103516,-84.11944580078125,-82.09241485595703,-82.31718444824219,-82.26725006103516,-82.42119598388672,-81.10589599609375,-81.83794403076172,-82.45487976074219,-82.90727996826172,-81.45079803466797,-80.64518737792969,-81.88993072509766,-82.50260162353516,-83.07762145996094,-83.0286865234375,-80.5703353881836,-79.6722183227539,-79.63805389404297,0.0
-75.667236328125,-74.79087829589844,-75.29877471923828,-77.85868072509766,-79.2473373413086,-81.38214111328125,-81.98797607421875,-82.15632629394531,-80.32315826416016,-82.14767456054688,-83.2671890258789,-84.11080932617188,-84.12858581542969,-84.48841857910156,-83.28189849853516,-81.89643096923828,-82.82837677001953,-80.0718765258789,-79.78565216064453,-77.92533874511719,-77.46918487548828,-77.81645965576172,-76.47554779052734,-76.66349029541016,-77.6574935913086,-79.68572235107422,-81.82076263427734,-82.74053955078125,-83.65432739257812,-84.52823638916016,-84.55240631103516,-84.11944580078125,-82.09241485595703,-82.31718444824219,-82.26725006103516,-82.42119598388672,-81.10589599609375,-81.83794403076172,-82.45487976074219,-82.90727996826172,-81.45079803466797,-80.64518737792969,-81.88993072509766,-82.50260162353516,-83.07762145996094,-83.0286865234375,-80.5703353881836,-79.6722183227539,-79.63805389404297,-79.28878021240234,0.0
-74.79087829589844,-75.29877471923828,-77.85868072509766,-79.2473373413086,-81.38214111328125,-81.98797607421875,-82.15632629394531,-80.32315826416016,-82.14767456054688,-83.2671890258789,-84.11080932617188,-84.12858581542969,-84.48841857910156,-83.28189849853516,-81.89643096923828,-82.82837677001953,-80.0718765258789,-79.78565216064453,-77.92533874511719,-77.46918487548828,-77.81645965576172,-76.47554779052734,-76.66349029541016,-77.6574935913086,-79.68572235107422,-81.82076263427734,-82.74053955078125,-83.65432739257812,-84.52823638916016,-84.55240631103516,-84.11944580078125,-82.09241485595703,-82.31718444824219,-82.26725006103516,-82.42119598388672,-81.10589599609375,-81.83794403076172,-82.45487976074219,-82.90727996826172,-81.45079803466797,-80.64518737792969,-81.88993072509766,-82.50260162353516,-83.07762145996094,-83.0286865234375,-80.5703353881836,-79.6722183227539,-79.63805389404297,-79.28878021240234,-79.16297149658203,0.0
-75.29877471923828,-77.85868072509766,-79.2473373413086,-81.38214111328125,-81.98797607421875,-82.15632629394531,-80.32315826416016,-82.14767456054688,-83.2671890258789,-84.11080932617188,-84.12858581542969,-84.48841857910156,-83.28189849853516,-81.89643096923828,-82.82837677001953,-80.0718765258789,-79.78565216064453,-77.92533874511719,-77.46918487548828,-77.81645965576172,-76.47554779052734,-76.66349029541016,-77.6574935913086,-79.68572235107422,-81.82076263427734,-82.74053955078125,-83.65432739257812,-84.52823638916016,-84.55240631103516,-84.11944580078125,-82.09241485595703,-82.31718444824219,-82.26725006103516,-82.42119598388672,-81.10589599609375,-81.83794403076172,-82.45487976074219,-82.90727996826172,-81.45079803466797,-80.64518737792969,-81.88993072509766,-82.50260162353516,-83.07762145996094,-83.0286865234375,-80.5703353881836,-79.6722183227539,-79.63805389404297,-79.28878021240234,-79.16297149658203,-79.02477264404297,0.0
-77.85868072509766,-79.2473373413086,-81.38214111328125,-81.98797607421875,-82.15632629394531,-80.32315826416016,-82.14767456054688,-83.2671890258789,-84.11080932617188,-84.12858581542969,-84.48841857910156,-83.28189849853516,-81.89643096923828,-82.82837677001953,-80.0718765258789,-79.78565216064453,-77.92533874511719,-77.46918487548828,-77.81645965576172,-76.47554779052734,-76.66349029541016,-77.6574935913086,-79.68572235107422,-81.82076263427734,-82.74053955078125,-83.65432739257812,-84.52823638916016,-84.55240631103516,-84.11944580078125,-82.09241485595703,-82.31718444824219,-82.26725006103516,-82.42119598388672,-81.10589599609375,-81.83794403076172,-82.45487976074219,-82.90727996826172,-81.45079803466797,-80.64518737792969,-81.88993072509766,-82.50260162353516,-83.07762145996094,-83.0286865234375,-80.5703353881836,-79.6722183227539,-79.63805389404297,-79.28878021240234,-79.16297149658203,-79.02477264404297,-78.81021118164062,0.0
-79.2473373413086,-81.38214111328125,-81.98797607421875,-82.15632629394531,-80.32315826416016,-82.14767456054688,-83.2671890258789,-84.11080932617188,-84.12858581542969,-84.48841857910156,-83.28189849853516,-81.89643096923828,-82.82837677001953,-80.0718765258789,-79.78565216064453,-77.92533874511719,-77.46918487548828,-77.81645965576172,-76.47554779052734,-76.66349029541016,-77.6574935913086,-79.68572235107422,-81.82076263427734,-82.74053955078125,-83.65432739257812,-84.52823638916016,-84.55240631103516,-84.11944580078125,-82.09241485595703,-82.31718444824219,-82.26725006103516,-82.42119598388672,-81.10589599609375,-81.83794403076172,-82.45487976074219,-82.90727996826172,-81.45079803466797,-80.64518737792969,-81.88993072509766,-82.50260162353516,-83.07762145996094,-83.0286865234375,-80.5703353881836,-79.6722183227539,-79.63805389404297,-79.28878021240234,-79.16297149658203,-79.02477264404297,-78.81021118164062,-80.2345199584961,0.0
-81.38214111328125,-81.98797607421875,-82.15632629394531,-80.32315826416016,-82.14767456054688,-83.2671890258789,-84.11080932617188,-84.12858581542969,-84.48841857910156,-83.28189849853516,-81.89643096923828,-82.82837677001953,-80.0718765258789,-79.78565216064453,-77.92533874511719,-77.46918487548828,-77.81645965576172,-76.47554779052734,-76.66349029541016,-77.6574935913086,-79.68572235107422,-81.82076263427734,-82.74053955078125,-83.65432739257812,-84.52823638916016,-84.55240631103516,-84.11944580078125,-82.09241485595703,-82.31718444824219,-82.26725006103516,-82.42119598388672,-81.10589599609375,-81.83794403076172,-82.45487976074219,-82.90727996826172,-81.45079803466797,-80.64518737792969,-81.88993072509766,-82.50260162353516,-83.07762145996094,-83.0286865234375,-80.5703353881836,-79.6722183227539,-79.63805389404297,-79.28878021240234,-79.16297149658203,-79.02477264404297,-78.81021118164062,-80.2345199584961,-79.32283020019531,0.0
-81.98797607421875,-82.15632629394531,-80.32315826416016,-82.14767456054688,-83.2671890258789,-84.11080932617188,-84.12858581542969,-84.48841857910156,-83.28189849853516,-81.89643096923828,-82.82837677001953,-80.0718765258789,-79.78565216064453,-77.92533874511719,-77.46918487548828,-77.81645965576172,-76.47554779052734,-76.66349029541016,-77.6574935913086,-79.68572235107422,-81.82076263427734,-82.74053955078125,-83.65432739257812,-84.52823638916016,-84.55240631103516,-84.11944580078125,-82.09241485595703,-82.31718444824219,-82.26725006103516,-82.42119598388672,-81.10589599609375,-81.83794403076172,-82.45487976074219,-82.90727996826172,-81.45079803466797,-80.64518737792969,-81.88993072509766,-82.50260162353516,-83.07762145996094,-83.0286865234375,-80.5703353881836,-79.6722183227539,-79.63805389404297,-79.28878021240234,-79.16297149658203,-79.02477264404297,-78.81021118164062,-80.2345199584961,-79.32283020019531,-78.90095520019531,0.0
-82.15632629394531,-80.32315826416016,-82.14767456054688,-83.2671890258789,-84.11080932617188,-84.12858581542969,-84.48841857910156,-83.28189849853516,-81.89643096923828,-82.82837677001953,-80.0718765258789,-79.78565216064453,-77.92533874511719,-77.46918487548828,-77.81645965576172,-76.47554779052734,-76.66349029541016,-77.6574935913086,-79.68572235107422,-81.82076263427734,-82.74053955078125,-83.65432739257812,-84.52823638916016,-84.55240631103516,-84.11944580078125,-82.09241485595703,-82.31718444824219,-82.26725006103516,-82.42119598388672,-81.10589599609375,-81.83794403076172,-82.45487976074219,-82.90727996826172,-81.45079803466797,-80.64518737792969,-81.88993072509766,-82.50260162353516,-83.07762145996094,-83.0286865234375,-80.5703353881836,-79.6722183227539,-79.63805389404297,-79.28878021240234,-79.16297149658203,-79.02477264404297,-78.81021118164062,-80.2345199584961,-79.32283020019531,-78.90095520019531,-78.9605484008789,0.0
-80.32315826416016,-82.14767456054688,-83.2671890258789,-84.11080932617188,-84.12858581542969,-84.48841857910156,-83.28189849853516,-81.89643096923828,-82.82837677001953,-80.0718765258789,-79.78565216064453,-77.92533874511719,-77.46918487548828,-77.81645965576172,-76.47554779052734,-76.66349029541016,-77.6574935913086,-79.68572235107422,-81.82076263427734,-82.74053955078125,-83.65432739257812,-84.52823638916016,-84.55240631103516,-84.11944580078125,-82.09241485595703,-82.31718444824219,-82.26725006103516,-82.42119598388672,-81.10589599609375,-81.83794403076172,-82.45487976074219,-82.90727996826172,-81.45079803466797,-80.64518737792969,-81.88993072509766,-82.50260162353516,-83.07762145996094,-83.0286865234375,-80.5703353881836,-79.6722183227539,-79.63805389404297,-79.28878021240234,-79.16297149658203,-79.02477264404297,-78.81021118164062,-80.2345199584961,-79.32283020019531,-78.90095520019531,-78.9605484008789,-78.233154296875,0.0
-82.14767456054688,-83.2671890258789,-84.11080932617188,-84.12858581542969,-84.48841857910156,-83.28189849853516,-81.89643096923828,-82.82837677001953,-80.0718765258789,-79.78565216064453,-77.92533874511719,-77.46918487548828,-77.81645965576172,-76.47554779052734,-76.66349029541016,-77.6574935913086,-79.68572235107422,-81.82076263427734,-82.74053955078125,-83.65432739257812,-84.52823638916016,-84.55240631103516,-84.11944580078125,-82.09241485595703,-82.31718444824219,-82.26725006103516,-82.42119598388672,-81.10589599609375,-81.83794403076172,-82.45487976074219,-82.90727996826172,-81.45079803466797,-80.64518737792969,-81.88993072509766,-82.50260162353516,-83.07762145996094,-83.0286865234375,-80.5703353881836,-79.6722183227539,-79.63805389404297,-79.28878021240234,-79.16297149658203,-79.02477264404297,-78.81021118164062,-80.2345199584961,-79.32283020019531,-78.90095520019531,-78.9605484008789,-78.233154296875,-78.07522583007812,0.0
-83.2671890258789,-84.11080932617188,-84.12858581542969,-84.48841857910156,-83.28189849853516,-81.89643096923828,-82.82837677001953,-80.0718765258789,-79.78565216064453,-77.92533874511719,-77.46918487548828,-77.81645965576172,-76.47554779052734,-76.66349029541016,-77.6574935913086,-79.68572235107422,-81.82076263427734,-82.74053955078125,-83.65432739257812,-84.52823638916016,-84.55240631103516,-84.11944580078125,-82.09241485595703,-82.31718444824219,-82.26725006103516,-82.42119598388672,-81.10589599609375,-81.83794403076172,-82.45487976074219,-82.90727996826172,-81.45079803466797,-80.64518737792969,-81.88993072509766,-82.50260162353516,-83.07762145996094,-83.0286865234375,-80.5703353881836,-79.6722183227539,-79.63805389404297,-79.28878021240234,-79.16297149658203,-79.02477264404297,-78.81021118164062,-80.2345199584961,-79.32283020019531,-78.90095520019531,-78.9605484008789,-78.233154296875,-78.07522583007812,-78.29230499267578,0.0
-84.11080932617188,-84.12858581542969,-84.48841857910156,-83.28189849853516,-81.89643096923828,-82.82837677001953,-80.0718765258789,-79.78565216064453,-77.92533874511719,-77.46918487548828,-77.81645965576172,-76.47554779052734,-76.66349029541016,-77.6574935913086,-79.68572235107422,-81.82076263427734,-82.74053955078125,-83.65432739257812,-84.52823638916016,-84.55240631103516,-84.11944580078125,-82.09241485595703,-82.31718444824219,-82.26725006103516,-82.42119598388672,-81.10589599609375,-81.83794403076172,-82.45487976074219,-82.90727996826172,-81.45079803466797,-80.64518737792969,-81.88993072509766,-82.50260162353516,-83.07762145996094,-83.0286865234375,-80.5703353881836,-79.6722183227539,-79.63805389404297,-79.28878021240234,-79.16297149658203,-79.02477264404297,-78.81021118164062,-80.2345199584961,-79.32283020019531,-78.90095520019531,-78.9605484008789,-78.233154296875,-78.07522583007812,-78.29230499267578,-78.13490295410156,0.0
-84.12858581542969,-84.48841857910156,-83.28189849853516,-81.89643096923828,-82.82837677001953,-80.0718765258789,-79.78565216064453,-77.92533874511719,-77.46918487548828,-77.81645965576172,-76.47554779052734,-76.66349029541016,-77.6574935913086,-79.68572235107422,-81.82076263427734,-82.74053955078125,-83.65432739257812,-84.52823638916016,-84.55240631103516,-84.11944580078125,-82.09241485595703,-82.31718444824219,-82.26725006103516,-82.42119598388672,-81.10589599609375,-81.83794403076172,-82.45487976074219,-82.90727996826172,-81.45079803466797,-80.64518737792969,-81.88993072509766,-82.50260162353516,-83.07762145996094,-83.0286865234375,-80.5703353881836,-79.6722183227539,-79.63805389404297,-79.28878021240234,-79.16297149658203,-79.02477264404297,-78.81021118164062,-80.2345199584961,-79.32283020019531,-78.90095520019531,-78.9605484008789,-78.233154296875,-78.07522583007812,-78.29230499267578,-78.13490295410156,-80.03365325927734,0.0
-84.48841857910156,-83.28189849853516,-81.89643096923828,-82.82837677001953,-80.0718765258789,-79.78565216064453,-77.92533874511719,-77.46918487548828,-77.81645965576172,-76.47554779052734,-76.66349029541016,-77.6574935913086,-79.68572235107422,-81.82076263427734,-82.74053955078125,-83.65432739257812,-84.52823638916016,-84.55240631103516,-84.11944580078125,-82.09241485595703,-82.31718444824219,-82.26725006103516,-82.42119598388672,-81.10589599609375,-81.83794403076172,-82.45487976074219,-82.90727996826172,-81.45079803466797,-80.64518737792969,-81.88993072509766,-82.50260162353516,-83.07762145996094,-83.0286865234375,-80.5703353881836,-79.6722183227539,-79.63805389404297,-79.28878021240234,-79.16297149658203,-79.02477264404297,-78.81021118164062,-80.2345199584961,-79.32283020019531,-78.90095520019531,-78.9605484008789,-78.233154296875,-78.07522583007812,-78.29230499267578,-78.13490295410156,-80.03365325927734,-78.37118530273438,0.0
-83.28189849853516,-81.89643096923828,-82.82837677001953,-80.0718765258789,-79.78565216064453,-77.92533874511719,-77.46918487548828,-77.81645965576172,-76.47554779052734,-76.66349029541016,-77.6574935913086,-79.68572235107422,-81.82076263427734,-82.74053955078125,-83.65432739257812,-84.52823638916016,-84.55240631103516,-84.11944580078125,-82.09241485595703,-82.31718444824219,-82.26725006103516,-82.42119598388672,-81.10589599609375,-81.83794403076172,-82.45487976074219,-82.90727996826172,-81.45079803466797,-80.64518737792969,-81.88993072509766,-82.50260162353516,-83.07762145996094,-83.0286865234375,-80.5703353881836,-79.6722183227539,-79.63805389404297,-79.28878021240234,-79.16297149658203,-79.02477264404297,-78.81021118164062,-80.2345199584961,-79.32283020019531,-78.90095520019531,-78.9605484008789,-78.233154296875,-78.07522583007812,-78.29230499267578,-78.13490295410156,-80.03365325927734,-78.37118530273438,-77.99390411376953,0.0
-81.89643096923828,-82.82837677001953,-80.0718765258789,-79.78565216064453,-77.92533874511719,-77.46918487548828,-77.81645965576172,-76.47554779052734,-76.66349029541016,-77.6574935913086,-79.68572235107422,-81.82076263427734,-82.74053955078125,-83.65432739257812,-84.52823638916016,-84.55240631103516,-84.11944580078125,-82.09241485595703,-82.31718444824219,-82.26725006103516,-82.42119598388672,-81.10589599609375,-81.83794403076172,-82.45487976074219,-82.90727996826172,-81.45079803466797,-80.64518737792969,-81.88993072509766,-82.50260162353516,-83.07762145996094,-83.0286865234375,-80.5703353881836,-79.6722183227539,-79.63805389404297,-79.28878021240234,-79.16297149658203,-79.02477264404297,-78.81021118164062,-80.2345199584961,-79.32283020019531,-78.90095520019531,-78.9605484008789,-78.233154296875,-78.07522583007812,-78.29230499267578,-78.13490295410156,-80.03365325927734,-78.37118530273438,-77.99390411376953,-76.375244140625,0.0
-82.82837677001953,-80.0718765258789,-79.78565216064453,-77.92533874511719,-77.46918487548828,-77.81645965576172,-76.47554779052734,-76.66349029541016,-77.6574935913086,-79.68572235107422,-81.82076263427734,-82.74053955078125,-83.65432739257812,-84.52823638916016,-84.55240631103516,-84.11944580078125,-82.09241485595703,-82.31718444824219,-82.26725006103516,-82.42119598388672,-81.10589599609375,-81.83794403076172,-82.45487976074219,-82.90727996826172,-81.45079803466797,-80.64518737792969,-81.88993072509766,-82.50260162353516,-83.07762145996094,-83.0286865234375,-80.5703353881836,-79.6722183227539,-79.63805389404297,-79.28878021240234,-79.16297149658203,-79.02477264404297,-78.81021118164062,-80.2345199584961,-79.32283020019531,-78.90095520019531,-78.9605484008789,-78.233154296875,-78.07522583007812,-78.29230499267578,-78.13490295410156,-80.03365325927734,-78.37118530273438,-77.99390411376953,-76.375244140625,-75.56916809082031,0.0
-80.0718765258789,-79.78565216064453,-77.92533874511719,-77.46918487548828,-77.81645965576172,-76.47554779052734,-76.66349029541016,-77.6574935913086,-79.68572235107422,-81.82076263427734,-82.74053955078125,-83.65432739257812,-84.52823638916016,-84.55240631103516,-84.11944580078125,-82.09241485595703,-82.31718444824219,-82.26725006103516,-82.42119598388672,-81.10589599609375,-81.83794403076172,-82.45487976074219,-82.90727996826172,-81.45079803466797,-80.64518737792969,-81.88993072509766,-82.50260162353516,-83.07762145996094,-83.0286865234375,-80.5703353881836,-79.6722183227539,-79.63805389404297,-79.28878021240234,-79.16297149658203,-79.02477264404297,-78.81021118164062,-80.2345199584961,-79.32283020019531,-78.90095520019531,-78.9605484008789,-78.233154296875,-78.07522583007812,-78.29230499267578,-78.13490295410156,-80.03365325927734,-78.37118530273438,-77.99390411376953,-76.375244140625,-75.56916809082031,-75.83113098144531,0.0
-79.78565216064453,-77.92533874511719,-77.46918487548828,-77.81645965576172,-76.47554779052734,-76.66349029541016,-77.6574935913086,-79.68572235107422,-81.82076263427734,-82.74053955078125,-83.65432739257812,-84.52823638916016,-84.55240631103516,-84.11944580078125,-82.09241485595703,-82.31718444824219,-82.26725006103516,-82.42119598388672,-81.10589599609375,-81.83794403076172,-82.45487976074219,-82.90727996826172,-81.45079803466797,-80.64518737792969,-81.88993072509766,-82.50260162353516,-83.07762145996094,-83.0286865234375,-80.5703353881836,-79.6722183227539,-79.63805389404297,-79.28878021240234,-79.16297149658203,-79.02477264404297,-78.81021118164062,-80.2345199584961,-79.32283020019531,-78.90095520019531,-78.9605484008789,-78.233154296875,-78.07522583007812,-78.29230499267578,-78.13490295410156,-80.03365325927734,-78.37118530273438,-77.99390411376953,-76.375244140625,-75.56916809082031,-75.83113098144531,-76.10396575927734,0.0
-77.92533874511719,-77.46918487548828,-77.81645965576172,-76.47554779052734,-76.66349029541016,-77.6574935913086,-79.68572235107422,-81.82076263427734,-82.74053955078125,-83.65432739257812,-84.52823638916016,-84.55240631103516,-84.11944580078125,-82.09241485595703,-82.31718444824219,-82.26725006103516,-82.42119598388672,-81.10589599609375,-81.83794403076172,-82.45487976074219,-82.90727996826172,-81.45079803466797,-80.64518737792969,-81.88993072509766,-82.50260162353516,-83.07762145996094,-83.0286865234375,-80.5703353881836,-79.6722183227539,-79.63805389404297,-79.28878021240234,-79.16297149658203,-79.02477264404297,-78.81021118164062,-80.2345199584961,-79.32283020019531,-78.90095520019531,-78.9605484008789,-78.233154296875,-78.07522583007812,-78.29230499267578,-78.13490295410156,-80.03365325927734,-78.37118530273438,-77.99390411376953,-76.375244140625,-75.56916809082031,-75.83113098144531,-76.10396575927734,-74.52460479736328,0.0
-77.46918487548828,-77.81645965576172,-76.47554779052734,-76.66349029541016,-77.6574935913086,-79.68572235107422,-81.82076263427734,-82.74053955078125,-83.65432739257812,-84.52823638916016,-84.55240631103516,-84.11944580078125,-82.09241485595703,-82.31718444824219,-82.26725006103516,-82.42119598388672,-81.10589599609375,-81.83794403076172,-82.45487976074219,-82.90727996826172,-81.45079803466797,-80.64518737792969,-81.88993072509766,-82.50260162353516,-83.07762145996094,-83.0286865234375,-80.5703353881836,-79.6722183227539,-79.63805389404297,-79.28878021240234,-79.16297149658203,-79.02477264404297,-78.81021118164062,-80.2345199584961,-79.32283020019531,-78.90095520019531,-78.9605484008789,-78.233154296875,-78.07522583007812,-78.29230499267578,-78.13490295410156,-80.03365325927734,-78.37118530273438,-77.99390411376953,-76.375244140625,-75.56916809082031,-75.83113098144531,-76.10396575927734,-74.52460479736328,-75.17684936523438,0.0
-77.81645965576172,-76.47554779052734,-76.66349029541016,-77.6574935913086,-79.68572235107422,-81.82076263427734,-82.74053955078125,-83.65432739257812,-84.52823638916016,-84.55240631103516,-84.11944580078125,-82.09241485595703,-82.31718444824219,-82.26725006103516,-82.42119598388672,-81.10589599609375,-81.83794403076172,-82.45487976074219,-82.90727996826172,-81.45079803466797,-80.64518737792969,-81.88993072509766,-82.50260162353516,-83.07762145996094,-83.0286865234375,-80.5703353881836,-79.6722183227539,-79.63805389404297,-79.28878021240234,-79.16297149658203,-79.02477264404297,-78.81021118164062,-80.2345199584961,-79.32283020019531,-78.90095520019531,-78.9605484008789,-78.233154296875,-78.07522583007812,-78.29230499267578,-78.13490295410156,-80.03365325927734,-78.37118530273438,-77.99390411376953,-76.375244140625,-75.56916809082031,-75.83113098144531,-76.10396575927734,-74.52460479736328,-75.17684936523438,-76.4648208618164,1.0
-76.47554779052734,-76.66349029541016,-77.6574935913086,-79.68572235107422,-81.82076263427734,-82.74053955078125,-83.65432739257812,-84.52823638916016,-84.55240631103516,-84.11944580078125,-82.09241485595703,-82.31718444824219,-82.26725006103516,-82.42119598388672,-81.10589599609375,-81.83794403076172,-82.45487976074219,-82.90727996826172,-81.45079803466797,-80.64518737792969,-81.88993072509766,-82.50260162353516,-83.07762145996094,-83.0286865234375,-80.5703353881836,-79.6722183227539,-79.63805389404297,-79.28878021240234,-79.16297149658203,-79.02477264404297,-78.81021118164062,-80.2345199584961,-79.32283020019531,-78.90095520019531,-78.9605484008789,-78.233154296875,-78.07522583007812,-78.29230499267578,-78.13490295410156,-80.03365325927734,-78.37118530273438,-77.99390411376953,-76.375244140625,-75.56916809082031,-75.83113098144531,-76.10396575927734,-74.52460479736328,-75.17684936523438,-76.4648208618164,-77.66368865966797,1.0
-76.66349029541016,-77.6574935913086,-79.68572235107422,-81.82076263427734,-82.74053955078125,-83.65432739257812,-84.52823638916016,-84.55240631103516,-84.11944580078125,-82.09241485595703,-82.31718444824219,-82.26725006103516,-82.42119598388672,-81.10589599609375,-81.83794403076172,-82.45487976074219,-82.90727996826172,-81.45079803466797,-80.64518737792969,-81.88993072509766,-82.50260162353516,-83.07762145996094,-83.0286865234375,-80.5703353881836,-79.6722183227539,-79.63805389404297,-79.28878021240234,-79.16297149658203,-79.02477264404297,-78.81021118164062,-80.2345199584961,-79.32283020019531,-78.90095520019531,-78.9605484008789,-78.233154296875,-78.07522583007812,-78.29230499267578,-78.13490295410156,-80.03365325927734,-78.37118530273438,-77.99390411376953,-76.375244140625,-75.56916809082031,-75.83113098144531,-76.10396575927734,-74.52460479736328,-75.17684936523438,-76.4648208618164,-77.66368865966797,-75.86769104003906,0.0
-77.6574935913086,-79.68572235107422,-81.82076263427734,-82.74053955078125,-83.65432739257812,-84.52823638916016,-84.55240631103516,-84.11944580078125,-82.09241485595703,-82.31718444824219,-82.26725006103516,-82.42119598388672,-81.10589599609375,-81.83794403076172,-82.45487976074219,-82.90727996826172,-81.45079803466797,-80.64518737792969,-81.88993072509766,-82.50260162353516,-83.07762145996094,-83.0286865234375,-80.5703353881836,-79.6722183227539,-79.63805389404297,-79.28878021240234,-79.16297149658203,-79.02477264404297,-78.81021118164062,-80.2345199584961,-79.32283020019531,-78.90095520019531,-78.9605484008789,-78.233154296875,-78.07522583007812,-78.29230499267578,-78.13490295410156,-80.03365325927734,-78.37118530273438,-77.99390411376953,-76.375244140625,-75.56916809082031,-75.83113098144531,-76.10396575927734,-74.52460479736328,-75.17684936523438,-76.4648208618164,-77.66368865966797,-75.86769104003906,-77.80482482910156,1.0
-79.68572235107422,-81.82076263427734,-82.74053955078125,-83.65432739257812,-84.52823638916016,-84.55240631103516,-84.11944580078125,-82.09241485595703,-82.31718444824219,-82.26725006103516,-82.42119598388672,-81.10589599609375,-81.83794403076172,-82.45487976074219,-82.90727996826172,-81.45079803466797,-80.64518737792969,-81.88993072509766,-82.50260162353516,-83.07762145996094,-83.0286865234375,-80.5703353881836,-79.6722183227539,-79.63805389404297,-79.28878021240234,-79.16297149658203,-79.02477264404297,-78.81021118164062,-80.2345199584961,-79.32283020019531,-78.90095520019531,-78.9605484008789,-78.233154296875,-78.07522583007812,-78.29230499267578,-78.13490295410156,-80.03365325927734,-78.37118530273438,-77.99390411376953,-76.375244140625,-75.56916809082031,-75.83113098144531,-76.10396575927734,-74.52460479736328,-75.17684936523438,-76.4648208618164,-77.66368865966797,-75.86769104003906,-77.80482482910156,-80.02408599853516,1.0
-81.82076263427734,-82.74053955078125,-83.65432739257812,-84.52823638916016,-84.55240631103516,-84.11944580078125,-82.09241485595703,-82.31718444824219,-82.26725006103516,-82.42119598388672,-81.10589599609375,-81.83794403076172,-82.45487976074219,-82.90727996826172,-81.45079803466797,-80.64518737792969,-81.88993072509766,-82.50260162353516,-83.07762145996094,-83.0286865234375,-80.5703353881836,-79.6722183227539,-79.63805389404297,-79.28878021240234,-79.16297149658203,-79.02477264404297,-78.81021118164062,-80.2345199584961,-79.32283020019531,-78.90095520019531,-78.9605484008789,-78.233154296875,-78.07522583007812,-78.29230499267578,-78.13490295410156,-80.03365325927734,-78.37118530273438,-77.99390411376953,-76.375244140625,-75.56916809082031,-75.83113098144531,-76.10396575927734,-74.52460479736328,-75.17684936523438,-76.4648208618164,-77.66368865966797,-75.86769104003906,-77.80482482910156,-80.02408599853516,-81.43155670166016,1.0
-82.74053955078125,-83.65432739257812,-84.52823638916016,-84.55240631103516,-84.11944580078125,-82.09241485595703,-82.31718444824219,-82.26725006103516,-82.42119598388672,-81.10589599609375,-81.83794403076172,-82.45487976074219,-82.90727996826172,-81.45079803466797,-80.64518737792969,-81.88993072509766,-82.50260162353516,-83.07762145996094,-83.0286865234375,-80.5703353881836,-79.6722183227539,-79.63805389404297,-79.28878021240234,-79.16297149658203,-79.02477264404297,-78.81021118164062,-80.2345199584961,-79.32283020019531,-78.90095520019531,-78.9605484008789,-78.233154296875,-78.07522583007812,-78.29230499267578,-78.13490295410156,-80.03365325927734,-78.37118530273438,-77.99390411376953,-76.375244140625,-75.56916809082031,-75.83113098144531,-76.10396575927734,-74.52460479736328,-75.17684936523438,-76.4648208618164,-77.66368865966797,-75.86769104003906,-77.80482482910156,-80.02408599853516,-81.43155670166016,-81.53546142578125,1.0
-83.65432739257812,-84.52823638916016,-84.55240631103516,-84.11944580078125,-82.09241485595703,-82.31718444824219,-82.26725006103516,-82.42119598388672,-81.10589599609375,-81.83794403076172,-82.45487976074219,-82.90727996826172,-81.45079803466797,-80.64518737792969,-81.88993072509766,-82.50260162353516,-83.07762145996094,-83.0286865234375,-80.5703353881836,-79.6722183227539,-79.63805389404297,-79.28878021240234,-79.16297149658203,-79.02477264404297,-78.81021118164062,-80.2345199584961,-79.32283020019531,-78.90095520019531,-78.9605484008789,-78.233154296875,-78.07522583007812,-78.29230499267578,-78.13490295410156,-80.03365325927734,-78.37118530273438,-77.99390411376953,-76.375244140625,-75.56916809082031,-75.83113098144531,-76.10396575927734,-74.52460479736328,-75.17684936523438,-76.4648208618164,-77.66368865966797,-75.86769104003906,-77.80482482910156,-80.02408599853516,-81.43155670166016,-81.53546142578125,-82.08544921875,1.0
-84.52823638916016,-84.55240631103516,-84.11944580078125,-82.09241485595703,-82.31718444824219,-82.26725006103516,-82.42119598388672,-81.10589599609375,-81.83794403076172,-82.45487976074219,-82.90727996826172,-81.45079803466797,-80.64518737792969,-81.88993072509766,-82.50260162353516,-83.07762145996094,-83.0286865234375,-80.5703353881836,-79.6722183227539,-79.63805389404297,-79.28878021240234,-79.16297149658203,-79.02477264404297,-78.81021118164062,-80.2345199584961,-79.32283020019531,-78.90095520019531,-78.9605484008789,-78.233154296875,-78.07522583007812,-78.29230499267578,-78.13490295410156,-80.03365325927734,-78.37118530273438,-77.99390411376953,-76.375244140625,-75.56916809082031,-75.83113098144531,-76.10396575927734,-74.52460479736328,-75.17684936523438,-76.4648208618164,-77.66368865966797,-75.86769104003906,-77.80482482910156,-80.02408599853516,-81.43155670166016,-81.53546142578125,-82.08544921875,-82.90929412841797,1.0
-84.55240631103516,-84.11944580078125,-82.09241485595703,-82.31718444824219,-82.26725006103516,-82.42119598388672,-81.10589599609375,-81.83794403076172,-82.45487976074219,-82.90727996826172,-81.45079803466797,-80.64518737792969,-81.88993072509766,-82.50260162353516,-83.07762145996094,-83.0286865234375,-80.5703353881836,-79.6722183227539,-79.63805389404297,-79.28878021240234,-79.16297149658203,-79.02477264404297,-78.81021118164062,-80.2345199584961,-79.32283020019531,-78.90095520019531,-78.9605484008789,-78.233154296875,-78.07522583007812,-78.29230499267578,-78.13490295410156,-80.03365325927734,-78.37118530273438,-77.99390411376953,-76.375244140625,-75.56916809082031,-75.83113098144531,-76.10396575927734,-74.52460479736328,-75.17684936523438,-76.4648208618164,-77.66368865966797,-75.86769104003906,-77.80482482910156,-80.02408599853516,-81.43155670166016,-81.53546142578125,-82.08544921875,-82.90929412841797,-82.63777923583984,0.0
-84.11944580078125,-82.09241485595703,-82.31718444824219,-82.26725006103516,-82.42119598388672,-81.10589599609375,-81.83794403076172,-82.45487976074219,-82.90727996826172,-81.45079803466797,-80.64518737792969,-81.88993072509766,-82.50260162353516,-83.07762145996094,-83.0286865234375,-80.5703353881836,-79.6722183227539,-79.63805389404297,-79.28878021240234,-79.16297149658203,-79.02477264404297,-78.81021118164062,-80.2345199584961,-79.32283020019531,-78.90095520019531,-78.9605484008789,-78.233154296875,-78.07522583007812,-78.29230499267578,-78.13490295410156,-80.03365325927734,-78.37118530273438,-77.99390411376953,-76.375244140625,-75.56916809082031,-75.83113098144531,-76.10396575927734,-74.52460479736328,-75.17684936523438,-76.4648208618164,-77.66368865966797,-75.86769104003906,-77.80482482910156,-80.02408599853516,-81.43155670166016,-81.53546142578125,-82.08544921875,-82.90929412841797,-82.63777923583984,-80.78105926513672,1.0
-82.09241485595703,-82.31718444824219,-82.26725006103516,-82.42119598388672,-81.10589599609375,-81.83794403076172,-82.45487976074219,-82.90727996826172,-81.45079803466797,-80.64518737792969,-81.88993072509766,-82.50260162353516,-83.07762145996094,-83.0286865234375,-80.5703353881836,-79.6722183227539,-79.63805389404297,-79.28878021240234,-79.16297149658203,-79.02477264404297,-78.81021118164062,-80.2345199584961,-79.32283020019531,-78.90095520019531,-78.9605484008789,-78.233154296875,-78.07522583007812,-78.29230499267578,-78.13490295410156,-80.03365325927734,-78.37118530273438,-77.99390411376953,-76.375244140625,-75.56916809082031,-75.83113098144531,-76.10396575927734,-74.52460479736328,-75.17684936523438,-76.4648208618164,-77.66368865966797,-75.86769104003906,-77.80482482910156,-80.02408599853516,-81.43155670166016,-81.53546142578125,-82.08544921875,-82.90929412841797,-82.63777923583984,-80.78105926513672,-81.26306915283203,1.0
-82.31718444824219,-82.26725006103516,-82.42119598388672,-81.10589599609375,-81.83794403076172,-82.45487976074219,-82.90727996826172,-81.45079803466797,-80.64518737792969,-81.88993072509766,-82.50260162353516,-83.07762145996094,-83.0286865234375,-80.5703353881836,-79.6722183227539,-79.63805389404297,-79.28878021240234,-79.16297149658203,-79.02477264404297,-78.81021118164062,-80.2345199584961,-79.32283020019531,-78.90095520019531,-78.9605484008789,-78.233154296875,-78.07522583007812,-78.29230499267578,-78.13490295410156,-80.03365325927734,-78.37118530273438,-77.99390411376953,-76.375244140625,-75.56916809082031,-75.83113098144531,-76.10396575927734,-74.52460479736328,-75.17684936523438,-76.4648208618164,-77.66368865966797,-75.86769104003906,-77.80482482910156,-80.02408599853516,-81.43155670166016,-81.53546142578125,-82.08544921875,-82.90929412841797,-82.63777923583984,-80.78105926513672,-81.26306915283203,-82.40963745117188,1.0
-82.26725006103516,-82.42119598388672,-81.10589599609375,-81.83794403076172,-82.45487976074219,-82.90727996826172,-81.45079803466797,-80.64518737792969,-81.88993072509766,-82.50260162353516,-83.07762145996094,-83.0286865234375,-80.5703353881836,-79.6722183227539,-79.63805389404297,-79.28878021240234,-79.16297149658203,-79.02477264404297,-78.81021118164062,-80.2345199584961,-79.32283020019531,-78.90095520019531,-78.9605484008789,-78.233154296875,-78.07522583007812,-78.29230499267578,-78.13490295410156,-80.03365325927734,-78.37118530273438,-77.99390411376953,-76.375244140625,-75.56916809082031,-75.83113098144531,-76.10396575927734,-74.52460479736328,-75.17684936523438,-76.4648208618164,-77.66368865966797,-75.86769104003906,-77.80482482910156,-80.02408599853516,-81.43155670166016,-81.53546142578125,-82.08544921875,-82.90929412841797,-82.63777923583984,-80.78105926513672,-81.26306915283203,-82.40963745117188,-82.24882507324219,0.0
-82.42119598388672,-81.10589599609375,-81.83794403076172,-82.45487976074219,-82.90727996826172,-81.45079803466797,-80.64518737792969,-81.88993072509766,-82.50260162353516,-83.07762145996094,-83.0286865234375,-80.5703353881836,-79.6722183227539,-79.63805389404297,-79.28878021240234,-79.16297149658203,-79.02477264404297,-78.81021118164062,-80.2345199584961,-79.32283020019531,-78.90095520019531,-78.9605484008789,-78.233154296875,-78.07522583007812,-78.29230499267578,-78.13490295410156,-80.03365325927734,-78.37118530273438,-77.99390411376953,-76.375244140625,-75.56916809082031,-75.83113098144531,-76.10396575927734,-74.52460479736328,-75.17684936523438,-76.4648208618164,-77.66368865966797,-75.86769104003906,-77.80482482910156,-80.02408599853516,-81.43155670166016,-81.53546142578125,-82.08544921875,-82.90929412841797,-82.63777923583984,-80.78105926513672,-81.26306915283203,-82.40963745117188,-82.24882507324219,-81.95405578613281,0.0
-81.10589599609375,-81.83794403076172,-82.45487976074219,-82.90727996826172,-81.45079803466797,-80.64518737792969,-81.88993072509766,-82.50260162353516,-83.07762145996094,-83.0286865234375,-80.5703353881836,-79.6722183227539,-79.63805389404297,-79.28878021240234,-79.16297149658203,-79.02477264404297,-78.81021118164062,-80.2345199584961,-79.32283020019531,-78.90095520019531,-78.9605484008789,-78.233154296875,-78.07522583007812,-78.29230499267578,-78.13490295410156,-80.03365325927734,-78.37118530273438,-77.99390411376953,-76.375244140625,-75.56916809082031,-75.83113098144531,-76.10396575927734,-74.52460479736328,-75.17684936523438,-76.4648208618164,-77.66368865966797,-75.86769104003906,-77.80482482910156,-80.02408599853516,-81.43155670166016,-81.53546142578125,-82.08544921875,-82.90929412841797,-82.63777923583984,-80.78105926513672,-81.26306915283203,-82.40963745117188,-82.24882507324219,-81.95405578613281,-81.96556854248047,0.0
-81.83794403076172,-82.45487976074219,-82.90727996826172,-81.45079803466797,-80.64518737792969,-81.88993072509766,-82.50260162353516,-83.07762145996094,-83.0286865234375,-80.5703353881836,-79.6722183227539,-79.63805389404297,-79.28878021240234,-79.16297149658203,-79.02477264404297,-78.81021118164062,-80.2345199584961,-79.32283020019531,-78.90095520019531,-78.9605484008789,-78.233154296875,-78.07522583007812,-78.29230499267578,-78.13490295410156,-80.03365325927734,-78.37118530273438,-77.99390411376953,-76.375244140625,-75.56916809082031,-75.83113098144531,-76.10396575927734,-74.52460479736328,-75.17684936523438,-76.4648208618164,-77.66368865966797,-75.86769104003906,-77.80482482910156,-80.02408599853516,-81.43155670166016,-81.53546142578125,-82.08544921875,-82.90929412841797,-82.63777923583984,-80.78105926513672,-81.26306915283203,-82.40963745117188,-82.24882507324219,-81.95405578613281,-81.96556854248047,-81.64542388916016,0.0
-82.45487976074219,-82.90727996826172,-81.45079803466797,-80.64518737792969,-81.88993072509766,-82.50260162353516,-83.07762145996094,-83.0286865234375,-80.5703353881836,-79.6722183227539,-79.63805389404297,-79.28878021240234,-79.16297149658203,-79.02477264404297,-78.81021118164062,-80.2345199584961,-79.32283020019531,-78.90095520019531,-78.9605484008789,-78.233154296875,-78.07522583007812,-78.29230499267578,-78.13490295410156,-80.03365325927734,-78.37118530273438,-77.99390411376953,-76.375244140625,-75.56916809082031,-75.83113098144531,-76.10396575927734,-74.52460479736328,-75.17684936523438,-76.4648208618164,-77.66368865966797,-75.86769104003906,-77.80482482910156,-80.02408599853516,-81.43155670166016,-81.53546142578125,-82.08544921875,-82.90929412841797,-82.63777923583984,-80.78105926513672,-81.26306915283203,-82.40963745117188,-82.24882507324219,-81.95405578613281,-81.96556854248047,-81.64542388916016,-81.88927459716797,1.0
-82.90727996826172,-81.45079803466797,-80.64518737792969,-81.88993072509766,-82.50260162353516,-83.07762145996094,-83.0286865234375,-80.5703353881836,-79.6722183227539,-79.63805389404297,-79.28878021240234,-79.16297149658203,-79.02477264404297,-78.81021118164062,-80.2345199584961,-79.32283020019531,-78.90095520019531,-78.9605484008789,-78.233154296875,-78.07522583007812,-78.29230499267578,-78.13490295410156,-80.03365325927734,-78.37118530273438,-77.99390411376953,-76.375244140625,-75.56916809082031,-75.83113098144531,-76.10396575927734,-74.52460479736328,-75.17684936523438,-76.4648208618164,-77.66368865966797,-75.86769104003906,-77.80482482910156,-80.02408599853516,-81.43155670166016,-81.53546142578125,-82.08544921875,-82.90929412841797,-82.63777923583984,-80.78105926513672,-81.26306915283203,-82.40963745117188,-82.24882507324219,-81.95405578613281,-81.96556854248047,-81.64542388916016,-81.88927459716797,-82.36212158203125,1.0
-81.45079803466797,-80.64518737792969,-81.88993072509766,-82.50260162353516,-83.07762145996094,-83.0286865234375,-80.5703353881836,-79.6722183227539,-79.63805389404297,-79.28878021240234,-79.16297149658203,-79.02477264404297,-78.81021118164062,-80.2345199584961,-79.32283020019531,-78.90095520019531,-78.9605484008789,-78.233154296875,-78.07522583007812,-78.29230499267578,-78.13490295410156,-80.03365325927734,-78.37118530273438,-77.99390411376953,-76.375244140625,-75.56916809082031,-75.83113098144531,-76.10396575927734,-74.52460479736328,-75.17684936523438,-76.4648208618164,-77.66368865966797,-75.86769104003906,-77.80482482910156,-80.02408599853516,-81.43155670166016,-81.53546142578125,-82.08544921875,-82.90929412841797,-82.63777923583984,-80.78105926513672,-81.26306915283203,-82.40963745117188,-82.24882507324219,-81.95405578613281,-81.96556854248047,-81.64542388916016,-81.88927459716797,-82.36212158203125,-81.26399230957031,1.0
-80.64518737792969,-81.88993072509766,-82.50260162353516,-83.07762145996094,-83.0286865234375,-80.5703353881836,-79.6722183227539,-79.63805389404297,-79.28878021240234,-79.16297149658203,-79.02477264404297,-78.81021118164062,-80.2345199584961,-79.32283020019531,-78.90095520019531,-78.9605484008789,-78.233154296875,-78.07522583007812,-78.29230499267578,-78.13490295410156,-80.03365325927734,-78.37118530273438,-77.99390411376953,-76.375244140625,-75.56916809082031,-75.83113098144531,-76.10396575927734,-74.52460479736328,-75.17684936523438,-76.4648208618164,-77.66368865966797,-75.86769104003906,-77.80482482910156,-80.02408599853516,-81.43155670166016,-81.53546142578125,-82.08544921875,-82.90929412841797,-82.63777923583984,-80.78105926513672,-81.26306915283203,-82.40963745117188,-82.24882507324219,-81.95405578613281,-81.96556854248047,-81.64542388916016,-81.88927459716797,-82.36212158203125,-81.26399230957031,-79.53406524658203,1.0
-81.88993072509766,-82.50260162353516,-83.07762145996094,-83.0286865234375,-80.5703353881836,-79.6722183227539,-79.63805389404297,-79.28878021240234,-79.16297149658203,-79.02477264404297,-78.81021118164062,-80.2345199584961,-79.32283020019531,-78.90095520019531,-78.9605484008789,-78.233154296875,-78.07522583007812,-78.29230499267578,-78.13490295410156,-80.03365325927734,-78.37118530273438,-77.99390411376953,-76.375244140625,-75.56916809082031,-75.83113098144531,-76.10396575927734,-74.52460479736328,-75.17684936523438,-76.4648208618164,-77.66368865966797,-75.86769104003906,-77.80482482910156,-80.02408599853516,-81.43155670166016,-81.53546142578125,-82.08544921875,-82.90929412841797,-82.63777923583984,-80.78105926513672,-81.26306915283203,-82.40963745117188,-82.24882507324219,-81.95405578613281,-81.96556854248047,-81.64542388916016,-81.88927459716797,-82.36212158203125,-81.26399230957031,-79.53406524658203,-80.06900787353516,0.0
-82.50260162353516,-83.07762145996094,-83.0286865234375,-80.5703353881836,-79.6722183227539,-79.63805389404297,-79.28878021240234,-79.16297149658203,-79.02477264404297,-78.81021118164062,-80.2345199584961,-79.32283020019531,-78.90095520019531,-78.9605484008789,-78.233154296875,-78.07522583007812,-78.29230499267578,-78.13490295410156,-80.03365325927734,-78.37118530273438,-77.99390411376953,-76.375244140625,-75.56916809082031,-75.83113098144531,-76.10396575927734,-74.52460479736328,-75.17684936523438,-76.4648208618164,-77.66368865966797,-75.86769104003906,-77.80482482910156,-80.02408599853516,-81.43155670166016,-81.53546142578125,-82.08544921875,-82.90929412841797,-82.63777923583984,-80.78105926513672,-81.26306915283203,-82.40963745117188,-82.24882507324219,-81.95405578613281,-81.96556854248047,-81.64542388916016,-81.88927459716797,-82.36212158203125,-81.26399230957031,-79.53406524658203,-80.06900787353516,-81.0415267944336,0.0
-83.07762145996094,-83.0286865234375,-80.5703353881836,-79.6722183227539,-79.63805389404297,-79.28878021240234,-79.16297149658203,-79.02477264404297,-78.81021118164062,-80.2345199584961,-79.32283020019531,-78.90095520019531,-78.9605484008789,-78.233154296875,-78.07522583007812,-78.29230499267578,-78.13490295410156,-80.03365325927734,-78.37118530273438,-77.99390411376953,-76.375244140625,-75.56916809082031,-75.83113098144531,-76.10396575927734,-74.52460479736328,-75.17684936523438,-76.4648208618164,-77.66368865966797,-75.86769104003906,-77.80482482910156,-80.02408599853516,-81.43155670166016,-81.53546142578125,-82.08544921875,-82.90929412841797,-82.63777923583984,-80.78105926513672,-81.26306915283203,-82.40963745117188,-82.24882507324219,-81.95405578613281,-81.96556854248047,-81.64542388916016,-81.88927459716797,-82.36212158203125,-81.26399230957031,-79.53406524658203,-80.06900787353516,-81.0415267944336,-82.10380554199219,0.0
-83.0286865234375,-80.5703353881836,-79.6722183227539,-79.63805389404297,-79.28878021240234,-79.16297149658203,-79.02477264404297,-78.81021118164062,-80.2345199584961,-79.32283020019531,-78.90095520019531,-78.9605484008789,-78.233154296875,-78.07522583007812,-78.29230499267578,-78.13490295410156,-80.03365325927734,-78.37118530273438,-77.99390411376953,-76.375244140625,-75.56916809082031,-75.83113098144531,-76.10396575927734,-74.52460479736328,-75.17684936523438,-76.4648208618164,-77.66368865966797,-75.86769104003906,-77.80482482910156,-80.02408599853516,-81.43155670166016,-81.53546142578125,-82.08544921875,-82.90929412841797,-82.63777923583984,-80.78105926513672,-81.26306915283203,-82.40963745117188,-82.24882507324219,-81.95405578613281,-81.96556854248047,-81.64542388916016,-81.88927459716797,-82.36212158203125,-81.26399230957031,-79.53406524658203,-80.06900787353516,-81.0415267944336,-82.10380554199219,-82.93090057373047,1.0
-80.5703353881836,-79.6722183227539,-79.63805389404297,-79.28878021240234,-79.16297149658203,-79.02477264404297,-78.81021118164062,-80.2345199584961,-79.32283020019531,-78.90095520019531,-78.9605484008789,-78.233154296875,-78.07522583007812,-78.29230499267578,-78.13490295410156,-80.03365325927734,-78.37118530273438,-77.99390411376953,-76.375244140625,-75.56916809082031,-75.83113098144531,-76.10396575927734,-74.52460479736328,-75.17684936523438,-76.4648208618164,-77.66368865966797,-75.86769104003906,-77.80482482910156,-80.02408599853516,-81.43155670166016,-81.53546142578125,-82.08544921875,-82.90929412841797,-82.63777923583984,-80.78105926513672,-81.26306915283203,-82.40963745117188,-82.24882507324219,-81.95405578613281,-81.96556854248047,-81.64542388916016,-81.88927459716797,-82.36212158203125,-81.26399230957031,-79.53406524658203,-80.06900787353516,-81.0415267944336,-82.10380554199219,-82.93090057373047,-79.58490753173828,0.0
-79.6722183227539,-79.63805389404297,-79.28878021240234,-79.16297149658203,-79.02477264404297,-78.81021118164062,-80.2345199584961,-79.32283020019531,-78.90095520019531,-78.9605484008789,-78.233154296875,-78.07522583007812,-78.29230499267578,-78.13490295410156,-80.03365325927734,-78.37118530273438,-77.99390411376953,-76.375244140625,-75.56916809082031,-75.83113098144531,-76.10396575927734,-74.52460479736328,-75.17684936523438,-76.4648208618164,-77.66368865966797,-75.86769104003906,-77.80482482910156,-80.02408599853516,-81.43155670166016,-81.53546142578125,-82.08544921875,-82.90929412841797,-82.63777923583984,-80.78105926513672,-81.26306915283203,-82.40963745117188,-82.24882507324219,-81.95405578613281,-81.96556854248047,-81.64542388916016,-81.88927459716797,-82.36212158203125,-81.26399230957031,-79.53406524658203,-80.06900787353516,-81.0415267944336,-82.10380554199219,-82.93090057373047,-79.58490753173828,-78.76615142822266,0.0
-79.63805389404297,-79.28878021240234,-79.16297149658203,-79.02477264404297,-78.81021118164062,-80.2345199584961,-79.32283020019531,-78.90095520019531,-78.9605484008789,-78.233154296875,-78.07522583007812,-78.29230499267578,-78.13490295410156,-80.03365325927734,-78.37118530273438,-77.99390411376953,-76.375244140625,-75.56916809082031,-75.83113098144531,-76.10396575927734,-74.52460479736328,-75.17684936523438,-76.4648208618164,-77.66368865966797,-75.86769104003906,-77.80482482910156,-80.02408599853516,-81.43155670166016,-81.53546142578125,-82.08544921875,-82.90929412841797,-82.63777923583984,-80.78105926513672,-81.26306915283203,-82.40963745117188,-82.24882507324219,-81.95405578613281,-81.96556854248047,-81.64542388916016,-81.88927459716797,-82.36212158203125,-81.26399230957031,-79.53406524658203,-80.06900787353516,-81.0415267944336,-82.10380554199219,-82.93090057373047,-79.58490753173828,-78.76615142822266,-77.4366226196289,0.0
-79.28878021240234,-79.16297149658203,-79.02477264404297,-78.81021118164062,-80.2345199584961,-79.32283020019531,-78.90095520019531,-78.9605484008789,-78.233154296875,-78.07522583007812,-78.29230499267578,-78.13490295410156,-80.03365325927734,-78.37118530273438,-77.99390411376953,-76.375244140625,-75.56916809082031,-75.83113098144531,-76.10396575927734,-74.52460479736328,-75.17684936523438,-76.4648208618164,-77.66368865966797,-75.86769104003906,-77.80482482910156,-80.02408599853516,-81.43155670166016,-81.53546142578125,-82.08544921875,-82.90929412841797,-82.63777923583984,-80.78105926513672,-81.26306915283203,-82.40963745117188,-82.24882507324219,-81.95405578613281,-81.96556854248047,-81.64542388916016,-81.88927459716797,-82.36212158203125,-81.26399230957031,-79.53406524658203,-80.06900787353516,-81.0415267944336,-82.10380554199219,-82.93090057373047,-79.58490753173828,-78.76615142822266,-77.4366226196289,-78.22525024414062,0.0
-79.16297149658203,-79.02477264404297,-78.81021118164062,-80.2345199584961,-79.32283020019531,-78.90095520019531,-78.9605484008789,-78.233154296875,-78.07522583007812,-78.29230499267578,-78.13490295410156,-80.03365325927734,-78.37118530273438,-77.99390411376953,-76.375244140625,-75.56916809082031,-75.83113098144531,-76.10396575927734,-74.52460479736328,-75.17684936523438,-76.4648208618164,-77.66368865966797,-75.86769104003906,-77.80482482910156,-80.02408599853516,-81.43155670166016,-81.53546142578125,-82.08544921875,-82.90929412841797,-82.63777923583984,-80.78105926513672,-81.26306915283203,-82.40963745117188,-82.24882507324219,-81.95405578613281,-81.96556854248047,-81.64542388916016,-81.88927459716797,-82.36212158203125,-81.26399230957031,-79.53406524658203,-80.06900787353516,-81.0415267944336,-82.10380554199219,-82.93090057373047,-79.58490753173828,-78.76615142822266,-77.4366226196289,-78.22525024414062,-79.1726303100586,0.0
-79.02477264404297,-78.81021118164062,-80.2345199584961,-79.32283020019531,-78.90095520019531,-78.9605484008789,-78.233154296875,-78.07522583007812,-78.29230499267578,-78.13490295410156,-80.03365325927734,-78.37118530273438,-77.99390411376953,-76.375244140625,-75.56916809082031,-75.83113098144531,-76.10396575927734,-74.52460479736328,-75.17684936523438,-76.4648208618164,-77.66368865966797,-75.86769104003906,-77.80482482910156,-80.02408599853516,-81.43155670166016,-81.53546142578125,-82.08544921875,-82.90929412841797,-82.63777923583984,-80.78105926513672,-81.26306915283203,-82.40963745117188,-82.24882507324219,-81.95405578613281,-81.96556854248047,-81.64542388916016,-81.88927459716797,-82.36212158203125,-81.26399230957031,-79.53406524658203,-80.06900787353516,-81.0415267944336,-82.10380554199219,-82.93090057373047,-79.58490753173828,-78.76615142822266,-77.4366226196289,-78.22525024414062,-79.1726303100586,-76.76470184326172,0.0
-78.81021118164062,-80.2345199584961,-79.32283020019531,-78.90095520019531,-78.9605484008789,-78.233154296875,-78.07522583007812,-78.29230499267578,-78.13490295410156,-80.03365325927734,-78.37118530273438,-77.99390411376953,-76.375244140625,-75.56916809082031,-75.83113098144531,-76.10396575927734,-74.52460479736328,-75.17684936523438,-76.4648208618164,-77.66368865966797,-75.86769104003906,-77.80482482910156,-80.02408599853516,-81.43155670166016,-81.53546142578125,-82.08544921875,-82.90929412841797,-82.63777923583984,-80.78105926513672,-81.26306915283203,-82.40963745117188,-82.24882507324219,-81.95405578613281,-81.96556854248047,-81.64542388916016,-81.88927459716797,-82.36212158203125,-81.26399230957031,-79.53406524658203,-80.06900787353516,-81.0415267944336,-82.10380554199219,-82.93090057373047,-79.58490753173828,-78.76615142822266,-77.4366226196289,-78.22525024414062,-79.1726303100586,-76.76470184326172,-75.86157989501953,0.0
-80.2345199584961,-79.32283020019531,-78.90095520019531,-78.9605484008789,-78.233154296875,-78.07522583007812,-78.29230499267578,-78.13490295410156,-80.03365325927734,-78.37118530273438,-77.99390411376953,-76.375244140625,-75.56916809082031,-75.83113098144531,-76.10396575927734,-74.52460479736328,-75.17684936523438,-76.4648208618164,-77.66368865966797,-75.86769104003906,-77.80482482910156,-80.02408599853516,-81.43155670166016,-81.53546142578125,-82.08544921875,-82.90929412841797,-82.63777923583984,-80.78105926513672,-81.26306915283203,-82.40963745117188,-82.24882507324219,-81.95405578613281,-81.96556854248047,-81.64542388916016,-81.88927459716797,-82.36212158203125,-81.26399230957031,-79.53406524658203,-80.06900787353516,-81.0415267944336,-82.10380554199219,-82.93090057373047,-79.58490753173828,-78.76615142822266,-77.4366226196289,-78.22525024414062,-79.1726303100586,-76.76470184326172,-75.86157989501953,-77.3860092163086,0.0
-79.32283020019531,-78.90095520019531,-78.9605484008789,-78.233154296875,-78.07522583007812,-78.29230499267578,-78.13490295410156,-80.03365325927734,-78.37118530273438,-77.99390411376953,-76.375244140625,-75.56916809082031,-75.83113098144531,-76.10396575927734,-74.52460479736328,-75.17684936523438,-76.4648208618164,-77.66368865966797,-75.86769104003906,-77.80482482910156,-80.02408599853516,-81.43155670166016,-81.53546142578125,-82.08544921875,-82.90929412841797,-82.63777923583984,-80.78105926513672,-81.26306915283203,-82.40963745117188,-82.24882507324219,-81.95405578613281,-81.96556854248047,-81.64542388916016,-81.88927459716797,-82.36212158203125,-81.26399230957031,-79.53406524658203,-80.06900787353516,-81.0415267944336,-82.10380554199219,-82.93090057373047,-79.58490753173828,-78.76615142822266,-77.4366226196289,-78.22525024414062,-79.1726303100586,-76.76470184326172,-75.86157989501953,-77.3860092163086,-77.93140411376953,0.0
-78.90095520019531,-78.9605484008789,-78.233154296875,-78.07522583007812,-78.29230499267578,-78.13490295410156,-80.03365325927734,-78.37118530273438,-77.99390411376953,-76.375244140625,-75.56916809082031,-75.83113098144531,-76.10396575927734,-74.52460479736328,-75.17684936523438,-76.4648208618164,-77.66368865966797,-75.86769104003906,-77.80482482910156,-80.02408599853516,-81.43155670166016,-81.53546142578125,-82.08544921875,-82.90929412841797,-82.63777923583984,-80.78105926513672,-81.26306915283203,-82.40963745117188,-82.24882507324219,-81.95405578613281,-81.96556854248047,-81.64542388916016,-81.88927459716797,-82.36212158203125,-81.26399230957031,-79.53406524658203,-80.06900787353516,-81.0415267944336,-82.10380554199219,-82.93090057373047,-79.58490753173828,-78.76615142822266,-77.4366226196289,-78.22525024414062,-79.1726303100586,-76.76470184326172,-75.86157989501953,-77.3860092163086,-77.93140411376953,-78.33307647705078,0.0
-78.9605484008789,-78.233154296875,-78.07522583007812,-78.29230499267578,-78.13490295410156,-80.03365325927734,-78.37118530273438,-77.99390411376953,-76.375244140625,-75.56916809082031,-75.83113098144531,-76.10396575927734,-74.52460479736328,-75.17684936523438,-76.4648208618164,-77.66368865966797,-75.86769104003906,-77.80482482910156,-80.02408599853516,-81.43155670166016,-81.53546142578125,-82.08544921875,-82.90929412841797,-82.63777923583984,-80.78105926513672,-81.26306915283203,-82.40963745117188,-82.24882507324219,-81.95405578613281,-81.96556854248047,-81.64542388916016,-81.88927459716797,-82.36212158203125,-81.26399230957031,-79.53406524658203,-80.06900787353516,-81.0415267944336,-82.10380554199219,-82.93090057373047,-79.58490753173828,-78.76615142822266,-77.4366226196289,-78.22525024414062,-79.1726303100586,-76.76470184326172,-75.86157989501953,-77.3860092163086,-77.93140411376953,-78.33307647705078,-77.6203384399414,1.0
-78.233154296875,-78.07522583007812,-78.29230499267578,-78.13490295410156,-80.03365325927734,-78.37118530273438,-77.99390411376953,-76.375244140625,-75.56916809082031,-75.83113098144531,-76.10396575927734,-74.52460479736328,-75.17684936523438,-76.4648208618164,-77.66368865966797,-75.86769104003906,-77.80482482910156,-80.02408599853516,-81.43155670166016,-81.53546142578125,-82.08544921875,-82.90929412841797,-82.63777923583984,-80.78105926513672,-81.26306915283203,-82.40963745117188,-82.24882507324219,-81.95405578613281,-81.96556854248047,-81.64542388916016,-81.88927459716797,-82.36212158203125,-81.26399230957031,-79.53406524658203,-80.06900787353516,-81.0415267944336,-82.10380554199219,-82.93090057373047,-79.58490753173828,-78.76615142822266,-77.4366226196289,-78.22525024414062,-79.1726303100586,-76.76470184326172,-75.86157989501953,-77.3860092163086,-77.93140411376953,-78.33307647705078,-77.6203384399414,-78.5313491821289,1.0
-78.07522583007812,-78.29230499267578,-78.13490295410156,-80.03365325927734,-78.37118530273438,-77.99390411376953,-76.375244140625,-75.56916809082031,-75.83113098144531,-76.10396575927734,-74.52460479736328,-75.17684936523438,-76.4648208618164,-77.66368865966797,-75.86769104003906,-77.80482482910156,-80.02408599853516,-81.43155670166016,-81.53546142578125,-82.08544921875,-82.90929412841797,-82.63777923583984,-80.78105926513672,-81.26306915283203,-82.40963745117188,-82.24882507324219,-81.95405578613281,-81.96556854248047,-81.64542388916016,-81.88927459716797,-82.36212158203125,-81.26399230957031,-79.53406524658203,-80.06900787353516,-81.0415267944336,-82.10380554199219,-82.93090057373047,-79.58490753173828,-78.76615142822266,-77.4366226196289,-78.22525024414062,-79.1726303100586,-76.76470184326172,-75.86157989501953,-77.3860092163086,-77.93140411376953,-78.33307647705078,-77.6203384399414,-78.5313491821289,-74.80162811279297,1.0
-78.29230499267578,-78.13490295410156,-80.03365325927734,-78.37118530273438,-77.99390411376953,-76.375244140625,-75.56916809082031,-75.83113098144531,-76.10396575927734,-74.52460479736328,-75.17684936523438,-76.4648208618164,-77.66368865966797,-75.86769104003906,-77.80482482910156,-80.02408599853516,-81.43155670166016,-81.53546142578125,-82.08544921875,-82.90929412841797,-82.63777923583984,-80.78105926513672,-81.26306915283203,-82.40963745117188,-82.24882507324219,-81.95405578613281,-81.96556854248047,-81.64542388916016,-81.88927459716797,-82.36212158203125,-81.26399230957031,-79.53406524658203,-80.06900787353516,-81.0415267944336,-82.10380554199219,-82.93090057373047,-79.58490753173828,-78.76615142822266,-77.4366226196289,-78.22525024414062,-79.1726303100586,-76.76470184326172,-75.86157989501953,-77.3860092163086,-77.93140411376953,-78.33307647705078,-77.6203384399414,-78.5313491821289,-74.80162811279297,-76.92347717285156,0.0
-78.13490295410156,-80.03365325927734,-78.37118530273438,-77.99390411376953,-76.375244140625,-75.56916809082031,-75.83113098144531,-76.10396575927734,-74.52460479736328,-75.17684936523438,-76.4648208618164,-77.66368865966797,-75.86769104003906,-77.80482482910156,-80.02408599853516,-81.43155670166016,-81.53546142578125,-82.08544921875,-82.90929412841797,-82.63777923583984,-80.78105926513672,-81.26306915283203,-82.40963745117188,-82.24882507324219,-81.95405578613281,-81.96556854248047,-81.64542388916016,-81.88927459716797,-82.36212158203125,-81.26399230957031,-79.53406524658203,-80.06900787353516,-81.0415267944336,-82.10380554199219,-82.93090057373047,-79.58490753173828,-78.76615142822266,-77.4366226196289,-78.22525024414062,-79.1726303100586,-76.76470184326172,-75.86157989501953,-77.3860092163086,-77.93140411376953,-78.33307647705078,-77.6203384399414,-78.5313491821289,-74.80162811279297,-76.92347717285156,-79.63005828857422,0.0
-80.03365325927734,-78.37118530273438,-77.99390411376953,-76.375244140625,-75.56916809082031,-75.83113098144531,-76.10396575927734,-74.52460479736328,-75.17684936523438,-76.4648208618164,-77.66368865966797,-75.86769104003906,-77.80482482910156,-80.02408599853516,-81.43155670166016,-81.53546142578125,-82.08544921875,-82.90929412841797,-82.63777923583984,-80.78105926513672,-81.26306915283203,-82.40963745117188,-82.24882507324219,-81.95405578613281,-81.96556854248047,-81.64542388916016,-81.88927459716797,-82.36212158203125,-81.26399230957031,-79.53406524658203,-80.06900787353516,-81.0415267944336,-82.10380554199219,-82.93090057373047,-79.58490753173828,-78.76615142822266,-77.4366226196289,-78.22525024414062,-79.1726303100586,-76.76470184326172,-75.86157989501953,-77.3860092163086,-77.93140411376953,-78.33307647705078,-77.6203384399414,-78.5313491821289,-74.80162811279297,-76.92347717285156,-79.63005828857422,-81.70704650878906,0.0
-78.37118530273438,-77.99390411376953,-76.375244140625,-75.56916809082031,-75.83113098144531,-76.10396575927734,-74.52460479736328,-75.17684936523438,-76.4648208618164,-77.66368865966797,-75.86769104003906,-77.80482482910156,-80.02408599853516,-81.43155670166016,-81.53546142578125,-82.08544921875,-82.90929412841797,-82.63777923583984,-80.78105926513672,-81.26306915283203,-82.40963745117188,-82.24882507324219,-81.95405578613281,-81.96556854248047,-81.64542388916016,-81.88927459716797,-82.36212158203125,-81.26399230957031,-79.53406524658203,-80.06900787353516,-81.0415267944336,-82.10380554199219,-82.93090057373047,-79.58490753173828,-78.76615142822266,-77.4366226196289,-78.22525024414062,-79.1726303100586,-76.76470184326172,-75.86157989501953,-77.3860092163086,-77.93140411376953,-78.33307647705078,-77.6203384399414,-78.5313491821289,-74.80162811279297,-76.92347717285156,-79.63005828857422,-81.70704650878906,-82.4193115234375,0.0
-77.99390411376953,-76.375244140625,-75.56916809082031,-75.83113098144531,-76.10396575927734,-74.52460479736328,-75.17684936523438,-76.4648208618164,-77.66368865966797,-75.86769104003906,-77.80482482910156,-80.02408599853516,-81.43155670166016,-81.53546142578125,-82.08544921875,-82.90929412841797,-82.63777923583984,-80.78105926513672,-81.26306915283203,-82.40963745117188,-82.24882507324219,-81.95405578613281,-81.96556854248047,-81.64542388916016,-81.88927459716797,-82.36212158203125,-81.26399230957031,-79.53406524658203,-80.06900787353516,-81.0415267944336,-82.10380554199219,-82.93090057373047,-79.58490753173828,-78.76615142822266,-77.4366226196289,-78.22525024414062,-79.1726303100586,-76.76470184326172,-75.86157989501953,-77.3860092163086,-77.93140411376953,-78.33307647705078,-77.6203384399414,-78.5313491821289,-74.80162811279297,-76.92347717285156,-79.63005828857422,-81.70704650878906,-82.4193115234375,-83.00051879882812,1.0
-76.375244140625,-75.56916809082031,-75.83113098144531,-76.10396575927734,-74.52460479736328,-75.17684936523438,-76.4648208618164,-77.66368865966797,-75.86769104003906,-77.80482482910156,-80.02408599853516,-81.43155670166016,-81.53546142578125,-82.08544921875,-82.90929412841797,-82.63777923583984,-80.78105926513672,-81.26306915283203,-82.40963745117188,-82.24882507324219,-81.95405578613281,-81.96556854248047,-81.64542388916016,-81.88927459716797,-82.36212158203125,-81.26399230957031,-79.53406524658203,-80.06900787353516,-81.0415267944336,-82.10380554199219,-82.93090057373047,-79.58490753173828,-78.76615142822266,-77.4366226196289,-78.22525024414062,-79.1726303100586,-76.76470184326172,-75.86157989501953,-77.3860092163086,-77.93140411376953,-78.33307647705078,-77.6203384399414,-78.5313491821289,-74.80162811279297,-76.92347717285156,-79.63005828857422,-81.70704650878906,-82.4193115234375,-83.00051879882812,-83.878173828125,0.0
-75.56916809082031,-75.83113098144531,-76.10396575927734,-74.52460479736328,-75.17684936523438,-76.4648208618164,-77.66368865966797,-75.86769104003906,-77.80482482910156,-80.02408599853516,-81.43155670166016,-81.53546142578125,-82.08544921875,-82.90929412841797,-82.63777923583984,-80.78105926513672,-81.26306915283203,-82.40963745117188,-82.24882507324219,-81.95405578613281,-81.96556854248047,-81.64542388916016,-81.88927459716797,-82.36212158203125,-81.26399230957031,-79.53406524658203,-80.06900787353516,-81.0415267944336,-82.10380554199219,-82.93090057373047,-79.58490753173828,-78.76615142822266,-77.4366226196289,-78.22525024414062,-79.1726303100586,-76.76470184326172,-75.86157989501953,-77.3860092163086,-77.93140411376953,-78.33307647705078,-77.6203384399414,-78.5313491821289,-74.80162811279297,-76.92347717285156,-79.63005828857422,-81.70704650878906,-82.4193115234375,-83.00051879882812,-83.878173828125,-84.54264831542969,0.0
-75.83113098144531,-76.10396575927734,-74.52460479736328,-75.17684936523438,-76.4648208618164,-77.66368865966797,-75.86769104003906,-77.80482482910156,-80.02408599853516,-81.43155670166016,-81.53546142578125,-82.08544921875,-82.90929412841797,-82.63777923583984,-80.78105926513672,-81.26306915283203,-82.40963745117188,-82.24882507324219,-81.95405578613281,-81.96556854248047,-81.64542388916016,-81.88927459716797,-82.36212158203125,-81.26399230957031,-79.53406524658203,-80.06900787353516,-81.0415267944336,-82.10380554199219,-82.93090057373047,-79.58490753173828,-78.76615142822266,-77.4366226196289,-78.22525024414062,-79.1726303100586,-76.76470184326172,-75.86157989501953,-77.3860092163086,-77.93140411376953,-78.33307647705078,-77.6203384399414,-78.5313491821289,-74.80162811279297,-76.92347717285156,-79.63005828857422,-81.70704650878906,-82.4193115234375,-83.00051879882812,-83.878173828125,-84.54264831542969,-84.62859344482422,0.0
-76.10396575927734,-74.52460479736328,-75.17684936523438,-76.4648208618164,-77.66368865966797,-75.86769104003906,-77.80482482910156,-80.02408599853516,-81.43155670166016,-81.53546142578125,-82.08544921875,-82.90929412841797,-82.63777923583984,-80.78105926513672,-81.26306915283203,-82.40963745117188,-82.24882507324219,-81.95405578613281,-81.96556854248047,-81.64542388916016,-81.88927459716797,-82.36212158203125,-81.26399230957031,-79.53406524658203,-80.06900787353516,-81.0415267944336,-82.10380554199219,-82.93090057373047,-79.58490753173828,-78.76615142822266,-77.4366226196289,-78.22525024414062,-79.1726303100586,-76.76470184326172,-75.86157989501953,-77.3860092163086,-77.93140411376953,-78.33307647705078,-77.6203384399414,-78.5313491821289,-74.80162811279297,-76.92347717285156,-79.63005828857422,-81.70704650878906,-82.4193115234375,-83.00051879882812,-83.878173828125,-84.54264831542969,-84.62859344482422,-85.09593963623047,0.0
-74.52460479736328,-75.17684936523438,-76.4648208618164,-77.66368865966797,-75.86769104003906,-77.80482482910156,-80.02408599853516,-81.43155670166016,-81.53546142578125,-82.08544921875,-82.90929412841797,-82.63777923583984,-80.78105926513672,-81.26306915283203,-82.40963745117188,-82.24882507324219,-81.95405578613281,-81.96556854248047,-81.64542388916016,-81.88927459716797,-82.36212158203125,-81.26399230957031,-79.53406524658203,-80.06900787353516,-81.0415267944336,-82.10380554199219,-82.93090057373047,-79.58490753173828,-78.76615142822266,-77.4366226196289,-78.22525024414062,-79.1726303100586,-76.76470184326172,-75.86157989501953,-77.3860092163086,-77.93140411376953,-78.33307647705078,-77.6203384399414,-78.5313491821289,-74.80162811279297,-76.92347717285156,-79.63005828857422,-81.70704650878906,-82.4193115234375,-83.00051879882812,-83.878173828125,-84.54264831542969,-84.62859344482422,-85.09593963623047,-84.87334442138672,0.0
-75.17684936523438,-76.4648208618164,-77.66368865966797,-75.86769104003906,-77.80482482910156,-80.02408599853516,-81.43155670166016,-81.53546142578125,-82.08544921875,-82.90929412841797,-82.63777923583984,-80.78105926513672,-81.26306915283203,-82.40963745117188,-82.24882507324219,-81.95405578613281,-81.96556854248047,-81.64542388916016,-81.88927459716797,-82.36212158203125,-81.26399230957031,-79.53406524658203,-80.06900787353516,-81.0415267944336,-82.10380554199219,-82.93090057373047,-79.58490753173828,-78.76615142822266,-77.4366226196289,-78.22525024414062,-79.1726303100586,-76.76470184326172,-75.86157989501953,-77.3860092163086,-77.93140411376953,-78.33307647705078,-77.6203384399414,-78.5313491821289,-74.80162811279297,-76.92347717285156,-79.63005828857422,-81.70704650878906,-82.4193115234375,-83.00051879882812,-83.878173828125,-84.54264831542969,-84.62859344482422,-85.09593963623047,-84.87334442138672,-84.60541534423828,1.0
-76.4648208618164,-77.66368865966797,-75.86769104003906,-77.80482482910156,-80.02408599853516,-81.43155670166016,-81.53546142578125,-82.08544921875,-82.90929412841797,-82.63777923583984,-80.78105926513672,-81.26306915283203,-82.40963745117188,-82.24882507324219,-81.95405578613281,-81.96556854248047,-81.64542388916016,-81.88927459716797,-82.36212158203125,-81.26399230957031,-79.53406524658203,-80.06900787353516,-81.0415267944336,-82.10380554199219,-82.93090057373047,-79.58490753173828,-78.76615142822266,-77.4366226196289,-78.22525024414062,-79.1726303100586,-76.76470184326172,-75.86157989501953,-77.3860092163086,-77.93140411376953,-78.33307647705078,-77.6203384399414,-78.5313491821289,-74.80162811279297,-76.92347717285156,-79.63005828857422,-81.70704650878906,-82.4193115234375,-83.00051879882812,-83.878173828125,-84.54264831542969,-84.62859344482422,-85.09593963623047,-84.87334442138672,-84.60541534423828,-84.07616424560547,1.0
-77.66368865966797,-75.86769104003906,-77.80482482910156,-80.02408599853516,-81.43155670166016,-81.53546142578125,-82.08544921875,-82.90929412841797,-82.63777923583984,-80.78105926513672,-81.26306915283203,-82.40963745117188,-82.24882507324219,-81.95405578613281,-81.96556854248047,-81.64542388916016,-81.88927459716797,-82.36212158203125,-81.26399230957031,-79.53406524658203,-80.06900787353516,-81.0415267944336,-82.10380554199219,-82.93090057373047,-79.58490753173828,-78.76615142822266,-77.4366226196289,-78.22525024414062,-79.1726303100586,-76.76470184326172,-75.86157989501953,-77.3860092163086,-77.93140411376953,-78.33307647705078,-77.6203384399414,-78.5313491821289,-74.80162811279297,-76.92347717285156,-79.63005828857422,-81.70704650878906,-82.4193115234375,-83.00051879882812,-83.878173828125,-84.54264831542969,-84.62859344482422,-85.09593963623047,-84.87334442138672,-84.60541534423828,-84.07616424560547,-84.68352508544922,0.0
-75.86769104003906,-77.80482482910156,-80.02408599853516,-81.43155670166016,-81.53546142578125,-82.08544921875,-82.90929412841797,-82.63777923583984,-80.78105926513672,-81.26306915283203,-82.40963745117188,-82.24882507324219,-81.95405578613281,-81.96556854248047,-81.64542388916016,-81.88927459716797,-82.36212158203125,-81.26399230957031,-79.53406524658203,-80.06900787353516,-81.0415267944336,-82.10380554199219,-82.93090057373047,-79.58490753173828,-78.76615142822266,-77.4366226196289,-78.22525024414062,-79.1726303100586,-76.76470184326172,-75.86157989501953,-77.3860092163086,-77.93140411376953,-78.33307647705078,-77.6203384399414,-78.5313491821289,-74.80162811279297,-76.92347717285156,-79.63005828857422,-81.70704650878906,-82.4193115234375,-83.00051879882812,-83.878173828125,-84.54264831542969,-84.62859344482422,-85.09593963623047,-84.87334442138672,-84.60541534423828,-84.07616424560547,-84.68352508544922,-84.62434387207031,0.0
-77.80482482910156,-80.02408599853516,-81.43155670166016,-81.53546142578125,-82.08544921875,-82.90929412841797,-82.63777923583984,-80.78105926513672,-81.26306915283203,-82.40963745117188,-82.24882507324219,-81.95405578613281,-81.96556854248047,-81.64542388916016,-81.88927459716797,-82.36212158203125,-81.26399230957031,-79.53406524658203,-80.06900787353516,-81.0415267944336,-82.10380554199219,-82.93090057373047,-79.58490753173828,-78.76615142822266,-77.4366226196289,-78.22525024414062,-79.1726303100586,-76.76470184326172,-75.86157989501953,-77.3860092163086,-77.93140411376953,-78.33307647705078,-77.6203384399414,-78.5313491821289,-74.80162811279297,-76.92347717285156,-79.63005828857422,-81.70704650878906,-82.4193115234375,-83.00051879882812,-83.878173828125,-84.54264831542969,-84.62859344482422,-85.09593963623047,-84.87334442138672,-84.60541534423828,-84.07616424560547,-84.68352508544922,-84.62434387207031,-83.73651885986328,0.0
-80.02408599853516,-81.43155670166016,-81.53546142578125,-82.08544921875,-82.90929412841797,-82.63777923583984,-80.78105926513672,-81.26306915283203,-82.40963745117188,-82.24882507324219,-81.95405578613281,-81.96556854248047,-81.64542388916016,-81.88927459716797,-82.36212158203125,-81.26399230957031,-79.53406524658203,-80.06900787353516,-81.0415267944336,-82.10380554199219,-82.93090057373047,-79.58490753173828,-78.76615142822266,-77.4366226196289,-78.22525024414062,-79.1726303100586,-76.76470184326172,-75.86157989501953,-77.3860092163086,-77.93140411376953,-78.33307647705078,-77.6203384399414,-78.5313491821289,-74.80162811279297,-76.92347717285156,-79.63005828857422,-81.70704650878906,-82.4193115234375,-83.00051879882812,-83.878173828125,-84.54264831542969,-84.62859344482422,-85.09593963623047,-84.87334442138672,-84.60541534423828,-84.07616424560547,-84.68352508544922,-84.62434387207031,-83.73651885986328,-84.0053482055664,0.0
-81.43155670166016,-81.53546142578125,-82.08544921875,-82.90929412841797,-82.63777923583984,-80.78105926513672,-81.26306915283203,-82.40963745117188,-82.24882507324219,-81.95405578613281,-81.96556854248047,-81.64542388916016,-81.88927459716797,-82.36212158203125,-81.26399230957031,-79.53406524658203,-80.06900787353516,-81.0415267944336,-82.10380554199219,-82.93090057373047,-79.58490753173828,-78.76615142822266,-77.4366226196289,-78.22525024414062,-79.1726303100586,-76.76470184326172,-75.86157989501953,-77.3860092163086,-77.93140411376953,-78.33307647705078,-77.6203384399414,-78.5313491821289,-74.80162811279297,-76.92347717285156,-79.63005828857422,-81.70704650878906,-82.4193115234375,-83.00051879882812,-83.878173828125,-84.54264831542969,-84.62859344482422,-85.09593963623047,-84.87334442138672,-84.60541534423828,-84.07616424560547,-84.68352508544922,-84.62434387207031,-83.73651885986328,-84.0053482055664,-83.75180053710938,0.0
-81.53546142578125,-82.08544921875,-82.90929412841797,-82.63777923583984,-80.78105926513672,-81.26306915283203,-82.40963745117188,-82.24882507324219,-81.95405578613281,-81.96556854248047,-81.64542388916016,-81.88927459716797,-82.36212158203125,-81.26399230957031,-79.53406524658203,-80.06900787353516,-81.0415267944336,-82.10380554199219,-82.93090057373047,-79.58490753173828,-78.76615142822266,-77.4366226196289,-78.22525024414062,-79.1726303100586,-76.76470184326172,-75.86157989501953,-77.3860092163086,-77.93140411376953,-78.33307647705078,-77.6203384399414,-78.5313491821289,-74.80162811279297,-76.92347717285156,-79.63005828857422,-81.70704650878906,-82.4193115234375,-83.00051879882812,-83.878173828125,-84.54264831542969,-84.62859344482422,-85.09593963623047,-84.87334442138672,-84.60541534423828,-84.07616424560547,-84.68352508544922,-84.62434387207031,-83.73651885986328,-84.0053482055664,-83.75180053710938,-84.2341079711914,0.0
-82.08544921875,-82.90929412841797,-82.63777923583984,-80.78105926513672,-81.26306915283203,-82.40963745117188,-82.24882507324219,-81.95405578613281,-81.96556854248047,-81.64542388916016,-81.88927459716797,-82.36212158203125,-81.26399230957031,-79.53406524658203,-80.06900787353516,-81.0415267944336,-82.10380554199219,-82.93090057373047,-79.58490753173828,-78.76615142822266,-77.4366226196289,-78.22525024414062,-79.1726303100586,-76.76470184326172,-75.86157989501953,-77.3860092163086,-77.93140411376953,-78.33307647705078,-77.6203384399414,-78.5313491821289,-74.80162811279297,-76.92347717285156,-79.63005828857422,-81.70704650878906,-82.4193115234375,-83.00051879882812,-83.878173828125,-84.54264831542969,-84.62859344482422,-85.09593963623047,-84.87334442138672,-84.60541534423828,-84.07616424560547,-84.68352508544922,-84.62434387207031,-83.73651885986328,-84.0053482055664,-83.75180053710938,-84.2341079711914,-83.88798522949219,0.0
-82.90929412841797,-82.63777923583984,-80.78105926513672,-81.26306915283203,-82.40963745117188,-82.24882507324219,-81.95405578613281,-81.96556854248047,-81.64542388916016,-81.88927459716797,-82.36212158203125,-81.26399230957031,-79.53406524658203,-80.06900787353516,-81.0415267944336,-82.10380554199219,-82.93090057373047,-79.58490753173828,-78.76615142822266,-77.4366226196289,-78.22525024414062,-79.1726303100586,-76.76470184326172,-75.86157989501953,-77.3860092163086,-77.93140411376953,-78.33307647705078,-77.6203384399414,-78.5313491821289,-74.80162811279297,-76.92347717285156,-79.63005828857422,-81.70704650878906,-82.4193115234375,-83.00051879882812,-83.878173828125,-84.54264831542969,-84.62859344482422,-85.09593963623047,-84.87334442138672,-84.60541534423828,-84.07616424560547,-84.68352508544922,-84.62434387207031,-83.73651885986328,-84.0053482055664,-83.75180053710938,-84.2341079711914,-83.88798522949219,-83.97087860107422,0.0
-82.63777923583984,-80.78105926513672,-81.26306915283203,-82.40963745117188,-82.24882507324219,-81.95405578613281,-81.96556854248047,-81.64542388916016,-81.88927459716797,-82.36212158203125,-81.26399230957031,-79.53406524658203,-80.06900787353516,-81.0415267944336,-82.10380554199219,-82.93090057373047,-79.58490753173828,-78.76615142822266,-77.4366226196289,-78.22525024414062,-79.1726303100586,-76.76470184326172,-75.86157989501953,-77.3860092163086,-77.93140411376953,-78.33307647705078,-77.6203384399414,-78.5313491821289,-74.80162811279297,-76.92347717285156,-79.63005828857422,-81.70704650878906,-82.4193115234375,-83.00051879882812,-83.878173828125,-84.54264831542969,-84.62859344482422,-85.09593963623047,-84.87334442138672,-84.60541534423828,-84.07616424560547,-84.68352508544922,-84.62434387207031,-83.73651885986328,-84.0053482055664,-83.75180053710938,-84.2341079711914,-83.88798522949219,-83.97087860107422,-84.44589233398438,0.0
-80.78105926513672,-81.26306915283203,-82.40963745117188,-82.24882507324219,-81.95405578613281,-81.96556854248047,-81.64542388916016,-81.88927459716797,-82.36212158203125,-81.26399230957031,-79.53406524658203,-80.06900787353516,-81.0415267944336,-82.10380554199219,-82.93090057373047,-79.58490753173828,-78.76615142822266,-77.4366226196289,-78.22525024414062,-79.1726303100586,-76.76470184326172,-75.86157989501953,-77.3860092163086,-77.93140411376953,-78.33307647705078,-77.6203384399414,-78.5313491821289,-74.80162811279297,-76.92347717285156,-79.63005828857422,-81.70704650878906,-82.4193115234375,-83.00051879882812,-83.878173828125,-84.54264831542969,-84.62859344482422,-85.09593963623047,-84.87334442138672,-84.60541534423828,-84.07616424560547,-84.68352508544922,-84.62434387207031,-83.73651885986328,-84.0053482055664,-83.75180053710938,-84.2341079711914,-83.88798522949219,-83.97087860107422,-84.44589233398438,-84.83663940429688,1.0
-81.26306915283203,-82.40963745117188,-82.24882507324219,-81.95405578613281,-81.96556854248047,-81.64542388916016,-81.88927459716797,-82.36212158203125,-81.26399230957031,-79.53406524658203,-80.06900787353516,-81.0415267944336,-82.10380554199219,-82.93090057373047,-79.58490753173828,-78.76615142822266,-77.4366226196289,-78.22525024414062,-79.1726303100586,-76.76470184326172,-75.86157989501953,-77.3860092163086,-77.93140411376953,-78.33307647705078,-77.6203384399414,-78.5313491821289,-74.80162811279297,-76.92347717285156,-79.63005828857422,-81.70704650878906,-82.4193115234375,-83.00051879882812,-83.878173828125,-84.54264831542969,-84.62859344482422,-85.09593963623047,-84.87334442138672,-84.60541534423828,-84.07616424560547,-84.68352508544922,-84.62434387207031,-83.73651885986328,-84.0053482055664,-83.75180053710938,-84.2341079711914,-83.88798522949219,-83.97087860107422,-84.44589233398438,-84.83663940429688,-84.20986938476562,1.0
-82.40963745117188,-82.24882507324219,-81.95405578613281,-81.96556854248047,-81.64542388916016,-81.88927459716797,-82.36212158203125,-81.26399230957031,-79.53406524658203,-80.06900787353516,-81.0415267944336,-82.10380554199219,-82.93090057373047,-79.58490753173828,-78.76615142822266,-77.4366226196289,-78.22525024414062,-79.1726303100586,-76.76470184326172,-75.86157989501953,-77.3860092163086,-77.93140411376953,-78.33307647705078,-77.6203384399414,-78.5313491821289,-74.80162811279297,-76.92347717285156,-79.63005828857422,-81.70704650878906,-82.4193115234375,-83.00051879882812,-83.878173828125,-84.54264831542969,-84.62859344482422,-85.09593963623047,-84.87334442138672,-84.60541534423828,-84.07616424560547,-84.68352508544922,-84.62434387207031,-83.73651885986328,-84.0053482055664,-83.75180053710938,-84.2341079711914,-83.88798522949219,-83.97087860107422,-84.44589233398438,-84.83663940429688,-84.20986938476562,-83.83323669433594,1.0
-82.24882507324219,-81.95405578613281,-81.96556854248047,-81.64542388916016,-81.88927459716797,-82.36212158203125,-81.26399230957031,-79.53406524658203,-80.06900787353516,-81.0415267944336,-82.10380554199219,-82.93090057373047,-79.58490753173828,-78.76615142822266,-77.4366226196289,-78.22525024414062,-79.1726303100586,-76.76470184326172,-75.86157989501953,-77.3860092163086,-77.93140411376953,-78.33307647705078,-77.6203384399414,-78.5313491821289,-74.80162811279297,-76.92347717285156,-79.63005828857422,-81.70704650878906,-82.4193115234375,-83.00051879882812,-83.878173828125,-84.54264831542969,-84.62859344482422,-85.09593963623047,-84.87334442138672,-84.60541534423828,-84.07616424560547,-84.68352508544922,-84.62434387207031,-83.73651885986328,-84.0053482055664,-83.75180053710938,-84.2341079711914,-83.88798522949219,-83.97087860107422,-84.44589233398438,-84.83663940429688,-84.20986938476562,-83.83323669433594,-84.62826538085938,0.0
-81.95405578613281,-81.96556854248047,-81.64542388916016,-81.88927459716797,-82.36212158203125,-81.26399230957031,-79.53406524658203,-80.06900787353516,-81.0415267944336,-82.10380554199219,-82.93090057373047,-79.58490753173828,-78.76615142822266,-77.4366226196289,-78.22525024414062,-79.1726303100586,-76.76470184326172,-75.86157989501953,-77.3860092163086,-77.93140411376953,-78.33307647705078,-77.6203384399414,-78.5313491821289,-74.80162811279297,-76.92347717285156,-79.63005828857422,-81.70704650878906,-82.4193115234375,-83.00051879882812,-83.878173828125,-84.54264831542969,-84.62859344482422,-85.09593963623047,-84.87334442138672,-84.60541534423828,-84.07616424560547,-84.68352508544922,-84.62434387207031,-83.73651885986328,-84.0053482055664,-83.75180053710938,-84.2341079711914,-83.88798522949219,-83.97087860107422,-84.44589233398438,-84.83663940429688,-84.20986938476562,-83.83323669433594,-84.62826538085938,-85.15338897705078,0.0
-81.96556854248047,-81.64542388916016,-81.88927459716797,-82.36212158203125,-81.26399230957031,-79.53406524658203,-80.06900787353516,-81.0415267944336,-82.10380554199219,-82.93090057373047,-79.58490753173828,-78.76615142822266,-77.4366226196289,-78.22525024414062,-79.1726303100586,-76.76470184326172,-75.86157989501953,-77.3860092163086,-77.93140411376953,-78.33307647705078,-77.6203384399414,-78.5313491821289,-74.80162811279297,-76.92347717285156,-79.63005828857422,-81.70704650878906,-82.4193115234375,-83.00051879882812,-83.878173828125,-84.54264831542969,-84.62859344482422,-85.09593963623047,-84.87334442138672,-84.60541534423828,-84.07616424560547,-84.68352508544922,-84.62434387207031,-83.73651885986328,-84.0053482055664,-83.75180053710938,-84.2341079711914,-83.88798522949219,-83.97087860107422,-84.44589233398438,-84.83663940429688,-84.20986938476562,-83.83323669433594,-84.62826538085938,-85.15338897705078,-85.32539367675781,1.0
-81.64542388916016,-81.88927459716797,-82.36212158203125,-81.26399230957031,-79.53406524658203,-80.06900787353516,-81.0415267944336,-82.10380554199219,-82.93090057373047,-79.58490753173828,-78.76615142822266,-77.4366226196289,-78.22525024414062,-79.1726303100586,-76.76470184326172,-75.86157989501953,-77.3860092163086,-77.93140411376953,-78.33307647705078,-77.6203384399414,-78.5313491821289,-74.80162811279297,-76.92347717285156,-79.63005828857422,-81.70704650878906,-82.4193115234375,-83.00051879882812,-83.878173828125,-84.54264831542969,-84.62859344482422,-85.09593963623047,-84.87334442138672,-84.60541534423828,-84.07616424560547,-84.68352508544922,-84.62434387207031,-83.73651885986328,-84.0053482055664,-83.75180053710938,-84.2341079711914,-83.88798522949219,-83.97087860107422,-84.44589233398438,-84.83663940429688,-84.20986938476562,-83.83323669433594,-84.62826538085938,-85.15338897705078,-85.32539367675781,-84.9864501953125,1.0
-81.88927459716797,-82.36212158203125,-81.26399230957031,-79.53406524658203,-80.06900787353516,-81.0415267944336,-82.10380554199219,-82.93090057373047,-79.58490753173828,-78.76615142822266,-77.4366226196289,-78.22525024414062,-79.1726303100586,-76.76470184326172,-75.86157989501953,-77.3860092163086,-77.93140411376953,-78.33307647705078,-77.6203384399414,-78.5313491821289,-74.80162811279297,-76.92347717285156,-79.63005828857422,-81.70704650878906,-82.4193115234375,-83.00051879882812,-83.878173828125,-84.54264831542969,-84.62859344482422,-85.09593963623047,-84.87334442138672,-84.60541534423828,-84.07616424560547,-84.68352508544922,-84.62434387207031,-83.73651885986328,-84.0053482055664,-83.75180053710938,-84.2341079711914,-83.88798522949219,-83.97087860107422,-84.44589233398438,-84.83663940429688,-84.20986938476562,-83.83323669433594,-84.62826538085938,-85.15338897705078,-85.32539367675781,-84.9864501953125,-83.8214340209961,1.0
-82.36212158203125,-81.26399230957031,-79.53406524658203,-80.06900787353516,-81.0415267944336,-82.10380554199219,-82.93090057373047,-79.58490753173828,-78.76615142822266,-77.4366226196289,-78.22525024414062,-79.1726303100586,-76.76470184326172,-75.86157989501953,-77.3860092163086,-77.93140411376953,-78.33307647705078,-77.6203384399414,-78.5313491821289,-74.80162811279297,-76.92347717285156,-79.63005828857422,-81.70704650878906,-82.4193115234375,-83.00051879882812,-83.878173828125,-84.54264831542969,-84.62859344482422,-85.09593963623047,-84.87334442138672,-84.60541534423828,-84.07616424560547,-84.68352508544922,-84.62434387207031,-83.73651885986328,-84.0053482055664,-83.75180053710938,-84.2341079711914,-83.88798522949219,-83.97087860107422,-84.44589233398438,-84.83663940429688,-84.20986938476562,-83.83323669433594,-84.62826538085938,-85.15338897705078,-85.32539367675781,-84.9864501953125,-83.8214340209961,-84.59315490722656,0.0
-81.26399230957031,-79.53406524658203,-80.06900787353516,-81.0415267944336,-82.10380554199219,-82.93090057373047,-79.58490753173828,-78.76615142822266,-77.4366226196289,-78.22525024414062,-79.1726303100586,-76.76470184326172,-75.86157989501953,-77.3860092163086,-77.93140411376953,-78.33307647705078,-77.6203384399414,-78.5313491821289,-74.80162811279297,-76.92347717285156,-79.63005828857422,-81.70704650878906,-82.4193115234375,-83.00051879882812,-83.878173828125,-84.54264831542969,-84.62859344482422,-85.09593963623047,-84.87334442138672,-84.60541534423828,-84.07616424560547,-84.68352508544922,-84.62434387207031,-83.73651885986328,-84.0053482055664,-83.75180053710938,-84.2341079711914,-83.88798522949219,-83.97087860107422,-84.44589233398438,-84.83663940429688,-84.20986938476562,-83.83323669433594,-84.62826538085938,-85.15338897705078,-85.32539367675781,-84.9864501953125,-83.8214340209961,-84.59315490722656,-84.79077911376953,0.0
-79.53406524658203,-80.06900787353516,-81.0415267944336,-82.10380554199219,-82.93090057373047,-79.58490753173828,-78.76615142822266,-77.4366226196289,-78.22525024414062,-79.1726303100586,-76.76470184326172,-75.86157989501953,-77.3860092163086,-77.93140411376953,-78.33307647705078,-77.6203384399414,-78.5313491821289,-74.80162811279297,-76.92347717285156,-79.63005828857422,-81.70704650878906,-82.4193115234375,-83.00051879882812,-83.878173828125,-84.54264831542969,-84.62859344482422,-85.09593963623047,-84.87334442138672,-84.60541534423828,-84.07616424560547,-84.68352508544922,-84.62434387207031,-83.73651885986328,-84.0053482055664,-83.75180053710938,-84.2341079711914,-83.88798522949219,-83.97087860107422,-84.44589233398438,-84.83663940429688,-84.20986938476562,-83.83323669433594,-84.62826538085938,-85.15338897705078,-85.32539367675781,-84.9864501953125,-83.8214340209961,-84.59315490722656,-84.79077911376953,-84.38732147216797,1.0
-80.06900787353516,-81.0415267944336,-82.10380554199219,-82.93090057373047,-79.58490753173828,-78.76615142822266,-77.4366226196289,-78.22525024414062,-79.1726303100586,-76.76470184326172,-75.86157989501953,-77.3860092163086,-77.93140411376953,-78.33307647705078,-77.6203384399414,-78.5313491821289,-74.80162811279297,-76.92347717285156,-79.63005828857422,-81.70704650878906,-82.4193115234375,-83.00051879882812,-83.878173828125,-84.54264831542969,-84.62859344482422,-85.09593963623047,-84.87334442138672,-84.60541534423828,-84.07616424560547,-84.68352508544922,-84.62434387207031,-83.73651885986328,-84.0053482055664,-83.75180053710938,-84.2341079711914,-83.88798522949219,-83.97087860107422,-84.44589233398438,-84.83663940429688,-84.20986938476562,-83.83323669433594,-84.62826538085938,-85.15338897705078,-85.32539367675781,-84.9864501953125,-83.8214340209961,-84.59315490722656,-84.79077911376953,-84.38732147216797,-83.72972106933594,1.0
-81.0415267944336,-82.10380554199219,-82.93090057373047,-79.58490753173828,-78.76615142822266,-77.4366226196289,-78.22525024414062,-79.1726303100586,-76.76470184326172,-75.86157989501953,-77.3860092163086,-77.93140411376953,-78.33307647705078,-77.6203384399414,-78.5313491821289,-74.80162811279297,-76.92347717285156,-79.63005828857422,-81.70704650878906,-82.4193115234375,-83.00051879882812,-83.878173828125,-84.54264831542969,-84.62859344482422,-85.09593963623047,-84.87334442138672,-84.60541534423828,-84.07616424560547,-84.68352508544922,-84.62434387207031,-83.73651885986328,-84.0053482055664,-83.75180053710938,-84.2341079711914,-83.88798522949219,-83.97087860107422,-84.44589233398438,-84.83663940429688,-84.20986938476562,-83.83323669433594,-84.62826538085938,-85.15338897705078,-85.32539367675781,-84.9864501953125,-83.8214340209961,-84.59315490722656,-84.79077911376953,-84.38732147216797,-83.72972106933594,-84.21858978271484,1.0
-82.10380554199219,-82.93090057373047,-79.58490753173828,-78.76615142822266,-77.4366226196289,-78.22525024414062,-79.1726303100586,-76.76470184326172,-75.86157989501953,-77.3860092163086,-77.93140411376953,-78.33307647705078,-77.6203384399414,-78.5313491821289,-74.80162811279297,-76.92347717285156,-79.63005828857422,-81.70704650878906,-82.4193115234375,-83.00051879882812,-83.878173828125,-84.54264831542969,-84.62859344482422,-85.09593963623047,-84.87334442138672,-84.60541534423828,-84.07616424560547,-84.68352508544922,-84.62434387207031,-83.73651885986328,-84.0053482055664,-83.75180053710938,-84.2341079711914,-83.88798522949219,-83.97087860107422,-84.44589233398438,-84.83663940429688,-84.20986938476562,-83.83323669433594,-84.62826538085938,-85.15338897705078,-85.32539367675781,-84.9864501953125,-83.8214340209961,-84.59315490722656,-84.79077911376953,-84.38732147216797,-83.72972106933594,-84.21858978271484,-84.84183502197266,1.0
-82.93090057373047,-79.58490753173828,-78.76615142822266,-77.4366226196289,-78.22525024414062,-79.1726303100586,-76.76470184326172,-75.86157989501953,-77.3860092163086,-77.93140411376953,-78.33307647705078,-77.6203384399414,-78.5313491821289,-74.80162811279297,-76.92347717285156,-79.63005828857422,-81.70704650878906,-82.4193115234375,-83.00051879882812,-83.878173828125,-84.54264831542969,-84.62859344482422,-85.09593963623047,-84.87334442138672,-84.60541534423828,-84.07616424560547,-84.68352508544922,-84.62434387207031,-83.73651885986328,-84.0053482055664,-83.75180053710938,-84.2341079711914,-83.88798522949219,-83.97087860107422,-84.44589233398438,-84.83663940429688,-84.20986938476562,-83.83323669433594,-84.62826538085938,-85.15338897705078,-85.32539367675781,-84.9864501953125,-83.8214340209961,-84.59315490722656,-84.79077911376953,-84.38732147216797,-83.72972106933594,-84.21858978271484,-84.84183502197266,-84.87353515625,1.0
-79.58490753173828,-78.76615142822266,-77.4366226196289,-78.22525024414062,-79.1726303100586,-76.76470184326172,-75.86157989501953,-77.3860092163086,-77.93140411376953,-78.33307647705078,-77.6203384399414,-78.5313491821289,-74.80162811279297,-76.92347717285156,-79.63005828857422,-81.70704650878906,-82.4193115234375,-83.00051879882812,-83.878173828125,-84.54264831542969,-84.62859344482422,-85.09593963623047,-84.87334442138672,-84.60541534423828,-84.07616424560547,-84.68352508544922,-84.62434387207031,-83.73651885986328,-84.0053482055664,-83.75180053710938,-84.2341079711914,-83.88798522949219,-83.97087860107422,-84.44589233398438,-84.83663940429688,-84.20986938476562,-83.83323669433594,-84.62826538085938,-85.15338897705078,-85.32539367675781,-84.9864501953125,-83.8214340209961,-84.59315490722656,-84.79077911376953,-84.38732147216797,-83.72972106933594,-84.21858978271484,-84.84183502197266,-84.87353515625,-84.33011627197266,0.0
-78.76615142822266,-77.4366226196289,-78.22525024414062,-79.1726303100586,-76.76470184326172,-75.86157989501953,-77.3860092163086,-77.93140411376953,-78.33307647705078,-77.6203384399414,-78.5313491821289,-74.80162811279297,-76.92347717285156,-79.63005828857422,-81.70704650878906,-82.4193115234375,-83.00051879882812,-83.878173828125,-84.54264831542969,-84.62859344482422,-85.09593963623047,-84.87334442138672,-84.60541534423828,-84.07616424560547,-84.68352508544922,-84.62434387207031,-83.73651885986328,-84.0053482055664,-83.75180053710938,-84.2341079711914,-83.88798522949219,-83.97087860107422,-84.44589233398438,-84.83663940429688,-84.20986938476562,-83.83323669433594,-84.62826538085938,-85.15338897705078,-85.32539367675781,-84.9864501953125,-83.8214340209961,-84.59315490722656,-84.79077911376953,-84.38732147216797,-83.72972106933594,-84.21858978271484,-84.84183502197266,-84.87353515625,-84.33011627197266,-84.89501190185547,1.0
-77.4366226196289,-78.22525024414062,-79.1726303100586,-76.76470184326172,-75.86157989501953,-77.3860092163086,-77.93140411376953,-78.33307647705078,-77.6203384399414,-78.5313491821289,-74.80162811279297,-76.92347717285156,-79.63005828857422,-81.70704650878906,-82.4193115234375,-83.00051879882812,-83.878173828125,-84.54264831542969,-84.62859344482422,-85.09593963623047,-84.87334442138672,-84.60541534423828,-84.07616424560547,-84.68352508544922,-84.62434387207031,-83.73651885986328,-84.0053482055664,-83.75180053710938,-84.2341079711914,-83.88798522949219,-83.97087860107422,-84.44589233398438,-84.83663940429688,-84.20986938476562,-83.83323669433594,-84.62826538085938,-85.15338897705078,-85.32539367675781,-84.9864501953125,-83.8214340209961,-84.59315490722656,-84.79077911376953,-84.38732147216797,-83.72972106933594,-84.21858978271484,-84.84183502197266,-84.87353515625,-84.33011627197266,-84.89501190185547,-85.13369750976562,1.0
-78.22525024414062,-79.1726303100586,-76.76470184326172,-75.86157989501953,-77.3860092163086,-77.93140411376953,-78.33307647705078,-77.6203384399414,-78.5313491821289,-74.80162811279297,-76.92347717285156,-79.63005828857422,-81.70704650878906,-82.4193115234375,-83.00051879882812,-83.878173828125,-84.54264831542969,-84.62859344482422,-85.09593963623047,-84.87334442138672,-84.60541534423828,-84.07616424560547,-84.68352508544922,-84.62434387207031,-83.73651885986328,-84.0053482055664,-83.75180053710938,-84.2341079711914,-83.88798522949219,-83.97087860107422,-84.44589233398438,-84.83663940429688,-84.20986938476562,-83.83323669433594,-84.62826538085938,-85.15338897705078,-85.32539367675781,-84.9864501953125,-83.8214340209961,-84.59315490722656,-84.79077911376953,-84.38732147216797,-83.72972106933594,-84.21858978271484,-84.84183502197266,-84.87353515625,-84.33011627197266,-84.89501190185547,-85.13369750976562,-85.2825927734375,0.0
-79.1726303100586,-76.76470184326172,-75.86157989501953,-77.3860092163086,-77.93140411376953,-78.33307647705078,-77.6203384399414,-78.5313491821289,-74.80162811279297,-76.92347717285156,-79.63005828857422,-81.70704650878906,-82.4193115234375,-83.00051879882812,-83.878173828125,-84.54264831542969,-84.62859344482422,-85.09593963623047,-84.87334442138672,-84.60541534423828,-84.07616424560547,-84.68352508544922,-84.62434387207031,-83.73651885986328,-84.0053482055664,-83.75180053710938,-84.2341079711914,-83.88798522949219,-83.97087860107422,-84.44589233398438,-84.83663940429688,-84.20986938476562,-83.83323669433594,-84.62826538085938,-85.15338897705078,-85.32539367675781,-84.9864501953125,-83.8214340209961,-84.59315490722656,-84.79077911376953,-84.38732147216797,-83.72972106933594,-84.21858978271484,-84.84183502197266,-84.87353515625,-84.33011627197266,-84.89501190185547,-85.13369750976562,-85.2825927734375,-85.8360366821289,1.0
-76.76470184326172,-75.86157989501953,-77.3860092163086,-77.93140411376953,-78.33307647705078,-77.6203384399414,-78.5313491821289,-74.80162811279297,-76.92347717285156,-79.63005828857422,-81.70704650878906,-82.4193115234375,-83.00051879882812,-83.878173828125,-84.54264831542969,-84.62859344482422,-85.09593963623047,-84.87334442138672,-84.60541534423828,-84.07616424560547,-84.68352508544922,-84.62434387207031,-83.73651885986328,-84.0053482055664,-83.75180053710938,-84.2341079711914,-83.88798522949219,-83.97087860107422,-84.44589233398438,-84.83663940429688,-84.20986938476562,-83.83323669433594,-84.62826538085938,-85.15338897705078,-85.32539367675781,-84.9864501953125,-83.8214340209961,-84.59315490722656,-84.79077911376953,-84.38732147216797,-83.72972106933594,-84.21858978271484,-84.84183502197266,-84.87353515625,-84.33011627197266,-84.89501190185547,-85.13369750976562,-85.2825927734375,-85.8360366821289,-86.24069213867188,1.0
-75.86157989501953,-77.3860092163086,-77.93140411376953,-78.33307647705078,-77.6203384399414,-78.5313491821289,-74.80162811279297,-76.92347717285156,-79.63005828857422,-81.70704650878906,-82.4193115234375,-83.00051879882812,-83.878173828125,-84.54264831542969,-84.62859344482422,-85.09593963623047,-84.87334442138672,-84.60541534423828,-84.07616424560547,-84.68352508544922,-84.62434387207031,-83.73651885986328,-84.0053482055664,-83.75180053710938,-84.2341079711914,-83.88798522949219,-83.97087860107422,-84.44589233398438,-84.83663940429688,-84.20986938476562,-83.83323669433594,-84.62826538085938,-85.15338897705078,-85.32539367675781,-84.9864501953125,-83.8214340209961,-84.59315490722656,-84.79077911376953,-84.38732147216797,-83.72972106933594,-84.21858978271484,-84.84183502197266,-84.87353515625,-84.33011627197266,-84.89501190185547,-85.13369750976562,-85.2825927734375,-85.8360366821289,-86.24069213867188,-86.13658142089844,0.0
-77.3860092163086,-77.93140411376953,-78.33307647705078,-77.6203384399414,-78.5313491821289,-74.80162811279297,-76.92347717285156,-79.63005828857422,-81.70704650878906,-82.4193115234375,-83.00051879882812,-83.878173828125,-84.54264831542969,-84.62859344482422,-85.09593963623047,-84.87334442138672,-84.60541534423828,-84.07616424560547,-84.68352508544922,-84.62434387207031,-83.73651885986328,-84.0053482055664,-83.75180053710938,-84.2341079711914,-83.88798522949219,-83.97087860107422,-84.44589233398438,-84.83663940429688,-84.20986938476562,-83.83323669433594,-84.62826538085938,-85.15338897705078,-85.32539367675781,-84.9864501953125,-83.8214340209961,-84.59315490722656,-84.79077911376953,-84.38732147216797,-83.72972106933594,-84.21858978271484,-84.84183502197266,-84.87353515625,-84.33011627197266,-84.89501190185547,-85.13369750976562,-85.2825927734375,-85.8360366821289,-86.24069213867188,-86.13658142089844,-86.35619354248047,0.0
-77.93140411376953,-78.33307647705078,-77.6203384399414,-78.5313491821289,-74.80162811279297,-76.92347717285156,-79.63005828857422,-81.70704650878906,-82.4193115234375,-83.00051879882812,-83.878173828125,-84.54264831542969,-84.62859344482422,-85.09593963623047,-84.87334442138672,-84.60541534423828,-84.07616424560547,-84.68352508544922,-84.62434387207031,-83.73651885986328,-84.0053482055664,-83.75180053710938,-84.2341079711914,-83.88798522949219,-83.97087860107422,-84.44589233398438,-84.83663940429688,-84.20986938476562,-83.83323669433594,-84.62826538085938,-85.15338897705078,-85.32539367675781,-84.9864501953125,-83.8214340209961,-84.59315490722656,-84.79077911376953,-84.38732147216797,-83.72972106933594,-84.21858978271484,-84.84183502197266,-84.87353515625,-84.33011627197266,-84.89501190185547,-85.13369750976562,-85.2825927734375,-85.8360366821289,-86.24069213867188,-86.13658142089844,-86.35619354248047,-86.58019256591797,1.0
-78.33307647705078,-77.6203384399414,-78.5313491821289,-74.80162811279297,-76.92347717285156,-79.63005828857422,-81.70704650878906,-82.4193115234375,-83.00051879882812,-83.878173828125,-84.54264831542969,-84.62859344482422,-85.09593963623047,-84.87334442138672,-84.60541534423828,-84.07616424560547,-84.68352508544922,-84.62434387207031,-83.73651885986328,-84.0053482055664,-83.75180053710938,-84.2341079711914,-83.88798522949219,-83.97087860107422,-84.44589233398438,-84.83663940429688,-84.20986938476562,-83.83323669433594,-84.62826538085938,-85.15338897705078,-85.32539367675781,-84.9864501953125,-83.8214340209961,-84.59315490722656,-84.79077911376953,-84.38732147216797,-83.72972106933594,-84.21858978271484,-84.84183502197266,-84.87353515625,-84.33011627197266,-84.89501190185547,-85.13369750976562,-85.2825927734375,-85.8360366821289,-86.24069213867188,-86.13658142089844,-86.35619354248047,-86.58019256591797,-86.46436309814453,0.0
-77.6203384399414,-78.5313491821289,-74.80162811279297,-76.92347717285156,-79.63005828857422,-81.70704650878906,-82.4193115234375,-83.00051879882812,-83.878173828125,-84.54264831542969,-84.62859344482422,-85.09593963623047,-84.87334442138672,-84.60541534423828,-84.07616424560547,-84.68352508544922,-84.62434387207031,-83.73651885986328,-84.0053482055664,-83.75180053710938,-84.2341079711914,-83.88798522949219,-83.97087860107422,-84.44589233398438,-84.83663940429688,-84.20986938476562,-83.83323669433594,-84.62826538085938,-85.15338897705078,-85.32539367675781,-84.9864501953125,-83.8214340209961,-84.59315490722656,-84.79077911376953,-84.38732147216797,-83.72972106933594,-84.21858978271484,-84.84183502197266,-84.87353515625,-84.33011627197266,-84.89501190185547,-85.13369750976562,-85.2825927734375,-85.8360366821289,-86.24069213867188,-86.13658142089844,-86.35619354248047,-86.58019256591797,-86.46436309814453,-85.24723052978516,0.0
-78.5313491821289,-74.80162811279297,-76.92347717285156,-79.63005828857422,-81.70704650878906,-82.4193115234375,-83.00051879882812,-83.878173828125,-84.54264831542969,-84.62859344482422,-85.09593963623047,-84.87334442138672,-84.60541534423828,-84.07616424560547,-84.68352508544922,-84.62434387207031,-83.73651885986328,-84.0053482055664,-83.75180053710938,-84.2341079711914,-83.88798522949219,-83.97087860107422,-84.44589233398438,-84.83663940429688,-84.20986938476562,-83.83323669433594,-84.62826538085938,-85.15338897705078,-85.32539367675781,-84.9864501953125,-83.8214340209961,-84.59315490722656,-84.79077911376953,-84.38732147216797,-83.72972106933594,-84.21858978271484,-84.84183502197266,-84.87353515625,-84.33011627197266,-84.89501190185547,-85.13369750976562,-85.2825927734375,-85.8360366821289,-86.24069213867188,-86.13658142089844,-86.35619354248047,-86.58019256591797,-86.46436309814453,-85.24723052978516,-78.8638687133789,0.0
-74.80162811279297,-76.92347717285156,-79.63005828857422,-81.70704650878906,-82.4193115234375,-83.00051879882812,-83.878173828125,-84.54264831542969,-84.62859344482422,-85.09593963623047,-84.87334442138672,-84.60541534423828,-84.07616424560547,-84.68352508544922,-84.62434387207031,-83.73651885986328,-84.0053482055664,-83.75180053710938,-84.2341079711914,-83.88798522949219,-83.97087860107422,-84.44589233398438,-84.83663940429688,-84.20986938476562,-83.83323669433594,-84.62826538085938,-85.15338897705078,-85.32539367675781,-84.9864501953125,-83.8214340209961,-84.59315490722656,-84.79077911376953,-84.38732147216797,-83.72972106933594,-84.21858978271484,-84.84183502197266,-84.87353515625,-84.33011627197266,-84.89501190185547,-85.13369750976562,-85.2825927734375,-85.8360366821289,-86.24069213867188,-86.13658142089844,-86.35619354248047,-86.58019256591797,-86.46436309814453,-85.24723052978516,-78.8638687133789,-75.99937438964844,1.0
-76.92347717285156,-79.63005828857422,-81.70704650878906,-82.4193115234375,-83.00051879882812,-83.878173828125,-84.54264831542969,-84.62859344482422,-85.09593963623047,-84.87334442138672,-84.60541534423828,-84.07616424560547,-84.68352508544922,-84.62434387207031,-83.73651885986328,-84.0053482055664,-83.75180053710938,-84.2341079711914,-83.88798522949219,-83.97087860107422,-84.44589233398438,-84.83663940429688,-84.20986938476562,-83.83323669433594,-84.62826538085938,-85.15338897705078,-85.32539367675781,-84.9864501953125,-83.8214340209961,-84.59315490722656,-84.79077911376953,-84.38732147216797,-83.72972106933594,-84.21858978271484,-84.84183502197266,-84.87353515625,-84.33011627197266,-84.89501190185547,-85.13369750976562,-85.2825927734375,-85.8360366821289,-86.24069213867188,-86.13658142089844,-86.35619354248047,-86.58019256591797,-86.46436309814453,-85.24723052978516,-78.8638687133789,-75.99937438964844,-78.268798828125,0.0
-79.63005828857422,-81.70704650878906,-82.4193115234375,-83.00051879882812,-83.878173828125,-84.54264831542969,-84.62859344482422,-85.09593963623047,-84.87334442138672,-84.60541534423828,-84.07616424560547,-84.68352508544922,-84.62434387207031,-83.73651885986328,-84.0053482055664,-83.75180053710938,-84.2341079711914,-83.88798522949219,-83.97087860107422,-84.44589233398438,-84.83663940429688,-84.20986938476562,-83.83323669433594,-84.62826538085938,-85.15338897705078,-85.32539367675781,-84.9864501953125,-83.8214340209961,-84.59315490722656,-84.79077911376953,-84.38732147216797,-83.72972106933594,-84.21858978271484,-84.84183502197266,-84.87353515625,-84.33011627197266,-84.89501190185547,-85.13369750976562,-85.2825927734375,-85.8360366821289,-86.24069213867188,-86.13658142089844,-86.35619354248047,-86.58019256591797,-86.46436309814453,-85.24723052978516,-78.8638687133789,-75.99937438964844,-78.268798828125,-76.80668640136719,0.0
-81.70704650878906,-82.4193115234375,-83.00051879882812,-83.878173828125,-84.54264831542969,-84.62859344482422,-85.09593963623047,-84.87334442138672,-84.60541534423828,-84.07616424560547,-84.68352508544922,-84.62434387207031,-83.73651885986328,-84.0053482055664,-83.75180053710938,-84.2341079711914,-83.88798522949219,-83.97087860107422,-84.44589233398438,-84.83663940429688,-84.20986938476562,-83.83323669433594,-84.62826538085938,-85.15338897705078,-85.32539367675781,-84.9864501953125,-83.8214340209961,-84.59315490722656,-84.79077911376953,-84.38732147216797,-83.72972106933594,-84.21858978271484,-84.84183502197266,-84.87353515625,-84.33011627197266,-84.89501190185547,-85.13369750976562,-85.2825927734375,-85.8360366821289,-86.24069213867188,-86.13658142089844,-86.35619354248047,-86.58019256591797,-86.46436309814453,-85.24723052978516,-78.8638687133789,-75.99937438964844,-78.268798828125,-76.80668640136719,-76.2906265258789,0.0
-82.4193115234375,-83.00051879882812,-83.878173828125,-84.54264831542969,-84.62859344482422,-85.09593963623047,-84.87334442138672,-84.60541534423828,-84.07616424560547,-84.68352508544922,-84.62434387207031,-83.73651885986328,-84.0053482055664,-83.75180053710938,-84.2341079711914,-83.88798522949219,-83.97087860107422,-84.44589233398438,-84.83663940429688,-84.20986938476562,-83.83323669433594,-84.62826538085938,-85.15338897705078,-85.32539367675781,-84.9864501953125,-83.8214340209961,-84.59315490722656,-84.79077911376953,-84.38732147216797,-83.72972106933594,-84.21858978271484,-84.84183502197266,-84.87353515625,-84.33011627197266,-84.89501190185547,-85.13369750976562,-85.2825927734375,-85.8360366821289,-86.24069213867188,-86.13658142089844,-86.35619354248047,-86.58019256591797,-86.46436309814453,-85.24723052978516,-78.8638687133789,-75.99937438964844,-78.268798828125,-76.80668640136719,-76.2906265258789,-75.73401641845703,1.0
-83.00051879882812,-83.878173828125,-84.54264831542969,-84.62859344482422,-85.09593963623047,-84.87334442138672,-84.60541534423828,-84.07616424560547,-84.68352508544922,-84.62434387207031,-83.73651885986328,-84.0053482055664,-83.75180053710938,-84.2341079711914,-83.88798522949219,-83.97087860107422,-84.44589233398438,-84.83663940429688,-84.20986938476562,-83.83323669433594,-84.62826538085938,-85.15338897705078,-85.32539367675781,-84.9864501953125,-83.8214340209961,-84.59315490722656,-84.79077911376953,-84.38732147216797,-83.72972106933594,-84.21858978271484,-84.84183502197266,-84.87353515625,-84.33011627197266,-84.89501190185547,-85.13369750976562,-85.2825927734375,-85.8360366821289,-86.24069213867188,-86.13658142089844,-86.35619354248047,-86.58019256591797,-86.46436309814453,-85.24723052978516,-78.8638687133789,-75.99937438964844,-78.268798828125,-76.80668640136719,-76.2906265258789,-75.73401641845703,-73.12045288085938,0.0
-83.878173828125,-84.54264831542969,-84.62859344482422,-85.09593963623047,-84.87334442138672,-84.60541534423828,-84.07616424560547,-84.68352508544922,-84.62434387207031,-83.73651885986328,-84.0053482055664,-83.75180053710938,-84.2341079711914,-83.88798522949219,-83.97087860107422,-84.44589233398438,-84.83663940429688,-84.20986938476562,-83.83323669433594,-84.62826538085938,-85.15338897705078,-85.32539367675781,-84.9864501953125,-83.8214340209961,-84.59315490722656,-84.79077911376953,-84.38732147216797,-83.72972106933594,-84.21858978271484,-84.84183502197266,-84.87353515625,-84.33011627197266,-84.89501190185547,-85.13369750976562,-85.2825927734375,-85.8360366821289,-86.24069213867188,-86.13658142089844,-86.35619354248047,-86.58019256591797,-86.46436309814453,-85.24723052978516,-78.8638687133789,-75.99937438964844,-78.268798828125,-76.80668640136719,-76.2906265258789,-75.73401641845703,-73.12045288085938,-72.371826171875,0.0
-84.54264831542969,-84.62859344482422,-85.09593963623047,-84.87334442138672,-84.60541534423828,-84.07616424560547,-84.68352508544922,-84.62434387207031,-83.73651885986328,-84.0053482055664,-83.75180053710938,-84.2341079711914,-83.88798522949219,-83.97087860107422,-84.44589233398438,-84.83663940429688,-84.20986938476562,-83.83323669433594,-84.62826538085938,-85.15338897705078,-85.32539367675781,-84.9864501953125,-83.8214340209961,-84.59315490722656,-84.79077911376953,-84.38732147216797,-83.72972106933594,-84.21858978271484,-84.84183502197266,-84.87353515625,-84.33011627197266,-84.89501190185547,-85.13369750976562,-85.2825927734375,-85.8360366821289,-86.24069213867188,-86.13658142089844,-86.35619354248047,-86.58019256591797,-86.46436309814453,-85.24723052978516,-78.8638687133789,-75.99937438964844,-78.268798828125,-76.80668640136719,-76.2906265258789,-75.73401641845703,-73.12045288085938,-72.371826171875,-72.80909729003906,1.0
-84.62859344482422,-85.09593963623047,-84.87334442138672,-84.60541534423828,-84.07616424560547,-84.68352508544922,-84.62434387207031,-83.73651885986328,-84.0053482055664,-83.75180053710938,-84.2341079711914,-83.88798522949219,-83.97087860107422,-84.44589233398438,-84.83663940429688,-84.20986938476562,-83.83323669433594,-84.62826538085938,-85.15338897705078,-85.32539367675781,-84.9864501953125,-83.8214340209961,-84.59315490722656,-84.79077911376953,-84.38732147216797,-83.72972106933594,-84.21858978271484,-84.84183502197266,-84.87353515625,-84.33011627197266,-84.89501190185547,-85.13369750976562,-85.2825927734375,-85.8360366821289,-86.24069213867188,-86.13658142089844,-86.35619354248047,-86.58019256591797,-86.46436309814453,-85.24723052978516,-78.8638687133789,-75.99937438964844,-78.268798828125,-76.80668640136719,-76.2906265258789,-75.73401641845703,-73.12045288085938,-72.371826171875,-72.80909729003906,-71.75773620605469,0.0
-85.09593963623047,-84.87334442138672,-84.60541534423828,-84.07616424560547,-84.68352508544922,-84.62434387207031,-83.73651885986328,-84.0053482055664,-83.75180053710938,-84.2341079711914,-83.88798522949219,-83.97087860107422,-84.44589233398438,-84.83663940429688,-84.20986938476562,-83.83323669433594,-84.62826538085938,-85.15338897705078,-85.32539367675781,-84.9864501953125,-83.8214340209961,-84.59315490722656,-84.79077911376953,-84.38732147216797,-83.72972106933594,-84.21858978271484,-84.84183502197266,-84.87353515625,-84.33011627197266,-84.89501190185547,-85.13369750976562,-85.2825927734375,-85.8360366821289,-86.24069213867188,-86.13658142089844,-86.35619354248047,-86.58019256591797,-86.46436309814453,-85.24723052978516,-78.8638687133789,-75.99937438964844,-78.268798828125,-76.80668640136719,-76.2906265258789,-75.73401641845703,-73.12045288085938,-72.371826171875,-72.80909729003906,-71.75773620605469,-71.45307922363281,1.0
-84.87334442138672,-84.60541534423828,-84.07616424560547,-84.68352508544922,-84.62434387207031,-83.73651885986328,-84.0053482055664,-83.75180053710938,-84.2341079711914,-83.88798522949219,-83.97087860107422,-84.44589233398438,-84.83663940429688,-84.20986938476562,-83.83323669433594,-84.62826538085938,-85.15338897705078,-85.32539367675781,-84.9864501953125,-83.8214340209961,-84.59315490722656,-84.79077911376953,-84.38732147216797,-83.72972106933594,-84.21858978271484,-84.84183502197266,-84.87353515625,-84.33011627197266,-84.89501190185547,-85.13369750976562,-85.2825927734375,-85.8360366821289,-86.24069213867188,-86.13658142089844,-86.35619354248047,-86.58019256591797,-86.46436309814453,-85.24723052978516,-78.8638687133789,-75.99937438964844,-78.268798828125,-76.80668640136719,-76.2906265258789,-75.73401641845703,-73.12045288085938,-72.371826171875,-72.80909729003906,-71.75773620605469,-71.45307922363281,-71.48150634765625,0.0
-84.60541534423828,-84.07616424560547,-84.68352508544922,-84.62434387207031,-83.73651885986328,-84.0053482055664,-83.75180053710938,-84.2341079711914,-83.88798522949219,-83.97087860107422,-84.44589233398438,-84.83663940429688,-84.20986938476562,-83.83323669433594,-84.62826538085938,-85.15338897705078,-85.32539367675781,-84.9864501953125,-83.8214340209961,-84.59315490722656,-84.79077911376953,-84.38732147216797,-83.72972106933594,-84.21858978271484,-84.84183502197266,-84.87353515625,-84.33011627197266,-84.89501190185547,-85.13369750976562,-85.2825927734375,-85.8360366821289,-86.24069213867188,-86.13658142089844,-86.35619354248047,-86.58019256591797,-86.46436309814453,-85.24723052978516,-78.8638687133789,-75.99937438964844,-78.268798828125,-76.80668640136719,-76.2906265258789,-75.73401641845703,-73.12045288085938,-72.371826171875,-72.80909729003906,-71.75773620605469,-71.45307922363281,-71.48150634765625,-71.41340637207031,0.0
-84.07616424560547,-84.68352508544922,-84.62434387207031,-83.73651885986328,-84.0053482055664,-83.75180053710938,-84.2341079711914,-83.88798522949219,-83.97087860107422,-84.44589233398438,-84.83663940429688,-84.20986938476562,-83.83323669433594,-84.62826538085938,-85.15338897705078,-85.32539367675781,-84.9864501953125,-83.8214340209961,-84.59315490722656,-84.79077911376953,-84.38732147216797,-83.72972106933594,-84.21858978271484,-84.84183502197266,-84.87353515625,-84.33011627197266,-84.89501190185547,-85.13369750976562,-85.2825927734375,-85.8360366821289,-86.24069213867188,-86.13658142089844,-86.35619354248047,-86.58019256591797,-86.46436309814453,-85.24723052978516,-78.8638687133789,-75.99937438964844,-78.268798828125,-76.80668640136719,-76.2906265258789,-75.73401641845703,-73.12045288085938,-72.371826171875,-72.80909729003906,-71.75773620605469,-71.45307922363281,-71.48150634765625,-71.41340637207031,-71.05481719970703,0.0
-84.68352508544922,-84.62434387207031,-83.73651885986328,-84.0053482055664,-83.75180053710938,-84.2341079711914,-83.88798522949219,-83.97087860107422,-84.44589233398438,-84.83663940429688,-84.20986938476562,-83.83323669433594,-84.62826538085938,-85.15338897705078,-85.32539367675781,-84.9864501953125,-83.8214340209961,-84.59315490722656,-84.79077911376953,-84.38732147216797,-83.72972106933594,-84.21858978271484,-84.84183502197266,-84.87353515625,-84.33011627197266,-84.89501190185547,-85.13369750976562,-85.2825927734375,-85.8360366821289,-86.24069213867188,-86.13658142089844,-86.35619354248047,-86.58019256591797,-86.46436309814453,-85.24723052978516,-78.8638687133789,-75.99937438964844,-78.268798828125,-76.80668640136719,-76.2906265258789,-75.73401641845703,-73.12045288085938,-72.371826171875,-72.80909729003906,-71.75773620605469,-71.45307922363281,-71.48150634765625,-71.41340637207031,-71.05481719970703,-73.38236236572266,0.0
-84.62434387207031,-83.73651885986328,-84.0053482055664,-83.75180053710938,-84.2341079711914,-83.88798522949219,-83.97087860107422,-84.44589233398438,-84.83663940429688,-84.20986938476562,-83.83323669433594,-84.62826538085938,-85.15338897705078,-85.32539367675781,-84.9864501953125,-83.8214340209961,-84.59315490722656,-84.79077911376953,-84.38732147216797,-83.72972106933594,-84.21858978271484,-84.84183502197266,-84.87353515625,-84.33011627197266,-84.89501190185547,-85.13369750976562,-85.2825927734375,-85.8360366821289,-86.24069213867188,-86.13658142089844,-86.35619354248047,-86.58019256591797,-86.46436309814453,-85.24723052978516,-78.8638687133789,-75.99937438964844,-78.268798828125,-76.80668640136719,-76.2906265258789,-75.73401641845703,-73.12045288085938,-72.371826171875,-72.80909729003906,-71.75773620605469,-71.45307922363281,-71.48150634765625,-71.41340637207031,-71.05481719970703,-73.38236236572266,-73.58512115478516,0.0
-83.73651885986328,-84.0053482055664,-83.75180053710938,-84.2341079711914,-83.88798522949219,-83.97087860107422,-84.44589233398438,-84.83663940429688,-84.20986938476562,-83.83323669433594,-84.62826538085938,-85.15338897705078,-85.32539367675781,-84.9864501953125,-83.8214340209961,-84.59315490722656,-84.79077911376953,-84.38732147216797,-83.72972106933594,-84.21858978271484,-84.84183502197266,-84.87353515625,-84.33011627197266,-84.89501190185547,-85.13369750976562,-85.2825927734375,-85.8360366821289,-86.24069213867188,-86.13658142089844,-86.35619354248047,-86.58019256591797,-86.46436309814453,-85.24723052978516,-78.8638687133789,-75.99937438964844,-78.268798828125,-76.80668640136719,-76.2906265258789,-75.73401641845703,-73.12045288085938,-72.371826171875,-72.80909729003906,-71.75773620605469,-71.45307922363281,-71.48150634765625,-71.41340637207031,-71.05481719970703,-73.38236236572266,-73.58512115478516,-72.63837432861328,0.0
-84.0053482055664,-83.75180053710938,-84.2341079711914,-83.88798522949219,-83.97087860107422,-84.44589233398438,-84.83663940429688,-84.20986938476562,-83.83323669433594,-84.62826538085938,-85.15338897705078,-85.32539367675781,-84.9864501953125,-83.8214340209961,-84.59315490722656,-84.79077911376953,-84.38732147216797,-83.72972106933594,-84.21858978271484,-84.84183502197266,-84.87353515625,-84.33011627197266,-84.89501190185547,-85.13369750976562,-85.2825927734375,-85.8360366821289,-86.24069213867188,-86.13658142089844,-86.35619354248047,-86.58019256591797,-86.46436309814453,-85.24723052978516,-78.8638687133789,-75.99937438964844,-78.268798828125,-76.80668640136719,-76.2906265258789,-75.73401641845703,-73.12045288085938,-72.371826171875,-72.80909729003906,-71.75773620605469,-71.45307922363281,-71.48150634765625,-71.41340637207031,-71.05481719970703,-73.38236236572266,-73.58512115478516,-72.63837432861328,-72.54927062988281,0.0
-83.75180053710938,-84.2341079711914,-83.88798522949219,-83.97087860107422,-84.44589233398438,-84.83663940429688,-84.20986938476562,-83.83323669433594,-84.62826538085938,-85.15338897705078,-85.32539367675781,-84.9864501953125,-83.8214340209961,-84.59315490722656,-84.79077911376953,-84.38732147216797,-83.72972106933594,-84.21858978271484,-84.84183502197266,-84.87353515625,-84.33011627197266,-84.89501190185547,-85.13369750976562,-85.2825927734375,-85.8360366821289,-86.24069213867188,-86.13658142089844,-86.35619354248047,-86.58019256591797,-86.46436309814453,-85.24723052978516,-78.8638687133789,-75.99937438964844,-78.268798828125,-76.80668640136719,-76.2906265258789,-75.73401641845703,-73.12045288085938,-72.371826171875,-72.80909729003906,-71.75773620605469,-71.45307922363281,-71.48150634765625,-71.41340637207031,-71.05481719970703,-73.38236236572266,-73.58512115478516,-72.63837432861328,-72.54927062988281,-73.45221710205078,0.0
-84.2341079711914,-83.88798522949219,-83.97087860107422,-84.44589233398438,-84.83663940429688,-84.20986938476562,-83.83323669433594,-84.62826538085938,-85.15338897705078,-85.32539367675781,-84.9864501953125,-83.8214340209961,-84.59315490722656,-84.79077911376953,-84.38732147216797,-83.72972106933594,-84.21858978271484,-84.84183502197266,-84.87353515625,-84.33011627197266,-84.89501190185547,-85.13369750976562,-85.2825927734375,-85.8360366821289,-86.24069213867188,-86.13658142089844,-86.35619354248047,-86.58019256591797,-86.46436309814453,-85.24723052978516,-78.8638687133789,-75.99937438964844,-78.268798828125,-76.80668640136719,-76.2906265258789,-75.73401641845703,-73.12045288085938,-72.371826171875,-72.80909729003906,-71.75773620605469,-71.45307922363281,-71.48150634765625,-71.41340637207031,-71.05481719970703,-73.38236236572266,-73.58512115478516,-72.63837432861328,-72.54927062988281,-73.45221710205078,-74.30841827392578,0.0
-83.88798522949219,-83.97087860107422,-84.44589233398438,-84.83663940429688,-84.20986938476562,-83.83323669433594,-84.62826538085938,-85.15338897705078,-85.32539367675781,-84.9864501953125,-83.8214340209961,-84.59315490722656,-84.79077911376953,-84.38732147216797,-83.72972106933594,-84.21858978271484,-84.84183502197266,-84.87353515625,-84.33011627197266,-84.89501190185547,-85.13369750976562,-85.2825927734375,-85.8360366821289,-86.24069213867188,-86.13658142089844,-86.35619354248047,-86.58019256591797,-86.46436309814453,-85.24723052978516,-78.8638687133789,-75.99937438964844,-78.268798828125,-76.80668640136719,-76.2906265258789,-75.73401641845703,-73.12045288085938,-72.371826171875,-72.80909729003906,-71.75773620605469,-71.45307922363281,-71.48150634765625,-71.41340637207031,-71.05481719970703,-73.38236236572266,-73.58512115478516,-72.63837432861328,-72.54927062988281,-73.45221710205078,-74.30841827392578,-74.56414031982422,0.0
-83.97087860107422,-84.44589233398438,-84.83663940429688,-84.20986938476562,-83.83323669433594,-84.62826538085938,-85.15338897705078,-85.32539367675781,-84.9864501953125,-83.8214340209961,-84.59315490722656,-84.79077911376953,-84.38732147216797,-83.72972106933594,-84.21858978271484,-84.84183502197266,-84.87353515625,-84.33011627197266,-84.89501190185547,-85.13369750976562,-85.2825927734375,-85.8360366821289,-86.24069213867188,-86.13658142089844,-86.35619354248047,-86.58019256591797,-86.46436309814453,-85.24723052978516,-78.8638687133789,-75.99937438964844,-78.268798828125,-76.80668640136719,-76.2906265258789,-75.73401641845703,-73.12045288085938,-72.371826171875,-72.80909729003906,-71.75773620605469,-71.45307922363281,-71.48150634765625,-71.41340637207031,-71.05481719970703,-73.38236236572266,-73.58512115478516,-72.63837432861328,-72.54927062988281,-73.45221710205078,-74.30841827392578,-74.56414031982422,-74.59929656982422,0.0
-84.44589233398438,-84.83663940429688,-84.20986938476562,-83.83323669433594,-84.62826538085938,-85.15338897705078,-85.32539367675781,-84.9864501953125,-83.8214340209961,-84.59315490722656,-84.79077911376953,-84.38732147216797,-83.72972106933594,-84.21858978271484,-84.84183502197266,-84.87353515625,-84.33011627197266,-84.89501190185547,-85.13369750976562,-85.2825927734375,-85.8360366821289,-86.24069213867188,-86.13658142089844,-86.35619354248047,-86.58019256591797,-86.46436309814453,-85.24723052978516,-78.8638687133789,-75.99937438964844,-78.268798828125,-76.80668640136719,-76.2906265258789,-75.73401641845703,-73.12045288085938,-72.371826171875,-72.80909729003906,-71.75773620605469,-71.45307922363281,-71.48150634765625,-71.41340637207031,-71.05481719970703,-73.38236236572266,-73.58512115478516,-72.63837432861328,-72.54927062988281,-73.45221710205078,-74.30841827392578,-74.56414031982422,-74.59929656982422,-73.8365707397461,0.0
-84.83663940429688,-84.20986938476562,-83.83323669433594,-84.62826538085938,-85.15338897705078,-85.32539367675781,-84.9864501953125,-83.8214340209961,-84.59315490722656,-84.79077911376953,-84.38732147216797,-83.72972106933594,-84.21858978271484,-84.84183502197266,-84.87353515625,-84.33011627197266,-84.89501190185547,-85.13369750976562,-85.2825927734375,-85.8360366821289,-86.24069213867188,-86.13658142089844,-86.35619354248047,-86.58019256591797,-86.46436309814453,-85.24723052978516,-78.8638687133789,-75.99937438964844,-78.268798828125,-76.80668640136719,-76.2906265258789,-75.73401641845703,-73.12045288085938,-72.371826171875,-72.80909729003906,-71.75773620605469,-71.45307922363281,-71.48150634765625,-71.41340637207031,-71.05481719970703,-73.38236236572266,-73.58512115478516,-72.63837432861328,-72.54927062988281,-73.45221710205078,-74.30841827392578,-74.56414031982422,-74.59929656982422,-73.8365707397461,-73.69782257080078,0.0
-84.20986938476562,-83.83323669433594,-84.62826538085938,-85.15338897705078,-85.32539367675781,-84.9864501953125,-83.8214340209961,-84.59315490722656,-84.79077911376953,-84.38732147216797,-83.72972106933594,-84.21858978271484,-84.84183502197266,-84.87353515625,-84.33011627197266,-84.89501190185547,-85.13369750976562,-85.2825927734375,-85.8360366821289,-86.24069213867188,-86.13658142089844,-86.35619354248047,-86.58019256591797,-86.46436309814453,-85.24723052978516,-78.8638687133789,-75.99937438964844,-78.268798828125,-76.80668640136719,-76.2906265258789,-75.73401641845703,-73.12045288085938,-72.371826171875,-72.80909729003906,-71.75773620605469,-71.45307922363281,-71.48150634765625,-71.41340637207031,-71.05481719970703,-73.38236236572266,-73.58512115478516,-72.63837432861328,-72.54927062988281,-73.45221710205078,-74.30841827392578,-74.56414031982422,-74.59929656982422,-73.8365707397461,-73.69782257080078,-75.00363159179688,0.0
-83.83323669433594,-84.62826538085938,-85.15338897705078,-85.32539367675781,-84.9864501953125,-83.8214340209961,-84.59315490722656,-84.79077911376953,-84.38732147216797,-83.72972106933594,-84.21858978271484,-84.84183502197266,-84.87353515625,-84.33011627197266,-84.89501190185547,-85.13369750976562,-85.2825927734375,-85.8360366821289,-86.24069213867188,-86.13658142089844,-86.35619354248047,-86.58019256591797,-86.46436309814453,-85.24723052978516,-78.8638687133789,-75.99937438964844,-78.268798828125,-76.80668640136719,-76.2906265258789,-75.73401641845703,-73.12045288085938,-72.371826171875,-72.80909729003906,-71.75773620605469,-71.45307922363281,-71.48150634765625,-71.41340637207031,-71.05481719970703,-73.38236236572266,-73.58512115478516,-72.63837432861328,-72.54927062988281,-73.45221710205078,-74.30841827392578,-74.56414031982422,-74.59929656982422,-73.8365707397461,-73.69782257080078,-75.00363159179688,-75.72635650634766,0.0
-84.62826538085938,-85.15338897705078,-85.32539367675781,-84.9864501953125,-83.8214340209961,-84.59315490722656,-84.79077911376953,-84.38732147216797,-83.72972106933594,-84.21858978271484,-84.84183502197266,-84.87353515625,-84.33011627197266,-84.89501190185547,-85.13369750976562,-85.2825927734375,-85.8360366821289,-86.24069213867188,-86.13658142089844,-86.35619354248047,-86.58019256591797,-86.46436309814453,-85.24723052978516,-78.8638687133789,-75.99937438964844,-78.268798828125,-76.80668640136719,-76.2906265258789,-75.73401641845703,-73.12045288085938,-72.371826171875,-72.80909729003906,-71.75773620605469,-71.45307922363281,-71.48150634765625,-71.41340637207031,-71.05481719970703,-73.38236236572266,-73.58512115478516,-72.63837432861328,-72.54927062988281,-73.45221710205078,-74.30841827392578,-74.56414031982422,-74.59929656982422,-73.8365707397461,-73.69782257080078,-75.00363159179688,-75.72635650634766,-75.8614730834961,0.0
-85.15338897705078,-85.32539367675781,-84.9864501953125,-83.8214340209961,-84.59315490722656,-84.79077911376953,-84.38732147216797,-83.72972106933594,-84.21858978271484,-84.84183502197266,-84.87353515625,-84.33011627197266,-84.89501190185547,-85.13369750976562,-85.2825927734375,-85.8360366821289,-86.24069213867188,-86.13658142089844,-86.35619354248047,-86.58019256591797,-86.46436309814453,-85.24723052978516,-78.8638687133789,-75.99937438964844,-78.268798828125,-76.80668640136719,-76.2906265258789,-75.73401641845703,-73.12045288085938,-72.371826171875,-72.80909729003906,-71.75773620605469,-71.45307922363281,-71.48150634765625,-71.41340637207031,-71.05481719970703,-73.38236236572266,-73.58512115478516,-72.63837432861328,-72.54927062988281,-73.45221710205078,-74.30841827392578,-74.56414031982422,-74.59929656982422,-73.8365707397461,-73.69782257080078,-75.00363159179688,-75.72635650634766,-75.8614730834961,-76.0308609008789,0.0
-85.32539367675781,-84.9864501953125,-83.8214340209961,-84.59315490722656,-84.79077911376953,-84.38732147216797,-83.72972106933594,-84.21858978271484,-84.84183502197266,-84.87353515625,-84.33011627197266,-84.89501190185547,-85.13369750976562,-85.2825927734375,-85.8360366821289,-86.24069213867188,-86.13658142089844,-86.35619354248047,-86.58019256591797,-86.46436309814453,-85.24723052978516,-78.8638687133789,-75.99937438964844,-78.268798828125,-76.80668640136719,-76.2906265258789,-75.73401641845703,-73.12045288085938,-72.371826171875,-72.80909729003906,-71.75773620605469,-71.45307922363281,-71.48150634765625,-71.41340637207031,-71.05481719970703,-73.38236236572266,-73.58512115478516,-72.63837432861328,-72.54927062988281,-73.45221710205078,-74.30841827392578,-74.56414031982422,-74.59929656982422,-73.8365707397461,-73.69782257080078,-75.00363159179688,-75.72635650634766,-75.8614730834961,-76.0308609008789,-74.79898834228516,0.0
-84.9864501953125,-83.8214340209961,-84.59315490722656,-84.79077911376953,-84.38732147216797,-83.72972106933594,-84.21858978271484,-84.84183502197266,-84.87353515625,-84.33011627197266,-84.89501190185547,-85.13369750976562,-85.2825927734375,-85.8360366821289,-86.24069213867188,-86.13658142089844,-86.35619354248047,-86.58019256591797,-86.46436309814453,-85.24723052978516,-78.8638687133789,-75.99937438964844,-78.268798828125,-76.80668640136719,-76.2906265258789,-75.73401641845703,-73.12045288085938,-72.371826171875,-72.80909729003906,-71.75773620605469,-71.45307922363281,-71.48150634765625,-71.41340637207031,-71.05481719970703,-73.38236236572266,-73.58512115478516,-72.63837432861328,-72.54927062988281,-73.45221710205078,-74.30841827392578,-74.56414031982422,-74.59929656982422,-73.8365707397461,-73.69782257080078,-75.00363159179688,-75.72635650634766,-75.8614730834961,-76.0308609008789,-74.79898834228516,-74.82917785644531,0.0
-83.8214340209961,-84.59315490722656,-84.79077911376953,-84.38732147216797,-83.72972106933594,-84.21858978271484,-84.84183502197266,-84.87353515625,-84.33011627197266,-84.89501190185547,-85.13369750976562,-85.2825927734375,-85.8360366821289,-86.24069213867188,-86.13658142089844,-86.35619354248047,-86.58019256591797,-86.46436309814453,-85.24723052978516,-78.8638687133789,-75.99937438964844,-78.268798828125,-76.80668640136719,-76.2906265258789,-75.73401641845703,-73.12045288085938,-72.371826171875,-72.80909729003906,-71.75773620605469,-71.45307922363281,-71.48150634765625,-71.41340637207031,-71.05481719970703,-73.38236236572266,-73.58512115478516,-72.63837432861328,-72.54927062988281,-73.45221710205078,-74.30841827392578,-74.56414031982422,-74.59929656982422,-73.8365707397461,-73.69782257080078,-75.00363159179688,-75.72635650634766,-75.8614730834961,-76.0308609008789,-74.79898834228516,-74.82917785644531,-74.33321380615234,0.0
-84.59315490722656,-84.79077911376953,-84.38732147216797,-83.72972106933594,-84.21858978271484,-84.84183502197266,-84.87353515625,-84.33011627197266,-84.89501190185547,-85.13369750976562,-85.2825927734375,-85.8360366821289,-86.24069213867188,-86.13658142089844,-86.35619354248047,-86.58019256591797,-86.46436309814453,-85.24723052978516,-78.8638687133789,-75.99937438964844,-78.268798828125,-76.80668640136719,-76.2906265258789,-75.73401641845703,-73.12045288085938,-72.371826171875,-72.80909729003906,-71.75773620605469,-71.45307922363281,-71.48150634765625,-71.41340637207031,-71.05481719970703,-73.38236236572266,-73.58512115478516,-72.63837432861328,-72.54927062988281,-73.45221710205078,-74.30841827392578,-74.56414031982422,-74.59929656982422,-73.8365707397461,-73.69782257080078,-75.00363159179688,-75.72635650634766,-75.8614730834961,-76.0308609008789,-74.79898834228516,-74.82917785644531,-74.33321380615234,-74.41047668457031,0.0
-84.79077911376953,-84.38732147216797,-83.72972106933594,-84.21858978271484,-84.84183502197266,-84.87353515625,-84.33011627197266,-84.89501190185547,-85.13369750976562,-85.2825927734375,-85.8360366821289,-86.24069213867188,-86.13658142089844,-86.35619354248047,-86.58019256591797,-86.46436309814453,-85.24723052978516,-78.8638687133789,-75.99937438964844,-78.268798828125,-76.80668640136719,-76.2906265258789,-75.73401641845703,-73.12045288085938,-72.371826171875,-72.80909729003906,-71.75773620605469,-71.45307922363281,-71.48150634765625,-71.41340637207031,-71.05481719970703,-73.38236236572266,-73.58512115478516,-72.63837432861328,-72.54927062988281,-73.45221710205078,-74.30841827392578,-74.56414031982422,-74.59929656982422,-73.8365707397461,-73.69782257080078,-75.00363159179688,-75.72635650634766,-75.8614730834961,-76.0308609008789,-74.79898834228516,-74.82917785644531,-74.33321380615234,-74.41047668457031,-74.3590087890625,0.0
-84.38732147216797,-83.72972106933594,-84.21858978271484,-84.84183502197266,-84.87353515625,-84.33011627197266,-84.89501190185547,-85.13369750976562,-85.2825927734375,-85.8360366821289,-86.24069213867188,-86.13658142089844,-86.35619354248047,-86.58019256591797,-86.46436309814453,-85.24723052978516,-78.8638687133789,-75.99937438964844,-78.268798828125,-76.80668640136719,-76.2906265258789,-75.73401641845703,-73.12045288085938,-72.371826171875,-72.80909729003906,-71.75773620605469,-71.45307922363281,-71.48150634765625,-71.41340637207031,-71.05481719970703,-73.38236236572266,-73.58512115478516,-72.63837432861328,-72.54927062988281,-73.45221710205078,-74.30841827392578,-74.56414031982422,-74.59929656982422,-73.8365707397461,-73.69782257080078,-75.00363159179688,-75.72635650634766,-75.8614730834961,-76.0308609008789,-74.79898834228516,-74.82917785644531,-74.33321380615234,-74.41047668457031,-74.3590087890625,-74.31437683105469,0.0
-83.72972106933594,-84.21858978271484,-84.84183502197266,-84.87353515625,-84.33011627197266,-84.89501190185547,-85.13369750976562,-85.2825927734375,-85.8360366821289,-86.24069213867188,-86.13658142089844,-86.35619354248047,-86.58019256591797,-86.46436309814453,-85.24723052978516,-78.8638687133789,-75.99937438964844,-78.268798828125,-76.80668640136719,-76.2906265258789,-75.73401641845703,-73.12045288085938,-72.371826171875,-72.80909729003906,-71.75773620605469,-71.45307922363281,-71.48150634765625,-71.41340637207031,-71.05481719970703,-73.38236236572266,-73.58512115478516,-72.63837432861328,-72.54927062988281,-73.45221710205078,-74.30841827392578,-74.56414031982422,-74.59929656982422,-73.8365707397461,-73.69782257080078,-75.00363159179688,-75.72635650634766,-75.8614730834961,-76.0308609008789,-74.79898834228516,-74.82917785644531,-74.33321380615234,-74.41047668457031,-74.3590087890625,-74.31437683105469,-74.50591278076172,0.0
-84.21858978271484,-84.84183502197266,-84.87353515625,-84.33011627197266,-84.89501190185547,-85.13369750976562,-85.2825927734375,-85.8360366821289,-86.24069213867188,-86.13658142089844,-86.35619354248047,-86.58019256591797,-86.46436309814453,-85.24723052978516,-78.8638687133789,-75.99937438964844,-78.268798828125,-76.80668640136719,-76.2906265258789,-75.73401641845703,-73.12045288085938,-72.371826171875,-72.80909729003906,-71.75773620605469,-71.45307922363281,-71.48150634765625,-71.41340637207031,-71.05481719970703,-73.38236236572266,-73.58512115478516,-72.63837432861328,-72.54927062988281,-73.45221710205078,-74.30841827392578,-74.56414031982422,-74.59929656982422,-73.8365707397461,-73.69782257080078,-75.00363159179688,-75.72635650634766,-75.8614730834961,-76.0308609008789,-74.79898834228516,-74.82917785644531,-74.33321380615234,-74.41047668457031,-74.3590087890625,-74.31437683105469,-74.50591278076172,-74.89976501464844,0.0
-84.84183502197266,-84.87353515625,-84.33011627197266,-84.89501190185547,-85.13369750976562,-85.2825927734375,-85.8360366821289,-86.24069213867188,-86.13658142089844,-86.35619354248047,-86.58019256591797,-86.46436309814453,-85.24723052978516,-78.8638687133789,-75.99937438964844,-78.268798828125,-76.80668640136719,-76.2906265258789,-75.73401641845703,-73.12045288085938,-72.371826171875,-72.80909729003906,-71.75773620605469,-71.45307922363281,-71.48150634765625,-71.41340637207031,-71.05481719970703,-73.38236236572266,-73.58512115478516,-72.63837432861328,-72.54927062988281,-73.45221710205078,-74.30841827392578,-74.56414031982422,-74.59929656982422,-73.8365707397461,-73.69782257080078,-75.00363159179688,-75.72635650634766,-75.8614730834961,-76.0308609008789,-74.79898834228516,-74.82917785644531,-74.33321380615234,-74.41047668457031,-74.3590087890625,-74.31437683105469,-74.50591278076172,-74.89976501464844,-75.12906646728516,0.0
-84.87353515625,-84.33011627197266,-84.89501190185547,-85.13369750976562,-85.2825927734375,-85.8360366821289,-86.24069213867188,-86.13658142089844,-86.35619354248047,-86.58019256591797,-86.46436309814453,-85.24723052978516,-78.8638687133789,-75.99937438964844,-78.268798828125,-76.80668640136719,-76.2906265258789,-75.73401641845703,-73.12045288085938,-72.371826171875,-72.80909729003906,-71.75773620605469,-71.45307922363281,-71.48150634765625,-71.41340637207031,-71.05481719970703,-73.38236236572266,-73.58512115478516,-72.63837432861328,-72.54927062988281,-73.45221710205078,-74.30841827392578,-74.56414031982422,-74.59929656982422,-73.8365707397461,-73.69782257080078,-75.00363159179688,-75.72635650634766,-75.8614730834961,-76.0308609008789,-74.79898834228516,-74.82917785644531,-74.33321380615234,-74.41047668457031,-74.3590087890625,-74.31437683105469,-74.50591278076172,-74.89976501464844,-75.12906646728516,-74.56794738769531,0.0
-84.33011627197266,-84.89501190185547,-85.13369750976562,-85.2825927734375,-85.8360366821289,-86.24069213867188,-86.13658142089844,-86.35619354248047,-86.58019256591797,-86.46436309814453,-85.24723052978516,-78.8638687133789,-75.99937438964844,-78.268798828125,-76.80668640136719,-76.2906265258789,-75.73401641845703,-73.12045288085938,-72.371826171875,-72.80909729003906,-71.75773620605469,-71.45307922363281,-71.48150634765625,-71.41340637207031,-71.05481719970703,-73.38236236572266,-73.58512115478516,-72.63837432861328,-72.54927062988281,-73.45221710205078,-74.30841827392578,-74.56414031982422,-74.59929656982422,-73.8365707397461,-73.69782257080078,-75.00363159179688,-75.72635650634766,-75.8614730834961,-76.0308609008789,-74.79898834228516,-74.82917785644531,-74.33321380615234,-74.41047668457031,-74.3590087890625,-74.31437683105469,-74.50591278076172,-74.89976501464844,-75.12906646728516,-74.56794738769531,-74.48585510253906,0.0
-84.89501190185547,-85.13369750976562,-85.2825927734375,-85.8360366821289,-86.24069213867188,-86.13658142089844,-86.35619354248047,-86.58019256591797,-86.46436309814453,-85.24723052978516,-78.8638687133789,-75.99937438964844,-78.268798828125,-76.80668640136719,-76.2906265258789,-75.73401641845703,-73.12045288085938,-72.371826171875,-72.80909729003906,-71.75773620605469,-71.45307922363281,-71.48150634765625,-71.41340637207031,-71.05481719970703,-73.38236236572266,-73.58512115478516,-72.63837432861328,-72.54927062988281,-73.45221710205078,-74.30841827392578,-74.56414031982422,-74.59929656982422,-73.8365707397461,-73.69782257080078,-75.00363159179688,-75.72635650634766,-75.8614730834961,-76.0308609008789,-74.79898834228516,-74.82917785644531,-74.33321380615234,-74.41047668457031,-74.3590087890625,-74.31437683105469,-74.50591278076172,-74.89976501464844,-75.12906646728516,-74.56794738769531,-74.48585510253906,-74.4094467163086,0.0
-85.13369750976562,-85.2825927734375,-85.8360366821289,-86.24069213867188,-86.13658142089844,-86.35619354248047,-86.58019256591797,-86.46436309814453,-85.24723052978516,-78.8638687133789,-75.99937438964844,-78.268798828125,-76.80668640136719,-76.2906265258789,-75.73401641845703,-73.12045288085938,-72.371826171875,-72.80909729003906,-71.75773620605469,-71.45307922363281,-71.48150634765625,-71.41340637207031,-71.05481719970703,-73.38236236572266,-73.58512115478516,-72.63837432861328,-72.54927062988281,-73.45221710205078,-74.30841827392578,-74.56414031982422,-74.59929656982422,-73.8365707397461,-73.69782257080078,-75.00363159179688,-75.72635650634766,-75.8614730834961,-76.0308609008789,-74.79898834228516,-74.82917785644531,-74.33321380615234,-74.41047668457031,-74.3590087890625,-74.31437683105469,-74.50591278076172,-74.89976501464844,-75.12906646728516,-74.56794738769531,-74.48585510253906,-74.4094467163086,-74.6590576171875,0.0
-85.2825927734375,-85.8360366821289,-86.24069213867188,-86.13658142089844,-86.35619354248047,-86.58019256591797,-86.46436309814453,-85.24723052978516,-78.8638687133789,-75.99937438964844,-78.268798828125,-76.80668640136719,-76.2906265258789,-75.73401641845703,-73.12045288085938,-72.371826171875,-72.80909729003906,-71.75773620605469,-71.45307922363281,-71.48150634765625,-71.41340637207031,-71.05481719970703,-73.38236236572266,-73.58512115478516,-72.63837432861328,-72.54927062988281,-73.45221710205078,-74.30841827392578,-74.56414031982422,-74.59929656982422,-73.8365707397461,-73.69782257080078,-75.00363159179688,-75.72635650634766,-75.8614730834961,-76.0308609008789,-74.79898834228516,-74.82917785644531,-74.33321380615234,-74.41047668457031,-74.3590087890625,-74.31437683105469,-74.50591278076172,-74.89976501464844,-75.12906646728516,-74.56794738769531,-74.48585510253906,-74.4094467163086,-74.6590576171875,-74.85041046142578,0.0
-85.8360366821289,-86.24069213867188,-86.13658142089844,-86.35619354248047,-86.58019256591797,-86.46436309814453,-85.24723052978516,-78.8638687133789,-75.99937438964844,-78.268798828125,-76.80668640136719,-76.2906265258789,-75.73401641845703,-73.12045288085938,-72.371826171875,-72.80909729003906,-71.75773620605469,-71.45307922363281,-71.48150634765625,-71.41340637207031,-71.05481719970703,-73.38236236572266,-73.58512115478516,-72.63837432861328,-72.54927062988281,-73.45221710205078,-74.30841827392578,-74.56414031982422,-74.59929656982422,-73.8365707397461,-73.69782257080078,-75.00363159179688,-75.72635650634766,-75.8614730834961,-76.0308609008789,-74.79898834228516,-74.82917785644531,-74.33321380615234,-74.41047668457031,-74.3590087890625,-74.31437683105469,-74.50591278076172,-74.89976501464844,-75.12906646728516,-74.56794738769531,-74.48585510253906,-74.4094467163086,-74.6590576171875,-74.85041046142578,-74.438720703125,0.0
-86.24069213867188,-86.13658142089844,-86.35619354248047,-86.58019256591797,-86.46436309814453,-85.24723052978516,-78.8638687133789,-75.99937438964844,-78.268798828125,-76.80668640136719,-76.2906265258789,-75.73401641845703,-73.12045288085938,-72.371826171875,-72.80909729003906,-71.75773620605469,-71.45307922363281,-71.48150634765625,-71.41340637207031,-71.05481719970703,-73.38236236572266,-73.58512115478516,-72.63837432861328,-72.54927062988281,-73.45221710205078,-74.30841827392578,-74.56414031982422,-74.59929656982422,-73.8365707397461,-73.69782257080078,-75.00363159179688,-75.72635650634766,-75.8614730834961,-76.0308609008789,-74.79898834228516,-74.82917785644531,-74.33321380615234,-74.41047668457031,-74.3590087890625,-74.31437683105469,-74.50591278076172,-74.89976501464844,-75.12906646728516,-74.56794738769531,-74.48585510253906,-74.4094467163086,-74.6590576171875,-74.85041046142578,-74.438720703125,-74.34154510498047,0.0
-86.13658142089844,-86.35619354248047,-86.58019256591797,-86.46436309814453,-85.24723052978516,-78.8638687133789,-75.99937438964844,-78.268798828125,-76.80668640136719,-76.2906265258789,-75.73401641845703,-73.12045288085938,-72.371826171875,-72.80909729003906,-71.75773620605469,-71.45307922363281,-71.48150634765625,-71.41340637207031,-71.05481719970703,-73.38236236572266,-73.58512115478516,-72.63837432861328,-72.54927062988281,-73.45221710205078,-74.30841827392578,-74.56414031982422,-74.59929656982422,-73.8365707397461,-73.69782257080078,-75.00363159179688,-75.72635650634766,-75.8614730834961,-76.0308609008789,-74.79898834228516,-74.82917785644531,-74.33321380615234,-74.41047668457031,-74.3590087890625,-74.31437683105469,-74.50591278076172,-74.89976501464844,-75.12906646728516,-74.56794738769531,-74.48585510253906,-74.4094467163086,-74.6590576171875,-74.85041046142578,-74.438720703125,-74.34154510498047,-74.43850708007812,0.0
-86.35619354248047,-86.58019256591797,-86.46436309814453,-85.24723052978516,-78.8638687133789,-75.99937438964844,-78.268798828125,-76.80668640136719,-76.2906265258789,-75.73401641845703,-73.12045288085938,-72.371826171875,-72.80909729003906,-71.75773620605469,-71.45307922363281,-71.48150634765625,-71.41340637207031,-71.05481719970703,-73.38236236572266,-73.58512115478516,-72.63837432861328,-72.54927062988281,-73.45221710205078,-74.30841827392578,-74.56414031982422,-74.59929656982422,-73.8365707397461,-73.69782257080078,-75.00363159179688,-75.72635650634766,-75.8614730834961,-76.0308609008789,-74.79898834228516,-74.82917785644531,-74.33321380615234,-74.41047668457031,-74.3590087890625,-74.31437683105469,-74.50591278076172,-74.89976501464844,-75.12906646728516,-74.56794738769531,-74.48585510253906,-74.4094467163086,-74.6590576171875,-74.85041046142578,-74.438720703125,-74.34154510498047,-74.43850708007812,-74.09659576416016,0.0
-86.58019256591797,-86.46436309814453,-85.24723052978516,-78.8638687133789,-75.99937438964844,-78.268798828125,-76.80668640136719,-76.2906265258789,-75.73401641845703,-73.12045288085938,-72.371826171875,-72.80909729003906,-71.75773620605469,-71.45307922363281,-71.48150634765625,-71.41340637207031,-71.05481719970703,-73.38236236572266,-73.58512115478516,-72.63837432861328,-72.54927062988281,-73.45221710205078,-74.30841827392578,-74.56414031982422,-74.59929656982422,-73.8365707397461,-73.69782257080078,-75.00363159179688,-75.72635650634766,-75.8614730834961,-76.0308609008789,-74.79898834228516,-74.82917785644531,-74.33321380615234,-74.41047668457031,-74.3590087890625,-74.31437683105469,-74.50591278076172,-74.89976501464844,-75.12906646728516,-74.56794738769531,-74.48585510253906,-74.4094467163086,-74.6590576171875,-74.85041046142578,-74.438720703125,-74.34154510498047,-74.43850708007812,-74.09659576416016,-74.57223510742188,0.0
-86.46436309814453,-85.24723052978516,-78.8638687133789,-75.99937438964844,-78.268798828125,-76.80668640136719,-76.2906265258789,-75.73401641845703,-73.12045288085938,-72.371826171875,-72.80909729003906,-71.75773620605469,-71.45307922363281,-71.48150634765625,-71.41340637207031,-71.05481719970703,-73.38236236572266,-73.58512115478516,-72.63837432861328,-72.54927062988281,-73.45221710205078,-74.30841827392578,-74.56414031982422,-74.59929656982422,-73.8365707397461,-73.69782257080078,-75.00363159179688,-75.72635650634766,-75.8614730834961,-76.0308609008789,-74.79898834228516,-74.82917785644531,-74.33321380615234,-74.41047668457031,-74.3590087890625,-74.31437683105469,-74.50591278076172,-74.89976501464844,-75.12906646728516,-74.56794738769531,-74.48585510253906,-74.4094467163086,-74.6590576171875,-74.85041046142578,-74.438720703125,-74.34154510498047,-74.43850708007812,-74.09659576416016,-74.57223510742188,-74.4149398803711,0.0
-85.24723052978516,-78.8638687133789,-75.99937438964844,-78.268798828125,-76.80668640136719,-76.2906265258789,-75.73401641845703,-73.12045288085938,-72.371826171875,-72.80909729003906,-71.75773620605469,-71.45307922363281,-71.48150634765625,-71.41340637207031,-71.05481719970703,-73.38236236572266,-73.58512115478516,-72.63837432861328,-72.54927062988281,-73.45221710205078,-74.30841827392578,-74.56414031982422,-74.59929656982422,-73.8365707397461,-73.69782257080078,-75.00363159179688,-75.72635650634766,-75.8614730834961,-76.0308609008789,-74.79898834228516,-74.82917785644531,-74.33321380615234,-74.41047668457031,-74.3590087890625,-74.31437683105469,-74.50591278076172,-74.89976501464844,-75.12906646728516,-74.56794738769531,-74.48585510253906,-74.4094467163086,-74.6590576171875,-74.85041046142578,-74.438720703125,-74.34154510498047,-74.43850708007812,-74.09659576416016,-74.57223510742188,-74.4149398803711,-74.09483337402344,0.0
-78.8638687133789,-75.99937438964844,-78.268798828125,-76.80668640136719,-76.2906265258789,-75.73401641845703,-73.12045288085938,-72.371826171875,-72.80909729003906,-71.75773620605469,-71.45307922363281,-71.48150634765625,-71.41340637207031,-71.05481719970703,-73.38236236572266,-73.58512115478516,-72.63837432861328,-72.54927062988281,-73.45221710205078,-74.30841827392578,-74.56414031982422,-74.59929656982422,-73.8365707397461,-73.69782257080078,-75.00363159179688,-75.72635650634766,-75.8614730834961,-76.0308609008789,-74.79898834228516,-74.82917785644531,-74.33321380615234,-74.41047668457031,-74.3590087890625,-74.31437683105469,-74.50591278076172,-74.89976501464844,-75.12906646728516,-74.56794738769531,-74.48585510253906,-74.4094467163086,-74.6590576171875,-74.85041046142578,-74.438720703125,-74.34154510498047,-74.43850708007812,-74.09659576416016,-74.57223510742188,-74.4149398803711,-74.09483337402344,-74.42620086669922,0.0
-75.99937438964844,-78.268798828125,-76.80668640136719,-76.2906265258789,-75.73401641845703,-73.12045288085938,-72.371826171875,-72.80909729003906,-71.75773620605469,-71.45307922363281,-71.48150634765625,-71.41340637207031,-71.05481719970703,-73.38236236572266,-73.58512115478516,-72.63837432861328,-72.54927062988281,-73.45221710205078,-74.30841827392578,-74.56414031982422,-74.59929656982422,-73.8365707397461,-73.69782257080078,-75.00363159179688,-75.72635650634766,-75.8614730834961,-76.0308609008789,-74.79898834228516,-74.82917785644531,-74.33321380615234,-74.41047668457031,-74.3590087890625,-74.31437683105469,-74.50591278076172,-74.89976501464844,-75.12906646728516,-74.56794738769531,-74.48585510253906,-74.4094467163086,-74.6590576171875,-74.85041046142578,-74.438720703125,-74.34154510498047,-74.43850708007812,-74.09659576416016,-74.57223510742188,-74.4149398803711,-74.09483337402344,-74.42620086669922,-74.40837860107422,0.0
-78.268798828125,-76.80668640136719,-76.2906265258789,-75.73401641845703,-73.12045288085938,-72.371826171875,-72.80909729003906,-71.75773620605469,-71.45307922363281,-71.48150634765625,-71.41340637207031,-71.05481719970703,-73.38236236572266,-73.58512115478516,-72.63837432861328,-72.54927062988281,-73.45221710205078,-74.30841827392578,-74.56414031982422,-74.59929656982422,-73.8365707397461,-73.69782257080078,-75.00363159179688,-75.72635650634766,-75.8614730834961,-76.0308609008789,-74.79898834228516,-74.82917785644531,-74.33321380615234,-74.41047668457031,-74.3590087890625,-74.31437683105469,-74.50591278076172,-74.89976501464844,-75.12906646728516,-74.56794738769531,-74.48585510253906,-74.4094467163086,-74.6590576171875,-74.85041046142578,-74.438720703125,-74.34154510498047,-74.43850708007812,-74.09659576416016,-74.57223510742188,-74.4149398803711,-74.09483337402344,-74.42620086669922,-74.40837860107422,-73.87824249267578,0.0
-76.80668640136719,-76.2906265258789,-75.73401641845703,-73.12045288085938,-72.371826171875,-72.80909729003906,-71.75773620605469,-71.45307922363281,-71.48150634765625,-71.41340637207031,-71.05481719970703,-73.38236236572266,-73.58512115478516,-72.63837432861328,-72.54927062988281,-73.45221710205078,-74.30841827392578,-74.56414031982422,-74.59929656982422,-73.8365707397461,-73.69782257080078,-75.00363159179688,-75.72635650634766,-75.8614730834961,-76.0308609008789,-74.79898834228516,-74.82917785644531,-74.33321380615234,-74.41047668457031,-74.3590087890625,-74.31437683105469,-74.50591278076172,-74.89976501464844,-75.12906646728516,-74.56794738769531,-74.48585510253906,-74.4094467163086,-74.6590576171875,-74.85041046142578,-74.438720703125,-74.34154510498047,-74.43850708007812,-74.09659576416016,-74.57223510742188,-74.4149398803711,-74.09483337402344,-74.42620086669922,-74.40837860107422,-73.87824249267578,-73.6407241821289,0.0
-76.2906265258789,-75.73401641845703,-73.12045288085938,-72.371826171875,-72.80909729003906,-71.75773620605469,-71.45307922363281,-71.48150634765625,-71.41340637207031,-71.05481719970703,-73.38236236572266,-73.58512115478516,-72.63837432861328,-72.54927062988281,-73.45221710205078,-74.30841827392578,-74.56414031982422,-74.59929656982422,-73.8365707397461,-73.69782257080078,-75.00363159179688,-75.72635650634766,-75.8614730834961,-76.0308609008789,-74.79898834228516,-74.82917785644531,-74.33321380615234,-74.41047668457031,-74.3590087890625,-74.31437683105469,-74.50591278076172,-74.89976501464844,-75.12906646728516,-74.56794738769531,-74.48585510253906,-74.4094467163086,-74.6590576171875,-74.85041046142578,-74.438720703125,-74.34154510498047,-74.43850708007812,-74.09659576416016,-74.57223510742188,-74.4149398803711,-74.09483337402344,-74.42620086669922,-74.40837860107422,-73.87824249267578,-73.6407241821289,-73.41515350341797,0.0
-75.73401641845703,-73.12045288085938,-72.371826171875,-72.80909729003906,-71.75773620605469,-71.45307922363281,-71.48150634765625,-71.41340637207031,-71.05481719970703,-73.38236236572266,-73.58512115478516,-72.63837432861328,-72.54927062988281,-73.45221710205078,-74.30841827392578,-74.56414031982422,-74.59929656982422,-73.8365707397461,-73.69782257080078,-75.00363159179688,-75.72635650634766,-75.8614730834961,-76.0308609008789,-74.79898834228516,-74.82917785644531,-74.33321380615234,-74.41047668457031,-74.3590087890625,-74.31437683105469,-74.50591278076172,-74.89976501464844,-75.12906646728516,-74.56794738769531,-74.48585510253906,-74.4094467163086,-74.6590576171875,-74.85041046142578,-74.438720703125,-74.34154510498047,-74.43850708007812,-74.09659576416016,-74.57223510742188,-74.4149398803711,-74.09483337402344,-74.42620086669922,-74.40837860107422,-73.87824249267578,-73.6407241821289,-73.41515350341797,-73.33845520019531,0.0
-73.12045288085938,-72.371826171875,-72.80909729003906,-71.75773620605469,-71.45307922363281,-71.48150634765625,-71.41340637207031,-71.05481719970703,-73.38236236572266,-73.58512115478516,-72.63837432861328,-72.54927062988281,-73.45221710205078,-74.30841827392578,-74.56414031982422,-74.59929656982422,-73.8365707397461,-73.69782257080078,-75.00363159179688,-75.72635650634766,-75.8614730834961,-76.0308609008789,-74.79898834228516,-74.82917785644531,-74.33321380615234,-74.41047668457031,-74.3590087890625,-74.31437683105469,-74.50591278076172,-74.89976501464844,-75.12906646728516,-74.56794738769531,-74.48585510253906,-74.4094467163086,-74.6590576171875,-74.85041046142578,-74.438720703125,-74.34154510498047,-74.43850708007812,-74.09659576416016,-74.57223510742188,-74.4149398803711,-74.09483337402344,-74.42620086669922,-74.40837860107422,-73.87824249267578,-73.6407241821289,-73.41515350341797,-73.33845520019531,-73.40753936767578,1.0
-72.371826171875,-72.80909729003906,-71.75773620605469,-71.45307922363281,-71.48150634765625,-71.41340637207031,-71.05481719970703,-73.38236236572266,-73.58512115478516,-72.63837432861328,-72.54927062988281,-73.45221710205078,-74.30841827392578,-74.56414031982422,-74.59929656982422,-73.8365707397461,-73.69782257080078,-75.00363159179688,-75.72635650634766,-75.8614730834961,-76.0308609008789,-74.79898834228516,-74.82917785644531,-74.33321380615234,-74.41047668457031,-74.3590087890625,-74.31437683105469,-74.50591278076172,-74.89976501464844,-75.12906646728516,-74.56794738769531,-74.48585510253906,-74.4094467163086,-74.6590576171875,-74.85041046142578,-74.438720703125,-74.34154510498047,-74.43850708007812,-74.09659576416016,-74.57223510742188,-74.4149398803711,-74.09483337402344,-74.42620086669922,-74.40837860107422,-73.87824249267578,-73.6407241821289,-73.41515350341797,-73.33845520019531,-73.40753936767578,-74.0374984741211,1.0
-72.80909729003906,-71.75773620605469,-71.45307922363281,-71.48150634765625,-71.41340637207031,-71.05481719970703,-73.38236236572266,-73.58512115478516,-72.63837432861328,-72.54927062988281,-73.45221710205078,-74.30841827392578,-74.56414031982422,-74.59929656982422,-73.8365707397461,-73.69782257080078,-75.00363159179688,-75.72635650634766,-75.8614730834961,-76.0308609008789,-74.79898834228516,-74.82917785644531,-74.33321380615234,-74.41047668457031,-74.3590087890625,-74.31437683105469,-74.50591278076172,-74.89976501464844,-75.12906646728516,-74.56794738769531,-74.48585510253906,-74.4094467163086,-74.6590576171875,-74.85041046142578,-74.438720703125,-74.34154510498047,-74.43850708007812,-74.09659576416016,-74.57223510742188,-74.4149398803711,-74.09483337402344,-74.42620086669922,-74.40837860107422,-73.87824249267578,-73.6407241821289,-73.41515350341797,-73.33845520019531,-73.40753936767578,-74.0374984741211,-72.7414321899414,1.0
-71.75773620605469,-71.45307922363281,-71.48150634765625,-71.41340637207031,-71.05481719970703,-73.38236236572266,-73.58512115478516,-72.63837432861328,-72.54927062988281,-73.45221710205078,-74.30841827392578,-74.56414031982422,-74.59929656982422,-73.8365707397461,-73.69782257080078,-75.00363159179688,-75.72635650634766,-75.8614730834961,-76.0308609008789,-74.79898834228516,-74.82917785644531,-74.33321380615234,-74.41047668457031,-74.3590087890625,-74.31437683105469,-74.50591278076172,-74.89976501464844,-75.12906646728516,-74.56794738769531,-74.48585510253906,-74.4094467163086,-74.6590576171875,-74.85041046142578,-74.438720703125,-74.34154510498047,-74.43850708007812,-74.09659576416016,-74.57223510742188,-74.4149398803711,-74.09483337402344,-74.42620086669922,-74.40837860107422,-73.87824249267578,-73.6407241821289,-73.41515350341797,-73.33845520019531,-73.40753936767578,-74.0374984741211,-72.7414321899414,-72.75975799560547,0.0
-71.45307922363281,-71.48150634765625,-71.41340637207031,-71.05481719970703,-73.38236236572266,-73.58512115478516,-72.63837432861328,-72.54927062988281,-73.45221710205078,-74.30841827392578,-74.56414031982422,-74.59929656982422,-73.8365707397461,-73.69782257080078,-75.00363159179688,-75.72635650634766,-75.8614730834961,-76.0308609008789,-74.79898834228516,-74.82917785644531,-74.33321380615234,-74.41047668457031,-74.3590087890625,-74.31437683105469,-74.50591278076172,-74.89976501464844,-75.12906646728516,-74.56794738769531,-74.48585510253906,-74.4094467163086,-74.6590576171875,-74.85041046142578,-74.438720703125,-74.34154510498047,-74.43850708007812,-74.09659576416016,-74.57223510742188,-74.4149398803711,-74.09483337402344,-74.42620086669922,-74.40837860107422,-73.87824249267578,-73.6407241821289,-73.41515350341797,-73.33845520019531,-73.40753936767578,-74.0374984741211,-72.7414321899414,-72.75975799560547,-74.26206970214844,1.0
-71.48150634765625,-71.41340637207031,-71.05481719970703,-73.38236236572266,-73.58512115478516,-72.63837432861328,-72.54927062988281,-73.45221710205078,-74.30841827392578,-74.56414031982422,-74.59929656982422,-73.8365707397461,-73.69782257080078,-75.00363159179688,-75.72635650634766,-75.8614730834961,-76.0308609008789,-74.79898834228516,-74.82917785644531,-74.33321380615234,-74.41047668457031,-74.3590087890625,-74.31437683105469,-74.50591278076172,-74.89976501464844,-75.12906646728516,-74.56794738769531,-74.48585510253906,-74.4094467163086,-74.6590576171875,-74.85041046142578,-74.438720703125,-74.34154510498047,-74.43850708007812,-74.09659576416016,-74.57223510742188,-74.4149398803711,-74.09483337402344,-74.42620086669922,-74.40837860107422,-73.87824249267578,-73.6407241821289,-73.41515350341797,-73.33845520019531,-73.40753936767578,-74.0374984741211,-72.7414321899414,-72.75975799560547,-74.26206970214844,-74.29263305664062,0.0
-71.41340637207031,-71.05481719970703,-73.38236236572266,-73.58512115478516,-72.63837432861328,-72.54927062988281,-73.45221710205078,-74.30841827392578,-74.56414031982422,-74.59929656982422,-73.8365707397461,-73.69782257080078,-75.00363159179688,-75.72635650634766,-75.8614730834961,-76.0308609008789,-74.79898834228516,-74.82917785644531,-74.33321380615234,-74.41047668457031,-74.3590087890625,-74.31437683105469,-74.50591278076172,-74.89976501464844,-75.12906646728516,-74.56794738769531,-74.48585510253906,-74.4094467163086,-74.6590576171875,-74.85041046142578,-74.438720703125,-74.34154510498047,-74.43850708007812,-74.09659576416016,-74.57223510742188,-74.4149398803711,-74.09483337402344,-74.42620086669922,-74.40837860107422,-73.87824249267578,-73.6407241821289,-73.41515350341797,-73.33845520019531,-73.40753936767578,-74.0374984741211,-72.7414321899414,-72.75975799560547,-74.26206970214844,-74.29263305664062,-74.6729965209961,1.0
-71.05481719970703,-73.38236236572266,-73.58512115478516,-72.63837432861328,-72.54927062988281,-73.45221710205078,-74.30841827392578,-74.56414031982422,-74.59929656982422,-73.8365707397461,-73.69782257080078,-75.00363159179688,-75.72635650634766,-75.8614730834961,-76.0308609008789,-74.79898834228516,-74.82917785644531,-74.33321380615234,-74.41047668457031,-74.3590087890625,-74.31437683105469,-74.50591278076172,-74.89976501464844,-75.12906646728516,-74.56794738769531,-74.48585510253906,-74.4094467163086,-74.6590576171875,-74.85041046142578,-74.438720703125,-74.34154510498047,-74.43850708007812,-74.09659576416016,-74.57223510742188,-74.4149398803711,-74.09483337402344,-74.42620086669922,-74.40837860107422,-73.87824249267578,-73.6407241821289,-73.41515350341797,-73.33845520019531,-73.40753936767578,-74.0374984741211,-72.7414321899414,-72.75975799560547,-74.26206970214844,-74.29263305664062,-74.6729965209961,-74.22798919677734,1.0
-73.38236236572266,-73.58512115478516,-72.63837432861328,-72.54927062988281,-73.45221710205078,-74.30841827392578,-74.56414031982422,-74.59929656982422,-73.8365707397461,-73.69782257080078,-75.00363159179688,-75.72635650634766,-75.8614730834961,-76.0308609008789,-74.79898834228516,-74.82917785644531,-74.33321380615234,-74.41047668457031,-74.3590087890625,-74.31437683105469,-74.50591278076172,-74.89976501464844,-75.12906646728516,-74.56794738769531,-74.48585510253906,-74.4094467163086,-74.6590576171875,-74.85041046142578,-74.438720703125,-74.34154510498047,-74.43850708007812,-74.09659576416016,-74.57223510742188,-74.4149398803711,-74.09483337402344,-74.42620086669922,-74.40837860107422,-73.87824249267578,-73.6407241821289,-73.41515350341797,-73.33845520019531,-73.40753936767578,-74.0374984741211,-72.7414321899414,-72.75975799560547,-74.26206970214844,-74.29263305664062,-74.6729965209961,-74.22798919677734,-73.37330627441406,1.0
-73.58512115478516,-72.63837432861328,-72.54927062988281,-73.45221710205078,-74.30841827392578,-74.56414031982422,-74.59929656982422,-73.8365707397461,-73.69782257080078,-75.00363159179688,-75.72635650634766,-75.8614730834961,-76.0308609008789,-74.79898834228516,-74.82917785644531,-74.33321380615234,-74.41047668457031,-74.3590087890625,-74.31437683105469,-74.50591278076172,-74.89976501464844,-75.12906646728516,-74.56794738769531,-74.48585510253906,-74.4094467163086,-74.6590576171875,-74.85041046142578,-74.438720703125,-74.34154510498047,-74.43850708007812,-74.09659576416016,-74.57223510742188,-74.4149398803711,-74.09483337402344,-74.42620086669922,-74.40837860107422,-73.87824249267578,-73.6407241821289,-73.41515350341797,-73.33845520019531,-73.40753936767578,-74.0374984741211,-72.7414321899414,-72.75975799560547,-74.26206970214844,-74.29263305664062,-74.6729965209961,-74.22798919677734,-73.37330627441406,-73.56172943115234,1.0
-72.63837432861328,-72.54927062988281,-73.45221710205078,-74.30841827392578,-74.56414031982422,-74.59929656982422,-73.8365707397461,-73.69782257080078,-75.00363159179688,-75.72635650634766,-75.8614730834961,-76.0308609008789,-74.79898834228516,-74.82917785644531,-74.33321380615234,-74.41047668457031,-74.3590087890625,-74.31437683105469,-74.50591278076172,-74.89976501464844,-75.12906646728516,-74.56794738769531,-74.48585510253906,-74.4094467163086,-74.6590576171875,-74.85041046142578,-74.438720703125,-74.34154510498047,-74.43850708007812,-74.09659576416016,-74.57223510742188,-74.4149398803711,-74.09483337402344,-74.42620086669922,-74.40837860107422,-73.87824249267578,-73.6407241821289,-73.41515350341797,-73.33845520019531,-73.40753936767578,-74.0374984741211,-72.7414321899414,-72.75975799560547,-74.26206970214844,-74.29263305664062,-74.6729965209961,-74.22798919677734,-73.37330627441406,-73.56172943115234,-73.1858901977539,0.0
-72.54927062988281,-73.45221710205078,-74.30841827392578,-74.56414031982422,-74.59929656982422,-73.8365707397461,-73.69782257080078,-75.00363159179688,-75.72635650634766,-75.8614730834961,-76.0308609008789,-74.79898834228516,-74.82917785644531,-74.33321380615234,-74.41047668457031,-74.3590087890625,-74.31437683105469,-74.50591278076172,-74.89976501464844,-75.12906646728516,-74.56794738769531,-74.48585510253906,-74.4094467163086,-74.6590576171875,-74.85041046142578,-74.438720703125,-74.34154510498047,-74.43850708007812,-74.09659576416016,-74.57223510742188,-74.4149398803711,-74.09483337402344,-74.42620086669922,-74.40837860107422,-73.87824249267578,-73.6407241821289,-73.41515350341797,-73.33845520019531,-73.40753936767578,-74.0374984741211,-72.7414321899414,-72.75975799560547,-74.26206970214844,-74.29263305664062,-74.6729965209961,-74.22798919677734,-73.37330627441406,-73.56172943115234,-73.1858901977539,-72.24252319335938,0.0
-73.45221710205078,-74.30841827392578,-74.56414031982422,-74.59929656982422,-73.8365707397461,-73.69782257080078,-75.00363159179688,-75.72635650634766,-75.8614730834961,-76.0308609008789,-74.79898834228516,-74.82917785644531,-74.33321380615234,-74.41047668457031,-74.3590087890625,-74.31437683105469,-74.50591278076172,-74.89976501464844,-75.12906646728516,-74.56794738769531,-74.48585510253906,-74.4094467163086,-74.6590576171875,-74.85041046142578,-74.438720703125,-74.34154510498047,-74.43850708007812,-74.09659576416016,-74.57223510742188,-74.4149398803711,-74.09483337402344,-74.42620086669922,-74.40837860107422,-73.87824249267578,-73.6407241821289,-73.41515350341797,-73.33845520019531,-73.40753936767578,-74.0374984741211,-72.7414321899414,-72.75975799560547,-74.26206970214844,-74.29263305664062,-74.6729965209961,-74.22798919677734,-73.37330627441406,-73.56172943115234,-73.1858901977539,-72.24252319335938,-72.31596374511719,1.0
-74.30841827392578,-74.56414031982422,-74.59929656982422,-73.8365707397461,-73.69782257080078,-75.00363159179688,-75.72635650634766,-75.8614730834961,-76.0308609008789,-74.79898834228516,-74.82917785644531,-74.33321380615234,-74.41047668457031,-74.3590087890625,-74.31437683105469,-74.50591278076172,-74.89976501464844,-75.12906646728516,-74.56794738769531,-74.48585510253906,-74.4094467163086,-74.6590576171875,-74.85041046142578,-74.438720703125,-74.34154510498047,-74.43850708007812,-74.09659576416016,-74.57223510742188,-74.4149398803711,-74.09483337402344,-74.42620086669922,-74.40837860107422,-73.87824249267578,-73.6407241821289,-73.41515350341797,-73.33845520019531,-73.40753936767578,-74.0374984741211,-72.7414321899414,-72.75975799560547,-74.26206970214844,-74.29263305664062,-74.6729965209961,-74.22798919677734,-73.37330627441406,-73.56172943115234,-73.1858901977539,-72.24252319335938,-72.31596374511719,-72.92779541015625,1.0
-74.56414031982422,-74.59929656982422,-73.8365707397461,-73.69782257080078,-75.00363159179688,-75.72635650634766,-75.8614730834961,-76.0308609008789,-74.79898834228516,-74.82917785644531,-74.33321380615234,-74.41047668457031,-74.3590087890625,-74.31437683105469,-74.50591278076172,-74.89976501464844,-75.12906646728516,-74.56794738769531,-74.48585510253906,-74.4094467163086,-74.6590576171875,-74.85041046142578,-74.438720703125,-74.34154510498047,-74.43850708007812,-74.09659576416016,-74.57223510742188,-74.4149398803711,-74.09483337402344,-74.42620086669922,-74.40837860107422,-73.87824249267578,-73.6407241821289,-73.41515350341797,-73.33845520019531,-73.40753936767578,-74.0374984741211,-72.7414321899414,-72.75975799560547,-74.26206970214844,-74.29263305664062,-74.6729965209961,-74.22798919677734,-73.37330627441406,-73.56172943115234,-73.1858901977539,-72.24252319335938,-72.31596374511719,-72.92779541015625,-73.4482192993164,1.0
-74.59929656982422,-73.8365707397461,-73.69782257080078,-75.00363159179688,-75.72635650634766,-75.8614730834961,-76.0308609008789,-74.79898834228516,-74.82917785644531,-74.33321380615234,-74.41047668457031,-74.3590087890625,-74.31437683105469,-74.50591278076172,-74.89976501464844,-75.12906646728516,-74.56794738769531,-74.48585510253906,-74.4094467163086,-74.6590576171875,-74.85041046142578,-74.438720703125,-74.34154510498047,-74.43850708007812,-74.09659576416016,-74.57223510742188,-74.4149398803711,-74.09483337402344,-74.42620086669922,-74.40837860107422,-73.87824249267578,-73.6407241821289,-73.41515350341797,-73.33845520019531,-73.40753936767578,-74.0374984741211,-72.7414321899414,-72.75975799560547,-74.26206970214844,-74.29263305664062,-74.6729965209961,-74.22798919677734,-73.37330627441406,-73.56172943115234,-73.1858901977539,-72.24252319335938,-72.31596374511719,-72.92779541015625,-73.4482192993164,-73.50103759765625,1.0
-73.8365707397461,-73.69782257080078,-75.00363159179688,-75.72635650634766,-75.8614730834961,-76.0308609008789,-74.79898834228516,-74.82917785644531,-74.33321380615234,-74.41047668457031,-74.3590087890625,-74.31437683105469,-74.50591278076172,-74.89976501464844,-75.12906646728516,-74.56794738769531,-74.48585510253906,-74.4094467163086,-74.6590576171875,-74.85041046142578,-74.438720703125,-74.34154510498047,-74.43850708007812,-74.09659576416016,-74.57223510742188,-74.4149398803711,-74.09483337402344,-74.42620086669922,-74.40837860107422,-73.87824249267578,-73.6407241821289,-73.41515350341797,-73.33845520019531,-73.40753936767578,-74.0374984741211,-72.7414321899414,-72.75975799560547,-74.26206970214844,-74.29263305664062,-74.6729965209961,-74.22798919677734,-73.37330627441406,-73.56172943115234,-73.1858901977539,-72.24252319335938,-72.31596374511719,-72.92779541015625,-73.4482192993164,-73.50103759765625,-72.21663665771484,0.0
-73.69782257080078,-75.00363159179688,-75.72635650634766,-75.8614730834961,-76.0308609008789,-74.79898834228516,-74.82917785644531,-74.33321380615234,-74.41047668457031,-74.3590087890625,-74.31437683105469,-74.50591278076172,-74.89976501464844,-75.12906646728516,-74.56794738769531,-74.48585510253906,-74.4094467163086,-74.6590576171875,-74.85041046142578,-74.438720703125,-74.34154510498047,-74.43850708007812,-74.09659576416016,-74.57223510742188,-74.4149398803711,-74.09483337402344,-74.42620086669922,-74.40837860107422,-73.87824249267578,-73.6407241821289,-73.41515350341797,-73.33845520019531,-73.40753936767578,-74.0374984741211,-72.7414321899414,-72.75975799560547,-74.26206970214844,-74.29263305664062,-74.6729965209961,-74.22798919677734,-73.37330627441406,-73.56172943115234,-73.1858901977539,-72.24252319335938,-72.31596374511719,-72.92779541015625,-73.4482192993164,-73.50103759765625,-72.21663665771484,-72.27574157714844,0.0
-75.00363159179688,-75.72635650634766,-75.8614730834961,-76.0308609008789,-74.79898834228516,-74.82917785644531,-74.33321380615234,-74.41047668457031,-74.3590087890625,-74.31437683105469,-74.50591278076172,-74.89976501464844,-75.12906646728516,-74.56794738769531,-74.48585510253906,-74.4094467163086,-74.6590576171875,-74.85041046142578,-74.438720703125,-74.34154510498047,-74.43850708007812,-74.09659576416016,-74.57223510742188,-74.4149398803711,-74.09483337402344,-74.42620086669922,-74.40837860107422,-73.87824249267578,-73.6407241821289,-73.41515350341797,-73.33845520019531,-73.40753936767578,-74.0374984741211,-72.7414321899414,-72.75975799560547,-74.26206970214844,-74.29263305664062,-74.6729965209961,-74.22798919677734,-73.37330627441406,-73.56172943115234,-73.1858901977539,-72.24252319335938,-72.31596374511719,-72.92779541015625,-73.4482192993164,-73.50103759765625,-72.21663665771484,-72.27574157714844,-74.73663330078125,0.0
-75.72635650634766,-75.8614730834961,-76.0308609008789,-74.79898834228516,-74.82917785644531,-74.33321380615234,-74.41047668457031,-74.3590087890625,-74.31437683105469,-74.50591278076172,-74.89976501464844,-75.12906646728516,-74.56794738769531,-74.48585510253906,-74.4094467163086,-74.6590576171875,-74.85041046142578,-74.438720703125,-74.34154510498047,-74.43850708007812,-74.09659576416016,-74.57223510742188,-74.4149398803711,-74.09483337402344,-74.42620086669922,-74.40837860107422,-73.87824249267578,-73.6407241821289,-73.41515350341797,-73.33845520019531,-73.40753936767578,-74.0374984741211,-72.7414321899414,-72.75975799560547,-74.26206970214844,-74.29263305664062,-74.6729965209961,-74.22798919677734,-73.37330627441406,-73.56172943115234,-73.1858901977539,-72.24252319335938,-72.31596374511719,-72.92779541015625,-73.4482192993164,-73.50103759765625,-72.21663665771484,-72.27574157714844,-74.73663330078125,-74.00617218017578,0.0
-75.8614730834961,-76.0308609008789,-74.79898834228516,-74.82917785644531,-74.33321380615234,-74.41047668457031,-74.3590087890625,-74.31437683105469,-74.50591278076172,-74.89976501464844,-75.12906646728516,-74.56794738769531,-74.48585510253906,-74.4094467163086,-74.6590576171875,-74.85041046142578,-74.438720703125,-74.34154510498047,-74.43850708007812,-74.09659576416016,-74.57223510742188,-74.4149398803711,-74.09483337402344,-74.42620086669922,-74.40837860107422,-73.87824249267578,-73.6407241821289,-73.41515350341797,-73.33845520019531,-73.40753936767578,-74.0374984741211,-72.7414321899414,-72.75975799560547,-74.26206970214844,-74.29263305664062,-74.6729965209961,-74.22798919677734,-73.37330627441406,-73.56172943115234,-73.1858901977539,-72.24252319335938,-72.31596374511719,-72.92779541015625,-73.4482192993164,-73.50103759765625,-72.21663665771484,-72.27574157714844,-74.73663330078125,-74.00617218017578,-72.71533203125,0.0
-76.0308609008789,-74.79898834228516,-74.82917785644531,-74.33321380615234,-74.41047668457031,-74.3590087890625,-74.31437683105469,-74.50591278076172,-74.89976501464844,-75.12906646728516,-74.56794738769531,-74.48585510253906,-74.4094467163086,-74.6590576171875,-74.85041046142578,-74.438720703125,-74.34154510498047,-74.43850708007812,-74.09659576416016,-74.57223510742188,-74.4149398803711,-74.09483337402344,-74.42620086669922,-74.40837860107422,-73.87824249267578,-73.6407241821289,-73.41515350341797,-73.33845520019531,-73.40753936767578,-74.0374984741211,-72.7414321899414,-72.75975799560547,-74.26206970214844,-74.29263305664062,-74.6729965209961,-74.22798919677734,-73.37330627441406,-73.56172943115234,-73.1858901977539,-72.24252319335938,-72.31596374511719,-72.92779541015625,-73.4482192993164,-73.50103759765625,-72.21663665771484,-72.27574157714844,-74.73663330078125,-74.00617218017578,-72.71533203125,-72.32154083251953,0.0
-74.79898834228516,-74.82917785644531,-74.33321380615234,-74.41047668457031,-74.3590087890625,-74.31437683105469,-74.50591278076172,-74.89976501464844,-75.12906646728516,-74.56794738769531,-74.48585510253906,-74.4094467163086,-74.6590576171875,-74.85041046142578,-74.438720703125,-74.34154510498047,-74.43850708007812,-74.09659576416016,-74.57223510742188,-74.4149398803711,-74.09483337402344,-74.42620086669922,-74.40837860107422,-73.87824249267578,-73.6407241821289,-73.41515350341797,-73.33845520019531,-73.40753936767578,-74.0374984741211,-72.7414321899414,-72.75975799560547,-74.26206970214844,-74.29263305664062,-74.6729965209961,-74.22798919677734,-73.37330627441406,-73.56172943115234,-73.1858901977539,-72.24252319335938,-72.31596374511719,-72.92779541015625,-73.4482192993164,-73.50103759765625,-72.21663665771484,-72.27574157714844,-74.73663330078125,-74.00617218017578,-72.71533203125,-72.32154083251953,-73.29376220703125,0.0
-74.82917785644531,-74.33321380615234,-74.41047668457031,-74.3590087890625,-74.31437683105469,-74.50591278076172,-74.89976501464844,-75.12906646728516,-74.56794738769531,-74.48585510253906,-74.4094467163086,-74.6590576171875,-74.85041046142578,-74.438720703125,-74.34154510498047,-74.43850708007812,-74.09659576416016,-74.57223510742188,-74.4149398803711,-74.09483337402344,-74.42620086669922,-74.40837860107422,-73.87824249267578,-73.6407241821289,-73.41515350341797,-73.33845520019531,-73.40753936767578,-74.0374984741211,-72.7414321899414,-72.75975799560547,-74.26206970214844,-74.29263305664062,-74.6729965209961,-74.22798919677734,-73.37330627441406,-73.56172943115234,-73.1858901977539,-72.24252319335938,-72.31596374511719,-72.92779541015625,-73.4482192993164,-73.50103759765625,-72.21663665771484,-72.27574157714844,-74.73663330078125,-74.00617218017578,-72.71533203125,-72.32154083251953,-73.29376220703125,-74.89183044433594,0.0
-74.33321380615234,-74.41047668457031,-74.3590087890625,-74.31437683105469,-74.50591278076172,-74.89976501464844,-75.12906646728516,-74.56794738769531,-74.48585510253906,-74.4094467163086,-74.6590576171875,-74.85041046142578,-74.438720703125,-74.34154510498047,-74.43850708007812,-74.09659576416016,-74.57223510742188,-74.4149398803711,-74.09483337402344,-74.42620086669922,-74.40837860107422,-73.87824249267578,-73.6407241821289,-73.41515350341797,-73.33845520019531,-73.40753936767578,-74.0374984741211,-72.7414321899414,-72.75975799560547,-74.26206970214844,-74.29263305664062,-74.6729965209961,-74.22798919677734,-73.37330627441406,-73.56172943115234,-73.1858901977539,-72.24252319335938,-72.31596374511719,-72.92779541015625,-73.4482192993164,-73.50103759765625,-72.21663665771484,-72.27574157714844,-74.73663330078125,-74.00617218017578,-72.71533203125,-72.32154083251953,-73.29376220703125,-74.89183044433594,-75.18632507324219,1.0
-74.41047668457031,-74.3590087890625,-74.31437683105469,-74.50591278076172,-74.89976501464844,-75.12906646728516,-74.56794738769531,-74.48585510253906,-74.4094467163086,-74.6590576171875,-74.85041046142578,-74.438720703125,-74.34154510498047,-74.43850708007812,-74.09659576416016,-74.57223510742188,-74.4149398803711,-74.09483337402344,-74.42620086669922,-74.40837860107422,-73.87824249267578,-73.6407241821289,-73.41515350341797,-73.33845520019531,-73.40753936767578,-74.0374984741211,-72.7414321899414,-72.75975799560547,-74.26206970214844,-74.29263305664062,-74.6729965209961,-74.22798919677734,-73.37330627441406,-73.56172943115234,-73.1858901977539,-72.24252319335938,-72.31596374511719,-72.92779541015625,-73.4482192993164,-73.50103759765625,-72.21663665771484,-72.27574157714844,-74.73663330078125,-74.00617218017578,-72.71533203125,-72.32154083251953,-73.29376220703125,-74.89183044433594,-75.18632507324219,-73.8211898803711,0.0
-74.3590087890625,-74.31437683105469,-74.50591278076172,-74.89976501464844,-75.12906646728516,-74.56794738769531,-74.48585510253906,-74.4094467163086,-74.6590576171875,-74.85041046142578,-74.438720703125,-74.34154510498047,-74.43850708007812,-74.09659576416016,-74.57223510742188,-74.4149398803711,-74.09483337402344,-74.42620086669922,-74.40837860107422,-73.87824249267578,-73.6407241821289,-73.41515350341797,-73.33845520019531,-73.40753936767578,-74.0374984741211,-72.7414321899414,-72.75975799560547,-74.26206970214844,-74.29263305664062,-74.6729965209961,-74.22798919677734,-73.37330627441406,-73.56172943115234,-73.1858901977539,-72.24252319335938,-72.31596374511719,-72.92779541015625,-73.4482192993164,-73.50103759765625,-72.21663665771484,-72.27574157714844,-74.73663330078125,-74.00617218017578,-72.71533203125,-72.32154083251953,-73.29376220703125,-74.89183044433594,-75.18632507324219,-73.8211898803711,-73.6134033203125,1.0
-74.31437683105469,-74.50591278076172,-74.89976501464844,-75.12906646728516,-74.56794738769531,-74.48585510253906,-74.4094467163086,-74.6590576171875,-74.85041046142578,-74.438720703125,-74.34154510498047,-74.43850708007812,-74.09659576416016,-74.57223510742188,-74.4149398803711,-74.09483337402344,-74.42620086669922,-74.40837860107422,-73.87824249267578,-73.6407241821289,-73.41515350341797,-73.33845520019531,-73.40753936767578,-74.0374984741211,-72.7414321899414,-72.75975799560547,-74.26206970214844,-74.29263305664062,-74.6729965209961,-74.22798919677734,-73.37330627441406,-73.56172943115234,-73.1858901977539,-72.24252319335938,-72.31596374511719,-72.92779541015625,-73.4482192993164,-73.50103759765625,-72.21663665771484,-72.27574157714844,-74.73663330078125,-74.00617218017578,-72.71533203125,-72.32154083251953,-73.29376220703125,-74.89183044433594,-75.18632507324219,-73.8211898803711,-73.6134033203125,-75.13607788085938,1.0
-74.50591278076172,-74.89976501464844,-75.12906646728516,-74.56794738769531,-74.48585510253906,-74.4094467163086,-74.6590576171875,-74.85041046142578,-74.438720703125,-74.34154510498047,-74.43850708007812,-74.09659576416016,-74.57223510742188,-74.4149398803711,-74.09483337402344,-74.42620086669922,-74.40837860107422,-73.87824249267578,-73.6407241821289,-73.41515350341797,-73.33845520019531,-73.40753936767578,-74.0374984741211,-72.7414321899414,-72.75975799560547,-74.26206970214844,-74.29263305664062,-74.6729965209961,-74.22798919677734,-73.37330627441406,-73.56172943115234,-73.1858901977539,-72.24252319335938,-72.31596374511719,-72.92779541015625,-73.4482192993164,-73.50103759765625,-72.21663665771484,-72.27574157714844,-74.73663330078125,-74.00617218017578,-72.71533203125,-72.32154083251953,-73.29376220703125,-74.89183044433594,-75.18632507324219,-73.8211898803711,-73.6134033203125,-75.13607788085938,-74.71427917480469,1.0
-74.89976501464844,-75.12906646728516,-74.56794738769531,-74.48585510253906,-74.4094467163086,-74.6590576171875,-74.85041046142578,-74.438720703125,-74.34154510498047,-74.43850708007812,-74.09659576416016,-74.57223510742188,-74.4149398803711,-74.09483337402344,-74.42620086669922,-74.40837860107422,-73.87824249267578,-73.6407241821289,-73.41515350341797,-73.33845520019531,-73.40753936767578,-74.0374984741211,-72.7414321899414,-72.75975799560547,-74.26206970214844,-74.29263305664062,-74.6729965209961,-74.22798919677734,-73.37330627441406,-73.56172943115234,-73.1858901977539,-72.24252319335938,-72.31596374511719,-72.92779541015625,-73.4482192993164,-73.50103759765625,-72.21663665771484,-72.27574157714844,-74.73663330078125,-74.00617218017578,-72.71533203125,-72.32154083251953,-73.29376220703125,-74.89183044433594,-75.18632507324219,-73.8211898803711,-73.6134033203125,-75.13607788085938,-74.71427917480469,-72.20906829833984,0.0
-75.12906646728516,-74.56794738769531,-74.48585510253906,-74.4094467163086,-74.6590576171875,-74.85041046142578,-74.438720703125,-74.34154510498047,-74.43850708007812,-74.09659576416016,-74.57223510742188,-74.4149398803711,-74.09483337402344,-74.42620086669922,-74.40837860107422,-73.87824249267578,-73.6407241821289,-73.41515350341797,-73.33845520019531,-73.40753936767578,-74.0374984741211,-72.7414321899414,-72.75975799560547,-74.26206970214844,-74.29263305664062,-74.6729965209961,-74.22798919677734,-73.37330627441406,-73.56172943115234,-73.1858901977539,-72.24252319335938,-72.31596374511719,-72.92779541015625,-73.4482192993164,-73.50103759765625,-72.21663665771484,-72.27574157714844,-74.73663330078125,-74.00617218017578,-72.71533203125,-72.32154083251953,-73.29376220703125,-74.89183044433594,-75.18632507324219,-73.8211898803711,-73.6134033203125,-75.13607788085938,-74.71427917480469,-72.20906829833984,-73.14081573486328,0.0
-74.56794738769531,-74.48585510253906,-74.4094467163086,-74.6590576171875,-74.85041046142578,-74.438720703125,-74.34154510498047,-74.43850708007812,-74.09659576416016,-74.57223510742188,-74.4149398803711,-74.09483337402344,-74.42620086669922,-74.40837860107422,-73.87824249267578,-73.6407241821289,-73.41515350341797,-73.33845520019531,-73.40753936767578,-74.0374984741211,-72.7414321899414,-72.75975799560547,-74.26206970214844,-74.29263305664062,-74.6729965209961,-74.22798919677734,-73.37330627441406,-73.56172943115234,-73.1858901977539,-72.24252319335938,-72.31596374511719,-72.92779541015625,-73.4482192993164,-73.50103759765625,-72.21663665771484,-72.27574157714844,-74.73663330078125,-74.00617218017578,-72.71533203125,-72.32154083251953,-73.29376220703125,-74.89183044433594,-75.18632507324219,-73.8211898803711,-73.6134033203125,-75.13607788085938,-74.71427917480469,-72.20906829833984,-73.14081573486328,-73.18504333496094,0.0
-74.48585510253906,-74.4094467163086,-74.6590576171875,-74.85041046142578,-74.438720703125,-74.34154510498047,-74.43850708007812,-74.09659576416016,-74.57223510742188,-74.4149398803711,-74.09483337402344,-74.42620086669922,-74.40837860107422,-73.87824249267578,-73.6407241821289,-73.41515350341797,-73.33845520019531,-73.40753936767578,-74.0374984741211,-72.7414321899414,-72.75975799560547,-74.26206970214844,-74.29263305664062,-74.6729965209961,-74.22798919677734,-73.37330627441406,-73.56172943115234,-73.1858901977539,-72.24252319335938,-72.31596374511719,-72.92779541015625,-73.4482192993164,-73.50103759765625,-72.21663665771484,-72.27574157714844,-74.73663330078125,-74.00617218017578,-72.71533203125,-72.32154083251953,-73.29376220703125,-74.89183044433594,-75.18632507324219,-73.8211898803711,-73.6134033203125,-75.13607788085938,-74.71427917480469,-72.20906829833984,-73.14081573486328,-73.18504333496094,-74.25292205810547,0.0
-74.4094467163086,-74.6590576171875,-74.85041046142578,-74.438720703125,-74.34154510498047,-74.43850708007812,-74.09659576416016,-74.57223510742188,-74.4149398803711,-74.09483337402344,-74.42620086669922,-74.40837860107422,-73.87824249267578,-73.6407241821289,-73.41515350341797,-73.33845520019531,-73.40753936767578,-74.0374984741211,-72.7414321899414,-72.75975799560547,-74.26206970214844,-74.29263305664062,-74.6729965209961,-74.22798919677734,-73.37330627441406,-73.56172943115234,-73.1858901977539,-72.24252319335938,-72.31596374511719,-72.92779541015625,-73.4482192993164,-73.50103759765625,-72.21663665771484,-72.27574157714844,-74.73663330078125,-74.00617218017578,-72.71533203125,-72.32154083251953,-73.29376220703125,-74.89183044433594,-75.18632507324219,-73.8211898803711,-73.6134033203125,-75.13607788085938,-74.71427917480469,-72.20906829833984,-73.14081573486328,-73.18504333496094,-74.25292205810547,-75.04792022705078,1.0
-74.6590576171875,-74.85041046142578,-74.438720703125,-74.34154510498047,-74.43850708007812,-74.09659576416016,-74.57223510742188,-74.4149398803711,-74.09483337402344,-74.42620086669922,-74.40837860107422,-73.87824249267578,-73.6407241821289,-73.41515350341797,-73.33845520019531,-73.40753936767578,-74.0374984741211,-72.7414321899414,-72.75975799560547,-74.26206970214844,-74.29263305664062,-74.6729965209961,-74.22798919677734,-73.37330627441406,-73.56172943115234,-73.1858901977539,-72.24252319335938,-72.31596374511719,-72.92779541015625,-73.4482192993164,-73.50103759765625,-72.21663665771484,-72.27574157714844,-74.73663330078125,-74.00617218017578,-72.71533203125,-72.32154083251953,-73.29376220703125,-74.89183044433594,-75.18632507324219,-73.8211898803711,-73.6134033203125,-75.13607788085938,-74.71427917480469,-72.20906829833984,-73.14081573486328,-73.18504333496094,-74.25292205810547,-75.04792022705078,-73.1780776977539,0.0
-74.85041046142578,-74.438720703125,-74.34154510498047,-74.43850708007812,-74.09659576416016,-74.57223510742188,-74.4149398803711,-74.09483337402344,-74.42620086669922,-74.40837860107422,-73.87824249267578,-73.6407241821289,-73.41515350341797,-73.33845520019531,-73.40753936767578,-74.0374984741211,-72.7414321899414,-72.75975799560547,-74.26206970214844,-74.29263305664062,-74.6729965209961,-74.22798919677734,-73.37330627441406,-73.56172943115234,-73.1858901977539,-72.24252319335938,-72.31596374511719,-72.92779541015625,-73.4482192993164,-73.50103759765625,-72.21663665771484,-72.27574157714844,-74.73663330078125,-74.00617218017578,-72.71533203125,-72.32154083251953,-73.29376220703125,-74.89183044433594,-75.18632507324219,-73.8211898803711,-73.6134033203125,-75.13607788085938,-74.71427917480469,-72.20906829833984,-73.14081573486328,-73.18504333496094,-74.25292205810547,-75.04792022705078,-73.1780776977539,-72.30705261230469,1.0
-74.438720703125,-74.34154510498047,-74.43850708007812,-74.09659576416016,-74.57223510742188,-74.4149398803711,-74.09483337402344,-74.42620086669922,-74.40837860107422,-73.87824249267578,-73.6407241821289,-73.41515350341797,-73.33845520019531,-73.40753936767578,-74.0374984741211,-72.7414321899414,-72.75975799560547,-74.26206970214844,-74.29263305664062,-74.6729965209961,-74.22798919677734,-73.37330627441406,-73.56172943115234,-73.1858901977539,-72.24252319335938,-72.31596374511719,-72.92779541015625,-73.4482192993164,-73.50103759765625,-72.21663665771484,-72.27574157714844,-74.73663330078125,-74.00617218017578,-72.71533203125,-72.32154083251953,-73.29376220703125,-74.89183044433594,-75.18632507324219,-73.8211898803711,-73.6134033203125,-75.13607788085938,-74.71427917480469,-72.20906829833984,-73.14081573486328,-73.18504333496094,-74.25292205810547,-75.04792022705078,-73.1780776977539,-72.30705261230469,-70.21704864501953,0.0
-74.34154510498047,-74.43850708007812,-74.09659576416016,-74.57223510742188,-74.4149398803711,-74.09483337402344,-74.42620086669922,-74.40837860107422,-73.87824249267578,-73.6407241821289,-73.41515350341797,-73.33845520019531,-73.40753936767578,-74.0374984741211,-72.7414321899414,-72.75975799560547,-74.26206970214844,-74.29263305664062,-74.6729965209961,-74.22798919677734,-73.37330627441406,-73.56172943115234,-73.1858901977539,-72.24252319335938,-72.31596374511719,-72.92779541015625,-73.4482192993164,-73.50103759765625,-72.21663665771484,-72.27574157714844,-74.73663330078125,-74.00617218017578,-72.71533203125,-72.32154083251953,-73.29376220703125,-74.89183044433594,-75.18632507324219,-73.8211898803711,-73.6134033203125,-75.13607788085938,-74.71427917480469,-72.20906829833984,-73.14081573486328,-73.18504333496094,-74.25292205810547,-75.04792022705078,-73.1780776977539,-72.30705261230469,-70.21704864501953,-68.46939086914062,0.0
-74.43850708007812,-74.09659576416016,-74.57223510742188,-74.4149398803711,-74.09483337402344,-74.42620086669922,-74.40837860107422,-73.87824249267578,-73.6407241821289,-73.41515350341797,-73.33845520019531,-73.40753936767578,-74.0374984741211,-72.7414321899414,-72.75975799560547,-74.26206970214844,-74.29263305664062,-74.6729965209961,-74.22798919677734,-73.37330627441406,-73.56172943115234,-73.1858901977539,-72.24252319335938,-72.31596374511719,-72.92779541015625,-73.4482192993164,-73.50103759765625,-72.21663665771484,-72.27574157714844,-74.73663330078125,-74.00617218017578,-72.71533203125,-72.32154083251953,-73.29376220703125,-74.89183044433594,-75.18632507324219,-73.8211898803711,-73.6134033203125,-75.13607788085938,-74.71427917480469,-72.20906829833984,-73.14081573486328,-73.18504333496094,-74.25292205810547,-75.04792022705078,-73.1780776977539,-72.30705261230469,-70.21704864501953,-68.46939086914062,-67.98536682128906,0.0
-74.09659576416016,-74.57223510742188,-74.4149398803711,-74.09483337402344,-74.42620086669922,-74.40837860107422,-73.87824249267578,-73.6407241821289,-73.41515350341797,-73.33845520019531,-73.40753936767578,-74.0374984741211,-72.7414321899414,-72.75975799560547,-74.26206970214844,-74.29263305664062,-74.6729965209961,-74.22798919677734,-73.37330627441406,-73.56172943115234,-73.1858901977539,-72.24252319335938,-72.31596374511719,-72.92779541015625,-73.4482192993164,-73.50103759765625,-72.21663665771484,-72.27574157714844,-74.73663330078125,-74.00617218017578,-72.71533203125,-72.32154083251953,-73.29376220703125,-74.89183044433594,-75.18632507324219,-73.8211898803711,-73.6134033203125,-75.13607788085938,-74.71427917480469,-72.20906829833984,-73.14081573486328,-73.18504333496094,-74.25292205810547,-75.04792022705078,-73.1780776977539,-72.30705261230469,-70.21704864501953,-68.46939086914062,-67.98536682128906,-67.95557403564453,0.0
-74.57223510742188,-74.4149398803711,-74.09483337402344,-74.42620086669922,-74.40837860107422,-73.87824249267578,-73.6407241821289,-73.41515350341797,-73.33845520019531,-73.40753936767578,-74.0374984741211,-72.7414321899414,-72.75975799560547,-74.26206970214844,-74.29263305664062,-74.6729965209961,-74.22798919677734,-73.37330627441406,-73.56172943115234,-73.1858901977539,-72.24252319335938,-72.31596374511719,-72.92779541015625,-73.4482192993164,-73.50103759765625,-72.21663665771484,-72.27574157714844,-74.73663330078125,-74.00617218017578,-72.71533203125,-72.32154083251953,-73.29376220703125,-74.89183044433594,-75.18632507324219,-73.8211898803711,-73.6134033203125,-75.13607788085938,-74.71427917480469,-72.20906829833984,-73.14081573486328,-73.18504333496094,-74.25292205810547,-75.04792022705078,-73.1780776977539,-72.30705261230469,-70.21704864501953,-68.46939086914062,-67.98536682128906,-67.95557403564453,-67.93437957763672,0.0
-74.4149398803711,-74.09483337402344,-74.42620086669922,-74.40837860107422,-73.87824249267578,-73.6407241821289,-73.41515350341797,-73.33845520019531,-73.40753936767578,-74.0374984741211,-72.7414321899414,-72.75975799560547,-74.26206970214844,-74.29263305664062,-74.6729965209961,-74.22798919677734,-73.37330627441406,-73.56172943115234,-73.1858901977539,-72.24252319335938,-72.31596374511719,-72.92779541015625,-73.4482192993164,-73.50103759765625,-72.21663665771484,-72.27574157714844,-74.73663330078125,-74.00617218017578,-72.71533203125,-72.32154083251953,-73.29376220703125,-74.89183044433594,-75.18632507324219,-73.8211898803711,-73.6134033203125,-75.13607788085938,-74.71427917480469,-72.20906829833984,-73.14081573486328,-73.18504333496094,-74.25292205810547,-75.04792022705078,-73.1780776977539,-72.30705261230469,-70.21704864501953,-68.46939086914062,-67.98536682128906,-67.95557403564453,-67.93437957763672,-67.62998962402344,0.0
-74.09483337402344,-74.42620086669922,-74.40837860107422,-73.87824249267578,-73.6407241821289,-73.41515350341797,-73.33845520019531,-73.40753936767578,-74.0374984741211,-72.7414321899414,-72.75975799560547,-74.26206970214844,-74.29263305664062,-74.6729965209961,-74.22798919677734,-73.37330627441406,-73.56172943115234,-73.1858901977539,-72.24252319335938,-72.31596374511719,-72.92779541015625,-73.4482192993164,-73.50103759765625,-72.21663665771484,-72.27574157714844,-74.73663330078125,-74.00617218017578,-72.71533203125,-72.32154083251953,-73.29376220703125,-74.89183044433594,-75.18632507324219,-73.8211898803711,-73.6134033203125,-75.13607788085938,-74.71427917480469,-72.20906829833984,-73.14081573486328,-73.18504333496094,-74.25292205810547,-75.04792022705078,-73.1780776977539,-72.30705261230469,-70.21704864501953,-68.46939086914062,-67.98536682128906,-67.95557403564453,-67.93437957763672,-67.62998962402344,-67.49020385742188,0.0
-74.42620086669922,-74.40837860107422,-73.87824249267578,-73.6407241821289,-73.41515350341797,-73.33845520019531,-73.40753936767578,-74.0374984741211,-72.7414321899414,-72.75975799560547,-74.26206970214844,-74.29263305664062,-74.6729965209961,-74.22798919677734,-73.37330627441406,-73.56172943115234,-73.1858901977539,-72.24252319335938,-72.31596374511719,-72.92779541015625,-73.4482192993164,-73.50103759765625,-72.21663665771484,-72.27574157714844,-74.73663330078125,-74.00617218017578,-72.71533203125,-72.32154083251953,-73.29376220703125,-74.89183044433594,-75.18632507324219,-73.8211898803711,-73.6134033203125,-75.13607788085938,-74.71427917480469,-72.20906829833984,-73.14081573486328,-73.18504333496094,-74.25292205810547,-75.04792022705078,-73.1780776977539,-72.30705261230469,-70.21704864501953,-68.46939086914062,-67.98536682128906,-67.95557403564453,-67.93437957763672,-67.62998962402344,-67.49020385742188,-67.39488983154297,0.0
-74.40837860107422,-73.87824249267578,-73.6407241821289,-73.41515350341797,-73.33845520019531,-73.40753936767578,-74.0374984741211,-72.7414321899414,-72.75975799560547,-74.26206970214844,-74.29263305664062,-74.6729965209961,-74.22798919677734,-73.37330627441406,-73.56172943115234,-73.1858901977539,-72.24252319335938,-72.31596374511719,-72.92779541015625,-73.4482192993164,-73.50103759765625,-72.21663665771484,-72.27574157714844,-74.73663330078125,-74.00617218017578,-72.71533203125,-72.32154083251953,-73.29376220703125,-74.89183044433594,-75.18632507324219,-73.8211898803711,-73.6134033203125,-75.13607788085938,-74.71427917480469,-72.20906829833984,-73.14081573486328,-73.18504333496094,-74.25292205810547,-75.04792022705078,-73.1780776977539,-72.30705261230469,-70.21704864501953,-68.46939086914062,-67.98536682128906,-67.95557403564453,-67.93437957763672,-67.62998962402344,-67.49020385742188,-67.39488983154297,-67.53123474121094,0.0
-73.87824249267578,-73.6407241821289,-73.41515350341797,-73.33845520019531,-73.40753936767578,-74.0374984741211,-72.7414321899414,-72.75975799560547,-74.26206970214844,-74.29263305664062,-74.6729965209961,-74.22798919677734,-73.37330627441406,-73.56172943115234,-73.1858901977539,-72.24252319335938,-72.31596374511719,-72.92779541015625,-73.4482192993164,-73.50103759765625,-72.21663665771484,-72.27574157714844,-74.73663330078125,-74.00617218017578,-72.71533203125,-72.32154083251953,-73.29376220703125,-74.89183044433594,-75.18632507324219,-73.8211898803711,-73.6134033203125,-75.13607788085938,-74.71427917480469,-72.20906829833984,-73.14081573486328,-73.18504333496094,-74.25292205810547,-75.04792022705078,-73.1780776977539,-72.30705261230469,-70.21704864501953,-68.46939086914062,-67.98536682128906,-67.95557403564453,-67.93437957763672,-67.62998962402344,-67.49020385742188,-67.39488983154297,-67.53123474121094,-67.7881851196289,0.0
-73.6407241821289,-73.41515350341797,-73.33845520019531,-73.40753936767578,-74.0374984741211,-72.7414321899414,-72.75975799560547,-74.26206970214844,-74.29263305664062,-74.6729965209961,-74.22798919677734,-73.37330627441406,-73.56172943115234,-73.1858901977539,-72.24252319335938,-72.31596374511719,-72.92779541015625,-73.4482192993164,-73.50103759765625,-72.21663665771484,-72.27574157714844,-74.73663330078125,-74.00617218017578,-72.71533203125,-72.32154083251953,-73.29376220703125,-74.89183044433594,-75.18632507324219,-73.8211898803711,-73.6134033203125,-75.13607788085938,-74.71427917480469,-72.20906829833984,-73.14081573486328,-73.18504333496094,-74.25292205810547,-75.04792022705078,-73.1780776977539,-72.30705261230469,-70.21704864501953,-68.46939086914062,-67.98536682128906,-67.95557403564453,-67.93437957763672,-67.62998962402344,-67.49020385742188,-67.39488983154297,-67.53123474121094,-67.7881851196289,-67.7791976928711,0.0
-73.41515350341797,-73.33845520019531,-73.40753936767578,-74.0374984741211,-72.7414321899414,-72.75975799560547,-74.26206970214844,-74.29263305664062,-74.6729965209961,-74.22798919677734,-73.37330627441406,-73.56172943115234,-73.1858901977539,-72.24252319335938,-72.31596374511719,-72.92779541015625,-73.4482192993164,-73.50103759765625,-72.21663665771484,-72.27574157714844,-74.73663330078125,-74.00617218017578,-72.71533203125,-72.32154083251953,-73.29376220703125,-74.89183044433594,-75.18632507324219,-73.8211898803711,-73.6134033203125,-75.13607788085938,-74.71427917480469,-72.20906829833984,-73.14081573486328,-73.18504333496094,-74.25292205810547,-75.04792022705078,-73.1780776977539,-72.30705261230469,-70.21704864501953,-68.46939086914062,-67.98536682128906,-67.95557403564453,-67.93437957763672,-67.62998962402344,-67.49020385742188,-67.39488983154297,-67.53123474121094,-67.7881851196289,-67.7791976928711,-67.42185974121094,0.0
-73.33845520019531,-73.40753936767578,-74.0374984741211,-72.7414321899414,-72.75975799560547,-74.26206970214844,-74.29263305664062,-74.6729965209961,-74.22798919677734,-73.37330627441406,-73.56172943115234,-73.1858901977539,-72.24252319335938,-72.31596374511719,-72.92779541015625,-73.4482192993164,-73.50103759765625,-72.21663665771484,-72.27574157714844,-74.73663330078125,-74.00617218017578,-72.71533203125,-72.32154083251953,-73.29376220703125,-74.89183044433594,-75.18632507324219,-73.8211898803711,-73.6134033203125,-75.13607788085938,-74.71427917480469,-72.20906829833984,-73.14081573486328,-73.18504333496094,-74.25292205810547,-75.04792022705078,-73.1780776977539,-72.30705261230469,-70.21704864501953,-68.46939086914062,-67.98536682128906,-67.95557403564453,-67.93437957763672,-67.62998962402344,-67.49020385742188,-67.39488983154297,-67.53123474121094,-67.7881851196289,-67.7791976928711,-67.42185974121094,-67.66209411621094,0.0
-73.40753936767578,-74.0374984741211,-72.7414321899414,-72.75975799560547,-74.26206970214844,-74.29263305664062,-74.6729965209961,-74.22798919677734,-73.37330627441406,-73.56172943115234,-73.1858901977539,-72.24252319335938,-72.31596374511719,-72.92779541015625,-73.4482192993164,-73.50103759765625,-72.21663665771484,-72.27574157714844,-74.73663330078125,-74.00617218017578,-72.71533203125,-72.32154083251953,-73.29376220703125,-74.89183044433594,-75.18632507324219,-73.8211898803711,-73.6134033203125,-75.13607788085938,-74.71427917480469,-72.20906829833984,-73.14081573486328,-73.18504333496094,-74.25292205810547,-75.04792022705078,-73.1780776977539,-72.30705261230469,-70.21704864501953,-68.46939086914062,-67.98536682128906,-67.95557403564453,-67.93437957763672,-67.62998962402344,-67.49020385742188,-67.39488983154297,-67.53123474121094,-67.7881851196289,-67.7791976928711,-67.42185974121094,-67.66209411621094,-67.70722198486328,0.0
-74.0374984741211,-72.7414321899414,-72.75975799560547,-74.26206970214844,-74.29263305664062,-74.6729965209961,-74.22798919677734,-73.37330627441406,-73.56172943115234,-73.1858901977539,-72.24252319335938,-72.31596374511719,-72.92779541015625,-73.4482192993164,-73.50103759765625,-72.21663665771484,-72.27574157714844,-74.73663330078125,-74.00617218017578,-72.71533203125,-72.32154083251953,-73.29376220703125,-74.89183044433594,-75.18632507324219,-73.8211898803711,-73.6134033203125,-75.13607788085938,-74.71427917480469,-72.20906829833984,-73.14081573486328,-73.18504333496094,-74.25292205810547,-75.04792022705078,-73.1780776977539,-72.30705261230469,-70.21704864501953,-68.46939086914062,-67.98536682128906,-67.95557403564453,-67.93437957763672,-67.62998962402344,-67.49020385742188,-67.39488983154297,-67.53123474121094,-67.7881851196289,-67.7791976928711,-67.42185974121094,-67.66209411621094,-67.70722198486328,-66.1269302368164,1.0
-72.7414321899414,-72.75975799560547,-74.26206970214844,-74.29263305664062,-74.6729965209961,-74.22798919677734,-73.37330627441406,-73.56172943115234,-73.1858901977539,-72.24252319335938,-72.31596374511719,-72.92779541015625,-73.4482192993164,-73.50103759765625,-72.21663665771484,-72.27574157714844,-74.73663330078125,-74.00617218017578,-72.71533203125,-72.32154083251953,-73.29376220703125,-74.89183044433594,-75.18632507324219,-73.8211898803711,-73.6134033203125,-75.13607788085938,-74.71427917480469,-72.20906829833984,-73.14081573486328,-73.18504333496094,-74.25292205810547,-75.04792022705078,-73.1780776977539,-72.30705261230469,-70.21704864501953,-68.46939086914062,-67.98536682128906,-67.95557403564453,-67.93437957763672,-67.62998962402344,-67.49020385742188,-67.39488983154297,-67.53123474121094,-67.7881851196289,-67.7791976928711,-67.42185974121094,-67.66209411621094,-67.70722198486328,-66.1269302368164,-65.0316390991211,0.0
-72.75975799560547,-74.26206970214844,-74.29263305664062,-74.6729965209961,-74.22798919677734,-73.37330627441406,-73.56172943115234,-73.1858901977539,-72.24252319335938,-72.31596374511719,-72.92779541015625,-73.4482192993164,-73.50103759765625,-72.21663665771484,-72.27574157714844,-74.73663330078125,-74.00617218017578,-72.71533203125,-72.32154083251953,-73.29376220703125,-74.89183044433594,-75.18632507324219,-73.8211898803711,-73.6134033203125,-75.13607788085938,-74.71427917480469,-72.20906829833984,-73.14081573486328,-73.18504333496094,-74.25292205810547,-75.04792022705078,-73.1780776977539,-72.30705261230469,-70.21704864501953,-68.46939086914062,-67.98536682128906,-67.95557403564453,-67.93437957763672,-67.62998962402344,-67.49020385742188,-67.39488983154297,-67.53123474121094,-67.7881851196289,-67.7791976928711,-67.42185974121094,-67.66209411621094,-67.70722198486328,-66.1269302368164,-65.0316390991211,-66.8322982788086,0.0
-74.26206970214844,-74.29263305664062,-74.6729965209961,-74.22798919677734,-73.37330627441406,-73.56172943115234,-73.1858901977539,-72.24252319335938,-72.31596374511719,-72.92779541015625,-73.4482192993164,-73.50103759765625,-72.21663665771484,-72.27574157714844,-74.73663330078125,-74.00617218017578,-72.71533203125,-72.32154083251953,-73.29376220703125,-74.89183044433594,-75.18632507324219,-73.8211898803711,-73.6134033203125,-75.13607788085938,-74.71427917480469,-72.20906829833984,-73.14081573486328,-73.18504333496094,-74.25292205810547,-75.04792022705078,-73.1780776977539,-72.30705261230469,-70.21704864501953,-68.46939086914062,-67.98536682128906,-67.95557403564453,-67.93437957763672,-67.62998962402344,-67.49020385742188,-67.39488983154297,-67.53123474121094,-67.7881851196289,-67.7791976928711,-67.42185974121094,-67.66209411621094,-67.70722198486328,-66.1269302368164,-65.0316390991211,-66.8322982788086,-61.858585357666016,0.0
-74.29263305664062,-74.6729965209961,-74.22798919677734,-73.37330627441406,-73.56172943115234,-73.1858901977539,-72.24252319335938,-72.31596374511719,-72.92779541015625,-73.4482192993164,-73.50103759765625,-72.21663665771484,-72.27574157714844,-74.73663330078125,-74.00617218017578,-72.71533203125,-72.32154083251953,-73.29376220703125,-74.89183044433594,-75.18632507324219,-73.8211898803711,-73.6134033203125,-75.13607788085938,-74.71427917480469,-72.20906829833984,-73.14081573486328,-73.18504333496094,-74.25292205810547,-75.04792022705078,-73.1780776977539,-72.30705261230469,-70.21704864501953,-68.46939086914062,-67.98536682128906,-67.95557403564453,-67.93437957763672,-67.62998962402344,-67.49020385742188,-67.39488983154297,-67.53123474121094,-67.7881851196289,-67.7791976928711,-67.42185974121094,-67.66209411621094,-67.70722198486328,-66.1269302368164,-65.0316390991211,-66.8322982788086,-61.858585357666016,-59.93557357788086,0.0
-74.6729965209961,-74.22798919677734,-73.37330627441406,-73.56172943115234,-73.1858901977539,-72.24252319335938,-72.31596374511719,-72.92779541015625,-73.4482192993164,-73.50103759765625,-72.21663665771484,-72.27574157714844,-74.73663330078125,-74.00617218017578,-72.71533203125,-72.32154083251953,-73.29376220703125,-74.89183044433594,-75.18632507324219,-73.8211898803711,-73.6134033203125,-75.13607788085938,-74.71427917480469,-72.20906829833984,-73.14081573486328,-73.18504333496094,-74.25292205810547,-75.04792022705078,-73.1780776977539,-72.30705261230469,-70.21704864501953,-68.46939086914062,-67.98536682128906,-67.95557403564453,-67.93437957763672,-67.62998962402344,-67.49020385742188,-67.39488983154297,-67.53123474121094,-67.7881851196289,-67.7791976928711,-67.42185974121094,-67.66209411621094,-67.70722198486328,-66.1269302368164,-65.0316390991211,-66.8322982788086,-61.858585357666016,-59.93557357788086,-61.97382736206055,0.0
-74.22798919677734,-73.37330627441406,-73.56172943115234,-73.1858901977539,-72.24252319335938,-72.31596374511719,-72.92779541015625,-73.4482192993164,-73.50103759765625,-72.21663665771484,-72.27574157714844,-74.73663330078125,-74.00617218017578,-72.71533203125,-72.32154083251953,-73.29376220703125,-74.89183044433594,-75.18632507324219,-73.8211898803711,-73.6134033203125,-75.13607788085938,-74.71427917480469,-72.20906829833984,-73.14081573486328,-73.18504333496094,-74.25292205810547,-75.04792022705078,-73.1780776977539,-72.30705261230469,-70.21704864501953,-68.46939086914062,-67.98536682128906,-67.95557403564453,-67.93437957763672,-67.62998962402344,-67.49020385742188,-67.39488983154297,-67.53123474121094,-67.7881851196289,-67.7791976928711,-67.42185974121094,-67.66209411621094,-67.70722198486328,-66.1269302368164,-65.0316390991211,-66.8322982788086,-61.858585357666016,-59.93557357788086,-61.97382736206055,-61.88909149169922,0.0
-73.37330627441406,-73.56172943115234,-73.1858901977539,-72.24252319335938,-72.31596374511719,-72.92779541015625,-73.4482192993164,-73.50103759765625,-72.21663665771484,-72.27574157714844,-74.73663330078125,-74.00617218017578,-72.71533203125,-72.32154083251953,-73.29376220703125,-74.89183044433594,-75.18632507324219,-73.8211898803711,-73.6134033203125,-75.13607788085938,-74.71427917480469,-72.20906829833984,-73.14081573486328,-73.18504333496094,-74.25292205810547,-75.04792022705078,-73.1780776977539,-72.30705261230469,-70.21704864501953,-68.46939086914062,-67.98536682128906,-67.95557403564453,-67.93437957763672,-67.62998962402344,-67.49020385742188,-67.39488983154297,-67.53123474121094,-67.7881851196289,-67.7791976928711,-67.42185974121094,-67.66209411621094,-67.70722198486328,-66.1269302368164,-65.0316390991211,-66.8322982788086,-61.858585357666016,-59.93557357788086,-61.97382736206055,-61.88909149169922,-62.97555160522461,0.0
-73.56172943115234,-73.1858901977539,-72.24252319335938,-72.31596374511719,-72.92779541015625,-73.4482192993164,-73.50103759765625,-72.21663665771484,-72.27574157714844,-74.73663330078125,-74.00617218017578,-72.71533203125,-72.32154083251953,-73.29376220703125,-74.89183044433594,-75.18632507324219,-73.8211898803711,-73.6134033203125,-75.13607788085938,-74.71427917480469,-72.20906829833984,-73.14081573486328,-73.18504333496094,-74.25292205810547,-75.04792022705078,-73.1780776977539,-72.30705261230469,-70.21704864501953,-68.46939086914062,-67.98536682128906,-67.95557403564453,-67.93437957763672,-67.62998962402344,-67.49020385742188,-67.39488983154297,-67.53123474121094,-67.7881851196289,-67.7791976928711,-67.42185974121094,-67.66209411621094,-67.70722198486328,-66.1269302368164,-65.0316390991211,-66.8322982788086,-61.858585357666016,-59.93557357788086,-61.97382736206055,-61.88909149169922,-62.97555160522461,-63.00748825073242,0.0
-73.1858901977539,-72.24252319335938,-72.31596374511719,-72.92779541015625,-73.4482192993164,-73.50103759765625,-72.21663665771484,-72.27574157714844,-74.73663330078125,-74.00617218017578,-72.71533203125,-72.32154083251953,-73.29376220703125,-74.89183044433594,-75.18632507324219,-73.8211898803711,-73.6134033203125,-75.13607788085938,-74.71427917480469,-72.20906829833984,-73.14081573486328,-73.18504333496094,-74.25292205810547,-75.04792022705078,-73.1780776977539,-72.30705261230469,-70.21704864501953,-68.46939086914062,-67.98536682128906,-67.95557403564453,-67.93437957763672,-67.62998962402344,-67.49020385742188,-67.39488983154297,-67.53123474121094,-67.7881851196289,-67.7791976928711,-67.42185974121094,-67.66209411621094,-67.70722198486328,-66.1269302368164,-65.0316390991211,-66.8322982788086,-61.858585357666016,-59.93557357788086,-61.97382736206055,-61.88909149169922,-62.97555160522461,-63.00748825073242,-62.6175537109375,0.0
-72.24252319335938,-72.31596374511719,-72.92779541015625,-73.4482192993164,-73.50103759765625,-72.21663665771484,-72.27574157714844,-74.73663330078125,-74.00617218017578,-72.71533203125,-72.32154083251953,-73.29376220703125,-74.89183044433594,-75.18632507324219,-73.8211898803711,-73.6134033203125,-75.13607788085938,-74.71427917480469,-72.20906829833984,-73.14081573486328,-73.18504333496094,-74.25292205810547,-75.04792022705078,-73.1780776977539,-72.30705261230469,-70.21704864501953,-68.46939086914062,-67.98536682128906,-67.95557403564453,-67.93437957763672,-67.62998962402344,-67.49020385742188,-67.39488983154297,-67.53123474121094,-67.7881851196289,-67.7791976928711,-67.42185974121094,-67.66209411621094,-67.70722198486328,-66.1269302368164,-65.0316390991211,-66.8322982788086,-61.858585357666016,-59.93557357788086,-61.97382736206055,-61.88909149169922,-62.97555160522461,-63.00748825073242,-62.6175537109375,-62.269954681396484,0.0
-72.31596374511719,-72.92779541015625,-73.4482192993164,-73.50103759765625,-72.21663665771484,-72.27574157714844,-74.73663330078125,-74.00617218017578,-72.71533203125,-72.32154083251953,-73.29376220703125,-74.89183044433594,-75.18632507324219,-73.8211898803711,-73.6134033203125,-75.13607788085938,-74.71427917480469,-72.20906829833984,-73.14081573486328,-73.18504333496094,-74.25292205810547,-75.04792022705078,-73.1780776977539,-72.30705261230469,-70.21704864501953,-68.46939086914062,-67.98536682128906,-67.95557403564453,-67.93437957763672,-67.62998962402344,-67.49020385742188,-67.39488983154297,-67.53123474121094,-67.7881851196289,-67.7791976928711,-67.42185974121094,-67.66209411621094,-67.70722198486328,-66.1269302368164,-65.0316390991211,-66.8322982788086,-61.858585357666016,-59.93557357788086,-61.97382736206055,-61.88909149169922,-62.97555160522461,-63.00748825073242,-62.6175537109375,-62.269954681396484,-65.10418701171875,0.0
-72.92779541015625,-73.4482192993164,-73.50103759765625,-72.21663665771484,-72.27574157714844,-74.73663330078125,-74.00617218017578,-72.71533203125,-72.32154083251953,-73.29376220703125,-74.89183044433594,-75.18632507324219,-73.8211898803711,-73.6134033203125,-75.13607788085938,-74.71427917480469,-72.20906829833984,-73.14081573486328,-73.18504333496094,-74.25292205810547,-75.04792022705078,-73.1780776977539,-72.30705261230469,-70.21704864501953,-68.46939086914062,-67.98536682128906,-67.95557403564453,-67.93437957763672,-67.62998962402344,-67.49020385742188,-67.39488983154297,-67.53123474121094,-67.7881851196289,-67.7791976928711,-67.42185974121094,-67.66209411621094,-67.70722198486328,-66.1269302368164,-65.0316390991211,-66.8322982788086,-61.858585357666016,-59.93557357788086,-61.97382736206055,-61.88909149169922,-62.97555160522461,-63.00748825073242,-62.6175537109375,-62.269954681396484,-65.10418701171875,-65.69668579101562,0.0
-73.4482192993164,-73.50103759765625,-72.21663665771484,-72.27574157714844,-74.73663330078125,-74.00617218017578,-72.71533203125,-72.32154083251953,-73.29376220703125,-74.89183044433594,-75.18632507324219,-73.8211898803711,-73.6134033203125,-75.13607788085938,-74.71427917480469,-72.20906829833984,-73.14081573486328,-73.18504333496094,-74.25292205810547,-75.04792022705078,-73.1780776977539,-72.30705261230469,-70.21704864501953,-68.46939086914062,-67.98536682128906,-67.95557403564453,-67.93437957763672,-67.62998962402344,-67.49020385742188,-67.39488983154297,-67.53123474121094,-67.7881851196289,-67.7791976928711,-67.42185974121094,-67.66209411621094,-67.70722198486328,-66.1269302368164,-65.0316390991211,-66.8322982788086,-61.858585357666016,-59.93557357788086,-61.97382736206055,-61.88909149169922,-62.97555160522461,-63.00748825073242,-62.6175537109375,-62.269954681396484,-65.10418701171875,-65.69668579101562,-65.44686889648438,0.0
-73.50103759765625,-72.21663665771484,-72.27574157714844,-74.73663330078125,-74.00617218017578,-72.71533203125,-72.32154083251953,-73.29376220703125,-74.89183044433594,-75.18632507324219,-73.8211898803711,-73.6134033203125,-75.13607788085938,-74.71427917480469,-72.20906829833984,-73.14081573486328,-73.18504333496094,-74.25292205810547,-75.04792022705078,-73.1780776977539,-72.30705261230469,-70.21704864501953,-68.46939086914062,-67.98536682128906,-67.95557403564453,-67.93437957763672,-67.62998962402344,-67.49020385742188,-67.39488983154297,-67.53123474121094,-67.7881851196289,-67.7791976928711,-67.42185974121094,-67.66209411621094,-67.70722198486328,-66.1269302368164,-65.0316390991211,-66.8322982788086,-61.858585357666016,-59.93557357788086,-61.97382736206055,-61.88909149169922,-62.97555160522461,-63.00748825073242,-62.6175537109375,-62.269954681396484,-65.10418701171875,-65.69668579101562,-65.44686889648438,-65.57752990722656,0.0
-72.21663665771484,-72.27574157714844,-74.73663330078125,-74.00617218017578,-72.71533203125,-72.32154083251953,-73.29376220703125,-74.89183044433594,-75.18632507324219,-73.8211898803711,-73.6134033203125,-75.13607788085938,-74.71427917480469,-72.20906829833984,-73.14081573486328,-73.18504333496094,-74.25292205810547,-75.04792022705078,-73.1780776977539,-72.30705261230469,-70.21704864501953,-68.46939086914062,-67.98536682128906,-67.95557403564453,-67.93437957763672,-67.62998962402344,-67.49020385742188,-67.39488983154297,-67.53123474121094,-67.7881851196289,-67.7791976928711,-67.42185974121094,-67.66209411621094,-67.70722198486328,-66.1269302368164,-65.0316390991211,-66.8322982788086,-61.858585357666016,-59.93557357788086,-61.97382736206055,-61.88909149169922,-62.97555160522461,-63.00748825073242,-62.6175537109375,-62.269954681396484,-65.10418701171875,-65.69668579101562,-65.44686889648438,-65.57752990722656,-64.75435638427734,0.0
-72.27574157714844,-74.73663330078125,-74.00617218017578,-72.71533203125,-72.32154083251953,-73.29376220703125,-74.89183044433594,-75.18632507324219,-73.8211898803711,-73.6134033203125,-75.13607788085938,-74.71427917480469,-72.20906829833984,-73.14081573486328,-73.18504333496094,-74.25292205810547,-75.04792022705078,-73.1780776977539,-72.30705261230469,-70.21704864501953,-68.46939086914062,-67.98536682128906,-67.95557403564453,-67.93437957763672,-67.62998962402344,-67.49020385742188,-67.39488983154297,-67.53123474121094,-67.7881851196289,-67.7791976928711,-67.42185974121094,-67.66209411621094,-67.70722198486328,-66.1269302368164,-65.0316390991211,-66.8322982788086,-61.858585357666016,-59.93557357788086,-61.97382736206055,-61.88909149169922,-62.97555160522461,-63.00748825073242,-62.6175537109375,-62.269954681396484,-65.10418701171875,-65.69668579101562,-65.44686889648438,-65.57752990722656,-64.75435638427734,-66.7824478149414,0.0
-74.73663330078125,-74.00617218017578,-72.71533203125,-72.32154083251953,-73.29376220703125,-74.89183044433594,-75.18632507324219,-73.8211898803711,-73.6134033203125,-75.13607788085938,-74.71427917480469,-72.20906829833984,-73.14081573486328,-73.18504333496094,-74.25292205810547,-75.04792022705078,-73.1780776977539,-72.30705261230469,-70.21704864501953,-68.46939086914062,-67.98536682128906,-67.95557403564453,-67.93437957763672,-67.62998962402344,-67.49020385742188,-67.39488983154297,-67.53123474121094,-67.7881851196289,-67.7791976928711,-67.42185974121094,-67.66209411621094,-67.70722198486328,-66.1269302368164,-65.0316390991211,-66.8322982788086,-61.858585357666016,-59.93557357788086,-61.97382736206055,-61.88909149169922,-62.97555160522461,-63.00748825073242,-62.6175537109375,-62.269954681396484,-65.10418701171875,-65.69668579101562,-65.44686889648438,-65.57752990722656,-64.75435638427734,-66.7824478149414,-67.12964630126953,0.0
-74.00617218017578,-72.71533203125,-72.32154083251953,-73.29376220703125,-74.89183044433594,-75.18632507324219,-73.8211898803711,-73.6134033203125,-75.13607788085938,-74.71427917480469,-72.20906829833984,-73.14081573486328,-73.18504333496094,-74.25292205810547,-75.04792022705078,-73.1780776977539,-72.30705261230469,-70.21704864501953,-68.46939086914062,-67.98536682128906,-67.95557403564453,-67.93437957763672,-67.62998962402344,-67.49020385742188,-67.39488983154297,-67.53123474121094,-67.7881851196289,-67.7791976928711,-67.42185974121094,-67.66209411621094,-67.70722198486328,-66.1269302368164,-65.0316390991211,-66.8322982788086,-61.858585357666016,-59.93557357788086,-61.97382736206055,-61.88909149169922,-62.97555160522461,-63.00748825073242,-62.6175537109375,-62.269954681396484,-65.10418701171875,-65.69668579101562,-65.44686889648438,-65.57752990722656,-64.75435638427734,-66.7824478149414,-67.12964630126953,-67.26393127441406,0.0
-72.71533203125,-72.32154083251953,-73.29376220703125,-74.89183044433594,-75.18632507324219,-73.8211898803711,-73.6134033203125,-75.13607788085938,-74.71427917480469,-72.20906829833984,-73.14081573486328,-73.18504333496094,-74.25292205810547,-75.04792022705078,-73.1780776977539,-72.30705261230469,-70.21704864501953,-68.46939086914062,-67.98536682128906,-67.95557403564453,-67.93437957763672,-67.62998962402344,-67.49020385742188,-67.39488983154297,-67.53123474121094,-67.7881851196289,-67.7791976928711,-67.42185974121094,-67.66209411621094,-67.70722198486328,-66.1269302368164,-65.0316390991211,-66.8322982788086,-61.858585357666016,-59.93557357788086,-61.97382736206055,-61.88909149169922,-62.97555160522461,-63.00748825073242,-62.6175537109375,-62.269954681396484,-65.10418701171875,-65.69668579101562,-65.44686889648438,-65.57752990722656,-64.75435638427734,-66.7824478149414,-67.12964630126953,-67.26393127441406,-67.31861877441406,1.0
-72.32154083251953,-73.29376220703125,-74.89183044433594,-75.18632507324219,-73.8211898803711,-73.6134033203125,-75.13607788085938,-74.71427917480469,-72.20906829833984,-73.14081573486328,-73.18504333496094,-74.25292205810547,-75.04792022705078,-73.1780776977539,-72.30705261230469,-70.21704864501953,-68.46939086914062,-67.98536682128906,-67.95557403564453,-67.93437957763672,-67.62998962402344,-67.49020385742188,-67.39488983154297,-67.53123474121094,-67.7881851196289,-67.7791976928711,-67.42185974121094,-67.66209411621094,-67.70722198486328,-66.1269302368164,-65.0316390991211,-66.8322982788086,-61.858585357666016,-59.93557357788086,-61.97382736206055,-61.88909149169922,-62.97555160522461,-63.00748825073242,-62.6175537109375,-62.269954681396484,-65.10418701171875,-65.69668579101562,-65.44686889648438,-65.57752990722656,-64.75435638427734,-66.7824478149414,-67.12964630126953,-67.26393127441406,-67.31861877441406,-71.85591125488281,0.0
-73.29376220703125,-74.89183044433594,-75.18632507324219,-73.8211898803711,-73.6134033203125,-75.13607788085938,-74.71427917480469,-72.20906829833984,-73.14081573486328,-73.18504333496094,-74.25292205810547,-75.04792022705078,-73.1780776977539,-72.30705261230469,-70.21704864501953,-68.46939086914062,-67.98536682128906,-67.95557403564453,-67.93437957763672,-67.62998962402344,-67.49020385742188,-67.39488983154297,-67.53123474121094,-67.7881851196289,-67.7791976928711,-67.42185974121094,-67.66209411621094,-67.70722198486328,-66.1269302368164,-65.0316390991211,-66.8322982788086,-61.858585357666016,-59.93557357788086,-61.97382736206055,-61.88909149169922,-62.97555160522461,-63.00748825073242,-62.6175537109375,-62.269954681396484,-65.10418701171875,-65.69668579101562,-65.44686889648438,-65.57752990722656,-64.75435638427734,-66.7824478149414,-67.12964630126953,-67.26393127441406,-67.31861877441406,-71.85591125488281,-75.64863586425781,0.0
-74.89183044433594,-75.18632507324219,-73.8211898803711,-73.6134033203125,-75.13607788085938,-74.71427917480469,-72.20906829833984,-73.14081573486328,-73.18504333496094,-74.25292205810547,-75.04792022705078,-73.1780776977539,-72.30705261230469,-70.21704864501953,-68.46939086914062,-67.98536682128906,-67.95557403564453,-67.93437957763672,-67.62998962402344,-67.49020385742188,-67.39488983154297,-67.53123474121094,-67.7881851196289,-67.7791976928711,-67.42185974121094,-67.66209411621094,-67.70722198486328,-66.1269302368164,-65.0316390991211,-66.8322982788086,-61.858585357666016,-59.93557357788086,-61.97382736206055,-61.88909149169922,-62.97555160522461,-63.00748825073242,-62.6175537109375,-62.269954681396484,-65.10418701171875,-65.69668579101562,-65.44686889648438,-65.57752990722656,-64.75435638427734,-66.7824478149414,-67.12964630126953,-67.26393127441406,-67.31861877441406,-71.85591125488281,-75.64863586425781,-77.92759704589844,0.0
-75.18632507324219,-73.8211898803711,-73.6134033203125,-75.13607788085938,-74.71427917480469,-72.20906829833984,-73.14081573486328,-73.18504333496094,-74.25292205810547,-75.04792022705078,-73.1780776977539,-72.30705261230469,-70.21704864501953,-68.46939086914062,-67.98536682128906,-67.95557403564453,-67.93437957763672,-67.62998962402344,-67.49020385742188,-67.39488983154297,-67.53123474121094,-67.7881851196289,-67.7791976928711,-67.42185974121094,-67.66209411621094,-67.70722198486328,-66.1269302368164,-65.0316390991211,-66.8322982788086,-61.858585357666016,-59.93557357788086,-61.97382736206055,-61.88909149169922,-62.97555160522461,-63.00748825073242,-62.6175537109375,-62.269954681396484,-65.10418701171875,-65.69668579101562,-65.44686889648438,-65.57752990722656,-64.75435638427734,-66.7824478149414,-67.12964630126953,-67.26393127441406,-67.31861877441406,-71.85591125488281,-75.64863586425781,-77.92759704589844,-79.46577453613281,0.0
-73.8211898803711,-73.6134033203125,-75.13607788085938,-74.71427917480469,-72.20906829833984,-73.14081573486328,-73.18504333496094,-74.25292205810547,-75.04792022705078,-73.1780776977539,-72.30705261230469,-70.21704864501953,-68.46939086914062,-67.98536682128906,-67.95557403564453,-67.93437957763672,-67.62998962402344,-67.49020385742188,-67.39488983154297,-67.53123474121094,-67.7881851196289,-67.7791976928711,-67.42185974121094,-67.66209411621094,-67.70722198486328,-66.1269302368164,-65.0316390991211,-66.8322982788086,-61.858585357666016,-59.93557357788086,-61.97382736206055,-61.88909149169922,-62.97555160522461,-63.00748825073242,-62.6175537109375,-62.269954681396484,-65.10418701171875,-65.69668579101562,-65.44686889648438,-65.57752990722656,-64.75435638427734,-66.7824478149414,-67.12964630126953,-67.26393127441406,-67.31861877441406,-71.85591125488281,-75.64863586425781,-77.92759704589844,-79.46577453613281,-80.34342956542969,0.0
-73.6134033203125,-75.13607788085938,-74.71427917480469,-72.20906829833984,-73.14081573486328,-73.18504333496094,-74.25292205810547,-75.04792022705078,-73.1780776977539,-72.30705261230469,-70.21704864501953,-68.46939086914062,-67.98536682128906,-67.95557403564453,-67.93437957763672,-67.62998962402344,-67.49020385742188,-67.39488983154297,-67.53123474121094,-67.7881851196289,-67.7791976928711,-67.42185974121094,-67.66209411621094,-67.70722198486328,-66.1269302368164,-65.0316390991211,-66.8322982788086,-61.858585357666016,-59.93557357788086,-61.97382736206055,-61.88909149169922,-62.97555160522461,-63.00748825073242,-62.6175537109375,-62.269954681396484,-65.10418701171875,-65.69668579101562,-65.44686889648438,-65.57752990722656,-64.75435638427734,-66.7824478149414,-67.12964630126953,-67.26393127441406,-67.31861877441406,-71.85591125488281,-75.64863586425781,-77.92759704589844,-79.46577453613281,-80.34342956542969,-81.27032470703125,0.0
-75.13607788085938,-74.71427917480469,-72.20906829833984,-73.14081573486328,-73.18504333496094,-74.25292205810547,-75.04792022705078,-73.1780776977539,-72.30705261230469,-70.21704864501953,-68.46939086914062,-67.98536682128906,-67.95557403564453,-67.93437957763672,-67.62998962402344,-67.49020385742188,-67.39488983154297,-67.53123474121094,-67.7881851196289,-67.7791976928711,-67.42185974121094,-67.66209411621094,-67.70722198486328,-66.1269302368164,-65.0316390991211,-66.8322982788086,-61.858585357666016,-59.93557357788086,-61.97382736206055,-61.88909149169922,-62.97555160522461,-63.00748825073242,-62.6175537109375,-62.269954681396484,-65.10418701171875,-65.69668579101562,-65.44686889648438,-65.57752990722656,-64.75435638427734,-66.7824478149414,-67.12964630126953,-67.26393127441406,-67.31861877441406,-71.85591125488281,-75.64863586425781,-77.92759704589844,-79.46577453613281,-80.34342956542969,-81.27032470703125,-82.16500854492188,0.0
-74.71427917480469,-72.20906829833984,-73.14081573486328,-73.18504333496094,-74.25292205810547,-75.04792022705078,-73.1780776977539,-72.30705261230469,-70.21704864501953,-68.46939086914062,-67.98536682128906,-67.95557403564453,-67.93437957763672,-67.62998962402344,-67.49020385742188,-67.39488983154297,-67.53123474121094,-67.7881851196289,-67.7791976928711,-67.42185974121094,-67.66209411621094,-67.70722198486328,-66.1269302368164,-65.0316390991211,-66.8322982788086,-61.858585357666016,-59.93557357788086,-61.97382736206055,-61.88909149169922,-62.97555160522461,-63.00748825073242,-62.6175537109375,-62.269954681396484,-65.10418701171875,-65.69668579101562,-65.44686889648438,-65.57752990722656,-64.75435638427734,-66.7824478149414,-67.12964630126953,-67.26393127441406,-67.31861877441406,-71.85591125488281,-75.64863586425781,-77.92759704589844,-79.46577453613281,-80.34342956542969,-81.27032470703125,-82.16500854492188,-82.5645980834961,0.0
-72.20906829833984,-73.14081573486328,-73.18504333496094,-74.25292205810547,-75.04792022705078,-73.1780776977539,-72.30705261230469,-70.21704864501953,-68.46939086914062,-67.98536682128906,-67.95557403564453,-67.93437957763672,-67.62998962402344,-67.49020385742188,-67.39488983154297,-67.53123474121094,-67.7881851196289,-67.7791976928711,-67.42185974121094,-67.66209411621094,-67.70722198486328,-66.1269302368164,-65.0316390991211,-66.8322982788086,-61.858585357666016,-59.93557357788086,-61.97382736206055,-61.88909149169922,-62.97555160522461,-63.00748825073242,-62.6175537109375,-62.269954681396484,-65.10418701171875,-65.69668579101562,-65.44686889648438,-65.57752990722656,-64.75435638427734,-66.7824478149414,-67.12964630126953,-67.26393127441406,-67.31861877441406,-71.85591125488281,-75.64863586425781,-77.92759704589844,-79.46577453613281,-80.34342956542969,-81.27032470703125,-82.16500854492188,-82.5645980834961,-83.5274887084961,0.0
-73.14081573486328,-73.18504333496094,-74.25292205810547,-75.04792022705078,-73.1780776977539,-72.30705261230469,-70.21704864501953,-68.46939086914062,-67.98536682128906,-67.95557403564453,-67.93437957763672,-67.62998962402344,-67.49020385742188,-67.39488983154297,-67.53123474121094,-67.7881851196289,-67.7791976928711,-67.42185974121094,-67.66209411621094,-67.70722198486328,-66.1269302368164,-65.0316390991211,-66.8322982788086,-61.858585357666016,-59.93557357788086,-61.97382736206055,-61.88909149169922,-62.97555160522461,-63.00748825073242,-62.6175537109375,-62.269954681396484,-65.10418701171875,-65.69668579101562,-65.44686889648438,-65.57752990722656,-64.75435638427734,-66.7824478149414,-67.12964630126953,-67.26393127441406,-67.31861877441406,-71.85591125488281,-75.64863586425781,-77.92759704589844,-79.46577453613281,-80.34342956542969,-81.27032470703125,-82.16500854492188,-82.5645980834961,-83.5274887084961,-84.39274597167969,0.0
-73.18504333496094,-74.25292205810547,-75.04792022705078,-73.1780776977539,-72.30705261230469,-70.21704864501953,-68.46939086914062,-67.98536682128906,-67.95557403564453,-67.93437957763672,-67.62998962402344,-67.49020385742188,-67.39488983154297,-67.53123474121094,-67.7881851196289,-67.7791976928711,-67.42185974121094,-67.66209411621094,-67.70722198486328,-66.1269302368164,-65.0316390991211,-66.8322982788086,-61.858585357666016,-59.93557357788086,-61.97382736206055,-61.88909149169922,-62.97555160522461,-63.00748825073242,-62.6175537109375,-62.269954681396484,-65.10418701171875,-65.69668579101562,-65.44686889648438,-65.57752990722656,-64.75435638427734,-66.7824478149414,-67.12964630126953,-67.26393127441406,-67.31861877441406,-71.85591125488281,-75.64863586425781,-77.92759704589844,-79.46577453613281,-80.34342956542969,-81.27032470703125,-82.16500854492188,-82.5645980834961,-83.5274887084961,-84.39274597167969,-84.19126892089844,0.0
-74.25292205810547,-75.04792022705078,-73.1780776977539,-72.30705261230469,-70.21704864501953,-68.46939086914062,-67.98536682128906,-67.95557403564453,-67.93437957763672,-67.62998962402344,-67.49020385742188,-67.39488983154297,-67.53123474121094,-67.7881851196289,-67.7791976928711,-67.42185974121094,-67.66209411621094,-67.70722198486328,-66.1269302368164,-65.0316390991211,-66.8322982788086,-61.858585357666016,-59.93557357788086,-61.97382736206055,-61.88909149169922,-62.97555160522461,-63.00748825073242,-62.6175537109375,-62.269954681396484,-65.10418701171875,-65.69668579101562,-65.44686889648438,-65.57752990722656,-64.75435638427734,-66.7824478149414,-67.12964630126953,-67.26393127441406,-67.31861877441406,-71.85591125488281,-75.64863586425781,-77.92759704589844,-79.46577453613281,-80.34342956542969,-81.27032470703125,-82.16500854492188,-82.5645980834961,-83.5274887084961,-84.39274597167969,-84.19126892089844,-84.24020385742188,0.0
-75.04792022705078,-73.1780776977539,-72.30705261230469,-70.21704864501953,-68.46939086914062,-67.98536682128906,-67.95557403564453,-67.93437957763672,-67.62998962402344,-67.49020385742188,-67.39488983154297,-67.53123474121094,-67.7881851196289,-67.7791976928711,-67.42185974121094,-67.66209411621094,-67.70722198486328,-66.1269302368164,-65.0316390991211,-66.8322982788086,-61.858585357666016,-59.93557357788086,-61.97382736206055,-61.88909149169922,-62.97555160522461,-63.00748825073242,-62.6175537109375,-62.269954681396484,-65.10418701171875,-65.69668579101562,-65.44686889648438,-65.57752990722656,-64.75435638427734,-66.7824478149414,-67.12964630126953,-67.26393127441406,-67.31861877441406,-71.85591125488281,-75.64863586425781,-77.92759704589844,-79.46577453613281,-80.34342956542969,-81.27032470703125,-82.16500854492188,-82.5645980834961,-83.5274887084961,-84.39274597167969,-84.19126892089844,-84.24020385742188,-84.9058609008789,0.0
-73.1780776977539,-72.30705261230469,-70.21704864501953,-68.46939086914062,-67.98536682128906,-67.95557403564453,-67.93437957763672,-67.62998962402344,-67.49020385742188,-67.39488983154297,-67.53123474121094,-67.7881851196289,-67.7791976928711,-67.42185974121094,-67.66209411621094,-67.70722198486328,-66.1269302368164,-65.0316390991211,-66.8322982788086,-61.858585357666016,-59.93557357788086,-61.97382736206055,-61.88909149169922,-62.97555160522461,-63.00748825073242,-62.6175537109375,-62.269954681396484,-65.10418701171875,-65.69668579101562,-65.44686889648438,-65.57752990722656,-64.75435638427734,-66.7824478149414,-67.12964630126953,-67.26393127441406,-67.31861877441406,-71.85591125488281,-75.64863586425781,-77.92759704589844,-79.46577453613281,-80.34342956542969,-81.27032470703125,-82.16500854492188,-82.5645980834961,-83.5274887084961,-84.39274597167969,-84.19126892089844,-84.24020385742188,-84.9058609008789,-85.40719604492188,0.0
-72.30705261230469,-70.21704864501953,-68.46939086914062,-67.98536682128906,-67.95557403564453,-67.93437957763672,-67.62998962402344,-67.49020385742188,-67.39488983154297,-67.53123474121094,-67.7881851196289,-67.7791976928711,-67.42185974121094,-67.66209411621094,-67.70722198486328,-66.1269302368164,-65.0316390991211,-66.8322982788086,-61.858585357666016,-59.93557357788086,-61.97382736206055,-61.88909149169922,-62.97555160522461,-63.00748825073242,-62.6175537109375,-62.269954681396484,-65.10418701171875,-65.69668579101562,-65.44686889648438,-65.57752990722656,-64.75435638427734,-66.7824478149414,-67.12964630126953,-67.26393127441406,-67.31861877441406,-71.85591125488281,-75.64863586425781,-77.92759704589844,-79.46577453613281,-80.34342956542969,-81.27032470703125,-82.16500854492188,-82.5645980834961,-83.5274887084961,-84.39274597167969,-84.19126892089844,-84.24020385742188,-84.9058609008789,-85.40719604492188,-84.88249969482422,0.0
-70.21704864501953,-68.46939086914062,-67.98536682128906,-67.95557403564453,-67.93437957763672,-67.62998962402344,-67.49020385742188,-67.39488983154297,-67.53123474121094,-67.7881851196289,-67.7791976928711,-67.42185974121094,-67.66209411621094,-67.70722198486328,-66.1269302368164,-65.0316390991211,-66.8322982788086,-61.858585357666016,-59.93557357788086,-61.97382736206055,-61.88909149169922,-62.97555160522461,-63.00748825073242,-62.6175537109375,-62.269954681396484,-65.10418701171875,-65.69668579101562,-65.44686889648438,-65.57752990722656,-64.75435638427734,-66.7824478149414,-67.12964630126953,-67.26393127441406,-67.31861877441406,-71.85591125488281,-75.64863586425781,-77.92759704589844,-79.46577453613281,-80.34342956542969,-81.27032470703125,-82.16500854492188,-82.5645980834961,-83.5274887084961,-84.39274597167969,-84.19126892089844,-84.24020385742188,-84.9058609008789,-85.40719604492188,-84.88249969482422,-84.72364807128906,0.0
-68.46939086914062,-67.98536682128906,-67.95557403564453,-67.93437957763672,-67.62998962402344,-67.49020385742188,-67.39488983154297,-67.53123474121094,-67.7881851196289,-67.7791976928711,-67.42185974121094,-67.66209411621094,-67.70722198486328,-66.1269302368164,-65.0316390991211,-66.8322982788086,-61.858585357666016,-59.93557357788086,-61.97382736206055,-61.88909149169922,-62.97555160522461,-63.00748825073242,-62.6175537109375,-62.269954681396484,-65.10418701171875,-65.69668579101562,-65.44686889648438,-65.57752990722656,-64.75435638427734,-66.7824478149414,-67.12964630126953,-67.26393127441406,-67.31861877441406,-71.85591125488281,-75.64863586425781,-77.92759704589844,-79.46577453613281,-80.34342956542969,-81.27032470703125,-82.16500854492188,-82.5645980834961,-83.5274887084961,-84.39274597167969,-84.19126892089844,-84.24020385742188,-84.9058609008789,-85.40719604492188,-84.88249969482422,-84.72364807128906,-85.14347839355469,0.0
-67.98536682128906,-67.95557403564453,-67.93437957763672,-67.62998962402344,-67.49020385742188,-67.39488983154297,-67.53123474121094,-67.7881851196289,-67.7791976928711,-67.42185974121094,-67.66209411621094,-67.70722198486328,-66.1269302368164,-65.0316390991211,-66.8322982788086,-61.858585357666016,-59.93557357788086,-61.97382736206055,-61.88909149169922,-62.97555160522461,-63.00748825073242,-62.6175537109375,-62.269954681396484,-65.10418701171875,-65.69668579101562,-65.44686889648438,-65.57752990722656,-64.75435638427734,-66.7824478149414,-67.12964630126953,-67.26393127441406,-67.31861877441406,-71.85591125488281,-75.64863586425781,-77.92759704589844,-79.46577453613281,-80.34342956542969,-81.27032470703125,-82.16500854492188,-82.5645980834961,-83.5274887084961,-84.39274597167969,-84.19126892089844,-84.24020385742188,-84.9058609008789,-85.40719604492188,-84.88249969482422,-84.72364807128906,-85.14347839355469,-85.37030029296875,0.0
-67.95557403564453,-67.93437957763672,-67.62998962402344,-67.49020385742188,-67.39488983154297,-67.53123474121094,-67.7881851196289,-67.7791976928711,-67.42185974121094,-67.66209411621094,-67.70722198486328,-66.1269302368164,-65.0316390991211,-66.8322982788086,-61.858585357666016,-59.93557357788086,-61.97382736206055,-61.88909149169922,-62.97555160522461,-63.00748825073242,-62.6175537109375,-62.269954681396484,-65.10418701171875,-65.69668579101562,-65.44686889648438,-65.57752990722656,-64.75435638427734,-66.7824478149414,-67.12964630126953,-67.26393127441406,-67.31861877441406,-71.85591125488281,-75.64863586425781,-77.92759704589844,-79.46577453613281,-80.34342956542969,-81.27032470703125,-82.16500854492188,-82.5645980834961,-83.5274887084961,-84.39274597167969,-84.19126892089844,-84.24020385742188,-84.9058609008789,-85.40719604492188,-84.88249969482422,-84.72364807128906,-85.14347839355469,-85.37030029296875,-85.16529846191406,0.0
-67.93437957763672,-67.62998962402344,-67.49020385742188,-67.39488983154297,-67.53123474121094,-67.7881851196289,-67.7791976928711,-67.42185974121094,-67.66209411621094,-67.70722198486328,-66.1269302368164,-65.0316390991211,-66.8322982788086,-61.858585357666016,-59.93557357788086,-61.97382736206055,-61.88909149169922,-62.97555160522461,-63.00748825073242,-62.6175537109375,-62.269954681396484,-65.10418701171875,-65.69668579101562,-65.44686889648438,-65.57752990722656,-64.75435638427734,-66.7824478149414,-67.12964630126953,-67.26393127441406,-67.31861877441406,-71.85591125488281,-75.64863586425781,-77.92759704589844,-79.46577453613281,-80.34342956542969,-81.27032470703125,-82.16500854492188,-82.5645980834961,-83.5274887084961,-84.39274597167969,-84.19126892089844,-84.24020385742188,-84.9058609008789,-85.40719604492188,-84.88249969482422,-84.72364807128906,-85.14347839355469,-85.37030029296875,-85.16529846191406,-84.69158935546875,0.0
-67.62998962402344,-67.49020385742188,-67.39488983154297,-67.53123474121094,-67.7881851196289,-67.7791976928711,-67.42185974121094,-67.66209411621094,-67.70722198486328,-66.1269302368164,-65.0316390991211,-66.8322982788086,-61.858585357666016,-59.93557357788086,-61.97382736206055,-61.88909149169922,-62.97555160522461,-63.00748825073242,-62.6175537109375,-62.269954681396484,-65.10418701171875,-65.69668579101562,-65.44686889648438,-65.57752990722656,-64.75435638427734,-66.7824478149414,-67.12964630126953,-67.26393127441406,-67.31861877441406,-71.85591125488281,-75.64863586425781,-77.92759704589844,-79.46577453613281,-80.34342956542969,-81.27032470703125,-82.16500854492188,-82.5645980834961,-83.5274887084961,-84.39274597167969,-84.19126892089844,-84.24020385742188,-84.9058609008789,-85.40719604492188,-84.88249969482422,-84.72364807128906,-85.14347839355469,-85.37030029296875,-85.16529846191406,-84.69158935546875,-84.41297912597656,0.0
-67.49020385742188,-67.39488983154297,-67.53123474121094,-67.7881851196289,-67.7791976928711,-67.42185974121094,-67.66209411621094,-67.70722198486328,-66.1269302368164,-65.0316390991211,-66.8322982788086,-61.858585357666016,-59.93557357788086,-61.97382736206055,-61.88909149169922,-62.97555160522461,-63.00748825073242,-62.6175537109375,-62.269954681396484,-65.10418701171875,-65.69668579101562,-65.44686889648438,-65.57752990722656,-64.75435638427734,-66.7824478149414,-67.12964630126953,-67.26393127441406,-67.31861877441406,-71.85591125488281,-75.64863586425781,-77.92759704589844,-79.46577453613281,-80.34342956542969,-81.27032470703125,-82.16500854492188,-82.5645980834961,-83.5274887084961,-84.39274597167969,-84.19126892089844,-84.24020385742188,-84.9058609008789,-85.40719604492188,-84.88249969482422,-84.72364807128906,-85.14347839355469,-85.37030029296875,-85.16529846191406,-84.69158935546875,-84.41297912597656,-84.334228515625,0.0
-67.39488983154297,-67.53123474121094,-67.7881851196289,-67.7791976928711,-67.42185974121094,-67.66209411621094,-67.70722198486328,-66.1269302368164,-65.0316390991211,-66.8322982788086,-61.858585357666016,-59.93557357788086,-61.97382736206055,-61.88909149169922,-62.97555160522461,-63.00748825073242,-62.6175537109375,-62.269954681396484,-65.10418701171875,-65.69668579101562,-65.44686889648438,-65.57752990722656,-64.75435638427734,-66.7824478149414,-67.12964630126953,-67.26393127441406,-67.31861877441406,-71.85591125488281,-75.64863586425781,-77.92759704589844,-79.46577453613281,-80.34342956542969,-81.27032470703125,-82.16500854492188,-82.5645980834961,-83.5274887084961,-84.39274597167969,-84.19126892089844,-84.24020385742188,-84.9058609008789,-85.40719604492188,-84.88249969482422,-84.72364807128906,-85.14347839355469,-85.37030029296875,-85.16529846191406,-84.69158935546875,-84.41297912597656,-84.334228515625,-84.04959869384766,0.0
-67.53123474121094,-67.7881851196289,-67.7791976928711,-67.42185974121094,-67.66209411621094,-67.70722198486328,-66.1269302368164,-65.0316390991211,-66.8322982788086,-61.858585357666016,-59.93557357788086,-61.97382736206055,-61.88909149169922,-62.97555160522461,-63.00748825073242,-62.6175537109375,-62.269954681396484,-65.10418701171875,-65.69668579101562,-65.44686889648438,-65.57752990722656,-64.75435638427734,-66.7824478149414,-67.12964630126953,-67.26393127441406,-67.31861877441406,-71.85591125488281,-75.64863586425781,-77.92759704589844,-79.46577453613281,-80.34342956542969,-81.27032470703125,-82.16500854492188,-82.5645980834961,-83.5274887084961,-84.39274597167969,-84.19126892089844,-84.24020385742188,-84.9058609008789,-85.40719604492188,-84.88249969482422,-84.72364807128906,-85.14347839355469,-85.37030029296875,-85.16529846191406,-84.69158935546875,-84.41297912597656,-84.334228515625,-84.04959869384766,-84.13086700439453,0.0
-67.7881851196289,-67.7791976928711,-67.42185974121094,-67.66209411621094,-67.70722198486328,-66.1269302368164,-65.0316390991211,-66.8322982788086,-61.858585357666016,-59.93557357788086,-61.97382736206055,-61.88909149169922,-62.97555160522461,-63.00748825073242,-62.6175537109375,-62.269954681396484,-65.10418701171875,-65.69668579101562,-65.44686889648438,-65.57752990722656,-64.75435638427734,-66.7824478149414,-67.12964630126953,-67.26393127441406,-67.31861877441406,-71.85591125488281,-75.64863586425781,-77.92759704589844,-79.46577453613281,-80.34342956542969,-81.27032470703125,-82.16500854492188,-82.5645980834961,-83.5274887084961,-84.39274597167969,-84.19126892089844,-84.24020385742188,-84.9058609008789,-85.40719604492188,-84.88249969482422,-84.72364807128906,-85.14347839355469,-85.37030029296875,-85.16529846191406,-84.69158935546875,-84.41297912597656,-84.334228515625,-84.04959869384766,-84.13086700439453,-84.43828582763672,0.0
-67.7791976928711,-67.42185974121094,-67.66209411621094,-67.70722198486328,-66.1269302368164,-65.0316390991211,-66.8322982788086,-61.858585357666016,-59.93557357788086,-61.97382736206055,-61.88909149169922,-62.97555160522461,-63.00748825073242,-62.6175537109375,-62.269954681396484,-65.10418701171875,-65.69668579101562,-65.44686889648438,-65.57752990722656,-64.75435638427734,-66.7824478149414,-67.12964630126953,-67.26393127441406,-67.31861877441406,-71.85591125488281,-75.64863586425781,-77.92759704589844,-79.46577453613281,-80.34342956542969,-81.27032470703125,-82.16500854492188,-82.5645980834961,-83.5274887084961,-84.39274597167969,-84.19126892089844,-84.24020385742188,-84.9058609008789,-85.40719604492188,-84.88249969482422,-84.72364807128906,-85.14347839355469,-85.37030029296875,-85.16529846191406,-84.69158935546875,-84.41297912597656,-84.334228515625,-84.04959869384766,-84.13086700439453,-84.43828582763672,-84.31391143798828,0.0
-67.42185974121094,-67.66209411621094,-67.70722198486328,-66.1269302368164,-65.0316390991211,-66.8322982788086,-61.858585357666016,-59.93557357788086,-61.97382736206055,-61.88909149169922,-62.97555160522461,-63.00748825073242,-62.6175537109375,-62.269954681396484,-65.10418701171875,-65.69668579101562,-65.44686889648438,-65.57752990722656,-64.75435638427734,-66.7824478149414,-67.12964630126953,-67.26393127441406,-67.31861877441406,-71.85591125488281,-75.64863586425781,-77.92759704589844,-79.46577453613281,-80.34342956542969,-81.27032470703125,-82.16500854492188,-82.5645980834961,-83.5274887084961,-84.39274597167969,-84.19126892089844,-84.24020385742188,-84.9058609008789,-85.40719604492188,-84.88249969482422,-84.72364807128906,-85.14347839355469,-85.37030029296875,-85.16529846191406,-84.69158935546875,-84.41297912597656,-84.334228515625,-84.04959869384766,-84.13086700439453,-84.43828582763672,-84.31391143798828,-81.59517669677734,0.0
-67.66209411621094,-67.70722198486328,-66.1269302368164,-65.0316390991211,-66.8322982788086,-61.858585357666016,-59.93557357788086,-61.97382736206055,-61.88909149169922,-62.97555160522461,-63.00748825073242,-62.6175537109375,-62.269954681396484,-65.10418701171875,-65.69668579101562,-65.44686889648438,-65.57752990722656,-64.75435638427734,-66.7824478149414,-67.12964630126953,-67.26393127441406,-67.31861877441406,-71.85591125488281,-75.64863586425781,-77.92759704589844,-79.46577453613281,-80.34342956542969,-81.27032470703125,-82.16500854492188,-82.5645980834961,-83.5274887084961,-84.39274597167969,-84.19126892089844,-84.24020385742188,-84.9058609008789,-85.40719604492188,-84.88249969482422,-84.72364807128906,-85.14347839355469,-85.37030029296875,-85.16529846191406,-84.69158935546875,-84.41297912597656,-84.334228515625,-84.04959869384766,-84.13086700439453,-84.43828582763672,-84.31391143798828,-81.59517669677734,-80.51260375976562,0.0
-67.70722198486328,-66.1269302368164,-65.0316390991211,-66.8322982788086,-61.858585357666016,-59.93557357788086,-61.97382736206055,-61.88909149169922,-62.97555160522461,-63.00748825073242,-62.6175537109375,-62.269954681396484,-65.10418701171875,-65.69668579101562,-65.44686889648438,-65.57752990722656,-64.75435638427734,-66.7824478149414,-67.12964630126953,-67.26393127441406,-67.31861877441406,-71.85591125488281,-75.64863586425781,-77.92759704589844,-79.46577453613281,-80.34342956542969,-81.27032470703125,-82.16500854492188,-82.5645980834961,-83.5274887084961,-84.39274597167969,-84.19126892089844,-84.24020385742188,-84.9058609008789,-85.40719604492188,-84.88249969482422,-84.72364807128906,-85.14347839355469,-85.37030029296875,-85.16529846191406,-84.69158935546875,-84.41297912597656,-84.334228515625,-84.04959869384766,-84.13086700439453,-84.43828582763672,-84.31391143798828,-81.59517669677734,-80.51260375976562,-80.69268035888672,0.0
-66.1269302368164,-65.0316390991211,-66.8322982788086,-61.858585357666016,-59.93557357788086,-61.97382736206055,-61.88909149169922,-62.97555160522461,-63.00748825073242,-62.6175537109375,-62.269954681396484,-65.10418701171875,-65.69668579101562,-65.44686889648438,-65.57752990722656,-64.75435638427734,-66.7824478149414,-67.12964630126953,-67.26393127441406,-67.31861877441406,-71.85591125488281,-75.64863586425781,-77.92759704589844,-79.46577453613281,-80.34342956542969,-81.27032470703125,-82.16500854492188,-82.5645980834961,-83.5274887084961,-84.39274597167969,-84.19126892089844,-84.24020385742188,-84.9058609008789,-85.40719604492188,-84.88249969482422,-84.72364807128906,-85.14347839355469,-85.37030029296875,-85.16529846191406,-84.69158935546875,-84.41297912597656,-84.334228515625,-84.04959869384766,-84.13086700439453,-84.43828582763672,-84.31391143798828,-81.59517669677734,-80.51260375976562,-80.69268035888672,-81.2496337890625,0.0
-65.0316390991211,-66.8322982788086,-61.858585357666016,-59.93557357788086,-61.97382736206055,-61.88909149169922,-62.97555160522461,-63.00748825073242,-62.6175537109375,-62.269954681396484,-65.10418701171875,-65.69668579101562,-65.44686889648438,-65.57752990722656,-64.75435638427734,-66.7824478149414,-67.12964630126953,-67.26393127441406,-67.31861877441406,-71.85591125488281,-75.64863586425781,-77.92759704589844,-79.46577453613281,-80.34342956542969,-81.27032470703125,-82.16500854492188,-82.5645980834961,-83.5274887084961,-84.39274597167969,-84.19126892089844,-84.24020385742188,-84.9058609008789,-85.40719604492188,-84.88249969482422,-84.72364807128906,-85.14347839355469,-85.37030029296875,-85.16529846191406,-84.69158935546875,-84.41297912597656,-84.334228515625,-84.04959869384766,-84.13086700439453,-84.43828582763672,-84.31391143798828,-81.59517669677734,-80.51260375976562,-80.69268035888672,-81.2496337890625,-81.71773529052734,0.0
-66.8322982788086,-61.858585357666016,-59.93557357788086,-61.97382736206055,-61.88909149169922,-62.97555160522461,-63.00748825073242,-62.6175537109375,-62.269954681396484,-65.10418701171875,-65.69668579101562,-65.44686889648438,-65.57752990722656,-64.75435638427734,-66.7824478149414,-67.12964630126953,-67.26393127441406,-67.31861877441406,-71.85591125488281,-75.64863586425781,-77.92759704589844,-79.46577453613281,-80.34342956542969,-81.27032470703125,-82.16500854492188,-82.5645980834961,-83.5274887084961,-84.39274597167969,-84.19126892089844,-84.24020385742188,-84.9058609008789,-85.40719604492188,-84.88249969482422,-84.72364807128906,-85.14347839355469,-85.37030029296875,-85.16529846191406,-84.69158935546875,-84.41297912597656,-84.334228515625,-84.04959869384766,-84.13086700439453,-84.43828582763672,-84.31391143798828,-81.59517669677734,-80.51260375976562,-80.69268035888672,-81.2496337890625,-81.71773529052734,-78.68278503417969,0.0
-61.858585357666016,-59.93557357788086,-61.97382736206055,-61.88909149169922,-62.97555160522461,-63.00748825073242,-62.6175537109375,-62.269954681396484,-65.10418701171875,-65.69668579101562,-65.44686889648438,-65.57752990722656,-64.75435638427734,-66.7824478149414,-67.12964630126953,-67.26393127441406,-67.31861877441406,-71.85591125488281,-75.64863586425781,-77.92759704589844,-79.46577453613281,-80.34342956542969,-81.27032470703125,-82.16500854492188,-82.5645980834961,-83.5274887084961,-84.39274597167969,-84.19126892089844,-84.24020385742188,-84.9058609008789,-85.40719604492188,-84.88249969482422,-84.72364807128906,-85.14347839355469,-85.37030029296875,-85.16529846191406,-84.69158935546875,-84.41297912597656,-84.334228515625,-84.04959869384766,-84.13086700439453,-84.43828582763672,-84.31391143798828,-81.59517669677734,-80.51260375976562,-80.69268035888672,-81.2496337890625,-81.71773529052734,-78.68278503417969,-77.18070220947266,0.0
-59.93557357788086,-61.97382736206055,-61.88909149169922,-62.97555160522461,-63.00748825073242,-62.6175537109375,-62.269954681396484,-65.10418701171875,-65.69668579101562,-65.44686889648438,-65.57752990722656,-64.75435638427734,-66.7824478149414,-67.12964630126953,-67.26393127441406,-67.31861877441406,-71.85591125488281,-75.64863586425781,-77.92759704589844,-79.46577453613281,-80.34342956542969,-81.27032470703125,-82.16500854492188,-82.5645980834961,-83.5274887084961,-84.39274597167969,-84.19126892089844,-84.24020385742188,-84.9058609008789,-85.40719604492188,-84.88249969482422,-84.72364807128906,-85.14347839355469,-85.37030029296875,-85.16529846191406,-84.69158935546875,-84.41297912597656,-84.334228515625,-84.04959869384766,-84.13086700439453,-84.43828582763672,-84.31391143798828,-81.59517669677734,-80.51260375976562,-80.69268035888672,-81.2496337890625,-81.71773529052734,-78.68278503417969,-77.18070220947266,-75.60858917236328,0.0
-61.97382736206055,-61.88909149169922,-62.97555160522461,-63.00748825073242,-62.6175537109375,-62.269954681396484,-65.10418701171875,-65.69668579101562,-65.44686889648438,-65.57752990722656,-64.75435638427734,-66.7824478149414,-67.12964630126953,-67.26393127441406,-67.31861877441406,-71.85591125488281,-75.64863586425781,-77.92759704589844,-79.46577453613281,-80.34342956542969,-81.27032470703125,-82.16500854492188,-82.5645980834961,-83.5274887084961,-84.39274597167969,-84.19126892089844,-84.24020385742188,-84.9058609008789,-85.40719604492188,-84.88249969482422,-84.72364807128906,-85.14347839355469,-85.37030029296875,-85.16529846191406,-84.69158935546875,-84.41297912597656,-84.334228515625,-84.04959869384766,-84.13086700439453,-84.43828582763672,-84.31391143798828,-81.59517669677734,-80.51260375976562,-80.69268035888672,-81.2496337890625,-81.71773529052734,-78.68278503417969,-77.18070220947266,-75.60858917236328,-74.49009704589844,0.0
-61.88909149169922,-62.97555160522461,-63.00748825073242,-62.6175537109375,-62.269954681396484,-65.10418701171875,-65.69668579101562,-65.44686889648438,-65.57752990722656,-64.75435638427734,-66.7824478149414,-67.12964630126953,-67.26393127441406,-67.31861877441406,-71.85591125488281,-75.64863586425781,-77.92759704589844,-79.46577453613281,-80.34342956542969,-81.27032470703125,-82.16500854492188,-82.5645980834961,-83.5274887084961,-84.39274597167969,-84.19126892089844,-84.24020385742188,-84.9058609008789,-85.40719604492188,-84.88249969482422,-84.72364807128906,-85.14347839355469,-85.37030029296875,-85.16529846191406,-84.69158935546875,-84.41297912597656,-84.334228515625,-84.04959869384766,-84.13086700439453,-84.43828582763672,-84.31391143798828,-81.59517669677734,-80.51260375976562,-80.69268035888672,-81.2496337890625,-81.71773529052734,-78.68278503417969,-77.18070220947266,-75.60858917236328,-74.49009704589844,-75.60934448242188,0.0
-62.97555160522461,-63.00748825073242,-62.6175537109375,-62.269954681396484,-65.10418701171875,-65.69668579101562,-65.44686889648438,-65.57752990722656,-64.75435638427734,-66.7824478149414,-67.12964630126953,-67.26393127441406,-67.31861877441406,-71.85591125488281,-75.64863586425781,-77.92759704589844,-79.46577453613281,-80.34342956542969,-81.27032470703125,-82.16500854492188,-82.5645980834961,-83.5274887084961,-84.39274597167969,-84.19126892089844,-84.24020385742188,-84.9058609008789,-85.40719604492188,-84.88249969482422,-84.72364807128906,-85.14347839355469,-85.37030029296875,-85.16529846191406,-84.69158935546875,-84.41297912597656,-84.334228515625,-84.04959869384766,-84.13086700439453,-84.43828582763672,-84.31391143798828,-81.59517669677734,-80.51260375976562,-80.69268035888672,-81.2496337890625,-81.71773529052734,-78.68278503417969,-77.18070220947266,-75.60858917236328,-74.49009704589844,-75.60934448242188,-75.86668395996094,0.0
-63.00748825073242,-62.6175537109375,-62.269954681396484,-65.10418701171875,-65.69668579101562,-65.44686889648438,-65.57752990722656,-64.75435638427734,-66.7824478149414,-67.12964630126953,-67.26393127441406,-67.31861877441406,-71.85591125488281,-75.64863586425781,-77.92759704589844,-79.46577453613281,-80.34342956542969,-81.27032470703125,-82.16500854492188,-82.5645980834961,-83.5274887084961,-84.39274597167969,-84.19126892089844,-84.24020385742188,-84.9058609008789,-85.40719604492188,-84.88249969482422,-84.72364807128906,-85.14347839355469,-85.37030029296875,-85.16529846191406,-84.69158935546875,-84.41297912597656,-84.334228515625,-84.04959869384766,-84.13086700439453,-84.43828582763672,-84.31391143798828,-81.59517669677734,-80.51260375976562,-80.69268035888672,-81.2496337890625,-81.71773529052734,-78.68278503417969,-77.18070220947266,-75.60858917236328,-74.49009704589844,-75.60934448242188,-75.86668395996094,-75.66643524169922,0.0
-62.6175537109375,-62.269954681396484,-65.10418701171875,-65.69668579101562,-65.44686889648438,-65.57752990722656,-64.75435638427734,-66.7824478149414,-67.12964630126953,-67.26393127441406,-67.31861877441406,-71.85591125488281,-75.64863586425781,-77.92759704589844,-79.46577453613281,-80.34342956542969,-81.27032470703125,-82.16500854492188,-82.5645980834961,-83.5274887084961,-84.39274597167969,-84.19126892089844,-84.24020385742188,-84.9058609008789,-85.40719604492188,-84.88249969482422,-84.72364807128906,-85.14347839355469,-85.37030029296875,-85.16529846191406,-84.69158935546875,-84.41297912597656,-84.334228515625,-84.04959869384766,-84.13086700439453,-84.43828582763672,-84.31391143798828,-81.59517669677734,-80.51260375976562,-80.69268035888672,-81.2496337890625,-81.71773529052734,-78.68278503417969,-77.18070220947266,-75.60858917236328,-74.49009704589844,-75.60934448242188,-75.86668395996094,-75.66643524169922,-78.76692199707031,0.0
-62.269954681396484,-65.10418701171875,-65.69668579101562,-65.44686889648438,-65.57752990722656,-64.75435638427734,-66.7824478149414,-67.12964630126953,-67.26393127441406,-67.31861877441406,-71.85591125488281,-75.64863586425781,-77.92759704589844,-79.46577453613281,-80.34342956542969,-81.27032470703125,-82.16500854492188,-82.5645980834961,-83.5274887084961,-84.39274597167969,-84.19126892089844,-84.24020385742188,-84.9058609008789,-85.40719604492188,-84.88249969482422,-84.72364807128906,-85.14347839355469,-85.37030029296875,-85.16529846191406,-84.69158935546875,-84.41297912597656,-84.334228515625,-84.04959869384766,-84.13086700439453,-84.43828582763672,-84.31391143798828,-81.59517669677734,-80.51260375976562,-80.69268035888672,-81.2496337890625,-81.71773529052734,-78.68278503417969,-77.18070220947266,-75.60858917236328,-74.49009704589844,-75.60934448242188,-75.86668395996094,-75.66643524169922,-78.76692199707031,-77.3511734008789,0.0
-65.10418701171875,-65.69668579101562,-65.44686889648438,-65.57752990722656,-64.75435638427734,-66.7824478149414,-67.12964630126953,-67.26393127441406,-67.31861877441406,-71.85591125488281,-75.64863586425781,-77.92759704589844,-79.46577453613281,-80.34342956542969,-81.27032470703125,-82.16500854492188,-82.5645980834961,-83.5274887084961,-84.39274597167969,-84.19126892089844,-84.24020385742188,-84.9058609008789,-85.40719604492188,-84.88249969482422,-84.72364807128906,-85.14347839355469,-85.37030029296875,-85.16529846191406,-84.69158935546875,-84.41297912597656,-84.334228515625,-84.04959869384766,-84.13086700439453,-84.43828582763672,-84.31391143798828,-81.59517669677734,-80.51260375976562,-80.69268035888672,-81.2496337890625,-81.71773529052734,-78.68278503417969,-77.18070220947266,-75.60858917236328,-74.49009704589844,-75.60934448242188,-75.86668395996094,-75.66643524169922,-78.76692199707031,-77.3511734008789,-74.27301788330078,0.0
-65.69668579101562,-65.44686889648438,-65.57752990722656,-64.75435638427734,-66.7824478149414,-67.12964630126953,-67.26393127441406,-67.31861877441406,-71.85591125488281,-75.64863586425781,-77.92759704589844,-79.46577453613281,-80.34342956542969,-81.27032470703125,-82.16500854492188,-82.5645980834961,-83.5274887084961,-84.39274597167969,-84.19126892089844,-84.24020385742188,-84.9058609008789,-85.40719604492188,-84.88249969482422,-84.72364807128906,-85.14347839355469,-85.37030029296875,-85.16529846191406,-84.69158935546875,-84.41297912597656,-84.334228515625,-84.04959869384766,-84.13086700439453,-84.43828582763672,-84.31391143798828,-81.59517669677734,-80.51260375976562,-80.69268035888672,-81.2496337890625,-81.71773529052734,-78.68278503417969,-77.18070220947266,-75.60858917236328,-74.49009704589844,-75.60934448242188,-75.86668395996094,-75.66643524169922,-78.76692199707031,-77.3511734008789,-74.27301788330078,-73.44031524658203,0.0
-65.44686889648438,-65.57752990722656,-64.75435638427734,-66.7824478149414,-67.12964630126953,-67.26393127441406,-67.31861877441406,-71.85591125488281,-75.64863586425781,-77.92759704589844,-79.46577453613281,-80.34342956542969,-81.27032470703125,-82.16500854492188,-82.5645980834961,-83.5274887084961,-84.39274597167969,-84.19126892089844,-84.24020385742188,-84.9058609008789,-85.40719604492188,-84.88249969482422,-84.72364807128906,-85.14347839355469,-85.37030029296875,-85.16529846191406,-84.69158935546875,-84.41297912597656,-84.334228515625,-84.04959869384766,-84.13086700439453,-84.43828582763672,-84.31391143798828,-81.59517669677734,-80.51260375976562,-80.69268035888672,-81.2496337890625,-81.71773529052734,-78.68278503417969,-77.18070220947266,-75.60858917236328,-74.49009704589844,-75.60934448242188,-75.86668395996094,-75.66643524169922,-78.76692199707031,-77.3511734008789,-74.27301788330078,-73.44031524658203,-73.7566909790039,0.0
-65.57752990722656,-64.75435638427734,-66.7824478149414,-67.12964630126953,-67.26393127441406,-67.31861877441406,-71.85591125488281,-75.64863586425781,-77.92759704589844,-79.46577453613281,-80.34342956542969,-81.27032470703125,-82.16500854492188,-82.5645980834961,-83.5274887084961,-84.39274597167969,-84.19126892089844,-84.24020385742188,-84.9058609008789,-85.40719604492188,-84.88249969482422,-84.72364807128906,-85.14347839355469,-85.37030029296875,-85.16529846191406,-84.69158935546875,-84.41297912597656,-84.334228515625,-84.04959869384766,-84.13086700439453,-84.43828582763672,-84.31391143798828,-81.59517669677734,-80.51260375976562,-80.69268035888672,-81.2496337890625,-81.71773529052734,-78.68278503417969,-77.18070220947266,-75.60858917236328,-74.49009704589844,-75.60934448242188,-75.86668395996094,-75.66643524169922,-78.76692199707031,-77.3511734008789,-74.27301788330078,-73.44031524658203,-73.7566909790039,-73.53746032714844,0.0
-64.75435638427734,-66.7824478149414,-67.12964630126953,-67.26393127441406,-67.31861877441406,-71.85591125488281,-75.64863586425781,-77.92759704589844,-79.46577453613281,-80.34342956542969,-81.27032470703125,-82.16500854492188,-82.5645980834961,-83.5274887084961,-84.39274597167969,-84.19126892089844,-84.24020385742188,-84.9058609008789,-85.40719604492188,-84.88249969482422,-84.72364807128906,-85.14347839355469,-85.37030029296875,-85.16529846191406,-84.69158935546875,-84.41297912597656,-84.334228515625,-84.04959869384766,-84.13086700439453,-84.43828582763672,-84.31391143798828,-81.59517669677734,-80.51260375976562,-80.69268035888672,-81.2496337890625,-81.71773529052734,-78.68278503417969,-77.18070220947266,-75.60858917236328,-74.49009704589844,-75.60934448242188,-75.86668395996094,-75.66643524169922,-78.76692199707031,-77.3511734008789,-74.27301788330078,-73.44031524658203,-73.7566909790039,-73.53746032714844,-74.73780822753906,0.0
-66.7824478149414,-67.12964630126953,-67.26393127441406,-67.31861877441406,-71.85591125488281,-75.64863586425781,-77.92759704589844,-79.46577453613281,-80.34342956542969,-81.27032470703125,-82.16500854492188,-82.5645980834961,-83.5274887084961,-84.39274597167969,-84.19126892089844,-84.24020385742188,-84.9058609008789,-85.40719604492188,-84.88249969482422,-84.72364807128906,-85.14347839355469,-85.37030029296875,-85.16529846191406,-84.69158935546875,-84.41297912597656,-84.334228515625,-84.04959869384766,-84.13086700439453,-84.43828582763672,-84.31391143798828,-81.59517669677734,-80.51260375976562,-80.69268035888672,-81.2496337890625,-81.71773529052734,-78.68278503417969,-77.18070220947266,-75.60858917236328,-74.49009704589844,-75.60934448242188,-75.86668395996094,-75.66643524169922,-78.76692199707031,-77.3511734008789,-74.27301788330078,-73.44031524658203,-73.7566909790039,-73.53746032714844,-74.73780822753906,-75.42063903808594,0.0
-67.12964630126953,-67.26393127441406,-67.31861877441406,-71.85591125488281,-75.64863586425781,-77.92759704589844,-79.46577453613281,-80.34342956542969,-81.27032470703125,-82.16500854492188,-82.5645980834961,-83.5274887084961,-84.39274597167969,-84.19126892089844,-84.24020385742188,-84.9058609008789,-85.40719604492188,-84.88249969482422,-84.72364807128906,-85.14347839355469,-85.37030029296875,-85.16529846191406,-84.69158935546875,-84.41297912597656,-84.334228515625,-84.04959869384766,-84.13086700439453,-84.43828582763672,-84.31391143798828,-81.59517669677734,-80.51260375976562,-80.69268035888672,-81.2496337890625,-81.71773529052734,-78.68278503417969,-77.18070220947266,-75.60858917236328,-74.49009704589844,-75.60934448242188,-75.86668395996094,-75.66643524169922,-78.76692199707031,-77.3511734008789,-74.27301788330078,-73.44031524658203,-73.7566909790039,-73.53746032714844,-74.73780822753906,-75.42063903808594,-74.41131591796875,0.0
-67.26393127441406,-67.31861877441406,-71.85591125488281,-75.64863586425781,-77.92759704589844,-79.46577453613281,-80.34342956542969,-81.27032470703125,-82.16500854492188,-82.5645980834961,-83.5274887084961,-84.39274597167969,-84.19126892089844,-84.24020385742188,-84.9058609008789,-85.40719604492188,-84.88249969482422,-84.72364807128906,-85.14347839355469,-85.37030029296875,-85.16529846191406,-84.69158935546875,-84.41297912597656,-84.334228515625,-84.04959869384766,-84.13086700439453,-84.43828582763672,-84.31391143798828,-81.59517669677734,-80.51260375976562,-80.69268035888672,-81.2496337890625,-81.71773529052734,-78.68278503417969,-77.18070220947266,-75.60858917236328,-74.49009704589844,-75.60934448242188,-75.86668395996094,-75.66643524169922,-78.76692199707031,-77.3511734008789,-74.27301788330078,-73.44031524658203,-73.7566909790039,-73.53746032714844,-74.73780822753906,-75.42063903808594,-74.41131591796875,-73.50277709960938,0.0
-67.31861877441406,-71.85591125488281,-75.64863586425781,-77.92759704589844,-79.46577453613281,-80.34342956542969,-81.27032470703125,-82.16500854492188,-82.5645980834961,-83.5274887084961,-84.39274597167969,-84.19126892089844,-84.24020385742188,-84.9058609008789,-85.40719604492188,-84.88249969482422,-84.72364807128906,-85.14347839355469,-85.37030029296875,-85.16529846191406,-84.69158935546875,-84.41297912597656,-84.334228515625,-84.04959869384766,-84.13086700439453,-84.43828582763672,-84.31391143798828,-81.59517669677734,-80.51260375976562,-80.69268035888672,-81.2496337890625,-81.71773529052734,-78.68278503417969,-77.18070220947266,-75.60858917236328,-74.49009704589844,-75.60934448242188,-75.86668395996094,-75.66643524169922,-78.76692199707031,-77.3511734008789,-74.27301788330078,-73.44031524658203,-73.7566909790039,-73.53746032714844,-74.73780822753906,-75.42063903808594,-74.41131591796875,-73.50277709960938,-73.2610855102539,0.0
-71.85591125488281,-75.64863586425781,-77.92759704589844,-79.46577453613281,-80.34342956542969,-81.27032470703125,-82.16500854492188,-82.5645980834961,-83.5274887084961,-84.39274597167969,-84.19126892089844,-84.24020385742188,-84.9058609008789,-85.40719604492188,-84.88249969482422,-84.72364807128906,-85.14347839355469,-85.37030029296875,-85.16529846191406,-84.69158935546875,-84.41297912597656,-84.334228515625,-84.04959869384766,-84.13086700439453,-84.43828582763672,-84.31391143798828,-81.59517669677734,-80.51260375976562,-80.69268035888672,-81.2496337890625,-81.71773529052734,-78.68278503417969,-77.18070220947266,-75.60858917236328,-74.49009704589844,-75.60934448242188,-75.86668395996094,-75.66643524169922,-78.76692199707031,-77.3511734008789,-74.27301788330078,-73.44031524658203,-73.7566909790039,-73.53746032714844,-74.73780822753906,-75.42063903808594,-74.41131591796875,-73.50277709960938,-73.2610855102539,-73.02456665039062,0.0
-75.64863586425781,-77.92759704589844,-79.46577453613281,-80.34342956542969,-81.27032470703125,-82.16500854492188,-82.5645980834961,-83.5274887084961,-84.39274597167969,-84.19126892089844,-84.24020385742188,-84.9058609008789,-85.40719604492188,-84.88249969482422,-84.72364807128906,-85.14347839355469,-85.37030029296875,-85.16529846191406,-84.69158935546875,-84.41297912597656,-84.334228515625,-84.04959869384766,-84.13086700439453,-84.43828582763672,-84.31391143798828,-81.59517669677734,-80.51260375976562,-80.69268035888672,-81.2496337890625,-81.71773529052734,-78.68278503417969,-77.18070220947266,-75.60858917236328,-74.49009704589844,-75.60934448242188,-75.86668395996094,-75.66643524169922,-78.76692199707031,-77.3511734008789,-74.27301788330078,-73.44031524658203,-73.7566909790039,-73.53746032714844,-74.73780822753906,-75.42063903808594,-74.41131591796875,-73.50277709960938,-73.2610855102539,-73.02456665039062,-71.5400390625,0.0
-77.92759704589844,-79.46577453613281,-80.34342956542969,-81.27032470703125,-82.16500854492188,-82.5645980834961,-83.5274887084961,-84.39274597167969,-84.19126892089844,-84.24020385742188,-84.9058609008789,-85.40719604492188,-84.88249969482422,-84.72364807128906,-85.14347839355469,-85.37030029296875,-85.16529846191406,-84.69158935546875,-84.41297912597656,-84.334228515625,-84.04959869384766,-84.13086700439453,-84.43828582763672,-84.31391143798828,-81.59517669677734,-80.51260375976562,-80.69268035888672,-81.2496337890625,-81.71773529052734,-78.68278503417969,-77.18070220947266,-75.60858917236328,-74.49009704589844,-75.60934448242188,-75.86668395996094,-75.66643524169922,-78.76692199707031,-77.3511734008789,-74.27301788330078,-73.44031524658203,-73.7566909790039,-73.53746032714844,-74.73780822753906,-75.42063903808594,-74.41131591796875,-73.50277709960938,-73.2610855102539,-73.02456665039062,-71.5400390625,-71.48316955566406,0.0
-79.46577453613281,-80.34342956542969,-81.27032470703125,-82.16500854492188,-82.5645980834961,-83.5274887084961,-84.39274597167969,-84.19126892089844,-84.24020385742188,-84.9058609008789,-85.40719604492188,-84.88249969482422,-84.72364807128906,-85.14347839355469,-85.37030029296875,-85.16529846191406,-84.69158935546875,-84.41297912597656,-84.334228515625,-84.04959869384766,-84.13086700439453,-84.43828582763672,-84.31391143798828,-81.59517669677734,-80.51260375976562,-80.69268035888672,-81.2496337890625,-81.71773529052734,-78.68278503417969,-77.18070220947266,-75.60858917236328,-74.49009704589844,-75.60934448242188,-75.86668395996094,-75.66643524169922,-78.76692199707031,-77.3511734008789,-74.27301788330078,-73.44031524658203,-73.7566909790039,-73.53746032714844,-74.73780822753906,-75.42063903808594,-74.41131591796875,-73.50277709960938,-73.2610855102539,-73.02456665039062,-71.5400390625,-71.48316955566406,-72.40874481201172,0.0
-80.34342956542969,-81.27032470703125,-82.16500854492188,-82.5645980834961,-83.5274887084961,-84.39274597167969,-84.19126892089844,-84.24020385742188,-84.9058609008789,-85.40719604492188,-84.88249969482422,-84.72364807128906,-85.14347839355469,-85.37030029296875,-85.16529846191406,-84.69158935546875,-84.41297912597656,-84.334228515625,-84.04959869384766,-84.13086700439453,-84.43828582763672,-84.31391143798828,-81.59517669677734,-80.51260375976562,-80.69268035888672,-81.2496337890625,-81.71773529052734,-78.68278503417969,-77.18070220947266,-75.60858917236328,-74.49009704589844,-75.60934448242188,-75.86668395996094,-75.66643524169922,-78.76692199707031,-77.3511734008789,-74.27301788330078,-73.44031524658203,-73.7566909790039,-73.53746032714844,-74.73780822753906,-75.42063903808594,-74.41131591796875,-73.50277709960938,-73.2610855102539,-73.02456665039062,-71.5400390625,-71.48316955566406,-72.40874481201172,-72.52484893798828,0.0
-81.27032470703125,-82.16500854492188,-82.5645980834961,-83.5274887084961,-84.39274597167969,-84.19126892089844,-84.24020385742188,-84.9058609008789,-85.40719604492188,-84.88249969482422,-84.72364807128906,-85.14347839355469,-85.37030029296875,-85.16529846191406,-84.69158935546875,-84.41297912597656,-84.334228515625,-84.04959869384766,-84.13086700439453,-84.43828582763672,-84.31391143798828,-81.59517669677734,-80.51260375976562,-80.69268035888672,-81.2496337890625,-81.71773529052734,-78.68278503417969,-77.18070220947266,-75.60858917236328,-74.49009704589844,-75.60934448242188,-75.86668395996094,-75.66643524169922,-78.76692199707031,-77.3511734008789,-74.27301788330078,-73.44031524658203,-73.7566909790039,-73.53746032714844,-74.73780822753906,-75.42063903808594,-74.41131591796875,-73.50277709960938,-73.2610855102539,-73.02456665039062,-71.5400390625,-71.48316955566406,-72.40874481201172,-72.52484893798828,-72.67349243164062,0.0
-82.16500854492188,-82.5645980834961,-83.5274887084961,-84.39274597167969,-84.19126892089844,-84.24020385742188,-84.9058609008789,-85.40719604492188,-84.88249969482422,-84.72364807128906,-85.14347839355469,-85.37030029296875,-85.16529846191406,-84.69158935546875,-84.41297912597656,-84.334228515625,-84.04959869384766,-84.13086700439453,-84.43828582763672,-84.31391143798828,-81.59517669677734,-80.51260375976562,-80.69268035888672,-81.2496337890625,-81.71773529052734,-78.68278503417969,-77.18070220947266,-75.60858917236328,-74.49009704589844,-75.60934448242188,-75.86668395996094,-75.66643524169922,-78.76692199707031,-77.3511734008789,-74.27301788330078,-73.44031524658203,-73.7566909790039,-73.53746032714844,-74.73780822753906,-75.42063903808594,-74.41131591796875,-73.50277709960938,-73.2610855102539,-73.02456665039062,-71.5400390625,-71.48316955566406,-72.40874481201172,-72.52484893798828,-72.67349243164062,-71.63418579101562,0.0
-82.5645980834961,-83.5274887084961,-84.39274597167969,-84.19126892089844,-84.24020385742188,-84.9058609008789,-85.40719604492188,-84.88249969482422,-84.72364807128906,-85.14347839355469,-85.37030029296875,-85.16529846191406,-84.69158935546875,-84.41297912597656,-84.334228515625,-84.04959869384766,-84.13086700439453,-84.43828582763672,-84.31391143798828,-81.59517669677734,-80.51260375976562,-80.69268035888672,-81.2496337890625,-81.71773529052734,-78.68278503417969,-77.18070220947266,-75.60858917236328,-74.49009704589844,-75.60934448242188,-75.86668395996094,-75.66643524169922,-78.76692199707031,-77.3511734008789,-74.27301788330078,-73.44031524658203,-73.7566909790039,-73.53746032714844,-74.73780822753906,-75.42063903808594,-74.41131591796875,-73.50277709960938,-73.2610855102539,-73.02456665039062,-71.5400390625,-71.48316955566406,-72.40874481201172,-72.52484893798828,-72.67349243164062,-71.63418579101562,-74.99018859863281,0.0
-83.5274887084961,-84.39274597167969,-84.19126892089844,-84.24020385742188,-84.9058609008789,-85.40719604492188,-84.88249969482422,-84.72364807128906,-85.14347839355469,-85.37030029296875,-85.16529846191406,-84.69158935546875,-84.41297912597656,-84.334228515625,-84.04959869384766,-84.13086700439453,-84.43828582763672,-84.31391143798828,-81.59517669677734,-80.51260375976562,-80.69268035888672,-81.2496337890625,-81.71773529052734,-78.68278503417969,-77.18070220947266,-75.60858917236328,-74.49009704589844,-75.60934448242188,-75.86668395996094,-75.66643524169922,-78.76692199707031,-77.3511734008789,-74.27301788330078,-73.44031524658203,-73.7566909790039,-73.53746032714844,-74.73780822753906,-75.42063903808594,-74.41131591796875,-73.50277709960938,-73.2610855102539,-73.02456665039062,-71.5400390625,-71.48316955566406,-72.40874481201172,-72.52484893798828,-72.67349243164062,-71.63418579101562,-74.99018859863281,-77.40943145751953,0.0
-84.39274597167969,-84.19126892089844,-84.24020385742188,-84.9058609008789,-85.40719604492188,-84.88249969482422,-84.72364807128906,-85.14347839355469,-85.37030029296875,-85.16529846191406,-84.69158935546875,-84.41297912597656,-84.334228515625,-84.04959869384766,-84.13086700439453,-84.43828582763672,-84.31391143798828,-81.59517669677734,-80.51260375976562,-80.69268035888672,-81.2496337890625,-81.71773529052734,-78.68278503417969,-77.18070220947266,-75.60858917236328,-74.49009704589844,-75.60934448242188,-75.86668395996094,-75.66643524169922,-78.76692199707031,-77.3511734008789,-74.27301788330078,-73.44031524658203,-73.7566909790039,-73.53746032714844,-74.73780822753906,-75.42063903808594,-74.41131591796875,-73.50277709960938,-73.2610855102539,-73.02456665039062,-71.5400390625,-71.48316955566406,-72.40874481201172,-72.52484893798828,-72.67349243164062,-71.63418579101562,-74.99018859863281,-77.40943145751953,-78.24800872802734,0.0
-84.19126892089844,-84.24020385742188,-84.9058609008789,-85.40719604492188,-84.88249969482422,-84.72364807128906,-85.14347839355469,-85.37030029296875,-85.16529846191406,-84.69158935546875,-84.41297912597656,-84.334228515625,-84.04959869384766,-84.13086700439453,-84.43828582763672,-84.31391143798828,-81.59517669677734,-80.51260375976562,-80.69268035888672,-81.2496337890625,-81.71773529052734,-78.68278503417969,-77.18070220947266,-75.60858917236328,-74.49009704589844,-75.60934448242188,-75.86668395996094,-75.66643524169922,-78.76692199707031,-77.3511734008789,-74.27301788330078,-73.44031524658203,-73.7566909790039,-73.53746032714844,-74.73780822753906,-75.42063903808594,-74.41131591796875,-73.50277709960938,-73.2610855102539,-73.02456665039062,-71.5400390625,-71.48316955566406,-72.40874481201172,-72.52484893798828,-72.67349243164062,-71.63418579101562,-74.99018859863281,-77.40943145751953,-78.24800872802734,-80.22396850585938,0.0
-84.24020385742188,-84.9058609008789,-85.40719604492188,-84.88249969482422,-84.72364807128906,-85.14347839355469,-85.37030029296875,-85.16529846191406,-84.69158935546875,-84.41297912597656,-84.334228515625,-84.04959869384766,-84.13086700439453,-84.43828582763672,-84.31391143798828,-81.59517669677734,-80.51260375976562,-80.69268035888672,-81.2496337890625,-81.71773529052734,-78.68278503417969,-77.18070220947266,-75.60858917236328,-74.49009704589844,-75.60934448242188,-75.86668395996094,-75.66643524169922,-78.76692199707031,-77.3511734008789,-74.27301788330078,-73.44031524658203,-73.7566909790039,-73.53746032714844,-74.73780822753906,-75.42063903808594,-74.41131591796875,-73.50277709960938,-73.2610855102539,-73.02456665039062,-71.5400390625,-71.48316955566406,-72.40874481201172,-72.52484893798828,-72.67349243164062,-71.63418579101562,-74.99018859863281,-77.40943145751953,-78.24800872802734,-80.22396850585938,-82.16181945800781,0.0
-84.9058609008789,-85.40719604492188,-84.88249969482422,-84.72364807128906,-85.14347839355469,-85.37030029296875,-85.16529846191406,-84.69158935546875,-84.41297912597656,-84.334228515625,-84.04959869384766,-84.13086700439453,-84.43828582763672,-84.31391143798828,-81.59517669677734,-80.51260375976562,-80.69268035888672,-81.2496337890625,-81.71773529052734,-78.68278503417969,-77.18070220947266,-75.60858917236328,-74.49009704589844,-75.60934448242188,-75.86668395996094,-75.66643524169922,-78.76692199707031,-77.3511734008789,-74.27301788330078,-73.44031524658203,-73.7566909790039,-73.53746032714844,-74.73780822753906,-75.42063903808594,-74.41131591796875,-73.50277709960938,-73.2610855102539,-73.02456665039062,-71.5400390625,-71.48316955566406,-72.40874481201172,-72.52484893798828,-72.67349243164062,-71.63418579101562,-74.99018859863281,-77.40943145751953,-78.24800872802734,-80.22396850585938,-82.16181945800781,-83.11683654785156,0.0
-85.40719604492188,-84.88249969482422,-84.72364807128906,-85.14347839355469,-85.37030029296875,-85.16529846191406,-84.69158935546875,-84.41297912597656,-84.334228515625,-84.04959869384766,-84.13086700439453,-84.43828582763672,-84.31391143798828,-81.59517669677734,-80.51260375976562,-80.69268035888672,-81.2496337890625,-81.71773529052734,-78.68278503417969,-77.18070220947266,-75.60858917236328,-74.49009704589844,-75.60934448242188,-75.86668395996094,-75.66643524169922,-78.76692199707031,-77.3511734008789,-74.27301788330078,-73.44031524658203,-73.7566909790039,-73.53746032714844,-74.73780822753906,-75.42063903808594,-74.41131591796875,-73.50277709960938,-73.2610855102539,-73.02456665039062,-71.5400390625,-71.48316955566406,-72.40874481201172,-72.52484893798828,-72.67349243164062,-71.63418579101562,-74.99018859863281,-77.40943145751953,-78.24800872802734,-80.22396850585938,-82.16181945800781,-83.11683654785156,-84.36207580566406,0.0
-84.88249969482422,-84.72364807128906,-85.14347839355469,-85.37030029296875,-85.16529846191406,-84.69158935546875,-84.41297912597656,-84.334228515625,-84.04959869384766,-84.13086700439453,-84.43828582763672,-84.31391143798828,-81.59517669677734,-80.51260375976562,-80.69268035888672,-81.2496337890625,-81.71773529052734,-78.68278503417969,-77.18070220947266,-75.60858917236328,-74.49009704589844,-75.60934448242188,-75.86668395996094,-75.66643524169922,-78.76692199707031,-77.3511734008789,-74.27301788330078,-73.44031524658203,-73.7566909790039,-73.53746032714844,-74.73780822753906,-75.42063903808594,-74.41131591796875,-73.50277709960938,-73.2610855102539,-73.02456665039062,-71.5400390625,-71.48316955566406,-72.40874481201172,-72.52484893798828,-72.67349243164062,-71.63418579101562,-74.99018859863281,-77.40943145751953,-78.24800872802734,-80.22396850585938,-82.16181945800781,-83.11683654785156,-84.36207580566406,-85.49853515625,0.0
-84.72364807128906,-85.14347839355469,-85.37030029296875,-85.16529846191406,-84.69158935546875,-84.41297912597656,-84.334228515625,-84.04959869384766,-84.13086700439453,-84.43828582763672,-84.31391143798828,-81.59517669677734,-80.51260375976562,-80.69268035888672,-81.2496337890625,-81.71773529052734,-78.68278503417969,-77.18070220947266,-75.60858917236328,-74.49009704589844,-75.60934448242188,-75.86668395996094,-75.66643524169922,-78.76692199707031,-77.3511734008789,-74.27301788330078,-73.44031524658203,-73.7566909790039,-73.53746032714844,-74.73780822753906,-75.42063903808594,-74.41131591796875,-73.50277709960938,-73.2610855102539,-73.02456665039062,-71.5400390625,-71.48316955566406,-72.40874481201172,-72.52484893798828,-72.67349243164062,-71.63418579101562,-74.99018859863281,-77.40943145751953,-78.24800872802734,-80.22396850585938,-82.16181945800781,-83.11683654785156,-84.36207580566406,-85.49853515625,-85.95521545410156,0.0
-85.14347839355469,-85.37030029296875,-85.16529846191406,-84.69158935546875,-84.41297912597656,-84.334228515625,-84.04959869384766,-84.13086700439453,-84.43828582763672,-84.31391143798828,-81.59517669677734,-80.51260375976562,-80.69268035888672,-81.2496337890625,-81.71773529052734,-78.68278503417969,-77.18070220947266,-75.60858917236328,-74.49009704589844,-75.60934448242188,-75.86668395996094,-75.66643524169922,-78.76692199707031,-77.3511734008789,-74.27301788330078,-73.44031524658203,-73.7566909790039,-73.53746032714844,-74.73780822753906,-75.42063903808594,-74.41131591796875,-73.50277709960938,-73.2610855102539,-73.02456665039062,-71.5400390625,-71.48316955566406,-72.40874481201172,-72.52484893798828,-72.67349243164062,-71.63418579101562,-74.99018859863281,-77.40943145751953,-78.24800872802734,-80.22396850585938,-82.16181945800781,-83.11683654785156,-84.36207580566406,-85.49853515625,-85.95521545410156,-85.9384765625,0.0
-85.37030029296875,-85.16529846191406,-84.69158935546875,-84.41297912597656,-84.334228515625,-84.04959869384766,-84.13086700439453,-84.43828582763672,-84.31391143798828,-81.59517669677734,-80.51260375976562,-80.69268035888672,-81.2496337890625,-81.71773529052734,-78.68278503417969,-77.18070220947266,-75.60858917236328,-74.49009704589844,-75.60934448242188,-75.86668395996094,-75.66643524169922,-78.76692199707031,-77.3511734008789,-74.27301788330078,-73.44031524658203,-73.7566909790039,-73.53746032714844,-74.73780822753906,-75.42063903808594,-74.41131591796875,-73.50277709960938,-73.2610855102539,-73.02456665039062,-71.5400390625,-71.48316955566406,-72.40874481201172,-72.52484893798828,-72.67349243164062,-71.63418579101562,-74.99018859863281,-77.40943145751953,-78.24800872802734,-80.22396850585938,-82.16181945800781,-83.11683654785156,-84.36207580566406,-85.49853515625,-85.95521545410156,-85.9384765625,-85.70848846435547,0.0
-85.16529846191406,-84.69158935546875,-84.41297912597656,-84.334228515625,-84.04959869384766,-84.13086700439453,-84.43828582763672,-84.31391143798828,-81.59517669677734,-80.51260375976562,-80.69268035888672,-81.2496337890625,-81.71773529052734,-78.68278503417969,-77.18070220947266,-75.60858917236328,-74.49009704589844,-75.60934448242188,-75.86668395996094,-75.66643524169922,-78.76692199707031,-77.3511734008789,-74.27301788330078,-73.44031524658203,-73.7566909790039,-73.53746032714844,-74.73780822753906,-75.42063903808594,-74.41131591796875,-73.50277709960938,-73.2610855102539,-73.02456665039062,-71.5400390625,-71.48316955566406,-72.40874481201172,-72.52484893798828,-72.67349243164062,-71.63418579101562,-74.99018859863281,-77.40943145751953,-78.24800872802734,-80.22396850585938,-82.16181945800781,-83.11683654785156,-84.36207580566406,-85.49853515625,-85.95521545410156,-85.9384765625,-85.70848846435547,-85.89290618896484,0.0
-84.69158935546875,-84.41297912597656,-84.334228515625,-84.04959869384766,-84.13086700439453,-84.43828582763672,-84.31391143798828,-81.59517669677734,-80.51260375976562,-80.69268035888672,-81.2496337890625,-81.71773529052734,-78.68278503417969,-77.18070220947266,-75.60858917236328,-74.49009704589844,-75.60934448242188,-75.86668395996094,-75.66643524169922,-78.76692199707031,-77.3511734008789,-74.27301788330078,-73.44031524658203,-73.7566909790039,-73.53746032714844,-74.73780822753906,-75.42063903808594,-74.41131591796875,-73.50277709960938,-73.2610855102539,-73.02456665039062,-71.5400390625,-71.48316955566406,-72.40874481201172,-72.52484893798828,-72.67349243164062,-71.63418579101562,-74.99018859863281,-77.40943145751953,-78.24800872802734,-80.22396850585938,-82.16181945800781,-83.11683654785156,-84.36207580566406,-85.49853515625,-85.95521545410156,-85.9384765625,-85.70848846435547,-85.89290618896484,-83.63943481445312,0.0
-84.41297912597656,-84.334228515625,-84.04959869384766,-84.13086700439453,-84.43828582763672,-84.31391143798828,-81.59517669677734,-80.51260375976562,-80.69268035888672,-81.2496337890625,-81.71773529052734,-78.68278503417969,-77.18070220947266,-75.60858917236328,-74.49009704589844,-75.60934448242188,-75.86668395996094,-75.66643524169922,-78.76692199707031,-77.3511734008789,-74.27301788330078,-73.44031524658203,-73.7566909790039,-73.53746032714844,-74.73780822753906,-75.42063903808594,-74.41131591796875,-73.50277709960938,-73.2610855102539,-73.02456665039062,-71.5400390625,-71.48316955566406,-72.40874481201172,-72.52484893798828,-72.67349243164062,-71.63418579101562,-74.99018859863281,-77.40943145751953,-78.24800872802734,-80.22396850585938,-82.16181945800781,-83.11683654785156,-84.36207580566406,-85.49853515625,-85.95521545410156,-85.9384765625,-85.70848846435547,-85.89290618896484,-83.63943481445312,-83.06533813476562,0.0
-84.334228515625,-84.04959869384766,-84.13086700439453,-84.43828582763672,-84.31391143798828,-81.59517669677734,-80.51260375976562,-80.69268035888672,-81.2496337890625,-81.71773529052734,-78.68278503417969,-77.18070220947266,-75.60858917236328,-74.49009704589844,-75.60934448242188,-75.86668395996094,-75.66643524169922,-78.76692199707031,-77.3511734008789,-74.27301788330078,-73.44031524658203,-73.7566909790039,-73.53746032714844,-74.73780822753906,-75.42063903808594,-74.41131591796875,-73.50277709960938,-73.2610855102539,-73.02456665039062,-71.5400390625,-71.48316955566406,-72.40874481201172,-72.52484893798828,-72.67349243164062,-71.63418579101562,-74.99018859863281,-77.40943145751953,-78.24800872802734,-80.22396850585938,-82.16181945800781,-83.11683654785156,-84.36207580566406,-85.49853515625,-85.95521545410156,-85.9384765625,-85.70848846435547,-85.89290618896484,-83.63943481445312,-83.06533813476562,-83.00749206542969,0.0
-84.04959869384766,-84.13086700439453,-84.43828582763672,-84.31391143798828,-81.59517669677734,-80.51260375976562,-80.69268035888672,-81.2496337890625,-81.71773529052734,-78.68278503417969,-77.18070220947266,-75.60858917236328,-74.49009704589844,-75.60934448242188,-75.86668395996094,-75.66643524169922,-78.76692199707031,-77.3511734008789,-74.27301788330078,-73.44031524658203,-73.7566909790039,-73.53746032714844,-74.73780822753906,-75.42063903808594,-74.41131591796875,-73.50277709960938,-73.2610855102539,-73.02456665039062,-71.5400390625,-71.48316955566406,-72.40874481201172,-72.52484893798828,-72.67349243164062,-71.63418579101562,-74.99018859863281,-77.40943145751953,-78.24800872802734,-80.22396850585938,-82.16181945800781,-83.11683654785156,-84.36207580566406,-85.49853515625,-85.95521545410156,-85.9384765625,-85.70848846435547,-85.89290618896484,-83.63943481445312,-83.06533813476562,-83.00749206542969,-82.04185485839844,0.0
-84.13086700439453,-84.43828582763672,-84.31391143798828,-81.59517669677734,-80.51260375976562,-80.69268035888672,-81.2496337890625,-81.71773529052734,-78.68278503417969,-77.18070220947266,-75.60858917236328,-74.49009704589844,-75.60934448242188,-75.86668395996094,-75.66643524169922,-78.76692199707031,-77.3511734008789,-74.27301788330078,-73.44031524658203,-73.7566909790039,-73.53746032714844,-74.73780822753906,-75.42063903808594,-74.41131591796875,-73.50277709960938,-73.2610855102539,-73.02456665039062,-71.5400390625,-71.48316955566406,-72.40874481201172,-72.52484893798828,-72.67349243164062,-71.63418579101562,-74.99018859863281,-77.40943145751953,-78.24800872802734,-80.22396850585938,-82.16181945800781,-83.11683654785156,-84.36207580566406,-85.49853515625,-85.95521545410156,-85.9384765625,-85.70848846435547,-85.89290618896484,-83.63943481445312,-83.06533813476562,-83.00749206542969,-82.04185485839844,-82.58427429199219,0.0
-84.43828582763672,-84.31391143798828,-81.59517669677734,-80.51260375976562,-80.69268035888672,-81.2496337890625,-81.71773529052734,-78.68278503417969,-77.18070220947266,-75.60858917236328,-74.49009704589844,-75.60934448242188,-75.86668395996094,-75.66643524169922,-78.76692199707031,-77.3511734008789,-74.27301788330078,-73.44031524658203,-73.7566909790039,-73.53746032714844,-74.73780822753906,-75.42063903808594,-74.41131591796875,-73.50277709960938,-73.2610855102539,-73.02456665039062,-71.5400390625,-71.48316955566406,-72.40874481201172,-72.52484893798828,-72.67349243164062,-71.63418579101562,-74.99018859863281,-77.40943145751953,-78.24800872802734,-80.22396850585938,-82.16181945800781,-83.11683654785156,-84.36207580566406,-85.49853515625,-85.95521545410156,-85.9384765625,-85.70848846435547,-85.89290618896484,-83.63943481445312,-83.06533813476562,-83.00749206542969,-82.04185485839844,-82.58427429199219,-83.637939453125,0.0
-84.31391143798828,-81.59517669677734,-80.51260375976562,-80.69268035888672,-81.2496337890625,-81.71773529052734,-78.68278503417969,-77.18070220947266,-75.60858917236328,-74.49009704589844,-75.60934448242188,-75.86668395996094,-75.66643524169922,-78.76692199707031,-77.3511734008789,-74.27301788330078,-73.44031524658203,-73.7566909790039,-73.53746032714844,-74.73780822753906,-75.42063903808594,-74.41131591796875,-73.50277709960938,-73.2610855102539,-73.02456665039062,-71.5400390625,-71.48316955566406,-72.40874481201172,-72.52484893798828,-72.67349243164062,-71.63418579101562,-74.99018859863281,-77.40943145751953,-78.24800872802734,-80.22396850585938,-82.16181945800781,-83.11683654785156,-84.36207580566406,-85.49853515625,-85.95521545410156,-85.9384765625,-85.70848846435547,-85.89290618896484,-83.63943481445312,-83.06533813476562,-83.00749206542969,-82.04185485839844,-82.58427429199219,-83.637939453125,-84.64752960205078,0.0
-81.59517669677734,-80.51260375976562,-80.69268035888672,-81.2496337890625,-81.71773529052734,-78.68278503417969,-77.18070220947266,-75.60858917236328,-74.49009704589844,-75.60934448242188,-75.86668395996094,-75.66643524169922,-78.76692199707031,-77.3511734008789,-74.27301788330078,-73.44031524658203,-73.7566909790039,-73.53746032714844,-74.73780822753906,-75.42063903808594,-74.41131591796875,-73.50277709960938,-73.2610855102539,-73.02456665039062,-71.5400390625,-71.48316955566406,-72.40874481201172,-72.52484893798828,-72.67349243164062,-71.63418579101562,-74.99018859863281,-77.40943145751953,-78.24800872802734,-80.22396850585938,-82.16181945800781,-83.11683654785156,-84.36207580566406,-85.49853515625,-85.95521545410156,-85.9384765625,-85.70848846435547,-85.89290618896484,-83.63943481445312,-83.06533813476562,-83.00749206542969,-82.04185485839844,-82.58427429199219,-83.637939453125,-84.64752960205078,-85.58064270019531,0.0
-80.51260375976562,-80.69268035888672,-81.2496337890625,-81.71773529052734,-78.68278503417969,-77.18070220947266,-75.60858917236328,-74.49009704589844,-75.60934448242188,-75.86668395996094,-75.66643524169922,-78.76692199707031,-77.3511734008789,-74.27301788330078,-73.44031524658203,-73.7566909790039,-73.53746032714844,-74.73780822753906,-75.42063903808594,-74.41131591796875,-73.50277709960938,-73.2610855102539,-73.02456665039062,-71.5400390625,-71.48316955566406,-72.40874481201172,-72.52484893798828,-72.67349243164062,-71.63418579101562,-74.99018859863281,-77.40943145751953,-78.24800872802734,-80.22396850585938,-82.16181945800781,-83.11683654785156,-84.36207580566406,-85.49853515625,-85.95521545410156,-85.9384765625,-85.70848846435547,-85.89290618896484,-83.63943481445312,-83.06533813476562,-83.00749206542969,-82.04185485839844,-82.58427429199219,-83.637939453125,-84.64752960205078,-85.58064270019531,-86.45288848876953,0.0
-80.69268035888672,-81.2496337890625,-81.71773529052734,-78.68278503417969,-77.18070220947266,-75.60858917236328,-74.49009704589844,-75.60934448242188,-75.86668395996094,-75.66643524169922,-78.76692199707031,-77.3511734008789,-74.27301788330078,-73.44031524658203,-73.7566909790039,-73.53746032714844,-74.73780822753906,-75.42063903808594,-74.41131591796875,-73.50277709960938,-73.2610855102539,-73.02456665039062,-71.5400390625,-71.48316955566406,-72.40874481201172,-72.52484893798828,-72.67349243164062,-71.63418579101562,-74.99018859863281,-77.40943145751953,-78.24800872802734,-80.22396850585938,-82.16181945800781,-83.11683654785156,-84.36207580566406,-85.49853515625,-85.95521545410156,-85.9384765625,-85.70848846435547,-85.89290618896484,-83.63943481445312,-83.06533813476562,-83.00749206542969,-82.04185485839844,-82.58427429199219,-83.637939453125,-84.64752960205078,-85.58064270019531,-86.45288848876953,-86.74444580078125,0.0
-81.2496337890625,-81.71773529052734,-78.68278503417969,-77.18070220947266,-75.60858917236328,-74.49009704589844,-75.60934448242188,-75.86668395996094,-75.66643524169922,-78.76692199707031,-77.3511734008789,-74.27301788330078,-73.44031524658203,-73.7566909790039,-73.53746032714844,-74.73780822753906,-75.42063903808594,-74.41131591796875,-73.50277709960938,-73.2610855102539,-73.02456665039062,-71.5400390625,-71.48316955566406,-72.40874481201172,-72.52484893798828,-72.67349243164062,-71.63418579101562,-74.99018859863281,-77.40943145751953,-78.24800872802734,-80.22396850585938,-82.16181945800781,-83.11683654785156,-84.36207580566406,-85.49853515625,-85.95521545410156,-85.9384765625,-85.70848846435547,-85.89290618896484,-83.63943481445312,-83.06533813476562,-83.00749206542969,-82.04185485839844,-82.58427429199219,-83.637939453125,-84.64752960205078,-85.58064270019531,-86.45288848876953,-86.74444580078125,-86.59236145019531,0.0
-81.71773529052734,-78.68278503417969,-77.18070220947266,-75.60858917236328,-74.49009704589844,-75.60934448242188,-75.86668395996094,-75.66643524169922,-78.76692199707031,-77.3511734008789,-74.27301788330078,-73.44031524658203,-73.7566909790039,-73.53746032714844,-74.73780822753906,-75.42063903808594,-74.41131591796875,-73.50277709960938,-73.2610855102539,-73.02456665039062,-71.5400390625,-71.48316955566406,-72.40874481201172,-72.52484893798828,-72.67349243164062,-71.63418579101562,-74.99018859863281,-77.40943145751953,-78.24800872802734,-80.22396850585938,-82.16181945800781,-83.11683654785156,-84.36207580566406,-85.49853515625,-85.95521545410156,-85.9384765625,-85.70848846435547,-85.89290618896484,-83.63943481445312,-83.06533813476562,-83.00749206542969,-82.04185485839844,-82.58427429199219,-83.637939453125,-84.64752960205078,-85.58064270019531,-86.45288848876953,-86.74444580078125,-86.59236145019531,-86.58484649658203,0.0
-78.68278503417969,-77.18070220947266,-75.60858917236328,-74.49009704589844,-75.60934448242188,-75.86668395996094,-75.66643524169922,-78.76692199707031,-77.3511734008789,-74.27301788330078,-73.44031524658203,-73.7566909790039,-73.53746032714844,-74.73780822753906,-75.42063903808594,-74.41131591796875,-73.50277709960938,-73.2610855102539,-73.02456665039062,-71.5400390625,-71.48316955566406,-72.40874481201172,-72.52484893798828,-72.67349243164062,-71.63418579101562,-74.99018859863281,-77.40943145751953,-78.24800872802734,-80.22396850585938,-82.16181945800781,-83.11683654785156,-84.36207580566406,-85.49853515625,-85.95521545410156,-85.9384765625,-85.70848846435547,-85.89290618896484,-83.63943481445312,-83.06533813476562,-83.00749206542969,-82.04185485839844,-82.58427429199219,-83.637939453125,-84.64752960205078,-85.58064270019531,-86.45288848876953,-86.74444580078125,-86.59236145019531,-86.58484649658203,-86.21772766113281,0.0
-77.18070220947266,-75.60858917236328,-74.49009704589844,-75.60934448242188,-75.86668395996094,-75.66643524169922,-78.76692199707031,-77.3511734008789,-74.27301788330078,-73.44031524658203,-73.7566909790039,-73.53746032714844,-74.73780822753906,-75.42063903808594,-74.41131591796875,-73.50277709960938,-73.2610855102539,-73.02456665039062,-71.5400390625,-71.48316955566406,-72.40874481201172,-72.52484893798828,-72.67349243164062,-71.63418579101562,-74.99018859863281,-77.40943145751953,-78.24800872802734,-80.22396850585938,-82.16181945800781,-83.11683654785156,-84.36207580566406,-85.49853515625,-85.95521545410156,-85.9384765625,-85.70848846435547,-85.89290618896484,-83.63943481445312,-83.06533813476562,-83.00749206542969,-82.04185485839844,-82.58427429199219,-83.637939453125,-84.64752960205078,-85.58064270019531,-86.45288848876953,-86.74444580078125,-86.59236145019531,-86.58484649658203,-86.21772766113281,-86.50127410888672,0.0
-75.60858917236328,-74.49009704589844,-75.60934448242188,-75.86668395996094,-75.66643524169922,-78.76692199707031,-77.3511734008789,-74.27301788330078,-73.44031524658203,-73.7566909790039,-73.53746032714844,-74.73780822753906,-75.42063903808594,-74.41131591796875,-73.50277709960938,-73.2610855102539,-73.02456665039062,-71.5400390625,-71.48316955566406,-72.40874481201172,-72.52484893798828,-72.67349243164062,-71.63418579101562,-74.99018859863281,-77.40943145751953,-78.24800872802734,-80.22396850585938,-82.16181945800781,-83.11683654785156,-84.36207580566406,-85.49853515625,-85.95521545410156,-85.9384765625,-85.70848846435547,-85.89290618896484,-83.63943481445312,-83.06533813476562,-83.00749206542969,-82.04185485839844,-82.58427429199219,-83.637939453125,-84.64752960205078,-85.58064270019531,-86.45288848876953,-86.74444580078125,-86.59236145019531,-86.58484649658203,-86.21772766113281,-86.50127410888672,-86.31575775146484,0.0
-74.49009704589844,-75.60934448242188,-75.86668395996094,-75.66643524169922,-78.76692199707031,-77.3511734008789,-74.27301788330078,-73.44031524658203,-73.7566909790039,-73.53746032714844,-74.73780822753906,-75.42063903808594,-74.41131591796875,-73.50277709960938,-73.2610855102539,-73.02456665039062,-71.5400390625,-71.48316955566406,-72.40874481201172,-72.52484893798828,-72.67349243164062,-71.63418579101562,-74.99018859863281,-77.40943145751953,-78.24800872802734,-80.22396850585938,-82.16181945800781,-83.11683654785156,-84.36207580566406,-85.49853515625,-85.95521545410156,-85.9384765625,-85.70848846435547,-85.89290618896484,-83.63943481445312,-83.06533813476562,-83.00749206542969,-82.04185485839844,-82.58427429199219,-83.637939453125,-84.64752960205078,-85.58064270019531,-86.45288848876953,-86.74444580078125,-86.59236145019531,-86.58484649658203,-86.21772766113281,-86.50127410888672,-86.31575775146484,-86.46643829345703,0.0
-75.60934448242188,-75.86668395996094,-75.66643524169922,-78.76692199707031,-77.3511734008789,-74.27301788330078,-73.44031524658203,-73.7566909790039,-73.53746032714844,-74.73780822753906,-75.42063903808594,-74.41131591796875,-73.50277709960938,-73.2610855102539,-73.02456665039062,-71.5400390625,-71.48316955566406,-72.40874481201172,-72.52484893798828,-72.67349243164062,-71.63418579101562,-74.99018859863281,-77.40943145751953,-78.24800872802734,-80.22396850585938,-82.16181945800781,-83.11683654785156,-84.36207580566406,-85.49853515625,-85.95521545410156,-85.9384765625,-85.70848846435547,-85.89290618896484,-83.63943481445312,-83.06533813476562,-83.00749206542969,-82.04185485839844,-82.58427429199219,-83.637939453125,-84.64752960205078,-85.58064270019531,-86.45288848876953,-86.74444580078125,-86.59236145019531,-86.58484649658203,-86.21772766113281,-86.50127410888672,-86.31575775146484,-86.46643829345703,-87.0649642944336,0.0
-75.86668395996094,-75.66643524169922,-78.76692199707031,-77.3511734008789,-74.27301788330078,-73.44031524658203,-73.7566909790039,-73.53746032714844,-74.73780822753906,-75.42063903808594,-74.41131591796875,-73.50277709960938,-73.2610855102539,-73.02456665039062,-71.5400390625,-71.48316955566406,-72.40874481201172,-72.52484893798828,-72.67349243164062,-71.63418579101562,-74.99018859863281,-77.40943145751953,-78.24800872802734,-80.22396850585938,-82.16181945800781,-83.11683654785156,-84.36207580566406,-85.49853515625,-85.95521545410156,-85.9384765625,-85.70848846435547,-85.89290618896484,-83.63943481445312,-83.06533813476562,-83.00749206542969,-82.04185485839844,-82.58427429199219,-83.637939453125,-84.64752960205078,-85.58064270019531,-86.45288848876953,-86.74444580078125,-86.59236145019531,-86.58484649658203,-86.21772766113281,-86.50127410888672,-86.31575775146484,-86.46643829345703,-87.0649642944336,-87.04714965820312,0.0
-75.66643524169922,-78.76692199707031,-77.3511734008789,-74.27301788330078,-73.44031524658203,-73.7566909790039,-73.53746032714844,-74.73780822753906,-75.42063903808594,-74.41131591796875,-73.50277709960938,-73.2610855102539,-73.02456665039062,-71.5400390625,-71.48316955566406,-72.40874481201172,-72.52484893798828,-72.67349243164062,-71.63418579101562,-74.99018859863281,-77.40943145751953,-78.24800872802734,-80.22396850585938,-82.16181945800781,-83.11683654785156,-84.36207580566406,-85.49853515625,-85.95521545410156,-85.9384765625,-85.70848846435547,-85.89290618896484,-83.63943481445312,-83.06533813476562,-83.00749206542969,-82.04185485839844,-82.58427429199219,-83.637939453125,-84.64752960205078,-85.58064270019531,-86.45288848876953,-86.74444580078125,-86.59236145019531,-86.58484649658203,-86.21772766113281,-86.50127410888672,-86.31575775146484,-86.46643829345703,-87.0649642944336,-87.04714965820312,-86.56614685058594,0.0
-78.76692199707031,-77.3511734008789,-74.27301788330078,-73.44031524658203,-73.7566909790039,-73.53746032714844,-74.73780822753906,-75.42063903808594,-74.41131591796875,-73.50277709960938,-73.2610855102539,-73.02456665039062,-71.5400390625,-71.48316955566406,-72.40874481201172,-72.52484893798828,-72.67349243164062,-71.63418579101562,-74.99018859863281,-77.40943145751953,-78.24800872802734,-80.22396850585938,-82.16181945800781,-83.11683654785156,-84.36207580566406,-85.49853515625,-85.95521545410156,-85.9384765625,-85.70848846435547,-85.89290618896484,-83.63943481445312,-83.06533813476562,-83.00749206542969,-82.04185485839844,-82.58427429199219,-83.637939453125,-84.64752960205078,-85.58064270019531,-86.45288848876953,-86.74444580078125,-86.59236145019531,-86.58484649658203,-86.21772766113281,-86.50127410888672,-86.31575775146484,-86.46643829345703,-87.0649642944336,-87.04714965820312,-86.56614685058594,-86.50435638427734,1.0
-77.3511734008789,-74.27301788330078,-73.44031524658203,-73.7566909790039,-73.53746032714844,-74.73780822753906,-75.42063903808594,-74.41131591796875,-73.50277709960938,-73.2610855102539,-73.02456665039062,-71.5400390625,-71.48316955566406,-72.40874481201172,-72.52484893798828,-72.67349243164062,-71.63418579101562,-74.99018859863281,-77.40943145751953,-78.24800872802734,-80.22396850585938,-82.16181945800781,-83.11683654785156,-84.36207580566406,-85.49853515625,-85.95521545410156,-85.9384765625,-85.70848846435547,-85.89290618896484,-83.63943481445312,-83.06533813476562,-83.00749206542969,-82.04185485839844,-82.58427429199219,-83.637939453125,-84.64752960205078,-85.58064270019531,-86.45288848876953,-86.74444580078125,-86.59236145019531,-86.58484649658203,-86.21772766113281,-86.50127410888672,-86.31575775146484,-86.46643829345703,-87.0649642944336,-87.04714965820312,-86.56614685058594,-86.50435638427734,-86.66378784179688,0.0
-74.27301788330078,-73.44031524658203,-73.7566909790039,-73.53746032714844,-74.73780822753906,-75.42063903808594,-74.41131591796875,-73.50277709960938,-73.2610855102539,-73.02456665039062,-71.5400390625,-71.48316955566406,-72.40874481201172,-72.52484893798828,-72.67349243164062,-71.63418579101562,-74.99018859863281,-77.40943145751953,-78.24800872802734,-80.22396850585938,-82.16181945800781,-83.11683654785156,-84.36207580566406,-85.49853515625,-85.95521545410156,-85.9384765625,-85.70848846435547,-85.89290618896484,-83.63943481445312,-83.06533813476562,-83.00749206542969,-82.04185485839844,-82.58427429199219,-83.637939453125,-84.64752960205078,-85.58064270019531,-86.45288848876953,-86.74444580078125,-86.59236145019531,-86.58484649658203,-86.21772766113281,-86.50127410888672,-86.31575775146484,-86.46643829345703,-87.0649642944336,-87.04714965820312,-86.56614685058594,-86.50435638427734,-86.66378784179688,-86.59706115722656,1.0
-73.44031524658203,-73.7566909790039,-73.53746032714844,-74.73780822753906,-75.42063903808594,-74.41131591796875,-73.50277709960938,-73.2610855102539,-73.02456665039062,-71.5400390625,-71.48316955566406,-72.40874481201172,-72.52484893798828,-72.67349243164062,-71.63418579101562,-74.99018859863281,-77.40943145751953,-78.24800872802734,-80.22396850585938,-82.16181945800781,-83.11683654785156,-84.36207580566406,-85.49853515625,-85.95521545410156,-85.9384765625,-85.70848846435547,-85.89290618896484,-83.63943481445312,-83.06533813476562,-83.00749206542969,-82.04185485839844,-82.58427429199219,-83.637939453125,-84.64752960205078,-85.58064270019531,-86.45288848876953,-86.74444580078125,-86.59236145019531,-86.58484649658203,-86.21772766113281,-86.50127410888672,-86.31575775146484,-86.46643829345703,-87.0649642944336,-87.04714965820312,-86.56614685058594,-86.50435638427734,-86.66378784179688,-86.59706115722656,-86.91758728027344,0.0
-73.7566909790039,-73.53746032714844,-74.73780822753906,-75.42063903808594,-74.41131591796875,-73.50277709960938,-73.2610855102539,-73.02456665039062,-71.5400390625,-71.48316955566406,-72.40874481201172,-72.52484893798828,-72.67349243164062,-71.63418579101562,-74.99018859863281,-77.40943145751953,-78.24800872802734,-80.22396850585938,-82.16181945800781,-83.11683654785156,-84.36207580566406,-85.49853515625,-85.95521545410156,-85.9384765625,-85.70848846435547,-85.89290618896484,-83.63943481445312,-83.06533813476562,-83.00749206542969,-82.04185485839844,-82.58427429199219,-83.637939453125,-84.64752960205078,-85.58064270019531,-86.45288848876953,-86.74444580078125,-86.59236145019531,-86.58484649658203,-86.21772766113281,-86.50127410888672,-86.31575775146484,-86.46643829345703,-87.0649642944336,-87.04714965820312,-86.56614685058594,-86.50435638427734,-86.66378784179688,-86.59706115722656,-86.91758728027344,-86.85782623291016,0.0
-73.53746032714844,-74.73780822753906,-75.42063903808594,-74.41131591796875,-73.50277709960938,-73.2610855102539,-73.02456665039062,-71.5400390625,-71.48316955566406,-72.40874481201172,-72.52484893798828,-72.67349243164062,-71.63418579101562,-74.99018859863281,-77.40943145751953,-78.24800872802734,-80.22396850585938,-82.16181945800781,-83.11683654785156,-84.36207580566406,-85.49853515625,-85.95521545410156,-85.9384765625,-85.70848846435547,-85.89290618896484,-83.63943481445312,-83.06533813476562,-83.00749206542969,-82.04185485839844,-82.58427429199219,-83.637939453125,-84.64752960205078,-85.58064270019531,-86.45288848876953,-86.74444580078125,-86.59236145019531,-86.58484649658203,-86.21772766113281,-86.50127410888672,-86.31575775146484,-86.46643829345703,-87.0649642944336,-87.04714965820312,-86.56614685058594,-86.50435638427734,-86.66378784179688,-86.59706115722656,-86.91758728027344,-86.85782623291016,-85.82759857177734,0.0
-74.73780822753906,-75.42063903808594,-74.41131591796875,-73.50277709960938,-73.2610855102539,-73.02456665039062,-71.5400390625,-71.48316955566406,-72.40874481201172,-72.52484893798828,-72.67349243164062,-71.63418579101562,-74.99018859863281,-77.40943145751953,-78.24800872802734,-80.22396850585938,-82.16181945800781,-83.11683654785156,-84.36207580566406,-85.49853515625,-85.95521545410156,-85.9384765625,-85.70848846435547,-85.89290618896484,-83.63943481445312,-83.06533813476562,-83.00749206542969,-82.04185485839844,-82.58427429199219,-83.637939453125,-84.64752960205078,-85.58064270019531,-86.45288848876953,-86.74444580078125,-86.59236145019531,-86.58484649658203,-86.21772766113281,-86.50127410888672,-86.31575775146484,-86.46643829345703,-87.0649642944336,-87.04714965820312,-86.56614685058594,-86.50435638427734,-86.66378784179688,-86.59706115722656,-86.91758728027344,-86.85782623291016,-85.82759857177734,-85.74284362792969,0.0
-75.42063903808594,-74.41131591796875,-73.50277709960938,-73.2610855102539,-73.02456665039062,-71.5400390625,-71.48316955566406,-72.40874481201172,-72.52484893798828,-72.67349243164062,-71.63418579101562,-74.99018859863281,-77.40943145751953,-78.24800872802734,-80.22396850585938,-82.16181945800781,-83.11683654785156,-84.36207580566406,-85.49853515625,-85.95521545410156,-85.9384765625,-85.70848846435547,-85.89290618896484,-83.63943481445312,-83.06533813476562,-83.00749206542969,-82.04185485839844,-82.58427429199219,-83.637939453125,-84.64752960205078,-85.58064270019531,-86.45288848876953,-86.74444580078125,-86.59236145019531,-86.58484649658203,-86.21772766113281,-86.50127410888672,-86.31575775146484,-86.46643829345703,-87.0649642944336,-87.04714965820312,-86.56614685058594,-86.50435638427734,-86.66378784179688,-86.59706115722656,-86.91758728027344,-86.85782623291016,-85.82759857177734,-85.74284362792969,-85.59916687011719,0.0
-74.41131591796875,-73.50277709960938,-73.2610855102539,-73.02456665039062,-71.5400390625,-71.48316955566406,-72.40874481201172,-72.52484893798828,-72.67349243164062,-71.63418579101562,-74.99018859863281,-77.40943145751953,-78.24800872802734,-80.22396850585938,-82.16181945800781,-83.11683654785156,-84.36207580566406,-85.49853515625,-85.95521545410156,-85.9384765625,-85.70848846435547,-85.89290618896484,-83.63943481445312,-83.06533813476562,-83.00749206542969,-82.04185485839844,-82.58427429199219,-83.637939453125,-84.64752960205078,-85.58064270019531,-86.45288848876953,-86.74444580078125,-86.59236145019531,-86.58484649658203,-86.21772766113281,-86.50127410888672,-86.31575775146484,-86.46643829345703,-87.0649642944336,-87.04714965820312,-86.56614685058594,-86.50435638427734,-86.66378784179688,-86.59706115722656,-86.91758728027344,-86.85782623291016,-85.82759857177734,-85.74284362792969,-85.59916687011719,-84.79878234863281,0.0
-73.50277709960938,-73.2610855102539,-73.02456665039062,-71.5400390625,-71.48316955566406,-72.40874481201172,-72.52484893798828,-72.67349243164062,-71.63418579101562,-74.99018859863281,-77.40943145751953,-78.24800872802734,-80.22396850585938,-82.16181945800781,-83.11683654785156,-84.36207580566406,-85.49853515625,-85.95521545410156,-85.9384765625,-85.70848846435547,-85.89290618896484,-83.63943481445312,-83.06533813476562,-83.00749206542969,-82.04185485839844,-82.58427429199219,-83.637939453125,-84.64752960205078,-85.58064270019531,-86.45288848876953,-86.74444580078125,-86.59236145019531,-86.58484649658203,-86.21772766113281,-86.50127410888672,-86.31575775146484,-86.46643829345703,-87.0649642944336,-87.04714965820312,-86.56614685058594,-86.50435638427734,-86.66378784179688,-86.59706115722656,-86.91758728027344,-86.85782623291016,-85.82759857177734,-85.74284362792969,-85.59916687011719,-84.79878234863281,-83.58777618408203,0.0
-73.2610855102539,-73.02456665039062,-71.5400390625,-71.48316955566406,-72.40874481201172,-72.52484893798828,-72.67349243164062,-71.63418579101562,-74.99018859863281,-77.40943145751953,-78.24800872802734,-80.22396850585938,-82.16181945800781,-83.11683654785156,-84.36207580566406,-85.49853515625,-85.95521545410156,-85.9384765625,-85.70848846435547,-85.89290618896484,-83.63943481445312,-83.06533813476562,-83.00749206542969,-82.04185485839844,-82.58427429199219,-83.637939453125,-84.64752960205078,-85.58064270019531,-86.45288848876953,-86.74444580078125,-86.59236145019531,-86.58484649658203,-86.21772766113281,-86.50127410888672,-86.31575775146484,-86.46643829345703,-87.0649642944336,-87.04714965820312,-86.56614685058594,-86.50435638427734,-86.66378784179688,-86.59706115722656,-86.91758728027344,-86.85782623291016,-85.82759857177734,-85.74284362792969,-85.59916687011719,-84.79878234863281,-83.58777618408203,-82.80593872070312,0.0
-73.02456665039062,-71.5400390625,-71.48316955566406,-72.40874481201172,-72.52484893798828,-72.67349243164062,-71.63418579101562,-74.99018859863281,-77.40943145751953,-78.24800872802734,-80.22396850585938,-82.16181945800781,-83.11683654785156,-84.36207580566406,-85.49853515625,-85.95521545410156,-85.9384765625,-85.70848846435547,-85.89290618896484,-83.63943481445312,-83.06533813476562,-83.00749206542969,-82.04185485839844,-82.58427429199219,-83.637939453125,-84.64752960205078,-85.58064270019531,-86.45288848876953,-86.74444580078125,-86.59236145019531,-86.58484649658203,-86.21772766113281,-86.50127410888672,-86.31575775146484,-86.46643829345703,-87.0649642944336,-87.04714965820312,-86.56614685058594,-86.50435638427734,-86.66378784179688,-86.59706115722656,-86.91758728027344,-86.85782623291016,-85.82759857177734,-85.74284362792969,-85.59916687011719,-84.79878234863281,-83.58777618408203,-82.80593872070312,-83.42229461669922,0.0
-71.5400390625,-71.48316955566406,-72.40874481201172,-72.52484893798828,-72.67349243164062,-71.63418579101562,-74.99018859863281,-77.40943145751953,-78.24800872802734,-80.22396850585938,-82.16181945800781,-83.11683654785156,-84.36207580566406,-85.49853515625,-85.95521545410156,-85.9384765625,-85.70848846435547,-85.89290618896484,-83.63943481445312,-83.06533813476562,-83.00749206542969,-82.04185485839844,-82.58427429199219,-83.637939453125,-84.64752960205078,-85.58064270019531,-86.45288848876953,-86.74444580078125,-86.59236145019531,-86.58484649658203,-86.21772766113281,-86.50127410888672,-86.31575775146484,-86.46643829345703,-87.0649642944336,-87.04714965820312,-86.56614685058594,-86.50435638427734,-86.66378784179688,-86.59706115722656,-86.91758728027344,-86.85782623291016,-85.82759857177734,-85.74284362792969,-85.59916687011719,-84.79878234863281,-83.58777618408203,-82.80593872070312,-83.42229461669922,-81.46328735351562,0.0
-71.48316955566406,-72.40874481201172,-72.52484893798828,-72.67349243164062,-71.63418579101562,-74.99018859863281,-77.40943145751953,-78.24800872802734,-80.22396850585938,-82.16181945800781,-83.11683654785156,-84.36207580566406,-85.49853515625,-85.95521545410156,-85.9384765625,-85.70848846435547,-85.89290618896484,-83.63943481445312,-83.06533813476562,-83.00749206542969,-82.04185485839844,-82.58427429199219,-83.637939453125,-84.64752960205078,-85.58064270019531,-86.45288848876953,-86.74444580078125,-86.59236145019531,-86.58484649658203,-86.21772766113281,-86.50127410888672,-86.31575775146484,-86.46643829345703,-87.0649642944336,-87.04714965820312,-86.56614685058594,-86.50435638427734,-86.66378784179688,-86.59706115722656,-86.91758728027344,-86.85782623291016,-85.82759857177734,-85.74284362792969,-85.59916687011719,-84.79878234863281,-83.58777618408203,-82.80593872070312,-83.42229461669922,-81.46328735351562,-81.17264556884766,0.0
-72.40874481201172,-72.52484893798828,-72.67349243164062,-71.63418579101562,-74.99018859863281,-77.40943145751953,-78.24800872802734,-80.22396850585938,-82.16181945800781,-83.11683654785156,-84.36207580566406,-85.49853515625,-85.95521545410156,-85.9384765625,-85.70848846435547,-85.89290618896484,-83.63943481445312,-83.06533813476562,-83.00749206542969,-82.04185485839844,-82.58427429199219,-83.637939453125,-84.64752960205078,-85.58064270019531,-86.45288848876953,-86.74444580078125,-86.59236145019531,-86.58484649658203,-86.21772766113281,-86.50127410888672,-86.31575775146484,-86.46643829345703,-87.0649642944336,-87.04714965820312,-86.56614685058594,-86.50435638427734,-86.66378784179688,-86.59706115722656,-86.91758728027344,-86.85782623291016,-85.82759857177734,-85.74284362792969,-85.59916687011719,-84.79878234863281,-83.58777618408203,-82.80593872070312,-83.42229461669922,-81.46328735351562,-81.17264556884766,-80.50007629394531,0.0
-72.52484893798828,-72.67349243164062,-71.63418579101562,-74.99018859863281,-77.40943145751953,-78.24800872802734,-80.22396850585938,-82.16181945800781,-83.11683654785156,-84.36207580566406,-85.49853515625,-85.95521545410156,-85.9384765625,-85.70848846435547,-85.89290618896484,-83.63943481445312,-83.06533813476562,-83.00749206542969,-82.04185485839844,-82.58427429199219,-83.637939453125,-84.64752960205078,-85.58064270019531,-86.45288848876953,-86.74444580078125,-86.59236145019531,-86.58484649658203,-86.21772766113281,-86.50127410888672,-86.31575775146484,-86.46643829345703,-87.0649642944336,-87.04714965820312,-86.56614685058594,-86.50435638427734,-86.66378784179688,-86.59706115722656,-86.91758728027344,-86.85782623291016,-85.82759857177734,-85.74284362792969,-85.59916687011719,-84.79878234863281,-83.58777618408203,-82.80593872070312,-83.42229461669922,-81.46328735351562,-81.17264556884766,-80.50007629394531,-81.53618621826172,0.0
-72.67349243164062,-71.63418579101562,-74.99018859863281,-77.40943145751953,-78.24800872802734,-80.22396850585938,-82.16181945800781,-83.11683654785156,-84.36207580566406,-85.49853515625,-85.95521545410156,-85.9384765625,-85.70848846435547,-85.89290618896484,-83.63943481445312,-83.06533813476562,-83.00749206542969,-82.04185485839844,-82.58427429199219,-83.637939453125,-84.64752960205078,-85.58064270019531,-86.45288848876953,-86.74444580078125,-86.59236145019531,-86.58484649658203,-86.21772766113281,-86.50127410888672,-86.31575775146484,-86.46643829345703,-87.0649642944336,-87.04714965820312,-86.56614685058594,-86.50435638427734,-86.66378784179688,-86.59706115722656,-86.91758728027344,-86.85782623291016,-85.82759857177734,-85.74284362792969,-85.59916687011719,-84.79878234863281,-83.58777618408203,-82.80593872070312,-83.42229461669922,-81.46328735351562,-81.17264556884766,-80.50007629394531,-81.53618621826172,-82.51976013183594,0.0
-71.63418579101562,-74.99018859863281,-77.40943145751953,-78.24800872802734,-80.22396850585938,-82.16181945800781,-83.11683654785156,-84.36207580566406,-85.49853515625,-85.95521545410156,-85.9384765625,-85.70848846435547,-85.89290618896484,-83.63943481445312,-83.06533813476562,-83.00749206542969,-82.04185485839844,-82.58427429199219,-83.637939453125,-84.64752960205078,-85.58064270019531,-86.45288848876953,-86.74444580078125,-86.59236145019531,-86.58484649658203,-86.21772766113281,-86.50127410888672,-86.31575775146484,-86.46643829345703,-87.0649642944336,-87.04714965820312,-86.56614685058594,-86.50435638427734,-86.66378784179688,-86.59706115722656,-86.91758728027344,-86.85782623291016,-85.82759857177734,-85.74284362792969,-85.59916687011719,-84.79878234863281,-83.58777618408203,-82.80593872070312,-83.42229461669922,-81.46328735351562,-81.17264556884766,-80.50007629394531,-81.53618621826172,-82.51976013183594,-82.78179931640625,1.0
-74.99018859863281,-77.40943145751953,-78.24800872802734,-80.22396850585938,-82.16181945800781,-83.11683654785156,-84.36207580566406,-85.49853515625,-85.95521545410156,-85.9384765625,-85.70848846435547,-85.89290618896484,-83.63943481445312,-83.06533813476562,-83.00749206542969,-82.04185485839844,-82.58427429199219,-83.637939453125,-84.64752960205078,-85.58064270019531,-86.45288848876953,-86.74444580078125,-86.59236145019531,-86.58484649658203,-86.21772766113281,-86.50127410888672,-86.31575775146484,-86.46643829345703,-87.0649642944336,-87.04714965820312,-86.56614685058594,-86.50435638427734,-86.66378784179688,-86.59706115722656,-86.91758728027344,-86.85782623291016,-85.82759857177734,-85.74284362792969,-85.59916687011719,-84.79878234863281,-83.58777618408203,-82.80593872070312,-83.42229461669922,-81.46328735351562,-81.17264556884766,-80.50007629394531,-81.53618621826172,-82.51976013183594,-82.78179931640625,-81.17185974121094,1.0
-77.40943145751953,-78.24800872802734,-80.22396850585938,-82.16181945800781,-83.11683654785156,-84.36207580566406,-85.49853515625,-85.95521545410156,-85.9384765625,-85.70848846435547,-85.89290618896484,-83.63943481445312,-83.06533813476562,-83.00749206542969,-82.04185485839844,-82.58427429199219,-83.637939453125,-84.64752960205078,-85.58064270019531,-86.45288848876953,-86.74444580078125,-86.59236145019531,-86.58484649658203,-86.21772766113281,-86.50127410888672,-86.31575775146484,-86.46643829345703,-87.0649642944336,-87.04714965820312,-86.56614685058594,-86.50435638427734,-86.66378784179688,-86.59706115722656,-86.91758728027344,-86.85782623291016,-85.82759857177734,-85.74284362792969,-85.59916687011719,-84.79878234863281,-83.58777618408203,-82.80593872070312,-83.42229461669922,-81.46328735351562,-81.17264556884766,-80.50007629394531,-81.53618621826172,-82.51976013183594,-82.78179931640625,-81.17185974121094,-79.88909912109375,0.0
-78.24800872802734,-80.22396850585938,-82.16181945800781,-83.11683654785156,-84.36207580566406,-85.49853515625,-85.95521545410156,-85.9384765625,-85.70848846435547,-85.89290618896484,-83.63943481445312,-83.06533813476562,-83.00749206542969,-82.04185485839844,-82.58427429199219,-83.637939453125,-84.64752960205078,-85.58064270019531,-86.45288848876953,-86.74444580078125,-86.59236145019531,-86.58484649658203,-86.21772766113281,-86.50127410888672,-86.31575775146484,-86.46643829345703,-87.0649642944336,-87.04714965820312,-86.56614685058594,-86.50435638427734,-86.66378784179688,-86.59706115722656,-86.91758728027344,-86.85782623291016,-85.82759857177734,-85.74284362792969,-85.59916687011719,-84.79878234863281,-83.58777618408203,-82.80593872070312,-83.42229461669922,-81.46328735351562,-81.17264556884766,-80.50007629394531,-81.53618621826172,-82.51976013183594,-82.78179931640625,-81.17185974121094,-79.88909912109375,-81.35639190673828,0.0
-80.22396850585938,-82.16181945800781,-83.11683654785156,-84.36207580566406,-85.49853515625,-85.95521545410156,-85.9384765625,-85.70848846435547,-85.89290618896484,-83.63943481445312,-83.06533813476562,-83.00749206542969,-82.04185485839844,-82.58427429199219,-83.637939453125,-84.64752960205078,-85.58064270019531,-86.45288848876953,-86.74444580078125,-86.59236145019531,-86.58484649658203,-86.21772766113281,-86.50127410888672,-86.31575775146484,-86.46643829345703,-87.0649642944336,-87.04714965820312,-86.56614685058594,-86.50435638427734,-86.66378784179688,-86.59706115722656,-86.91758728027344,-86.85782623291016,-85.82759857177734,-85.74284362792969,-85.59916687011719,-84.79878234863281,-83.58777618408203,-82.80593872070312,-83.42229461669922,-81.46328735351562,-81.17264556884766,-80.50007629394531,-81.53618621826172,-82.51976013183594,-82.78179931640625,-81.17185974121094,-79.88909912109375,-81.35639190673828,-82.3691635131836,0.0
-82.16181945800781,-83.11683654785156,-84.36207580566406,-85.49853515625,-85.95521545410156,-85.9384765625,-85.70848846435547,-85.89290618896484,-83.63943481445312,-83.06533813476562,-83.00749206542969,-82.04185485839844,-82.58427429199219,-83.637939453125,-84.64752960205078,-85.58064270019531,-86.45288848876953,-86.74444580078125,-86.59236145019531,-86.58484649658203,-86.21772766113281,-86.50127410888672,-86.31575775146484,-86.46643829345703,-87.0649642944336,-87.04714965820312,-86.56614685058594,-86.50435638427734,-86.66378784179688,-86.59706115722656,-86.91758728027344,-86.85782623291016,-85.82759857177734,-85.74284362792969,-85.59916687011719,-84.79878234863281,-83.58777618408203,-82.80593872070312,-83.42229461669922,-81.46328735351562,-81.17264556884766,-80.50007629394531,-81.53618621826172,-82.51976013183594,-82.78179931640625,-81.17185974121094,-79.88909912109375,-81.35639190673828,-82.3691635131836,-79.71720123291016,0.0
-83.11683654785156,-84.36207580566406,-85.49853515625,-85.95521545410156,-85.9384765625,-85.70848846435547,-85.89290618896484,-83.63943481445312,-83.06533813476562,-83.00749206542969,-82.04185485839844,-82.58427429199219,-83.637939453125,-84.64752960205078,-85.58064270019531,-86.45288848876953,-86.74444580078125,-86.59236145019531,-86.58484649658203,-86.21772766113281,-86.50127410888672,-86.31575775146484,-86.46643829345703,-87.0649642944336,-87.04714965820312,-86.56614685058594,-86.50435638427734,-86.66378784179688,-86.59706115722656,-86.91758728027344,-86.85782623291016,-85.82759857177734,-85.74284362792969,-85.59916687011719,-84.79878234863281,-83.58777618408203,-82.80593872070312,-83.42229461669922,-81.46328735351562,-81.17264556884766,-80.50007629394531,-81.53618621826172,-82.51976013183594,-82.78179931640625,-81.17185974121094,-79.88909912109375,-81.35639190673828,-82.3691635131836,-79.71720123291016,-80.78722381591797,0.0
-84.36207580566406,-85.49853515625,-85.95521545410156,-85.9384765625,-85.70848846435547,-85.89290618896484,-83.63943481445312,-83.06533813476562,-83.00749206542969,-82.04185485839844,-82.58427429199219,-83.637939453125,-84.64752960205078,-85.58064270019531,-86.45288848876953,-86.74444580078125,-86.59236145019531,-86.58484649658203,-86.21772766113281,-86.50127410888672,-86.31575775146484,-86.46643829345703,-87.0649642944336,-87.04714965820312,-86.56614685058594,-86.50435638427734,-86.66378784179688,-86.59706115722656,-86.91758728027344,-86.85782623291016,-85.82759857177734,-85.74284362792969,-85.59916687011719,-84.79878234863281,-83.58777618408203,-82.80593872070312,-83.42229461669922,-81.46328735351562,-81.17264556884766,-80.50007629394531,-81.53618621826172,-82.51976013183594,-82.78179931640625,-81.17185974121094,-79.88909912109375,-81.35639190673828,-82.3691635131836,-79.71720123291016,-80.78722381591797,-81.49299621582031,0.0
-85.49853515625,-85.95521545410156,-85.9384765625,-85.70848846435547,-85.89290618896484,-83.63943481445312,-83.06533813476562,-83.00749206542969,-82.04185485839844,-82.58427429199219,-83.637939453125,-84.64752960205078,-85.58064270019531,-86.45288848876953,-86.74444580078125,-86.59236145019531,-86.58484649658203,-86.21772766113281,-86.50127410888672,-86.31575775146484,-86.46643829345703,-87.0649642944336,-87.04714965820312,-86.56614685058594,-86.50435638427734,-86.66378784179688,-86.59706115722656,-86.91758728027344,-86.85782623291016,-85.82759857177734,-85.74284362792969,-85.59916687011719,-84.79878234863281,-83.58777618408203,-82.80593872070312,-83.42229461669922,-81.46328735351562,-81.17264556884766,-80.50007629394531,-81.53618621826172,-82.51976013183594,-82.78179931640625,-81.17185974121094,-79.88909912109375,-81.35639190673828,-82.3691635131836,-79.71720123291016,-80.78722381591797,-81.49299621582031,-80.81182098388672,0.0
-85.95521545410156,-85.9384765625,-85.70848846435547,-85.89290618896484,-83.63943481445312,-83.06533813476562,-83.00749206542969,-82.04185485839844,-82.58427429199219,-83.637939453125,-84.64752960205078,-85.58064270019531,-86.45288848876953,-86.74444580078125,-86.59236145019531,-86.58484649658203,-86.21772766113281,-86.50127410888672,-86.31575775146484,-86.46643829345703,-87.0649642944336,-87.04714965820312,-86.56614685058594,-86.50435638427734,-86.66378784179688,-86.59706115722656,-86.91758728027344,-86.85782623291016,-85.82759857177734,-85.74284362792969,-85.59916687011719,-84.79878234863281,-83.58777618408203,-82.80593872070312,-83.42229461669922,-81.46328735351562,-81.17264556884766,-80.50007629394531,-81.53618621826172,-82.51976013183594,-82.78179931640625,-81.17185974121094,-79.88909912109375,-81.35639190673828,-82.3691635131836,-79.71720123291016,-80.78722381591797,-81.49299621582031,-80.81182098388672,-78.79136657714844,0.0
-85.9384765625,-85.70848846435547,-85.89290618896484,-83.63943481445312,-83.06533813476562,-83.00749206542969,-82.04185485839844,-82.58427429199219,-83.637939453125,-84.64752960205078,-85.58064270019531,-86.45288848876953,-86.74444580078125,-86.59236145019531,-86.58484649658203,-86.21772766113281,-86.50127410888672,-86.31575775146484,-86.46643829345703,-87.0649642944336,-87.04714965820312,-86.56614685058594,-86.50435638427734,-86.66378784179688,-86.59706115722656,-86.91758728027344,-86.85782623291016,-85.82759857177734,-85.74284362792969,-85.59916687011719,-84.79878234863281,-83.58777618408203,-82.80593872070312,-83.42229461669922,-81.46328735351562,-81.17264556884766,-80.50007629394531,-81.53618621826172,-82.51976013183594,-82.78179931640625,-81.17185974121094,-79.88909912109375,-81.35639190673828,-82.3691635131836,-79.71720123291016,-80.78722381591797,-81.49299621582031,-80.81182098388672,-78.79136657714844,-77.38189697265625,0.0
-85.70848846435547,-85.89290618896484,-83.63943481445312,-83.06533813476562,-83.00749206542969,-82.04185485839844,-82.58427429199219,-83.637939453125,-84.64752960205078,-85.58064270019531,-86.45288848876953,-86.74444580078125,-86.59236145019531,-86.58484649658203,-86.21772766113281,-86.50127410888672,-86.31575775146484,-86.46643829345703,-87.0649642944336,-87.04714965820312,-86.56614685058594,-86.50435638427734,-86.66378784179688,-86.59706115722656,-86.91758728027344,-86.85782623291016,-85.82759857177734,-85.74284362792969,-85.59916687011719,-84.79878234863281,-83.58777618408203,-82.80593872070312,-83.42229461669922,-81.46328735351562,-81.17264556884766,-80.50007629394531,-81.53618621826172,-82.51976013183594,-82.78179931640625,-81.17185974121094,-79.88909912109375,-81.35639190673828,-82.3691635131836,-79.71720123291016,-80.78722381591797,-81.49299621582031,-80.81182098388672,-78.79136657714844,-77.38189697265625,-75.7442398071289,0.0
-85.89290618896484,-83.63943481445312,-83.06533813476562,-83.00749206542969,-82.04185485839844,-82.58427429199219,-83.637939453125,-84.64752960205078,-85.58064270019531,-86.45288848876953,-86.74444580078125,-86.59236145019531,-86.58484649658203,-86.21772766113281,-86.50127410888672,-86.31575775146484,-86.46643829345703,-87.0649642944336,-87.04714965820312,-86.56614685058594,-86.50435638427734,-86.66378784179688,-86.59706115722656,-86.91758728027344,-86.85782623291016,-85.82759857177734,-85.74284362792969,-85.59916687011719,-84.79878234863281,-83.58777618408203,-82.80593872070312,-83.42229461669922,-81.46328735351562,-81.17264556884766,-80.50007629394531,-81.53618621826172,-82.51976013183594,-82.78179931640625,-81.17185974121094,-79.88909912109375,-81.35639190673828,-82.3691635131836,-79.71720123291016,-80.78722381591797,-81.49299621582031,-80.81182098388672,-78.79136657714844,-77.38189697265625,-75.7442398071289,-77.76507568359375,1.0
-83.63943481445312,-83.06533813476562,-83.00749206542969,-82.04185485839844,-82.58427429199219,-83.637939453125,-84.64752960205078,-85.58064270019531,-86.45288848876953,-86.74444580078125,-86.59236145019531,-86.58484649658203,-86.21772766113281,-86.50127410888672,-86.31575775146484,-86.46643829345703,-87.0649642944336,-87.04714965820312,-86.56614685058594,-86.50435638427734,-86.66378784179688,-86.59706115722656,-86.91758728027344,-86.85782623291016,-85.82759857177734,-85.74284362792969,-85.59916687011719,-84.79878234863281,-83.58777618408203,-82.80593872070312,-83.42229461669922,-81.46328735351562,-81.17264556884766,-80.50007629394531,-81.53618621826172,-82.51976013183594,-82.78179931640625,-81.17185974121094,-79.88909912109375,-81.35639190673828,-82.3691635131836,-79.71720123291016,-80.78722381591797,-81.49299621582031,-80.81182098388672,-78.79136657714844,-77.38189697265625,-75.7442398071289,-77.76507568359375,-76.28585815429688,0.0
-83.06533813476562,-83.00749206542969,-82.04185485839844,-82.58427429199219,-83.637939453125,-84.64752960205078,-85.58064270019531,-86.45288848876953,-86.74444580078125,-86.59236145019531,-86.58484649658203,-86.21772766113281,-86.50127410888672,-86.31575775146484,-86.46643829345703,-87.0649642944336,-87.04714965820312,-86.56614685058594,-86.50435638427734,-86.66378784179688,-86.59706115722656,-86.91758728027344,-86.85782623291016,-85.82759857177734,-85.74284362792969,-85.59916687011719,-84.79878234863281,-83.58777618408203,-82.80593872070312,-83.42229461669922,-81.46328735351562,-81.17264556884766,-80.50007629394531,-81.53618621826172,-82.51976013183594,-82.78179931640625,-81.17185974121094,-79.88909912109375,-81.35639190673828,-82.3691635131836,-79.71720123291016,-80.78722381591797,-81.49299621582031,-80.81182098388672,-78.79136657714844,-77.38189697265625,-75.7442398071289,-77.76507568359375,-76.28585815429688,-74.94251251220703,0.0
-83.00749206542969,-82.04185485839844,-82.58427429199219,-83.637939453125,-84.64752960205078,-85.58064270019531,-86.45288848876953,-86.74444580078125,-86.59236145019531,-86.58484649658203,-86.21772766113281,-86.50127410888672,-86.31575775146484,-86.46643829345703,-87.0649642944336,-87.04714965820312,-86.56614685058594,-86.50435638427734,-86.66378784179688,-86.59706115722656,-86.91758728027344,-86.85782623291016,-85.82759857177734,-85.74284362792969,-85.59916687011719,-84.79878234863281,-83.58777618408203,-82.80593872070312,-83.42229461669922,-81.46328735351562,-81.17264556884766,-80.50007629394531,-81.53618621826172,-82.51976013183594,-82.78179931640625,-81.17185974121094,-79.88909912109375,-81.35639190673828,-82.3691635131836,-79.71720123291016,-80.78722381591797,-81.49299621582031,-80.81182098388672,-78.79136657714844,-77.38189697265625,-75.7442398071289,-77.76507568359375,-76.28585815429688,-74.94251251220703,-75.99124908447266,1.0
-82.04185485839844,-82.58427429199219,-83.637939453125,-84.64752960205078,-85.58064270019531,-86.45288848876953,-86.74444580078125,-86.59236145019531,-86.58484649658203,-86.21772766113281,-86.50127410888672,-86.31575775146484,-86.46643829345703,-87.0649642944336,-87.04714965820312,-86.56614685058594,-86.50435638427734,-86.66378784179688,-86.59706115722656,-86.91758728027344,-86.85782623291016,-85.82759857177734,-85.74284362792969,-85.59916687011719,-84.79878234863281,-83.58777618408203,-82.80593872070312,-83.42229461669922,-81.46328735351562,-81.17264556884766,-80.50007629394531,-81.53618621826172,-82.51976013183594,-82.78179931640625,-81.17185974121094,-79.88909912109375,-81.35639190673828,-82.3691635131836,-79.71720123291016,-80.78722381591797,-81.49299621582031,-80.81182098388672,-78.79136657714844,-77.38189697265625,-75.7442398071289,-77.76507568359375,-76.28585815429688,-74.94251251220703,-75.99124908447266,-78.01547241210938,0.0
-82.58427429199219,-83.637939453125,-84.64752960205078,-85.58064270019531,-86.45288848876953,-86.74444580078125,-86.59236145019531,-86.58484649658203,-86.21772766113281,-86.50127410888672,-86.31575775146484,-86.46643829345703,-87.0649642944336,-87.04714965820312,-86.56614685058594,-86.50435638427734,-86.66378784179688,-86.59706115722656,-86.91758728027344,-86.85782623291016,-85.82759857177734,-85.74284362792969,-85.59916687011719,-84.79878234863281,-83.58777618408203,-82.80593872070312,-83.42229461669922,-81.46328735351562,-81.17264556884766,-80.50007629394531,-81.53618621826172,-82.51976013183594,-82.78179931640625,-81.17185974121094,-79.88909912109375,-81.35639190673828,-82.3691635131836,-79.71720123291016,-80.78722381591797,-81.49299621582031,-80.81182098388672,-78.79136657714844,-77.38189697265625,-75.7442398071289,-77.76507568359375,-76.28585815429688,-74.94251251220703,-75.99124908447266,-78.01547241210938,-78.80012512207031,0.0
-83.637939453125,-84.64752960205078,-85.58064270019531,-86.45288848876953,-86.74444580078125,-86.59236145019531,-86.58484649658203,-86.21772766113281,-86.50127410888672,-86.31575775146484,-86.46643829345703,-87.0649642944336,-87.04714965820312,-86.56614685058594,-86.50435638427734,-86.66378784179688,-86.59706115722656,-86.91758728027344,-86.85782623291016,-85.82759857177734,-85.74284362792969,-85.59916687011719,-84.79878234863281,-83.58777618408203,-82.80593872070312,-83.42229461669922,-81.46328735351562,-81.17264556884766,-80.50007629394531,-81.53618621826172,-82.51976013183594,-82.78179931640625,-81.17185974121094,-79.88909912109375,-81.35639190673828,-82.3691635131836,-79.71720123291016,-80.78722381591797,-81.49299621582031,-80.81182098388672,-78.79136657714844,-77.38189697265625,-75.7442398071289,-77.76507568359375,-76.28585815429688,-74.94251251220703,-75.99124908447266,-78.01547241210938,-78.80012512207031,-77.02033233642578,0.0
-84.64752960205078,-85.58064270019531,-86.45288848876953,-86.74444580078125,-86.59236145019531,-86.58484649658203,-86.21772766113281,-86.50127410888672,-86.31575775146484,-86.46643829345703,-87.0649642944336,-87.04714965820312,-86.56614685058594,-86.50435638427734,-86.66378784179688,-86.59706115722656,-86.91758728027344,-86.85782623291016,-85.82759857177734,-85.74284362792969,-85.59916687011719,-84.79878234863281,-83.58777618408203,-82.80593872070312,-83.42229461669922,-81.46328735351562,-81.17264556884766,-80.50007629394531,-81.53618621826172,-82.51976013183594,-82.78179931640625,-81.17185974121094,-79.88909912109375,-81.35639190673828,-82.3691635131836,-79.71720123291016,-80.78722381591797,-81.49299621582031,-80.81182098388672,-78.79136657714844,-77.38189697265625,-75.7442398071289,-77.76507568359375,-76.28585815429688,-74.94251251220703,-75.99124908447266,-78.01547241210938,-78.80012512207031,-77.02033233642578,-78.79706573486328,0.0
-85.58064270019531,-86.45288848876953,-86.74444580078125,-86.59236145019531,-86.58484649658203,-86.21772766113281,-86.50127410888672,-86.31575775146484,-86.46643829345703,-87.0649642944336,-87.04714965820312,-86.56614685058594,-86.50435638427734,-86.66378784179688,-86.59706115722656,-86.91758728027344,-86.85782623291016,-85.82759857177734,-85.74284362792969,-85.59916687011719,-84.79878234863281,-83.58777618408203,-82.80593872070312,-83.42229461669922,-81.46328735351562,-81.17264556884766,-80.50007629394531,-81.53618621826172,-82.51976013183594,-82.78179931640625,-81.17185974121094,-79.88909912109375,-81.35639190673828,-82.3691635131836,-79.71720123291016,-80.78722381591797,-81.49299621582031,-80.81182098388672,-78.79136657714844,-77.38189697265625,-75.7442398071289,-77.76507568359375,-76.28585815429688,-74.94251251220703,-75.99124908447266,-78.01547241210938,-78.80012512207031,-77.02033233642578,-78.79706573486328,-80.47464752197266,0.0
-86.45288848876953,-86.74444580078125,-86.59236145019531,-86.58484649658203,-86.21772766113281,-86.50127410888672,-86.31575775146484,-86.46643829345703,-87.0649642944336,-87.04714965820312,-86.56614685058594,-86.50435638427734,-86.66378784179688,-86.59706115722656,-86.91758728027344,-86.85782623291016,-85.82759857177734,-85.74284362792969,-85.59916687011719,-84.79878234863281,-83.58777618408203,-82.80593872070312,-83.42229461669922,-81.46328735351562,-81.17264556884766,-80.50007629394531,-81.53618621826172,-82.51976013183594,-82.78179931640625,-81.17185974121094,-79.88909912109375,-81.35639190673828,-82.3691635131836,-79.71720123291016,-80.78722381591797,-81.49299621582031,-80.81182098388672,-78.79136657714844,-77.38189697265625,-75.7442398071289,-77.76507568359375,-76.28585815429688,-74.94251251220703,-75.99124908447266,-78.01547241210938,-78.80012512207031,-77.02033233642578,-78.79706573486328,-80.47464752197266,-78.65574645996094,0.0
-86.74444580078125,-86.59236145019531,-86.58484649658203,-86.21772766113281,-86.50127410888672,-86.31575775146484,-86.46643829345703,-87.0649642944336,-87.04714965820312,-86.56614685058594,-86.50435638427734,-86.66378784179688,-86.59706115722656,-86.91758728027344,-86.85782623291016,-85.82759857177734,-85.74284362792969,-85.59916687011719,-84.79878234863281,-83.58777618408203,-82.80593872070312,-83.42229461669922,-81.46328735351562,-81.17264556884766,-80.50007629394531,-81.53618621826172,-82.51976013183594,-82.78179931640625,-81.17185974121094,-79.88909912109375,-81.35639190673828,-82.3691635131836,-79.71720123291016,-80.78722381591797,-81.49299621582031,-80.81182098388672,-78.79136657714844,-77.38189697265625,-75.7442398071289,-77.76507568359375,-76.28585815429688,-74.94251251220703,-75.99124908447266,-78.01547241210938,-78.80012512207031,-77.02033233642578,-78.79706573486328,-80.47464752197266,-78.65574645996094,-78.61184692382812,0.0
-86.59236145019531,-86.58484649658203,-86.21772766113281,-86.50127410888672,-86.31575775146484,-86.46643829345703,-87.0649642944336,-87.04714965820312,-86.56614685058594,-86.50435638427734,-86.66378784179688,-86.59706115722656,-86.91758728027344,-86.85782623291016,-85.82759857177734,-85.74284362792969,-85.59916687011719,-84.79878234863281,-83.58777618408203,-82.80593872070312,-83.42229461669922,-81.46328735351562,-81.17264556884766,-80.50007629394531,-81.53618621826172,-82.51976013183594,-82.78179931640625,-81.17185974121094,-79.88909912109375,-81.35639190673828,-82.3691635131836,-79.71720123291016,-80.78722381591797,-81.49299621582031,-80.81182098388672,-78.79136657714844,-77.38189697265625,-75.7442398071289,-77.76507568359375,-76.28585815429688,-74.94251251220703,-75.99124908447266,-78.01547241210938,-78.80012512207031,-77.02033233642578,-78.79706573486328,-80.47464752197266,-78.65574645996094,-78.61184692382812,-78.02898406982422,0.0
-86.58484649658203,-86.21772766113281,-86.50127410888672,-86.31575775146484,-86.46643829345703,-87.0649642944336,-87.04714965820312,-86.56614685058594,-86.50435638427734,-86.66378784179688,-86.59706115722656,-86.91758728027344,-86.85782623291016,-85.82759857177734,-85.74284362792969,-85.59916687011719,-84.79878234863281,-83.58777618408203,-82.80593872070312,-83.42229461669922,-81.46328735351562,-81.17264556884766,-80.50007629394531,-81.53618621826172,-82.51976013183594,-82.78179931640625,-81.17185974121094,-79.88909912109375,-81.35639190673828,-82.3691635131836,-79.71720123291016,-80.78722381591797,-81.49299621582031,-80.81182098388672,-78.79136657714844,-77.38189697265625,-75.7442398071289,-77.76507568359375,-76.28585815429688,-74.94251251220703,-75.99124908447266,-78.01547241210938,-78.80012512207031,-77.02033233642578,-78.79706573486328,-80.47464752197266,-78.65574645996094,-78.61184692382812,-78.02898406982422,-79.11013793945312,0.0
-86.21772766113281,-86.50127410888672,-86.31575775146484,-86.46643829345703,-87.0649642944336,-87.04714965820312,-86.56614685058594,-86.50435638427734,-86.66378784179688,-86.59706115722656,-86.91758728027344,-86.85782623291016,-85.82759857177734,-85.74284362792969,-85.59916687011719,-84.79878234863281,-83.58777618408203,-82.80593872070312,-83.42229461669922,-81.46328735351562,-81.17264556884766,-80.50007629394531,-81.53618621826172,-82.51976013183594,-82.78179931640625,-81.17185974121094,-79.88909912109375,-81.35639190673828,-82.3691635131836,-79.71720123291016,-80.78722381591797,-81.49299621582031,-80.81182098388672,-78.79136657714844,-77.38189697265625,-75.7442398071289,-77.76507568359375,-76.28585815429688,-74.94251251220703,-75.99124908447266,-78.01547241210938,-78.80012512207031,-77.02033233642578,-78.79706573486328,-80.47464752197266,-78.65574645996094,-78.61184692382812,-78.02898406982422,-79.11013793945312,-78.8568115234375,0.0
-86.50127410888672,-86.31575775146484,-86.46643829345703,-87.0649642944336,-87.04714965820312,-86.56614685058594,-86.50435638427734,-86.66378784179688,-86.59706115722656,-86.91758728027344,-86.85782623291016,-85.82759857177734,-85.74284362792969,-85.59916687011719,-84.79878234863281,-83.58777618408203,-82.80593872070312,-83.42229461669922,-81.46328735351562,-81.17264556884766,-80.50007629394531,-81.53618621826172,-82.51976013183594,-82.78179931640625,-81.17185974121094,-79.88909912109375,-81.35639190673828,-82.3691635131836,-79.71720123291016,-80.78722381591797,-81.49299621582031,-80.81182098388672,-78.79136657714844,-77.38189697265625,-75.7442398071289,-77.76507568359375,-76.28585815429688,-74.94251251220703,-75.99124908447266,-78.01547241210938,-78.80012512207031,-77.02033233642578,-78.79706573486328,-80.47464752197266,-78.65574645996094,-78.61184692382812,-78.02898406982422,-79.11013793945312,-78.8568115234375,-78.9791259765625,0.0
-86.31575775146484,-86.46643829345703,-87.0649642944336,-87.04714965820312,-86.56614685058594,-86.50435638427734,-86.66378784179688,-86.59706115722656,-86.91758728027344,-86.85782623291016,-85.82759857177734,-85.74284362792969,-85.59916687011719,-84.79878234863281,-83.58777618408203,-82.80593872070312,-83.42229461669922,-81.46328735351562,-81.17264556884766,-80.50007629394531,-81.53618621826172,-82.51976013183594,-82.78179931640625,-81.17185974121094,-79.88909912109375,-81.35639190673828,-82.3691635131836,-79.71720123291016,-80.78722381591797,-81.49299621582031,-80.81182098388672,-78.79136657714844,-77.38189697265625,-75.7442398071289,-77.76507568359375,-76.28585815429688,-74.94251251220703,-75.99124908447266,-78.01547241210938,-78.80012512207031,-77.02033233642578,-78.79706573486328,-80.47464752197266,-78.65574645996094,-78.61184692382812,-78.02898406982422,-79.11013793945312,-78.8568115234375,-78.9791259765625,-79.8624038696289,0.0
-86.46643829345703,-87.0649642944336,-87.04714965820312,-86.56614685058594,-86.50435638427734,-86.66378784179688,-86.59706115722656,-86.91758728027344,-86.85782623291016,-85.82759857177734,-85.74284362792969,-85.59916687011719,-84.79878234863281,-83.58777618408203,-82.80593872070312,-83.42229461669922,-81.46328735351562,-81.17264556884766,-80.50007629394531,-81.53618621826172,-82.51976013183594,-82.78179931640625,-81.17185974121094,-79.88909912109375,-81.35639190673828,-82.3691635131836,-79.71720123291016,-80.78722381591797,-81.49299621582031,-80.81182098388672,-78.79136657714844,-77.38189697265625,-75.7442398071289,-77.76507568359375,-76.28585815429688,-74.94251251220703,-75.99124908447266,-78.01547241210938,-78.80012512207031,-77.02033233642578,-78.79706573486328,-80.47464752197266,-78.65574645996094,-78.61184692382812,-78.02898406982422,-79.11013793945312,-78.8568115234375,-78.9791259765625,-79.8624038696289,-77.83222961425781,0.0
-87.0649642944336,-87.04714965820312,-86.56614685058594,-86.50435638427734,-86.66378784179688,-86.59706115722656,-86.91758728027344,-86.85782623291016,-85.82759857177734,-85.74284362792969,-85.59916687011719,-84.79878234863281,-83.58777618408203,-82.80593872070312,-83.42229461669922,-81.46328735351562,-81.17264556884766,-80.50007629394531,-81.53618621826172,-82.51976013183594,-82.78179931640625,-81.17185974121094,-79.88909912109375,-81.35639190673828,-82.3691635131836,-79.71720123291016,-80.78722381591797,-81.49299621582031,-80.81182098388672,-78.79136657714844,-77.38189697265625,-75.7442398071289,-77.76507568359375,-76.28585815429688,-74.94251251220703,-75.99124908447266,-78.01547241210938,-78.80012512207031,-77.02033233642578,-78.79706573486328,-80.47464752197266,-78.65574645996094,-78.61184692382812,-78.02898406982422,-79.11013793945312,-78.8568115234375,-78.9791259765625,-79.8624038696289,-77.83222961425781,-78.87019348144531,0.0
-87.04714965820312,-86.56614685058594,-86.50435638427734,-86.66378784179688,-86.59706115722656,-86.91758728027344,-86.85782623291016,-85.82759857177734,-85.74284362792969,-85.59916687011719,-84.79878234863281,-83.58777618408203,-82.80593872070312,-83.42229461669922,-81.46328735351562,-81.17264556884766,-80.50007629394531,-81.53618621826172,-82.51976013183594,-82.78179931640625,-81.17185974121094,-79.88909912109375,-81.35639190673828,-82.3691635131836,-79.71720123291016,-80.78722381591797,-81.49299621582031,-80.81182098388672,-78.79136657714844,-77.38189697265625,-75.7442398071289,-77.76507568359375,-76.28585815429688,-74.94251251220703,-75.99124908447266,-78.01547241210938,-78.80012512207031,-77.02033233642578,-78.79706573486328,-80.47464752197266,-78.65574645996094,-78.61184692382812,-78.02898406982422,-79.11013793945312,-78.8568115234375,-78.9791259765625,-79.8624038696289,-77.83222961425781,-78.87019348144531,-79.25765228271484,0.0
-86.56614685058594,-86.50435638427734,-86.66378784179688,-86.59706115722656,-86.91758728027344,-86.85782623291016,-85.82759857177734,-85.74284362792969,-85.59916687011719,-84.79878234863281,-83.58777618408203,-82.80593872070312,-83.42229461669922,-81.46328735351562,-81.17264556884766,-80.50007629394531,-81.53618621826172,-82.51976013183594,-82.78179931640625,-81.17185974121094,-79.88909912109375,-81.35639190673828,-82.3691635131836,-79.71720123291016,-80.78722381591797,-81.49299621582031,-80.81182098388672,-78.79136657714844,-77.38189697265625,-75.7442398071289,-77.76507568359375,-76.28585815429688,-74.94251251220703,-75.99124908447266,-78.01547241210938,-78.80012512207031,-77.02033233642578,-78.79706573486328,-80.47464752197266,-78.65574645996094,-78.61184692382812,-78.02898406982422,-79.11013793945312,-78.8568115234375,-78.9791259765625,-79.8624038696289,-77.83222961425781,-78.87019348144531,-79.25765228271484,-78.74137878417969,1.0
-86.50435638427734,-86.66378784179688,-86.59706115722656,-86.91758728027344,-86.85782623291016,-85.82759857177734,-85.74284362792969,-85.59916687011719,-84.79878234863281,-83.58777618408203,-82.80593872070312,-83.42229461669922,-81.46328735351562,-81.17264556884766,-80.50007629394531,-81.53618621826172,-82.51976013183594,-82.78179931640625,-81.17185974121094,-79.88909912109375,-81.35639190673828,-82.3691635131836,-79.71720123291016,-80.78722381591797,-81.49299621582031,-80.81182098388672,-78.79136657714844,-77.38189697265625,-75.7442398071289,-77.76507568359375,-76.28585815429688,-74.94251251220703,-75.99124908447266,-78.01547241210938,-78.80012512207031,-77.02033233642578,-78.79706573486328,-80.47464752197266,-78.65574645996094,-78.61184692382812,-78.02898406982422,-79.11013793945312,-78.8568115234375,-78.9791259765625,-79.8624038696289,-77.83222961425781,-78.87019348144531,-79.25765228271484,-78.74137878417969,-76.46151733398438,0.0
-86.66378784179688,-86.59706115722656,-86.91758728027344,-86.85782623291016,-85.82759857177734,-85.74284362792969,-85.59916687011719,-84.79878234863281,-83.58777618408203,-82.80593872070312,-83.42229461669922,-81.46328735351562,-81.17264556884766,-80.50007629394531,-81.53618621826172,-82.51976013183594,-82.78179931640625,-81.17185974121094,-79.88909912109375,-81.35639190673828,-82.3691635131836,-79.71720123291016,-80.78722381591797,-81.49299621582031,-80.81182098388672,-78.79136657714844,-77.38189697265625,-75.7442398071289,-77.76507568359375,-76.28585815429688,-74.94251251220703,-75.99124908447266,-78.01547241210938,-78.80012512207031,-77.02033233642578,-78.79706573486328,-80.47464752197266,-78.65574645996094,-78.61184692382812,-78.02898406982422,-79.11013793945312,-78.8568115234375,-78.9791259765625,-79.8624038696289,-77.83222961425781,-78.87019348144531,-79.25765228271484,-78.74137878417969,-76.46151733398438,-75.7903060913086,1.0
-86.59706115722656,-86.91758728027344,-86.85782623291016,-85.82759857177734,-85.74284362792969,-85.59916687011719,-84.79878234863281,-83.58777618408203,-82.80593872070312,-83.42229461669922,-81.46328735351562,-81.17264556884766,-80.50007629394531,-81.53618621826172,-82.51976013183594,-82.78179931640625,-81.17185974121094,-79.88909912109375,-81.35639190673828,-82.3691635131836,-79.71720123291016,-80.78722381591797,-81.49299621582031,-80.81182098388672,-78.79136657714844,-77.38189697265625,-75.7442398071289,-77.76507568359375,-76.28585815429688,-74.94251251220703,-75.99124908447266,-78.01547241210938,-78.80012512207031,-77.02033233642578,-78.79706573486328,-80.47464752197266,-78.65574645996094,-78.61184692382812,-78.02898406982422,-79.11013793945312,-78.8568115234375,-78.9791259765625,-79.8624038696289,-77.83222961425781,-78.87019348144531,-79.25765228271484,-78.74137878417969,-76.46151733398438,-75.7903060913086,-70.77130126953125,0.0
-86.91758728027344,-86.85782623291016,-85.82759857177734,-85.74284362792969,-85.59916687011719,-84.79878234863281,-83.58777618408203,-82.80593872070312,-83.42229461669922,-81.46328735351562,-81.17264556884766,-80.50007629394531,-81.53618621826172,-82.51976013183594,-82.78179931640625,-81.17185974121094,-79.88909912109375,-81.35639190673828,-82.3691635131836,-79.71720123291016,-80.78722381591797,-81.49299621582031,-80.81182098388672,-78.79136657714844,-77.38189697265625,-75.7442398071289,-77.76507568359375,-76.28585815429688,-74.94251251220703,-75.99124908447266,-78.01547241210938,-78.80012512207031,-77.02033233642578,-78.79706573486328,-80.47464752197266,-78.65574645996094,-78.61184692382812,-78.02898406982422,-79.11013793945312,-78.8568115234375,-78.9791259765625,-79.8624038696289,-77.83222961425781,-78.87019348144531,-79.25765228271484,-78.74137878417969,-76.46151733398438,-75.7903060913086,-70.77130126953125,-68.86344146728516,1.0
-86.85782623291016,-85.82759857177734,-85.74284362792969,-85.59916687011719,-84.79878234863281,-83.58777618408203,-82.80593872070312,-83.42229461669922,-81.46328735351562,-81.17264556884766,-80.50007629394531,-81.53618621826172,-82.51976013183594,-82.78179931640625,-81.17185974121094,-79.88909912109375,-81.35639190673828,-82.3691635131836,-79.71720123291016,-80.78722381591797,-81.49299621582031,-80.81182098388672,-78.79136657714844,-77.38189697265625,-75.7442398071289,-77.76507568359375,-76.28585815429688,-74.94251251220703,-75.99124908447266,-78.01547241210938,-78.80012512207031,-77.02033233642578,-78.79706573486328,-80.47464752197266,-78.65574645996094,-78.61184692382812,-78.02898406982422,-79.11013793945312,-78.8568115234375,-78.9791259765625,-79.8624038696289,-77.83222961425781,-78.87019348144531,-79.25765228271484,-78.74137878417969,-76.46151733398438,-75.7903060913086,-70.77130126953125,-68.86344146728516,-66.07247161865234,1.0
-85.82759857177734,-85.74284362792969,-85.59916687011719,-84.79878234863281,-83.58777618408203,-82.80593872070312,-83.42229461669922,-81.46328735351562,-81.17264556884766,-80.50007629394531,-81.53618621826172,-82.51976013183594,-82.78179931640625,-81.17185974121094,-79.88909912109375,-81.35639190673828,-82.3691635131836,-79.71720123291016,-80.78722381591797,-81.49299621582031,-80.81182098388672,-78.79136657714844,-77.38189697265625,-75.7442398071289,-77.76507568359375,-76.28585815429688,-74.94251251220703,-75.99124908447266,-78.01547241210938,-78.80012512207031,-77.02033233642578,-78.79706573486328,-80.47464752197266,-78.65574645996094,-78.61184692382812,-78.02898406982422,-79.11013793945312,-78.8568115234375,-78.9791259765625,-79.8624038696289,-77.83222961425781,-78.87019348144531,-79.25765228271484,-78.74137878417969,-76.46151733398438,-75.7903060913086,-70.77130126953125,-68.86344146728516,-66.07247161865234,-64.67559814453125,0.0
-85.74284362792969,-85.59916687011719,-84.79878234863281,-83.58777618408203,-82.80593872070312,-83.42229461669922,-81.46328735351562,-81.17264556884766,-80.50007629394531,-81.53618621826172,-82.51976013183594,-82.78179931640625,-81.17185974121094,-79.88909912109375,-81.35639190673828,-82.3691635131836,-79.71720123291016,-80.78722381591797,-81.49299621582031,-80.81182098388672,-78.79136657714844,-77.38189697265625,-75.7442398071289,-77.76507568359375,-76.28585815429688,-74.94251251220703,-75.99124908447266,-78.01547241210938,-78.80012512207031,-77.02033233642578,-78.79706573486328,-80.47464752197266,-78.65574645996094,-78.61184692382812,-78.02898406982422,-79.11013793945312,-78.8568115234375,-78.9791259765625,-79.8624038696289,-77.83222961425781,-78.87019348144531,-79.25765228271484,-78.74137878417969,-76.46151733398438,-75.7903060913086,-70.77130126953125,-68.86344146728516,-66.07247161865234,-64.67559814453125,-66.13882446289062,0.0
-85.59916687011719,-84.79878234863281,-83.58777618408203,-82.80593872070312,-83.42229461669922,-81.46328735351562,-81.17264556884766,-80.50007629394531,-81.53618621826172,-82.51976013183594,-82.78179931640625,-81.17185974121094,-79.88909912109375,-81.35639190673828,-82.3691635131836,-79.71720123291016,-80.78722381591797,-81.49299621582031,-80.81182098388672,-78.79136657714844,-77.38189697265625,-75.7442398071289,-77.76507568359375,-76.28585815429688,-74.94251251220703,-75.99124908447266,-78.01547241210938,-78.80012512207031,-77.02033233642578,-78.79706573486328,-80.47464752197266,-78.65574645996094,-78.61184692382812,-78.02898406982422,-79.11013793945312,-78.8568115234375,-78.9791259765625,-79.8624038696289,-77.83222961425781,-78.87019348144531,-79.25765228271484,-78.74137878417969,-76.46151733398438,-75.7903060913086,-70.77130126953125,-68.86344146728516,-66.07247161865234,-64.67559814453125,-66.13882446289062,-67.51008605957031,0.0
-84.79878234863281,-83.58777618408203,-82.80593872070312,-83.42229461669922,-81.46328735351562,-81.17264556884766,-80.50007629394531,-81.53618621826172,-82.51976013183594,-82.78179931640625,-81.17185974121094,-79.88909912109375,-81.35639190673828,-82.3691635131836,-79.71720123291016,-80.78722381591797,-81.49299621582031,-80.81182098388672,-78.79136657714844,-77.38189697265625,-75.7442398071289,-77.76507568359375,-76.28585815429688,-74.94251251220703,-75.99124908447266,-78.01547241210938,-78.80012512207031,-77.02033233642578,-78.79706573486328,-80.47464752197266,-78.65574645996094,-78.61184692382812,-78.02898406982422,-79.11013793945312,-78.8568115234375,-78.9791259765625,-79.8624038696289,-77.83222961425781,-78.87019348144531,-79.25765228271484,-78.74137878417969,-76.46151733398438,-75.7903060913086,-70.77130126953125,-68.86344146728516,-66.07247161865234,-64.67559814453125,-66.13882446289062,-67.51008605957031,-70.26525115966797,0.0
-83.58777618408203,-82.80593872070312,-83.42229461669922,-81.46328735351562,-81.17264556884766,-80.50007629394531,-81.53618621826172,-82.51976013183594,-82.78179931640625,-81.17185974121094,-79.88909912109375,-81.35639190673828,-82.3691635131836,-79.71720123291016,-80.78722381591797,-81.49299621582031,-80.81182098388672,-78.79136657714844,-77.38189697265625,-75.7442398071289,-77.76507568359375,-76.28585815429688,-74.94251251220703,-75.99124908447266,-78.01547241210938,-78.80012512207031,-77.02033233642578,-78.79706573486328,-80.47464752197266,-78.65574645996094,-78.61184692382812,-78.02898406982422,-79.11013793945312,-78.8568115234375,-78.9791259765625,-79.8624038696289,-77.83222961425781,-78.87019348144531,-79.25765228271484,-78.74137878417969,-76.46151733398438,-75.7903060913086,-70.77130126953125,-68.86344146728516,-66.07247161865234,-64.67559814453125,-66.13882446289062,-67.51008605957031,-70.26525115966797,-72.5251235961914,1.0
-82.80593872070312,-83.42229461669922,-81.46328735351562,-81.17264556884766,-80.50007629394531,-81.53618621826172,-82.51976013183594,-82.78179931640625,-81.17185974121094,-79.88909912109375,-81.35639190673828,-82.3691635131836,-79.71720123291016,-80.78722381591797,-81.49299621582031,-80.81182098388672,-78.79136657714844,-77.38189697265625,-75.7442398071289,-77.76507568359375,-76.28585815429688,-74.94251251220703,-75.99124908447266,-78.01547241210938,-78.80012512207031,-77.02033233642578,-78.79706573486328,-80.47464752197266,-78.65574645996094,-78.61184692382812,-78.02898406982422,-79.11013793945312,-78.8568115234375,-78.9791259765625,-79.8624038696289,-77.83222961425781,-78.87019348144531,-79.25765228271484,-78.74137878417969,-76.46151733398438,-75.7903060913086,-70.77130126953125,-68.86344146728516,-66.07247161865234,-64.67559814453125,-66.13882446289062,-67.51008605957031,-70.26525115966797,-72.5251235961914,-73.70942687988281,1.0
-83.42229461669922,-81.46328735351562,-81.17264556884766,-80.50007629394531,-81.53618621826172,-82.51976013183594,-82.78179931640625,-81.17185974121094,-79.88909912109375,-81.35639190673828,-82.3691635131836,-79.71720123291016,-80.78722381591797,-81.49299621582031,-80.81182098388672,-78.79136657714844,-77.38189697265625,-75.7442398071289,-77.76507568359375,-76.28585815429688,-74.94251251220703,-75.99124908447266,-78.01547241210938,-78.80012512207031,-77.02033233642578,-78.79706573486328,-80.47464752197266,-78.65574645996094,-78.61184692382812,-78.02898406982422,-79.11013793945312,-78.8568115234375,-78.9791259765625,-79.8624038696289,-77.83222961425781,-78.87019348144531,-79.25765228271484,-78.74137878417969,-76.46151733398438,-75.7903060913086,-70.77130126953125,-68.86344146728516,-66.07247161865234,-64.67559814453125,-66.13882446289062,-67.51008605957031,-70.26525115966797,-72.5251235961914,-73.70942687988281,-75.76212310791016,1.0
-81.46328735351562,-81.17264556884766,-80.50007629394531,-81.53618621826172,-82.51976013183594,-82.78179931640625,-81.17185974121094,-79.88909912109375,-81.35639190673828,-82.3691635131836,-79.71720123291016,-80.78722381591797,-81.49299621582031,-80.81182098388672,-78.79136657714844,-77.38189697265625,-75.7442398071289,-77.76507568359375,-76.28585815429688,-74.94251251220703,-75.99124908447266,-78.01547241210938,-78.80012512207031,-77.02033233642578,-78.79706573486328,-80.47464752197266,-78.65574645996094,-78.61184692382812,-78.02898406982422,-79.11013793945312,-78.8568115234375,-78.9791259765625,-79.8624038696289,-77.83222961425781,-78.87019348144531,-79.25765228271484,-78.74137878417969,-76.46151733398438,-75.7903060913086,-70.77130126953125,-68.86344146728516,-66.07247161865234,-64.67559814453125,-66.13882446289062,-67.51008605957031,-70.26525115966797,-72.5251235961914,-73.70942687988281,-75.76212310791016,-76.6214828491211,0.0
-81.17264556884766,-80.50007629394531,-81.53618621826172,-82.51976013183594,-82.78179931640625,-81.17185974121094,-79.88909912109375,-81.35639190673828,-82.3691635131836,-79.71720123291016,-80.78722381591797,-81.49299621582031,-80.81182098388672,-78.79136657714844,-77.38189697265625,-75.7442398071289,-77.76507568359375,-76.28585815429688,-74.94251251220703,-75.99124908447266,-78.01547241210938,-78.80012512207031,-77.02033233642578,-78.79706573486328,-80.47464752197266,-78.65574645996094,-78.61184692382812,-78.02898406982422,-79.11013793945312,-78.8568115234375,-78.9791259765625,-79.8624038696289,-77.83222961425781,-78.87019348144531,-79.25765228271484,-78.74137878417969,-76.46151733398438,-75.7903060913086,-70.77130126953125,-68.86344146728516,-66.07247161865234,-64.67559814453125,-66.13882446289062,-67.51008605957031,-70.26525115966797,-72.5251235961914,-73.70942687988281,-75.76212310791016,-76.6214828491211,-76.1599349975586,1.0
-80.50007629394531,-81.53618621826172,-82.51976013183594,-82.78179931640625,-81.17185974121094,-79.88909912109375,-81.35639190673828,-82.3691635131836,-79.71720123291016,-80.78722381591797,-81.49299621582031,-80.81182098388672,-78.79136657714844,-77.38189697265625,-75.7442398071289,-77.76507568359375,-76.28585815429688,-74.94251251220703,-75.99124908447266,-78.01547241210938,-78.80012512207031,-77.02033233642578,-78.79706573486328,-80.47464752197266,-78.65574645996094,-78.61184692382812,-78.02898406982422,-79.11013793945312,-78.8568115234375,-78.9791259765625,-79.8624038696289,-77.83222961425781,-78.87019348144531,-79.25765228271484,-78.74137878417969,-76.46151733398438,-75.7903060913086,-70.77130126953125,-68.86344146728516,-66.07247161865234,-64.67559814453125,-66.13882446289062,-67.51008605957031,-70.26525115966797,-72.5251235961914,-73.70942687988281,-75.76212310791016,-76.6214828491211,-76.1599349975586,-78.34008026123047,0.0
-81.53618621826172,-82.51976013183594,-82.78179931640625,-81.17185974121094,-79.88909912109375,-81.35639190673828,-82.3691635131836,-79.71720123291016,-80.78722381591797,-81.49299621582031,-80.81182098388672,-78.79136657714844,-77.38189697265625,-75.7442398071289,-77.76507568359375,-76.28585815429688,-74.94251251220703,-75.99124908447266,-78.01547241210938,-78.80012512207031,-77.02033233642578,-78.79706573486328,-80.47464752197266,-78.65574645996094,-78.61184692382812,-78.02898406982422,-79.11013793945312,-78.8568115234375,-78.9791259765625,-79.8624038696289,-77.83222961425781,-78.87019348144531,-79.25765228271484,-78.74137878417969,-76.46151733398438,-75.7903060913086,-70.77130126953125,-68.86344146728516,-66.07247161865234,-64.67559814453125,-66.13882446289062,-67.51008605957031,-70.26525115966797,-72.5251235961914,-73.70942687988281,-75.76212310791016,-76.6214828491211,-76.1599349975586,-78.34008026123047,-79.23577117919922,0.0
-82.51976013183594,-82.78179931640625,-81.17185974121094,-79.88909912109375,-81.35639190673828,-82.3691635131836,-79.71720123291016,-80.78722381591797,-81.49299621582031,-80.81182098388672,-78.79136657714844,-77.38189697265625,-75.7442398071289,-77.76507568359375,-76.28585815429688,-74.94251251220703,-75.99124908447266,-78.01547241210938,-78.80012512207031,-77.02033233642578,-78.79706573486328,-80.47464752197266,-78.65574645996094,-78.61184692382812,-78.02898406982422,-79.11013793945312,-78.8568115234375,-78.9791259765625,-79.8624038696289,-77.83222961425781,-78.87019348144531,-79.25765228271484,-78.74137878417969,-76.46151733398438,-75.7903060913086,-70.77130126953125,-68.86344146728516,-66.07247161865234,-64.67559814453125,-66.13882446289062,-67.51008605957031,-70.26525115966797,-72.5251235961914,-73.70942687988281,-75.76212310791016,-76.6214828491211,-76.1599349975586,-78.34008026123047,-79.23577117919922,-77.78947448730469,0.0
-82.78179931640625,-81.17185974121094,-79.88909912109375,-81.35639190673828,-82.3691635131836,-79.71720123291016,-80.78722381591797,-81.49299621582031,-80.81182098388672,-78.79136657714844,-77.38189697265625,-75.7442398071289,-77.76507568359375,-76.28585815429688,-74.94251251220703,-75.99124908447266,-78.01547241210938,-78.80012512207031,-77.02033233642578,-78.79706573486328,-80.47464752197266,-78.65574645996094,-78.61184692382812,-78.02898406982422,-79.11013793945312,-78.8568115234375,-78.9791259765625,-79.8624038696289,-77.83222961425781,-78.87019348144531,-79.25765228271484,-78.74137878417969,-76.46151733398438,-75.7903060913086,-70.77130126953125,-68.86344146728516,-66.07247161865234,-64.67559814453125,-66.13882446289062,-67.51008605957031,-70.26525115966797,-72.5251235961914,-73.70942687988281,-75.76212310791016,-76.6214828491211,-76.1599349975586,-78.34008026123047,-79.23577117919922,-77.78947448730469,-77.88965606689453,0.0
-81.17185974121094,-79.88909912109375,-81.35639190673828,-82.3691635131836,-79.71720123291016,-80.78722381591797,-81.49299621582031,-80.81182098388672,-78.79136657714844,-77.38189697265625,-75.7442398071289,-77.76507568359375,-76.28585815429688,-74.94251251220703,-75.99124908447266,-78.01547241210938,-78.80012512207031,-77.02033233642578,-78.79706573486328,-80.47464752197266,-78.65574645996094,-78.61184692382812,-78.02898406982422,-79.11013793945312,-78.8568115234375,-78.9791259765625,-79.8624038696289,-77.83222961425781,-78.87019348144531,-79.25765228271484,-78.74137878417969,-76.46151733398438,-75.7903060913086,-70.77130126953125,-68.86344146728516,-66.07247161865234,-64.67559814453125,-66.13882446289062,-67.51008605957031,-70.26525115966797,-72.5251235961914,-73.70942687988281,-75.76212310791016,-76.6214828491211,-76.1599349975586,-78.34008026123047,-79.23577117919922,-77.78947448730469,-77.88965606689453,-78.23233032226562,0.0
-79.88909912109375,-81.35639190673828,-82.3691635131836,-79.71720123291016,-80.78722381591797,-81.49299621582031,-80.81182098388672,-78.79136657714844,-77.38189697265625,-75.7442398071289,-77.76507568359375,-76.28585815429688,-74.94251251220703,-75.99124908447266,-78.01547241210938,-78.80012512207031,-77.02033233642578,-78.79706573486328,-80.47464752197266,-78.65574645996094,-78.61184692382812,-78.02898406982422,-79.11013793945312,-78.8568115234375,-78.9791259765625,-79.8624038696289,-77.83222961425781,-78.87019348144531,-79.25765228271484,-78.74137878417969,-76.46151733398438,-75.7903060913086,-70.77130126953125,-68.86344146728516,-66.07247161865234,-64.67559814453125,-66.13882446289062,-67.51008605957031,-70.26525115966797,-72.5251235961914,-73.70942687988281,-75.76212310791016,-76.6214828491211,-76.1599349975586,-78.34008026123047,-79.23577117919922,-77.78947448730469,-77.88965606689453,-78.23233032226562,-77.7960205078125,0.0
-81.35639190673828,-82.3691635131836,-79.71720123291016,-80.78722381591797,-81.49299621582031,-80.81182098388672,-78.79136657714844,-77.38189697265625,-75.7442398071289,-77.76507568359375,-76.28585815429688,-74.94251251220703,-75.99124908447266,-78.01547241210938,-78.80012512207031,-77.02033233642578,-78.79706573486328,-80.47464752197266,-78.65574645996094,-78.61184692382812,-78.02898406982422,-79.11013793945312,-78.8568115234375,-78.9791259765625,-79.8624038696289,-77.83222961425781,-78.87019348144531,-79.25765228271484,-78.74137878417969,-76.46151733398438,-75.7903060913086,-70.77130126953125,-68.86344146728516,-66.07247161865234,-64.67559814453125,-66.13882446289062,-67.51008605957031,-70.26525115966797,-72.5251235961914,-73.70942687988281,-75.76212310791016,-76.6214828491211,-76.1599349975586,-78.34008026123047,-79.23577117919922,-77.78947448730469,-77.88965606689453,-78.23233032226562,-77.7960205078125,-77.70469665527344,0.0
-82.3691635131836,-79.71720123291016,-80.78722381591797,-81.49299621582031,-80.81182098388672,-78.79136657714844,-77.38189697265625,-75.7442398071289,-77.76507568359375,-76.28585815429688,-74.94251251220703,-75.99124908447266,-78.01547241210938,-78.80012512207031,-77.02033233642578,-78.79706573486328,-80.47464752197266,-78.65574645996094,-78.61184692382812,-78.02898406982422,-79.11013793945312,-78.8568115234375,-78.9791259765625,-79.8624038696289,-77.83222961425781,-78.87019348144531,-79.25765228271484,-78.74137878417969,-76.46151733398438,-75.7903060913086,-70.77130126953125,-68.86344146728516,-66.07247161865234,-64.67559814453125,-66.13882446289062,-67.51008605957031,-70.26525115966797,-72.5251235961914,-73.70942687988281,-75.76212310791016,-76.6214828491211,-76.1599349975586,-78.34008026123047,-79.23577117919922,-77.78947448730469,-77.88965606689453,-78.23233032226562,-77.7960205078125,-77.70469665527344,-76.24247741699219,0.0
-79.71720123291016,-80.78722381591797,-81.49299621582031,-80.81182098388672,-78.79136657714844,-77.38189697265625,-75.7442398071289,-77.76507568359375,-76.28585815429688,-74.94251251220703,-75.99124908447266,-78.01547241210938,-78.80012512207031,-77.02033233642578,-78.79706573486328,-80.47464752197266,-78.65574645996094,-78.61184692382812,-78.02898406982422,-79.11013793945312,-78.8568115234375,-78.9791259765625,-79.8624038696289,-77.83222961425781,-78.87019348144531,-79.25765228271484,-78.74137878417969,-76.46151733398438,-75.7903060913086,-70.77130126953125,-68.86344146728516,-66.07247161865234,-64.67559814453125,-66.13882446289062,-67.51008605957031,-70.26525115966797,-72.5251235961914,-73.70942687988281,-75.76212310791016,-76.6214828491211,-76.1599349975586,-78.34008026123047,-79.23577117919922,-77.78947448730469,-77.88965606689453,-78.23233032226562,-77.7960205078125,-77.70469665527344,-76.24247741699219,-77.7491226196289,0.0
-80.78722381591797,-81.49299621582031,-80.81182098388672,-78.79136657714844,-77.38189697265625,-75.7442398071289,-77.76507568359375,-76.28585815429688,-74.94251251220703,-75.99124908447266,-78.01547241210938,-78.80012512207031,-77.02033233642578,-78.79706573486328,-80.47464752197266,-78.65574645996094,-78.61184692382812,-78.02898406982422,-79.11013793945312,-78.8568115234375,-78.9791259765625,-79.8624038696289,-77.83222961425781,-78.87019348144531,-79.25765228271484,-78.74137878417969,-76.46151733398438,-75.7903060913086,-70.77130126953125,-68.86344146728516,-66.07247161865234,-64.67559814453125,-66.13882446289062,-67.51008605957031,-70.26525115966797,-72.5251235961914,-73.70942687988281,-75.76212310791016,-76.6214828491211,-76.1599349975586,-78.34008026123047,-79.23577117919922,-77.78947448730469,-77.88965606689453,-78.23233032226562,-77.7960205078125,-77.70469665527344,-76.24247741699219,-77.7491226196289,-79.57041931152344,0.0
-81.49299621582031,-80.81182098388672,-78.79136657714844,-77.38189697265625,-75.7442398071289,-77.76507568359375,-76.28585815429688,-74.94251251220703,-75.99124908447266,-78.01547241210938,-78.80012512207031,-77.02033233642578,-78.79706573486328,-80.47464752197266,-78.65574645996094,-78.61184692382812,-78.02898406982422,-79.11013793945312,-78.8568115234375,-78.9791259765625,-79.8624038696289,-77.83222961425781,-78.87019348144531,-79.25765228271484,-78.74137878417969,-76.46151733398438,-75.7903060913086,-70.77130126953125,-68.86344146728516,-66.07247161865234,-64.67559814453125,-66.13882446289062,-67.51008605957031,-70.26525115966797,-72.5251235961914,-73.70942687988281,-75.76212310791016,-76.6214828491211,-76.1599349975586,-78.34008026123047,-79.23577117919922,-77.78947448730469,-77.88965606689453,-78.23233032226562,-77.7960205078125,-77.70469665527344,-76.24247741699219,-77.7491226196289,-79.57041931152344,-80.76976013183594,0.0
-80.81182098388672,-78.79136657714844,-77.38189697265625,-75.7442398071289,-77.76507568359375,-76.28585815429688,-74.94251251220703,-75.99124908447266,-78.01547241210938,-78.80012512207031,-77.02033233642578,-78.79706573486328,-80.47464752197266,-78.65574645996094,-78.61184692382812,-78.02898406982422,-79.11013793945312,-78.8568115234375,-78.9791259765625,-79.8624038696289,-77.83222961425781,-78.87019348144531,-79.25765228271484,-78.74137878417969,-76.46151733398438,-75.7903060913086,-70.77130126953125,-68.86344146728516,-66.07247161865234,-64.67559814453125,-66.13882446289062,-67.51008605957031,-70.26525115966797,-72.5251235961914,-73.70942687988281,-75.76212310791016,-76.6214828491211,-76.1599349975586,-78.34008026123047,-79.23577117919922,-77.78947448730469,-77.88965606689453,-78.23233032226562,-77.7960205078125,-77.70469665527344,-76.24247741699219,-77.7491226196289,-79.57041931152344,-80.76976013183594,-81.77249908447266,0.0
-78.79136657714844,-77.38189697265625,-75.7442398071289,-77.76507568359375,-76.28585815429688,-74.94251251220703,-75.99124908447266,-78.01547241210938,-78.80012512207031,-77.02033233642578,-78.79706573486328,-80.47464752197266,-78.65574645996094,-78.61184692382812,-78.02898406982422,-79.11013793945312,-78.8568115234375,-78.9791259765625,-79.8624038696289,-77.83222961425781,-78.87019348144531,-79.25765228271484,-78.74137878417969,-76.46151733398438,-75.7903060913086,-70.77130126953125,-68.86344146728516,-66.07247161865234,-64.67559814453125,-66.13882446289062,-67.51008605957031,-70.26525115966797,-72.5251235961914,-73.70942687988281,-75.76212310791016,-76.6214828491211,-76.1599349975586,-78.34008026123047,-79.23577117919922,-77.78947448730469,-77.88965606689453,-78.23233032226562,-77.7960205078125,-77.70469665527344,-76.24247741699219,-77.7491226196289,-79.57041931152344,-80.76976013183594,-81.77249908447266,-82.26675415039062,0.0
-77.38189697265625,-75.7442398071289,-77.76507568359375,-76.28585815429688,-74.94251251220703,-75.99124908447266,-78.01547241210938,-78.80012512207031,-77.02033233642578,-78.79706573486328,-80.47464752197266,-78.65574645996094,-78.61184692382812,-78.02898406982422,-79.11013793945312,-78.8568115234375,-78.9791259765625,-79.8624038696289,-77.83222961425781,-78.87019348144531,-79.25765228271484,-78.74137878417969,-76.46151733398438,-75.7903060913086,-70.77130126953125,-68.86344146728516,-66.07247161865234,-64.67559814453125,-66.13882446289062,-67.51008605957031,-70.26525115966797,-72.5251235961914,-73.70942687988281,-75.76212310791016,-76.6214828491211,-76.1599349975586,-78.34008026123047,-79.23577117919922,-77.78947448730469,-77.88965606689453,-78.23233032226562,-77.7960205078125,-77.70469665527344,-76.24247741699219,-77.7491226196289,-79.57041931152344,-80.76976013183594,-81.77249908447266,-82.26675415039062,-82.69332122802734,1.0
-75.7442398071289,-77.76507568359375,-76.28585815429688,-74.94251251220703,-75.99124908447266,-78.01547241210938,-78.80012512207031,-77.02033233642578,-78.79706573486328,-80.47464752197266,-78.65574645996094,-78.61184692382812,-78.02898406982422,-79.11013793945312,-78.8568115234375,-78.9791259765625,-79.8624038696289,-77.83222961425781,-78.87019348144531,-79.25765228271484,-78.74137878417969,-76.46151733398438,-75.7903060913086,-70.77130126953125,-68.86344146728516,-66.07247161865234,-64.67559814453125,-66.13882446289062,-67.51008605957031,-70.26525115966797,-72.5251235961914,-73.70942687988281,-75.76212310791016,-76.6214828491211,-76.1599349975586,-78.34008026123047,-79.23577117919922,-77.78947448730469,-77.88965606689453,-78.23233032226562,-77.7960205078125,-77.70469665527344,-76.24247741699219,-77.7491226196289,-79.57041931152344,-80.76976013183594,-81.77249908447266,-82.26675415039062,-82.69332122802734,-83.88375854492188,0.0
-77.76507568359375,-76.28585815429688,-74.94251251220703,-75.99124908447266,-78.01547241210938,-78.80012512207031,-77.02033233642578,-78.79706573486328,-80.47464752197266,-78.65574645996094,-78.61184692382812,-78.02898406982422,-79.11013793945312,-78.8568115234375,-78.9791259765625,-79.8624038696289,-77.83222961425781,-78.87019348144531,-79.25765228271484,-78.74137878417969,-76.46151733398438,-75.7903060913086,-70.77130126953125,-68.86344146728516,-66.07247161865234,-64.67559814453125,-66.13882446289062,-67.51008605957031,-70.26525115966797,-72.5251235961914,-73.70942687988281,-75.76212310791016,-76.6214828491211,-76.1599349975586,-78.34008026123047,-79.23577117919922,-77.78947448730469,-77.88965606689453,-78.23233032226562,-77.7960205078125,-77.70469665527344,-76.24247741699219,-77.7491226196289,-79.57041931152344,-80.76976013183594,-81.77249908447266,-82.26675415039062,-82.69332122802734,-83.88375854492188,-84.51610565185547,0.0
-76.28585815429688,-74.94251251220703,-75.99124908447266,-78.01547241210938,-78.80012512207031,-77.02033233642578,-78.79706573486328,-80.47464752197266,-78.65574645996094,-78.61184692382812,-78.02898406982422,-79.11013793945312,-78.8568115234375,-78.9791259765625,-79.8624038696289,-77.83222961425781,-78.87019348144531,-79.25765228271484,-78.74137878417969,-76.46151733398438,-75.7903060913086,-70.77130126953125,-68.86344146728516,-66.07247161865234,-64.67559814453125,-66.13882446289062,-67.51008605957031,-70.26525115966797,-72.5251235961914,-73.70942687988281,-75.76212310791016,-76.6214828491211,-76.1599349975586,-78.34008026123047,-79.23577117919922,-77.78947448730469,-77.88965606689453,-78.23233032226562,-77.7960205078125,-77.70469665527344,-76.24247741699219,-77.7491226196289,-79.57041931152344,-80.76976013183594,-81.77249908447266,-82.26675415039062,-82.69332122802734,-83.88375854492188,-84.51610565185547,-84.99539184570312,0.0
-74.94251251220703,-75.99124908447266,-78.01547241210938,-78.80012512207031,-77.02033233642578,-78.79706573486328,-80.47464752197266,-78.65574645996094,-78.61184692382812,-78.02898406982422,-79.11013793945312,-78.8568115234375,-78.9791259765625,-79.8624038696289,-77.83222961425781,-78.87019348144531,-79.25765228271484,-78.74137878417969,-76.46151733398438,-75.7903060913086,-70.77130126953125,-68.86344146728516,-66.07247161865234,-64.67559814453125,-66.13882446289062,-67.51008605957031,-70.26525115966797,-72.5251235961914,-73.70942687988281,-75.76212310791016,-76.6214828491211,-76.1599349975586,-78.34008026123047,-79.23577117919922,-77.78947448730469,-77.88965606689453,-78.23233032226562,-77.7960205078125,-77.70469665527344,-76.24247741699219,-77.7491226196289,-79.57041931152344,-80.76976013183594,-81.77249908447266,-82.26675415039062,-82.69332122802734,-83.88375854492188,-84.51610565185547,-84.99539184570312,-84.22662353515625,0.0
-75.99124908447266,-78.01547241210938,-78.80012512207031,-77.02033233642578,-78.79706573486328,-80.47464752197266,-78.65574645996094,-78.61184692382812,-78.02898406982422,-79.11013793945312,-78.8568115234375,-78.9791259765625,-79.8624038696289,-77.83222961425781,-78.87019348144531,-79.25765228271484,-78.74137878417969,-76.46151733398438,-75.7903060913086,-70.77130126953125,-68.86344146728516,-66.07247161865234,-64.67559814453125,-66.13882446289062,-67.51008605957031,-70.26525115966797,-72.5251235961914,-73.70942687988281,-75.76212310791016,-76.6214828491211,-76.1599349975586,-78.34008026123047,-79.23577117919922,-77.78947448730469,-77.88965606689453,-78.23233032226562,-77.7960205078125,-77.70469665527344,-76.24247741699219,-77.7491226196289,-79.57041931152344,-80.76976013183594,-81.77249908447266,-82.26675415039062,-82.69332122802734,-83.88375854492188,-84.51610565185547,-84.99539184570312,-84.22662353515625,-83.77042388916016,1.0
-78.01547241210938,-78.80012512207031,-77.02033233642578,-78.79706573486328,-80.47464752197266,-78.65574645996094,-78.61184692382812,-78.02898406982422,-79.11013793945312,-78.8568115234375,-78.9791259765625,-79.8624038696289,-77.83222961425781,-78.87019348144531,-79.25765228271484,-78.74137878417969,-76.46151733398438,-75.7903060913086,-70.77130126953125,-68.86344146728516,-66.07247161865234,-64.67559814453125,-66.13882446289062,-67.51008605957031,-70.26525115966797,-72.5251235961914,-73.70942687988281,-75.76212310791016,-76.6214828491211,-76.1599349975586,-78.34008026123047,-79.23577117919922,-77.78947448730469,-77.88965606689453,-78.23233032226562,-77.7960205078125,-77.70469665527344,-76.24247741699219,-77.7491226196289,-79.57041931152344,-80.76976013183594,-81.77249908447266,-82.26675415039062,-82.69332122802734,-83.88375854492188,-84.51610565185547,-84.99539184570312,-84.22662353515625,-83.77042388916016,-83.09956359863281,1.0
-78.80012512207031,-77.02033233642578,-78.79706573486328,-80.47464752197266,-78.65574645996094,-78.61184692382812,-78.02898406982422,-79.11013793945312,-78.8568115234375,-78.9791259765625,-79.8624038696289,-77.83222961425781,-78.87019348144531,-79.25765228271484,-78.74137878417969,-76.46151733398438,-75.7903060913086,-70.77130126953125,-68.86344146728516,-66.07247161865234,-64.67559814453125,-66.13882446289062,-67.51008605957031,-70.26525115966797,-72.5251235961914,-73.70942687988281,-75.76212310791016,-76.6214828491211,-76.1599349975586,-78.34008026123047,-79.23577117919922,-77.78947448730469,-77.88965606689453,-78.23233032226562,-77.7960205078125,-77.70469665527344,-76.24247741699219,-77.7491226196289,-79.57041931152344,-80.76976013183594,-81.77249908447266,-82.26675415039062,-82.69332122802734,-83.88375854492188,-84.51610565185547,-84.99539184570312,-84.22662353515625,-83.77042388916016,-83.09956359863281,-83.86210632324219,0.0
-77.02033233642578,-78.79706573486328,-80.47464752197266,-78.65574645996094,-78.61184692382812,-78.02898406982422,-79.11013793945312,-78.8568115234375,-78.9791259765625,-79.8624038696289,-77.83222961425781,-78.87019348144531,-79.25765228271484,-78.74137878417969,-76.46151733398438,-75.7903060913086,-70.77130126953125,-68.86344146728516,-66.07247161865234,-64.67559814453125,-66.13882446289062,-67.51008605957031,-70.26525115966797,-72.5251235961914,-73.70942687988281,-75.76212310791016,-76.6214828491211,-76.1599349975586,-78.34008026123047,-79.23577117919922,-77.78947448730469,-77.88965606689453,-78.23233032226562,-77.7960205078125,-77.70469665527344,-76.24247741699219,-77.7491226196289,-79.57041931152344,-80.76976013183594,-81.77249908447266,-82.26675415039062,-82.69332122802734,-83.88375854492188,-84.51610565185547,-84.99539184570312,-84.22662353515625,-83.77042388916016,-83.09956359863281,-83.86210632324219,-83.8993148803711,0.0
-78.79706573486328,-80.47464752197266,-78.65574645996094,-78.61184692382812,-78.02898406982422,-79.11013793945312,-78.8568115234375,-78.9791259765625,-79.8624038696289,-77.83222961425781,-78.87019348144531,-79.25765228271484,-78.74137878417969,-76.46151733398438,-75.7903060913086,-70.77130126953125,-68.86344146728516,-66.07247161865234,-64.67559814453125,-66.13882446289062,-67.51008605957031,-70.26525115966797,-72.5251235961914,-73.70942687988281,-75.76212310791016,-76.6214828491211,-76.1599349975586,-78.34008026123047,-79.23577117919922,-77.78947448730469,-77.88965606689453,-78.23233032226562,-77.7960205078125,-77.70469665527344,-76.24247741699219,-77.7491226196289,-79.57041931152344,-80.76976013183594,-81.77249908447266,-82.26675415039062,-82.69332122802734,-83.88375854492188,-84.51610565185547,-84.99539184570312,-84.22662353515625,-83.77042388916016,-83.09956359863281,-83.86210632324219,-83.8993148803711,-83.63634490966797,1.0
-80.47464752197266,-78.65574645996094,-78.61184692382812,-78.02898406982422,-79.11013793945312,-78.8568115234375,-78.9791259765625,-79.8624038696289,-77.83222961425781,-78.87019348144531,-79.25765228271484,-78.74137878417969,-76.46151733398438,-75.7903060913086,-70.77130126953125,-68.86344146728516,-66.07247161865234,-64.67559814453125,-66.13882446289062,-67.51008605957031,-70.26525115966797,-72.5251235961914,-73.70942687988281,-75.76212310791016,-76.6214828491211,-76.1599349975586,-78.34008026123047,-79.23577117919922,-77.78947448730469,-77.88965606689453,-78.23233032226562,-77.7960205078125,-77.70469665527344,-76.24247741699219,-77.7491226196289,-79.57041931152344,-80.76976013183594,-81.77249908447266,-82.26675415039062,-82.69332122802734,-83.88375854492188,-84.51610565185547,-84.99539184570312,-84.22662353515625,-83.77042388916016,-83.09956359863281,-83.86210632324219,-83.8993148803711,-83.63634490966797,-84.00135803222656,0.0
-78.65574645996094,-78.61184692382812,-78.02898406982422,-79.11013793945312,-78.8568115234375,-78.9791259765625,-79.8624038696289,-77.83222961425781,-78.87019348144531,-79.25765228271484,-78.74137878417969,-76.46151733398438,-75.7903060913086,-70.77130126953125,-68.86344146728516,-66.07247161865234,-64.67559814453125,-66.13882446289062,-67.51008605957031,-70.26525115966797,-72.5251235961914,-73.70942687988281,-75.76212310791016,-76.6214828491211,-76.1599349975586,-78.34008026123047,-79.23577117919922,-77.78947448730469,-77.88965606689453,-78.23233032226562,-77.7960205078125,-77.70469665527344,-76.24247741699219,-77.7491226196289,-79.57041931152344,-80.76976013183594,-81.77249908447266,-82.26675415039062,-82.69332122802734,-83.88375854492188,-84.51610565185547,-84.99539184570312,-84.22662353515625,-83.77042388916016,-83.09956359863281,-83.86210632324219,-83.8993148803711,-83.63634490966797,-84.00135803222656,-83.84597778320312,0.0
-78.61184692382812,-78.02898406982422,-79.11013793945312,-78.8568115234375,-78.9791259765625,-79.8624038696289,-77.83222961425781,-78.87019348144531,-79.25765228271484,-78.74137878417969,-76.46151733398438,-75.7903060913086,-70.77130126953125,-68.86344146728516,-66.07247161865234,-64.67559814453125,-66.13882446289062,-67.51008605957031,-70.26525115966797,-72.5251235961914,-73.70942687988281,-75.76212310791016,-76.6214828491211,-76.1599349975586,-78.34008026123047,-79.23577117919922,-77.78947448730469,-77.88965606689453,-78.23233032226562,-77.7960205078125,-77.70469665527344,-76.24247741699219,-77.7491226196289,-79.57041931152344,-80.76976013183594,-81.77249908447266,-82.26675415039062,-82.69332122802734,-83.88375854492188,-84.51610565185547,-84.99539184570312,-84.22662353515625,-83.77042388916016,-83.09956359863281,-83.86210632324219,-83.8993148803711,-83.63634490966797,-84.00135803222656,-83.84597778320312,-84.044921875,0.0
-78.02898406982422,-79.11013793945312,-78.8568115234375,-78.9791259765625,-79.8624038696289,-77.83222961425781,-78.87019348144531,-79.25765228271484,-78.74137878417969,-76.46151733398438,-75.7903060913086,-70.77130126953125,-68.86344146728516,-66.07247161865234,-64.67559814453125,-66.13882446289062,-67.51008605957031,-70.26525115966797,-72.5251235961914,-73.70942687988281,-75.76212310791016,-76.6214828491211,-76.1599349975586,-78.34008026123047,-79.23577117919922,-77.78947448730469,-77.88965606689453,-78.23233032226562,-77.7960205078125,-77.70469665527344,-76.24247741699219,-77.7491226196289,-79.57041931152344,-80.76976013183594,-81.77249908447266,-82.26675415039062,-82.69332122802734,-83.88375854492188,-84.51610565185547,-84.99539184570312,-84.22662353515625,-83.77042388916016,-83.09956359863281,-83.86210632324219,-83.8993148803711,-83.63634490966797,-84.00135803222656,-83.84597778320312,-84.044921875,-84.1103286743164,0.0
-79.11013793945312,-78.8568115234375,-78.9791259765625,-79.8624038696289,-77.83222961425781,-78.87019348144531,-79.25765228271484,-78.74137878417969,-76.46151733398438,-75.7903060913086,-70.77130126953125,-68.86344146728516,-66.07247161865234,-64.67559814453125,-66.13882446289062,-67.51008605957031,-70.26525115966797,-72.5251235961914,-73.70942687988281,-75.76212310791016,-76.6214828491211,-76.1599349975586,-78.34008026123047,-79.23577117919922,-77.78947448730469,-77.88965606689453,-78.23233032226562,-77.7960205078125,-77.70469665527344,-76.24247741699219,-77.7491226196289,-79.57041931152344,-80.76976013183594,-81.77249908447266,-82.26675415039062,-82.69332122802734,-83.88375854492188,-84.51610565185547,-84.99539184570312,-84.22662353515625,-83.77042388916016,-83.09956359863281,-83.86210632324219,-83.8993148803711,-83.63634490966797,-84.00135803222656,-83.84597778320312,-84.044921875,-84.1103286743164,-83.05860137939453,0.0
-78.8568115234375,-78.9791259765625,-79.8624038696289,-77.83222961425781,-78.87019348144531,-79.25765228271484,-78.74137878417969,-76.46151733398438,-75.7903060913086,-70.77130126953125,-68.86344146728516,-66.07247161865234,-64.67559814453125,-66.13882446289062,-67.51008605957031,-70.26525115966797,-72.5251235961914,-73.70942687988281,-75.76212310791016,-76.6214828491211,-76.1599349975586,-78.34008026123047,-79.23577117919922,-77.78947448730469,-77.88965606689453,-78.23233032226562,-77.7960205078125,-77.70469665527344,-76.24247741699219,-77.7491226196289,-79.57041931152344,-80.76976013183594,-81.77249908447266,-82.26675415039062,-82.69332122802734,-83.88375854492188,-84.51610565185547,-84.99539184570312,-84.22662353515625,-83.77042388916016,-83.09956359863281,-83.86210632324219,-83.8993148803711,-83.63634490966797,-84.00135803222656,-83.84597778320312,-84.044921875,-84.1103286743164,-83.05860137939453,-82.6744613647461,0.0
-78.9791259765625,-79.8624038696289,-77.83222961425781,-78.87019348144531,-79.25765228271484,-78.74137878417969,-76.46151733398438,-75.7903060913086,-70.77130126953125,-68.86344146728516,-66.07247161865234,-64.67559814453125,-66.13882446289062,-67.51008605957031,-70.26525115966797,-72.5251235961914,-73.70942687988281,-75.76212310791016,-76.6214828491211,-76.1599349975586,-78.34008026123047,-79.23577117919922,-77.78947448730469,-77.88965606689453,-78.23233032226562,-77.7960205078125,-77.70469665527344,-76.24247741699219,-77.7491226196289,-79.57041931152344,-80.76976013183594,-81.77249908447266,-82.26675415039062,-82.69332122802734,-83.88375854492188,-84.51610565185547,-84.99539184570312,-84.22662353515625,-83.77042388916016,-83.09956359863281,-83.86210632324219,-83.8993148803711,-83.63634490966797,-84.00135803222656,-83.84597778320312,-84.044921875,-84.1103286743164,-83.05860137939453,-82.6744613647461,-83.21060943603516,0.0
-79.8624038696289,-77.83222961425781,-78.87019348144531,-79.25765228271484,-78.74137878417969,-76.46151733398438,-75.7903060913086,-70.77130126953125,-68.86344146728516,-66.07247161865234,-64.67559814453125,-66.13882446289062,-67.51008605957031,-70.26525115966797,-72.5251235961914,-73.70942687988281,-75.76212310791016,-76.6214828491211,-76.1599349975586,-78.34008026123047,-79.23577117919922,-77.78947448730469,-77.88965606689453,-78.23233032226562,-77.7960205078125,-77.70469665527344,-76.24247741699219,-77.7491226196289,-79.57041931152344,-80.76976013183594,-81.77249908447266,-82.26675415039062,-82.69332122802734,-83.88375854492188,-84.51610565185547,-84.99539184570312,-84.22662353515625,-83.77042388916016,-83.09956359863281,-83.86210632324219,-83.8993148803711,-83.63634490966797,-84.00135803222656,-83.84597778320312,-84.044921875,-84.1103286743164,-83.05860137939453,-82.6744613647461,-83.21060943603516,-83.60540771484375,1.0
-77.83222961425781,-78.87019348144531,-79.25765228271484,-78.74137878417969,-76.46151733398438,-75.7903060913086,-70.77130126953125,-68.86344146728516,-66.07247161865234,-64.67559814453125,-66.13882446289062,-67.51008605957031,-70.26525115966797,-72.5251235961914,-73.70942687988281,-75.76212310791016,-76.6214828491211,-76.1599349975586,-78.34008026123047,-79.23577117919922,-77.78947448730469,-77.88965606689453,-78.23233032226562,-77.7960205078125,-77.70469665527344,-76.24247741699219,-77.7491226196289,-79.57041931152344,-80.76976013183594,-81.77249908447266,-82.26675415039062,-82.69332122802734,-83.88375854492188,-84.51610565185547,-84.99539184570312,-84.22662353515625,-83.77042388916016,-83.09956359863281,-83.86210632324219,-83.8993148803711,-83.63634490966797,-84.00135803222656,-83.84597778320312,-84.044921875,-84.1103286743164,-83.05860137939453,-82.6744613647461,-83.21060943603516,-83.60540771484375,-83.75691223144531,0.0
-78.87019348144531,-79.25765228271484,-78.74137878417969,-76.46151733398438,-75.7903060913086,-70.77130126953125,-68.86344146728516,-66.07247161865234,-64.67559814453125,-66.13882446289062,-67.51008605957031,-70.26525115966797,-72.5251235961914,-73.70942687988281,-75.76212310791016,-76.6214828491211,-76.1599349975586,-78.34008026123047,-79.23577117919922,-77.78947448730469,-77.88965606689453,-78.23233032226562,-77.7960205078125,-77.70469665527344,-76.24247741699219,-77.7491226196289,-79.57041931152344,-80.76976013183594,-81.77249908447266,-82.26675415039062,-82.69332122802734,-83.88375854492188,-84.51610565185547,-84.99539184570312,-84.22662353515625,-83.77042388916016,-83.09956359863281,-83.86210632324219,-83.8993148803711,-83.63634490966797,-84.00135803222656,-83.84597778320312,-84.044921875,-84.1103286743164,-83.05860137939453,-82.6744613647461,-83.21060943603516,-83.60540771484375,-83.75691223144531,-84.48634338378906,1.0
-79.25765228271484,-78.74137878417969,-76.46151733398438,-75.7903060913086,-70.77130126953125,-68.86344146728516,-66.07247161865234,-64.67559814453125,-66.13882446289062,-67.51008605957031,-70.26525115966797,-72.5251235961914,-73.70942687988281,-75.76212310791016,-76.6214828491211,-76.1599349975586,-78.34008026123047,-79.23577117919922,-77.78947448730469,-77.88965606689453,-78.23233032226562,-77.7960205078125,-77.70469665527344,-76.24247741699219,-77.7491226196289,-79.57041931152344,-80.76976013183594,-81.77249908447266,-82.26675415039062,-82.69332122802734,-83.88375854492188,-84.51610565185547,-84.99539184570312,-84.22662353515625,-83.77042388916016,-83.09956359863281,-83.86210632324219,-83.8993148803711,-83.63634490966797,-84.00135803222656,-83.84597778320312,-84.044921875,-84.1103286743164,-83.05860137939453,-82.6744613647461,-83.21060943603516,-83.60540771484375,-83.75691223144531,-84.48634338378906,-85.4078140258789,0.0
-78.74137878417969,-76.46151733398438,-75.7903060913086,-70.77130126953125,-68.86344146728516,-66.07247161865234,-64.67559814453125,-66.13882446289062,-67.51008605957031,-70.26525115966797,-72.5251235961914,-73.70942687988281,-75.76212310791016,-76.6214828491211,-76.1599349975586,-78.34008026123047,-79.23577117919922,-77.78947448730469,-77.88965606689453,-78.23233032226562,-77.7960205078125,-77.70469665527344,-76.24247741699219,-77.7491226196289,-79.57041931152344,-80.76976013183594,-81.77249908447266,-82.26675415039062,-82.69332122802734,-83.88375854492188,-84.51610565185547,-84.99539184570312,-84.22662353515625,-83.77042388916016,-83.09956359863281,-83.86210632324219,-83.8993148803711,-83.63634490966797,-84.00135803222656,-83.84597778320312,-84.044921875,-84.1103286743164,-83.05860137939453,-82.6744613647461,-83.21060943603516,-83.60540771484375,-83.75691223144531,-84.48634338378906,-85.4078140258789,-85.45264434814453,1.0
-76.46151733398438,-75.7903060913086,-70.77130126953125,-68.86344146728516,-66.07247161865234,-64.67559814453125,-66.13882446289062,-67.51008605957031,-70.26525115966797,-72.5251235961914,-73.70942687988281,-75.76212310791016,-76.6214828491211,-76.1599349975586,-78.34008026123047,-79.23577117919922,-77.78947448730469,-77.88965606689453,-78.23233032226562,-77.7960205078125,-77.70469665527344,-76.24247741699219,-77.7491226196289,-79.57041931152344,-80.76976013183594,-81.77249908447266,-82.26675415039062,-82.69332122802734,-83.88375854492188,-84.51610565185547,-84.99539184570312,-84.22662353515625,-83.77042388916016,-83.09956359863281,-83.86210632324219,-83.8993148803711,-83.63634490966797,-84.00135803222656,-83.84597778320312,-84.044921875,-84.1103286743164,-83.05860137939453,-82.6744613647461,-83.21060943603516,-83.60540771484375,-83.75691223144531,-84.48634338378906,-85.4078140258789,-85.45264434814453,-85.14083099365234,1.0
-75.7903060913086,-70.77130126953125,-68.86344146728516,-66.07247161865234,-64.67559814453125,-66.13882446289062,-67.51008605957031,-70.26525115966797,-72.5251235961914,-73.70942687988281,-75.76212310791016,-76.6214828491211,-76.1599349975586,-78.34008026123047,-79.23577117919922,-77.78947448730469,-77.88965606689453,-78.23233032226562,-77.7960205078125,-77.70469665527344,-76.24247741699219,-77.7491226196289,-79.57041931152344,-80.76976013183594,-81.77249908447266,-82.26675415039062,-82.69332122802734,-83.88375854492188,-84.51610565185547,-84.99539184570312,-84.22662353515625,-83.77042388916016,-83.09956359863281,-83.86210632324219,-83.8993148803711,-83.63634490966797,-84.00135803222656,-83.84597778320312,-84.044921875,-84.1103286743164,-83.05860137939453,-82.6744613647461,-83.21060943603516,-83.60540771484375,-83.75691223144531,-84.48634338378906,-85.4078140258789,-85.45264434814453,-85.14083099365234,-84.2605209350586,0.0
-70.77130126953125,-68.86344146728516,-66.07247161865234,-64.67559814453125,-66.13882446289062,-67.51008605957031,-70.26525115966797,-72.5251235961914,-73.70942687988281,-75.76212310791016,-76.6214828491211,-76.1599349975586,-78.34008026123047,-79.23577117919922,-77.78947448730469,-77.88965606689453,-78.23233032226562,-77.7960205078125,-77.70469665527344,-76.24247741699219,-77.7491226196289,-79.57041931152344,-80.76976013183594,-81.77249908447266,-82.26675415039062,-82.69332122802734,-83.88375854492188,-84.51610565185547,-84.99539184570312,-84.22662353515625,-83.77042388916016,-83.09956359863281,-83.86210632324219,-83.8993148803711,-83.63634490966797,-84.00135803222656,-83.84597778320312,-84.044921875,-84.1103286743164,-83.05860137939453,-82.6744613647461,-83.21060943603516,-83.60540771484375,-83.75691223144531,-84.48634338378906,-85.4078140258789,-85.45264434814453,-85.14083099365234,-84.2605209350586,-84.12248229980469,0.0
-68.86344146728516,-66.07247161865234,-64.67559814453125,-66.13882446289062,-67.51008605957031,-70.26525115966797,-72.5251235961914,-73.70942687988281,-75.76212310791016,-76.6214828491211,-76.1599349975586,-78.34008026123047,-79.23577117919922,-77.78947448730469,-77.88965606689453,-78.23233032226562,-77.7960205078125,-77.70469665527344,-76.24247741699219,-77.7491226196289,-79.57041931152344,-80.76976013183594,-81.77249908447266,-82.26675415039062,-82.69332122802734,-83.88375854492188,-84.51610565185547,-84.99539184570312,-84.22662353515625,-83.77042388916016,-83.09956359863281,-83.86210632324219,-83.8993148803711,-83.63634490966797,-84.00135803222656,-83.84597778320312,-84.044921875,-84.1103286743164,-83.05860137939453,-82.6744613647461,-83.21060943603516,-83.60540771484375,-83.75691223144531,-84.48634338378906,-85.4078140258789,-85.45264434814453,-85.14083099365234,-84.2605209350586,-84.12248229980469,-83.84149169921875,0.0
-66.07247161865234,-64.67559814453125,-66.13882446289062,-67.51008605957031,-70.26525115966797,-72.5251235961914,-73.70942687988281,-75.76212310791016,-76.6214828491211,-76.1599349975586,-78.34008026123047,-79.23577117919922,-77.78947448730469,-77.88965606689453,-78.23233032226562,-77.7960205078125,-77.70469665527344,-76.24247741699219,-77.7491226196289,-79.57041931152344,-80.76976013183594,-81.77249908447266,-82.26675415039062,-82.69332122802734,-83.88375854492188,-84.51610565185547,-84.99539184570312,-84.22662353515625,-83.77042388916016,-83.09956359863281,-83.86210632324219,-83.8993148803711,-83.63634490966797,-84.00135803222656,-83.84597778320312,-84.044921875,-84.1103286743164,-83.05860137939453,-82.6744613647461,-83.21060943603516,-83.60540771484375,-83.75691223144531,-84.48634338378906,-85.4078140258789,-85.45264434814453,-85.14083099365234,-84.2605209350586,-84.12248229980469,-83.84149169921875,-83.87637329101562,0.0
-64.67559814453125,-66.13882446289062,-67.51008605957031,-70.26525115966797,-72.5251235961914,-73.70942687988281,-75.76212310791016,-76.6214828491211,-76.1599349975586,-78.34008026123047,-79.23577117919922,-77.78947448730469,-77.88965606689453,-78.23233032226562,-77.7960205078125,-77.70469665527344,-76.24247741699219,-77.7491226196289,-79.57041931152344,-80.76976013183594,-81.77249908447266,-82.26675415039062,-82.69332122802734,-83.88375854492188,-84.51610565185547,-84.99539184570312,-84.22662353515625,-83.77042388916016,-83.09956359863281,-83.86210632324219,-83.8993148803711,-83.63634490966797,-84.00135803222656,-83.84597778320312,-84.044921875,-84.1103286743164,-83.05860137939453,-82.6744613647461,-83.21060943603516,-83.60540771484375,-83.75691223144531,-84.48634338378906,-85.4078140258789,-85.45264434814453,-85.14083099365234,-84.2605209350586,-84.12248229980469,-83.84149169921875,-83.87637329101562,-84.55858612060547,1.0
-66.13882446289062,-67.51008605957031,-70.26525115966797,-72.5251235961914,-73.70942687988281,-75.76212310791016,-76.6214828491211,-76.1599349975586,-78.34008026123047,-79.23577117919922,-77.78947448730469,-77.88965606689453,-78.23233032226562,-77.7960205078125,-77.70469665527344,-76.24247741699219,-77.7491226196289,-79.57041931152344,-80.76976013183594,-81.77249908447266,-82.26675415039062,-82.69332122802734,-83.88375854492188,-84.51610565185547,-84.99539184570312,-84.22662353515625,-83.77042388916016,-83.09956359863281,-83.86210632324219,-83.8993148803711,-83.63634490966797,-84.00135803222656,-83.84597778320312,-84.044921875,-84.1103286743164,-83.05860137939453,-82.6744613647461,-83.21060943603516,-83.60540771484375,-83.75691223144531,-84.48634338378906,-85.4078140258789,-85.45264434814453,-85.14083099365234,-84.2605209350586,-84.12248229980469,-83.84149169921875,-83.87637329101562,-84.55858612060547,-85.14675903320312,0.0
-67.51008605957031,-70.26525115966797,-72.5251235961914,-73.70942687988281,-75.76212310791016,-76.6214828491211,-76.1599349975586,-78.34008026123047,-79.23577117919922,-77.78947448730469,-77.88965606689453,-78.23233032226562,-77.7960205078125,-77.70469665527344,-76.24247741699219,-77.7491226196289,-79.57041931152344,-80.76976013183594,-81.77249908447266,-82.26675415039062,-82.69332122802734,-83.88375854492188,-84.51610565185547,-84.99539184570312,-84.22662353515625,-83.77042388916016,-83.09956359863281,-83.86210632324219,-83.8993148803711,-83.63634490966797,-84.00135803222656,-83.84597778320312,-84.044921875,-84.1103286743164,-83.05860137939453,-82.6744613647461,-83.21060943603516,-83.60540771484375,-83.75691223144531,-84.48634338378906,-85.4078140258789,-85.45264434814453,-85.14083099365234,-84.2605209350586,-84.12248229980469,-83.84149169921875,-83.87637329101562,-84.55858612060547,-85.14675903320312,-85.10584259033203,1.0
-70.26525115966797,-72.5251235961914,-73.70942687988281,-75.76212310791016,-76.6214828491211,-76.1599349975586,-78.34008026123047,-79.23577117919922,-77.78947448730469,-77.88965606689453,-78.23233032226562,-77.7960205078125,-77.70469665527344,-76.24247741699219,-77.7491226196289,-79.57041931152344,-80.76976013183594,-81.77249908447266,-82.26675415039062,-82.69332122802734,-83.88375854492188,-84.51610565185547,-84.99539184570312,-84.22662353515625,-83.77042388916016,-83.09956359863281,-83.86210632324219,-83.8993148803711,-83.63634490966797,-84.00135803222656,-83.84597778320312,-84.044921875,-84.1103286743164,-83.05860137939453,-82.6744613647461,-83.21060943603516,-83.60540771484375,-83.75691223144531,-84.48634338378906,-85.4078140258789,-85.45264434814453,-85.14083099365234,-84.2605209350586,-84.12248229980469,-83.84149169921875,-83.87637329101562,-84.55858612060547,-85.14675903320312,-85.10584259033203,-85.00501251220703,1.0
-72.5251235961914,-73.70942687988281,-75.76212310791016,-76.6214828491211,-76.1599349975586,-78.34008026123047,-79.23577117919922,-77.78947448730469,-77.88965606689453,-78.23233032226562,-77.7960205078125,-77.70469665527344,-76.24247741699219,-77.7491226196289,-79.57041931152344,-80.76976013183594,-81.77249908447266,-82.26675415039062,-82.69332122802734,-83.88375854492188,-84.51610565185547,-84.99539184570312,-84.22662353515625,-83.77042388916016,-83.09956359863281,-83.86210632324219,-83.8993148803711,-83.63634490966797,-84.00135803222656,-83.84597778320312,-84.044921875,-84.1103286743164,-83.05860137939453,-82.6744613647461,-83.21060943603516,-83.60540771484375,-83.75691223144531,-84.48634338378906,-85.4078140258789,-85.45264434814453,-85.14083099365234,-84.2605209350586,-84.12248229980469,-83.84149169921875,-83.87637329101562,-84.55858612060547,-85.14675903320312,-85.10584259033203,-85.00501251220703,-84.83837127685547,0.0
-73.70942687988281,-75.76212310791016,-76.6214828491211,-76.1599349975586,-78.34008026123047,-79.23577117919922,-77.78947448730469,-77.88965606689453,-78.23233032226562,-77.7960205078125,-77.70469665527344,-76.24247741699219,-77.7491226196289,-79.57041931152344,-80.76976013183594,-81.77249908447266,-82.26675415039062,-82.69332122802734,-83.88375854492188,-84.51610565185547,-84.99539184570312,-84.22662353515625,-83.77042388916016,-83.09956359863281,-83.86210632324219,-83.8993148803711,-83.63634490966797,-84.00135803222656,-83.84597778320312,-84.044921875,-84.1103286743164,-83.05860137939453,-82.6744613647461,-83.21060943603516,-83.60540771484375,-83.75691223144531,-84.48634338378906,-85.4078140258789,-85.45264434814453,-85.14083099365234,-84.2605209350586,-84.12248229980469,-83.84149169921875,-83.87637329101562,-84.55858612060547,-85.14675903320312,-85.10584259033203,-85.00501251220703,-84.83837127685547,-85.01288604736328,1.0
-75.76212310791016,-76.6214828491211,-76.1599349975586,-78.34008026123047,-79.23577117919922,-77.78947448730469,-77.88965606689453,-78.23233032226562,-77.7960205078125,-77.70469665527344,-76.24247741699219,-77.7491226196289,-79.57041931152344,-80.76976013183594,-81.77249908447266,-82.26675415039062,-82.69332122802734,-83.88375854492188,-84.51610565185547,-84.99539184570312,-84.22662353515625,-83.77042388916016,-83.09956359863281,-83.86210632324219,-83.8993148803711,-83.63634490966797,-84.00135803222656,-83.84597778320312,-84.044921875,-84.1103286743164,-83.05860137939453,-82.6744613647461,-83.21060943603516,-83.60540771484375,-83.75691223144531,-84.48634338378906,-85.4078140258789,-85.45264434814453,-85.14083099365234,-84.2605209350586,-84.12248229980469,-83.84149169921875,-83.87637329101562,-84.55858612060547,-85.14675903320312,-85.10584259033203,-85.00501251220703,-84.83837127685547,-85.01288604736328,-85.28667449951172,1.0
-76.6214828491211,-76.1599349975586,-78.34008026123047,-79.23577117919922,-77.78947448730469,-77.88965606689453,-78.23233032226562,-77.7960205078125,-77.70469665527344,-76.24247741699219,-77.7491226196289,-79.57041931152344,-80.76976013183594,-81.77249908447266,-82.26675415039062,-82.69332122802734,-83.88375854492188,-84.51610565185547,-84.99539184570312,-84.22662353515625,-83.77042388916016,-83.09956359863281,-83.86210632324219,-83.8993148803711,-83.63634490966797,-84.00135803222656,-83.84597778320312,-84.044921875,-84.1103286743164,-83.05860137939453,-82.6744613647461,-83.21060943603516,-83.60540771484375,-83.75691223144531,-84.48634338378906,-85.4078140258789,-85.45264434814453,-85.14083099365234,-84.2605209350586,-84.12248229980469,-83.84149169921875,-83.87637329101562,-84.55858612060547,-85.14675903320312,-85.10584259033203,-85.00501251220703,-84.83837127685547,-85.01288604736328,-85.28667449951172,-84.35651397705078,0.0
-76.1599349975586,-78.34008026123047,-79.23577117919922,-77.78947448730469,-77.88965606689453,-78.23233032226562,-77.7960205078125,-77.70469665527344,-76.24247741699219,-77.7491226196289,-79.57041931152344,-80.76976013183594,-81.77249908447266,-82.26675415039062,-82.69332122802734,-83.88375854492188,-84.51610565185547,-84.99539184570312,-84.22662353515625,-83.77042388916016,-83.09956359863281,-83.86210632324219,-83.8993148803711,-83.63634490966797,-84.00135803222656,-83.84597778320312,-84.044921875,-84.1103286743164,-83.05860137939453,-82.6744613647461,-83.21060943603516,-83.60540771484375,-83.75691223144531,-84.48634338378906,-85.4078140258789,-85.45264434814453,-85.14083099365234,-84.2605209350586,-84.12248229980469,-83.84149169921875,-83.87637329101562,-84.55858612060547,-85.14675903320312,-85.10584259033203,-85.00501251220703,-84.83837127685547,-85.01288604736328,-85.28667449951172,-84.35651397705078,-84.13417053222656,0.0
-78.34008026123047,-79.23577117919922,-77.78947448730469,-77.88965606689453,-78.23233032226562,-77.7960205078125,-77.70469665527344,-76.24247741699219,-77.7491226196289,-79.57041931152344,-80.76976013183594,-81.77249908447266,-82.26675415039062,-82.69332122802734,-83.88375854492188,-84.51610565185547,-84.99539184570312,-84.22662353515625,-83.77042388916016,-83.09956359863281,-83.86210632324219,-83.8993148803711,-83.63634490966797,-84.00135803222656,-83.84597778320312,-84.044921875,-84.1103286743164,-83.05860137939453,-82.6744613647461,-83.21060943603516,-83.60540771484375,-83.75691223144531,-84.48634338378906,-85.4078140258789,-85.45264434814453,-85.14083099365234,-84.2605209350586,-84.12248229980469,-83.84149169921875,-83.87637329101562,-84.55858612060547,-85.14675903320312,-85.10584259033203,-85.00501251220703,-84.83837127685547,-85.01288604736328,-85.28667449951172,-84.35651397705078,-84.13417053222656,-84.4751968383789,0.0
-79.23577117919922,-77.78947448730469,-77.88965606689453,-78.23233032226562,-77.7960205078125,-77.70469665527344,-76.24247741699219,-77.7491226196289,-79.57041931152344,-80.76976013183594,-81.77249908447266,-82.26675415039062,-82.69332122802734,-83.88375854492188,-84.51610565185547,-84.99539184570312,-84.22662353515625,-83.77042388916016,-83.09956359863281,-83.86210632324219,-83.8993148803711,-83.63634490966797,-84.00135803222656,-83.84597778320312,-84.044921875,-84.1103286743164,-83.05860137939453,-82.6744613647461,-83.21060943603516,-83.60540771484375,-83.75691223144531,-84.48634338378906,-85.4078140258789,-85.45264434814453,-85.14083099365234,-84.2605209350586,-84.12248229980469,-83.84149169921875,-83.87637329101562,-84.55858612060547,-85.14675903320312,-85.10584259033203,-85.00501251220703,-84.83837127685547,-85.01288604736328,-85.28667449951172,-84.35651397705078,-84.13417053222656,-84.4751968383789,-84.19384002685547,0.0
-77.78947448730469,-77.88965606689453,-78.23233032226562,-77.7960205078125,-77.70469665527344,-76.24247741699219,-77.7491226196289,-79.57041931152344,-80.76976013183594,-81.77249908447266,-82.26675415039062,-82.69332122802734,-83.88375854492188,-84.51610565185547,-84.99539184570312,-84.22662353515625,-83.77042388916016,-83.09956359863281,-83.86210632324219,-83.8993148803711,-83.63634490966797,-84.00135803222656,-83.84597778320312,-84.044921875,-84.1103286743164,-83.05860137939453,-82.6744613647461,-83.21060943603516,-83.60540771484375,-83.75691223144531,-84.48634338378906,-85.4078140258789,-85.45264434814453,-85.14083099365234,-84.2605209350586,-84.12248229980469,-83.84149169921875,-83.87637329101562,-84.55858612060547,-85.14675903320312,-85.10584259033203,-85.00501251220703,-84.83837127685547,-85.01288604736328,-85.28667449951172,-84.35651397705078,-84.13417053222656,-84.4751968383789,-84.19384002685547,-84.01490020751953,0.0
-77.88965606689453,-78.23233032226562,-77.7960205078125,-77.70469665527344,-76.24247741699219,-77.7491226196289,-79.57041931152344,-80.76976013183594,-81.77249908447266,-82.26675415039062,-82.69332122802734,-83.88375854492188,-84.51610565185547,-84.99539184570312,-84.22662353515625,-83.77042388916016,-83.09956359863281,-83.86210632324219,-83.8993148803711,-83.63634490966797,-84.00135803222656,-83.84597778320312,-84.044921875,-84.1103286743164,-83.05860137939453,-82.6744613647461,-83.21060943603516,-83.60540771484375,-83.75691223144531,-84.48634338378906,-85.4078140258789,-85.45264434814453,-85.14083099365234,-84.2605209350586,-84.12248229980469,-83.84149169921875,-83.87637329101562,-84.55858612060547,-85.14675903320312,-85.10584259033203,-85.00501251220703,-84.83837127685547,-85.01288604736328,-85.28667449951172,-84.35651397705078,-84.13417053222656,-84.4751968383789,-84.19384002685547,-84.01490020751953,-83.82622528076172,0.0
-78.23233032226562,-77.7960205078125,-77.70469665527344,-76.24247741699219,-77.7491226196289,-79.57041931152344,-80.76976013183594,-81.77249908447266,-82.26675415039062,-82.69332122802734,-83.88375854492188,-84.51610565185547,-84.99539184570312,-84.22662353515625,-83.77042388916016,-83.09956359863281,-83.86210632324219,-83.8993148803711,-83.63634490966797,-84.00135803222656,-83.84597778320312,-84.044921875,-84.1103286743164,-83.05860137939453,-82.6744613647461,-83.21060943603516,-83.60540771484375,-83.75691223144531,-84.48634338378906,-85.4078140258789,-85.45264434814453,-85.14083099365234,-84.2605209350586,-84.12248229980469,-83.84149169921875,-83.87637329101562,-84.55858612060547,-85.14675903320312,-85.10584259033203,-85.00501251220703,-84.83837127685547,-85.01288604736328,-85.28667449951172,-84.35651397705078,-84.13417053222656,-84.4751968383789,-84.19384002685547,-84.01490020751953,-83.82622528076172,-84.0171127319336,0.0
-77.7960205078125,-77.70469665527344,-76.24247741699219,-77.7491226196289,-79.57041931152344,-80.76976013183594,-81.77249908447266,-82.26675415039062,-82.69332122802734,-83.88375854492188,-84.51610565185547,-84.99539184570312,-84.22662353515625,-83.77042388916016,-83.09956359863281,-83.86210632324219,-83.8993148803711,-83.63634490966797,-84.00135803222656,-83.84597778320312,-84.044921875,-84.1103286743164,-83.05860137939453,-82.6744613647461,-83.21060943603516,-83.60540771484375,-83.75691223144531,-84.48634338378906,-85.4078140258789,-85.45264434814453,-85.14083099365234,-84.2605209350586,-84.12248229980469,-83.84149169921875,-83.87637329101562,-84.55858612060547,-85.14675903320312,-85.10584259033203,-85.00501251220703,-84.83837127685547,-85.01288604736328,-85.28667449951172,-84.35651397705078,-84.13417053222656,-84.4751968383789,-84.19384002685547,-84.01490020751953,-83.82622528076172,-84.0171127319336,-84.88097381591797,0.0
-77.70469665527344,-76.24247741699219,-77.7491226196289,-79.57041931152344,-80.76976013183594,-81.77249908447266,-82.26675415039062,-82.69332122802734,-83.88375854492188,-84.51610565185547,-84.99539184570312,-84.22662353515625,-83.77042388916016,-83.09956359863281,-83.86210632324219,-83.8993148803711,-83.63634490966797,-84.00135803222656,-83.84597778320312,-84.044921875,-84.1103286743164,-83.05860137939453,-82.6744613647461,-83.21060943603516,-83.60540771484375,-83.75691223144531,-84.48634338378906,-85.4078140258789,-85.45264434814453,-85.14083099365234,-84.2605209350586,-84.12248229980469,-83.84149169921875,-83.87637329101562,-84.55858612060547,-85.14675903320312,-85.10584259033203,-85.00501251220703,-84.83837127685547,-85.01288604736328,-85.28667449951172,-84.35651397705078,-84.13417053222656,-84.4751968383789,-84.19384002685547,-84.01490020751953,-83.82622528076172,-84.0171127319336,-84.88097381591797,-85.19648742675781,0.0
-76.24247741699219,-77.7491226196289,-79.57041931152344,-80.76976013183594,-81.77249908447266,-82.26675415039062,-82.69332122802734,-83.88375854492188,-84.51610565185547,-84.99539184570312,-84.22662353515625,-83.77042388916016,-83.09956359863281,-83.86210632324219,-83.8993148803711,-83.63634490966797,-84.00135803222656,-83.84597778320312,-84.044921875,-84.1103286743164,-83.05860137939453,-82.6744613647461,-83.21060943603516,-83.60540771484375,-83.75691223144531,-84.48634338378906,-85.4078140258789,-85.45264434814453,-85.14083099365234,-84.2605209350586,-84.12248229980469,-83.84149169921875,-83.87637329101562,-84.55858612060547,-85.14675903320312,-85.10584259033203,-85.00501251220703,-84.83837127685547,-85.01288604736328,-85.28667449951172,-84.35651397705078,-84.13417053222656,-84.4751968383789,-84.19384002685547,-84.01490020751953,-83.82622528076172,-84.0171127319336,-84.88097381591797,-85.19648742675781,-85.1657485961914,0.0
-77.7491226196289,-79.57041931152344,-80.76976013183594,-81.77249908447266,-82.26675415039062,-82.69332122802734,-83.88375854492188,-84.51610565185547,-84.99539184570312,-84.22662353515625,-83.77042388916016,-83.09956359863281,-83.86210632324219,-83.8993148803711,-83.63634490966797,-84.00135803222656,-83.84597778320312,-84.044921875,-84.1103286743164,-83.05860137939453,-82.6744613647461,-83.21060943603516,-83.60540771484375,-83.75691223144531,-84.48634338378906,-85.4078140258789,-85.45264434814453,-85.14083099365234,-84.2605209350586,-84.12248229980469,-83.84149169921875,-83.87637329101562,-84.55858612060547,-85.14675903320312,-85.10584259033203,-85.00501251220703,-84.83837127685547,-85.01288604736328,-85.28667449951172,-84.35651397705078,-84.13417053222656,-84.4751968383789,-84.19384002685547,-84.01490020751953,-83.82622528076172,-84.0171127319336,-84.88097381591797,-85.19648742675781,-85.1657485961914,-84.812255859375,0.0
-79.57041931152344,-80.76976013183594,-81.77249908447266,-82.26675415039062,-82.69332122802734,-83.88375854492188,-84.51610565185547,-84.99539184570312,-84.22662353515625,-83.77042388916016,-83.09956359863281,-83.86210632324219,-83.8993148803711,-83.63634490966797,-84.00135803222656,-83.84597778320312,-84.044921875,-84.1103286743164,-83.05860137939453,-82.6744613647461,-83.21060943603516,-83.60540771484375,-83.75691223144531,-84.48634338378906,-85.4078140258789,-85.45264434814453,-85.14083099365234,-84.2605209350586,-84.12248229980469,-83.84149169921875,-83.87637329101562,-84.55858612060547,-85.14675903320312,-85.10584259033203,-85.00501251220703,-84.83837127685547,-85.01288604736328,-85.28667449951172,-84.35651397705078,-84.13417053222656,-84.4751968383789,-84.19384002685547,-84.01490020751953,-83.82622528076172,-84.0171127319336,-84.88097381591797,-85.19648742675781,-85.1657485961914,-84.812255859375,-84.43991088867188,0.0
-80.76976013183594,-81.77249908447266,-82.26675415039062,-82.69332122802734,-83.88375854492188,-84.51610565185547,-84.99539184570312,-84.22662353515625,-83.77042388916016,-83.09956359863281,-83.86210632324219,-83.8993148803711,-83.63634490966797,-84.00135803222656,-83.84597778320312,-84.044921875,-84.1103286743164,-83.05860137939453,-82.6744613647461,-83.21060943603516,-83.60540771484375,-83.75691223144531,-84.48634338378906,-85.4078140258789,-85.45264434814453,-85.14083099365234,-84.2605209350586,-84.12248229980469,-83.84149169921875,-83.87637329101562,-84.55858612060547,-85.14675903320312,-85.10584259033203,-85.00501251220703,-84.83837127685547,-85.01288604736328,-85.28667449951172,-84.35651397705078,-84.13417053222656,-84.4751968383789,-84.19384002685547,-84.01490020751953,-83.82622528076172,-84.0171127319336,-84.88097381591797,-85.19648742675781,-85.1657485961914,-84.812255859375,-84.43991088867188,-85.03327941894531,0.0
-81.77249908447266,-82.26675415039062,-82.69332122802734,-83.88375854492188,-84.51610565185547,-84.99539184570312,-84.22662353515625,-83.77042388916016,-83.09956359863281,-83.86210632324219,-83.8993148803711,-83.63634490966797,-84.00135803222656,-83.84597778320312,-84.044921875,-84.1103286743164,-83.05860137939453,-82.6744613647461,-83.21060943603516,-83.60540771484375,-83.75691223144531,-84.48634338378906,-85.4078140258789,-85.45264434814453,-85.14083099365234,-84.2605209350586,-84.12248229980469,-83.84149169921875,-83.87637329101562,-84.55858612060547,-85.14675903320312,-85.10584259033203,-85.00501251220703,-84.83837127685547,-85.01288604736328,-85.28667449951172,-84.35651397705078,-84.13417053222656,-84.4751968383789,-84.19384002685547,-84.01490020751953,-83.82622528076172,-84.0171127319336,-84.88097381591797,-85.19648742675781,-85.1657485961914,-84.812255859375,-84.43991088867188,-85.03327941894531,-85.15531158447266,1.0
-82.26675415039062,-82.69332122802734,-83.88375854492188,-84.51610565185547,-84.99539184570312,-84.22662353515625,-83.77042388916016,-83.09956359863281,-83.86210632324219,-83.8993148803711,-83.63634490966797,-84.00135803222656,-83.84597778320312,-84.044921875,-84.1103286743164,-83.05860137939453,-82.6744613647461,-83.21060943603516,-83.60540771484375,-83.75691223144531,-84.48634338378906,-85.4078140258789,-85.45264434814453,-85.14083099365234,-84.2605209350586,-84.12248229980469,-83.84149169921875,-83.87637329101562,-84.55858612060547,-85.14675903320312,-85.10584259033203,-85.00501251220703,-84.83837127685547,-85.01288604736328,-85.28667449951172,-84.35651397705078,-84.13417053222656,-84.4751968383789,-84.19384002685547,-84.01490020751953,-83.82622528076172,-84.0171127319336,-84.88097381591797,-85.19648742675781,-85.1657485961914,-84.812255859375,-84.43991088867188,-85.03327941894531,-85.15531158447266,-82.8591079711914,0.0
-82.69332122802734,-83.88375854492188,-84.51610565185547,-84.99539184570312,-84.22662353515625,-83.77042388916016,-83.09956359863281,-83.86210632324219,-83.8993148803711,-83.63634490966797,-84.00135803222656,-83.84597778320312,-84.044921875,-84.1103286743164,-83.05860137939453,-82.6744613647461,-83.21060943603516,-83.60540771484375,-83.75691223144531,-84.48634338378906,-85.4078140258789,-85.45264434814453,-85.14083099365234,-84.2605209350586,-84.12248229980469,-83.84149169921875,-83.87637329101562,-84.55858612060547,-85.14675903320312,-85.10584259033203,-85.00501251220703,-84.83837127685547,-85.01288604736328,-85.28667449951172,-84.35651397705078,-84.13417053222656,-84.4751968383789,-84.19384002685547,-84.01490020751953,-83.82622528076172,-84.0171127319336,-84.88097381591797,-85.19648742675781,-85.1657485961914,-84.812255859375,-84.43991088867188,-85.03327941894531,-85.15531158447266,-82.8591079711914,-82.73575592041016,1.0
-83.88375854492188,-84.51610565185547,-84.99539184570312,-84.22662353515625,-83.77042388916016,-83.09956359863281,-83.86210632324219,-83.8993148803711,-83.63634490966797,-84.00135803222656,-83.84597778320312,-84.044921875,-84.1103286743164,-83.05860137939453,-82.6744613647461,-83.21060943603516,-83.60540771484375,-83.75691223144531,-84.48634338378906,-85.4078140258789,-85.45264434814453,-85.14083099365234,-84.2605209350586,-84.12248229980469,-83.84149169921875,-83.87637329101562,-84.55858612060547,-85.14675903320312,-85.10584259033203,-85.00501251220703,-84.83837127685547,-85.01288604736328,-85.28667449951172,-84.35651397705078,-84.13417053222656,-84.4751968383789,-84.19384002685547,-84.01490020751953,-83.82622528076172,-84.0171127319336,-84.88097381591797,-85.19648742675781,-85.1657485961914,-84.812255859375,-84.43991088867188,-85.03327941894531,-85.15531158447266,-82.8591079711914,-82.73575592041016,-83.16546630859375,0.0
-84.51610565185547,-84.99539184570312,-84.22662353515625,-83.77042388916016,-83.09956359863281,-83.86210632324219,-83.8993148803711,-83.63634490966797,-84.00135803222656,-83.84597778320312,-84.044921875,-84.1103286743164,-83.05860137939453,-82.6744613647461,-83.21060943603516,-83.60540771484375,-83.75691223144531,-84.48634338378906,-85.4078140258789,-85.45264434814453,-85.14083099365234,-84.2605209350586,-84.12248229980469,-83.84149169921875,-83.87637329101562,-84.55858612060547,-85.14675903320312,-85.10584259033203,-85.00501251220703,-84.83837127685547,-85.01288604736328,-85.28667449951172,-84.35651397705078,-84.13417053222656,-84.4751968383789,-84.19384002685547,-84.01490020751953,-83.82622528076172,-84.0171127319336,-84.88097381591797,-85.19648742675781,-85.1657485961914,-84.812255859375,-84.43991088867188,-85.03327941894531,-85.15531158447266,-82.8591079711914,-82.73575592041016,-83.16546630859375,-77.98429107666016,1.0
-84.99539184570312,-84.22662353515625,-83.77042388916016,-83.09956359863281,-83.86210632324219,-83.8993148803711,-83.63634490966797,-84.00135803222656,-83.84597778320312,-84.044921875,-84.1103286743164,-83.05860137939453,-82.6744613647461,-83.21060943603516,-83.60540771484375,-83.75691223144531,-84.48634338378906,-85.4078140258789,-85.45264434814453,-85.14083099365234,-84.2605209350586,-84.12248229980469,-83.84149169921875,-83.87637329101562,-84.55858612060547,-85.14675903320312,-85.10584259033203,-85.00501251220703,-84.83837127685547,-85.01288604736328,-85.28667449951172,-84.35651397705078,-84.13417053222656,-84.4751968383789,-84.19384002685547,-84.01490020751953,-83.82622528076172,-84.0171127319336,-84.88097381591797,-85.19648742675781,-85.1657485961914,-84.812255859375,-84.43991088867188,-85.03327941894531,-85.15531158447266,-82.8591079711914,-82.73575592041016,-83.16546630859375,-77.98429107666016,-80.25751495361328,1.0
-84.22662353515625,-83.77042388916016,-83.09956359863281,-83.86210632324219,-83.8993148803711,-83.63634490966797,-84.00135803222656,-83.84597778320312,-84.044921875,-84.1103286743164,-83.05860137939453,-82.6744613647461,-83.21060943603516,-83.60540771484375,-83.75691223144531,-84.48634338378906,-85.4078140258789,-85.45264434814453,-85.14083099365234,-84.2605209350586,-84.12248229980469,-83.84149169921875,-83.87637329101562,-84.55858612060547,-85.14675903320312,-85.10584259033203,-85.00501251220703,-84.83837127685547,-85.01288604736328,-85.28667449951172,-84.35651397705078,-84.13417053222656,-84.4751968383789,-84.19384002685547,-84.01490020751953,-83.82622528076172,-84.0171127319336,-84.88097381591797,-85.19648742675781,-85.1657485961914,-84.812255859375,-84.43991088867188,-85.03327941894531,-85.15531158447266,-82.8591079711914,-82.73575592041016,-83.16546630859375,-77.98429107666016,-80.25751495361328,-79.59300231933594,0.0
-83.77042388916016,-83.09956359863281,-83.86210632324219,-83.8993148803711,-83.63634490966797,-84.00135803222656,-83.84597778320312,-84.044921875,-84.1103286743164,-83.05860137939453,-82.6744613647461,-83.21060943603516,-83.60540771484375,-83.75691223144531,-84.48634338378906,-85.4078140258789,-85.45264434814453,-85.14083099365234,-84.2605209350586,-84.12248229980469,-83.84149169921875,-83.87637329101562,-84.55858612060547,-85.14675903320312,-85.10584259033203,-85.00501251220703,-84.83837127685547,-85.01288604736328,-85.28667449951172,-84.35651397705078,-84.13417053222656,-84.4751968383789,-84.19384002685547,-84.01490020751953,-83.82622528076172,-84.0171127319336,-84.88097381591797,-85.19648742675781,-85.1657485961914,-84.812255859375,-84.43991088867188,-85.03327941894531,-85.15531158447266,-82.8591079711914,-82.73575592041016,-83.16546630859375,-77.98429107666016,-80.25751495361328,-79.59300231933594,-80.50334930419922,0.0
-83.09956359863281,-83.86210632324219,-83.8993148803711,-83.63634490966797,-84.00135803222656,-83.84597778320312,-84.044921875,-84.1103286743164,-83.05860137939453,-82.6744613647461,-83.21060943603516,-83.60540771484375,-83.75691223144531,-84.48634338378906,-85.4078140258789,-85.45264434814453,-85.14083099365234,-84.2605209350586,-84.12248229980469,-83.84149169921875,-83.87637329101562,-84.55858612060547,-85.14675903320312,-85.10584259033203,-85.00501251220703,-84.83837127685547,-85.01288604736328,-85.28667449951172,-84.35651397705078,-84.13417053222656,-84.4751968383789,-84.19384002685547,-84.01490020751953,-83.82622528076172,-84.0171127319336,-84.88097381591797,-85.19648742675781,-85.1657485961914,-84.812255859375,-84.43991088867188,-85.03327941894531,-85.15531158447266,-82.8591079711914,-82.73575592041016,-83.16546630859375,-77.98429107666016,-80.25751495361328,-79.59300231933594,-80.50334930419922,-80.60346984863281,0.0
-83.86210632324219,-83.8993148803711,-83.63634490966797,-84.00135803222656,-83.84597778320312,-84.044921875,-84.1103286743164,-83.05860137939453,-82.6744613647461,-83.21060943603516,-83.60540771484375,-83.75691223144531,-84.48634338378906,-85.4078140258789,-85.45264434814453,-85.14083099365234,-84.2605209350586,-84.12248229980469,-83.84149169921875,-83.87637329101562,-84.55858612060547,-85.14675903320312,-85.10584259033203,-85.00501251220703,-84.83837127685547,-85.01288604736328,-85.28667449951172,-84.35651397705078,-84.13417053222656,-84.4751968383789,-84.19384002685547,-84.01490020751953,-83.82622528076172,-84.0171127319336,-84.88097381591797,-85.19648742675781,-85.1657485961914,-84.812255859375,-84.43991088867188,-85.03327941894531,-85.15531158447266,-82.8591079711914,-82.73575592041016,-83.16546630859375,-77.98429107666016,-80.25751495361328,-79.59300231933594,-80.50334930419922,-80.60346984863281,-79.43299865722656,1.0
-83.8993148803711,-83.63634490966797,-84.00135803222656,-83.84597778320312,-84.044921875,-84.1103286743164,-83.05860137939453,-82.6744613647461,-83.21060943603516,-83.60540771484375,-83.75691223144531,-84.48634338378906,-85.4078140258789,-85.45264434814453,-85.14083099365234,-84.2605209350586,-84.12248229980469,-83.84149169921875,-83.87637329101562,-84.55858612060547,-85.14675903320312,-85.10584259033203,-85.00501251220703,-84.83837127685547,-85.01288604736328,-85.28667449951172,-84.35651397705078,-84.13417053222656,-84.4751968383789,-84.19384002685547,-84.01490020751953,-83.82622528076172,-84.0171127319336,-84.88097381591797,-85.19648742675781,-85.1657485961914,-84.812255859375,-84.43991088867188,-85.03327941894531,-85.15531158447266,-82.8591079711914,-82.73575592041016,-83.16546630859375,-77.98429107666016,-80.25751495361328,-79.59300231933594,-80.50334930419922,-80.60346984863281,-79.43299865722656,-81.80882263183594,0.0
-83.63634490966797,-84.00135803222656,-83.84597778320312,-84.044921875,-84.1103286743164,-83.05860137939453,-82.6744613647461,-83.21060943603516,-83.60540771484375,-83.75691223144531,-84.48634338378906,-85.4078140258789,-85.45264434814453,-85.14083099365234,-84.2605209350586,-84.12248229980469,-83.84149169921875,-83.87637329101562,-84.55858612060547,-85.14675903320312,-85.10584259033203,-85.00501251220703,-84.83837127685547,-85.01288604736328,-85.28667449951172,-84.35651397705078,-84.13417053222656,-84.4751968383789,-84.19384002685547,-84.01490020751953,-83.82622528076172,-84.0171127319336,-84.88097381591797,-85.19648742675781,-85.1657485961914,-84.812255859375,-84.43991088867188,-85.03327941894531,-85.15531158447266,-82.8591079711914,-82.73575592041016,-83.16546630859375,-77.98429107666016,-80.25751495361328,-79.59300231933594,-80.50334930419922,-80.60346984863281,-79.43299865722656,-81.80882263183594,-81.9715576171875,0.0
-84.00135803222656,-83.84597778320312,-84.044921875,-84.1103286743164,-83.05860137939453,-82.6744613647461,-83.21060943603516,-83.60540771484375,-83.75691223144531,-84.48634338378906,-85.4078140258789,-85.45264434814453,-85.14083099365234,-84.2605209350586,-84.12248229980469,-83.84149169921875,-83.87637329101562,-84.55858612060547,-85.14675903320312,-85.10584259033203,-85.00501251220703,-84.83837127685547,-85.01288604736328,-85.28667449951172,-84.35651397705078,-84.13417053222656,-84.4751968383789,-84.19384002685547,-84.01490020751953,-83.82622528076172,-84.0171127319336,-84.88097381591797,-85.19648742675781,-85.1657485961914,-84.812255859375,-84.43991088867188,-85.03327941894531,-85.15531158447266,-82.8591079711914,-82.73575592041016,-83.16546630859375,-77.98429107666016,-80.25751495361328,-79.59300231933594,-80.50334930419922,-80.60346984863281,-79.43299865722656,-81.80882263183594,-81.9715576171875,-81.07408142089844,0.0
-83.84597778320312,-84.044921875,-84.1103286743164,-83.05860137939453,-82.6744613647461,-83.21060943603516,-83.60540771484375,-83.75691223144531,-84.48634338378906,-85.4078140258789,-85.45264434814453,-85.14083099365234,-84.2605209350586,-84.12248229980469,-83.84149169921875,-83.87637329101562,-84.55858612060547,-85.14675903320312,-85.10584259033203,-85.00501251220703,-84.83837127685547,-85.01288604736328,-85.28667449951172,-84.35651397705078,-84.13417053222656,-84.4751968383789,-84.19384002685547,-84.01490020751953,-83.82622528076172,-84.0171127319336,-84.88097381591797,-85.19648742675781,-85.1657485961914,-84.812255859375,-84.43991088867188,-85.03327941894531,-85.15531158447266,-82.8591079711914,-82.73575592041016,-83.16546630859375,-77.98429107666016,-80.25751495361328,-79.59300231933594,-80.50334930419922,-80.60346984863281,-79.43299865722656,-81.80882263183594,-81.9715576171875,-81.07408142089844,-79.73954772949219,0.0
-84.044921875,-84.1103286743164,-83.05860137939453,-82.6744613647461,-83.21060943603516,-83.60540771484375,-83.75691223144531,-84.48634338378906,-85.4078140258789,-85.45264434814453,-85.14083099365234,-84.2605209350586,-84.12248229980469,-83.84149169921875,-83.87637329101562,-84.55858612060547,-85.14675903320312,-85.10584259033203,-85.00501251220703,-84.83837127685547,-85.01288604736328,-85.28667449951172,-84.35651397705078,-84.13417053222656,-84.4751968383789,-84.19384002685547,-84.01490020751953,-83.82622528076172,-84.0171127319336,-84.88097381591797,-85.19648742675781,-85.1657485961914,-84.812255859375,-84.43991088867188,-85.03327941894531,-85.15531158447266,-82.8591079711914,-82.73575592041016,-83.16546630859375,-77.98429107666016,-80.25751495361328,-79.59300231933594,-80.50334930419922,-80.60346984863281,-79.43299865722656,-81.80882263183594,-81.9715576171875,-81.07408142089844,-79.73954772949219,-79.84552764892578,0.0
-84.1103286743164,-83.05860137939453,-82.6744613647461,-83.21060943603516,-83.60540771484375,-83.75691223144531,-84.48634338378906,-85.4078140258789,-85.45264434814453,-85.14083099365234,-84.2605209350586,-84.12248229980469,-83.84149169921875,-83.87637329101562,-84.55858612060547,-85.14675903320312,-85.10584259033203,-85.00501251220703,-84.83837127685547,-85.01288604736328,-85.28667449951172,-84.35651397705078,-84.13417053222656,-84.4751968383789,-84.19384002685547,-84.01490020751953,-83.82622528076172,-84.0171127319336,-84.88097381591797,-85.19648742675781,-85.1657485961914,-84.812255859375,-84.43991088867188,-85.03327941894531,-85.15531158447266,-82.8591079711914,-82.73575592041016,-83.16546630859375,-77.98429107666016,-80.25751495361328,-79.59300231933594,-80.50334930419922,-80.60346984863281,-79.43299865722656,-81.80882263183594,-81.9715576171875,-81.07408142089844,-79.73954772949219,-79.84552764892578,-80.67789459228516,1.0
-83.05860137939453,-82.6744613647461,-83.21060943603516,-83.60540771484375,-83.75691223144531,-84.48634338378906,-85.4078140258789,-85.45264434814453,-85.14083099365234,-84.2605209350586,-84.12248229980469,-83.84149169921875,-83.87637329101562,-84.55858612060547,-85.14675903320312,-85.10584259033203,-85.00501251220703,-84.83837127685547,-85.01288604736328,-85.28667449951172,-84.35651397705078,-84.13417053222656,-84.4751968383789,-84.19384002685547,-84.01490020751953,-83.82622528076172,-84.0171127319336,-84.88097381591797,-85.19648742675781,-85.1657485961914,-84.812255859375,-84.43991088867188,-85.03327941894531,-85.15531158447266,-82.8591079711914,-82.73575592041016,-83.16546630859375,-77.98429107666016,-80.25751495361328,-79.59300231933594,-80.50334930419922,-80.60346984863281,-79.43299865722656,-81.80882263183594,-81.9715576171875,-81.07408142089844,-79.73954772949219,-79.84552764892578,-80.67789459228516,-77.61634063720703,1.0
-82.6744613647461,-83.21060943603516,-83.60540771484375,-83.75691223144531,-84.48634338378906,-85.4078140258789,-85.45264434814453,-85.14083099365234,-84.2605209350586,-84.12248229980469,-83.84149169921875,-83.87637329101562,-84.55858612060547,-85.14675903320312,-85.10584259033203,-85.00501251220703,-84.83837127685547,-85.01288604736328,-85.28667449951172,-84.35651397705078,-84.13417053222656,-84.4751968383789,-84.19384002685547,-84.01490020751953,-83.82622528076172,-84.0171127319336,-84.88097381591797,-85.19648742675781,-85.1657485961914,-84.812255859375,-84.43991088867188,-85.03327941894531,-85.15531158447266,-82.8591079711914,-82.73575592041016,-83.16546630859375,-77.98429107666016,-80.25751495361328,-79.59300231933594,-80.50334930419922,-80.60346984863281,-79.43299865722656,-81.80882263183594,-81.9715576171875,-81.07408142089844,-79.73954772949219,-79.84552764892578,-80.67789459228516,-77.61634063720703,-79.47601318359375,1.0
-83.21060943603516,-83.60540771484375,-83.75691223144531,-84.48634338378906,-85.4078140258789,-85.45264434814453,-85.14083099365234,-84.2605209350586,-84.12248229980469,-83.84149169921875,-83.87637329101562,-84.55858612060547,-85.14675903320312,-85.10584259033203,-85.00501251220703,-84.83837127685547,-85.01288604736328,-85.28667449951172,-84.35651397705078,-84.13417053222656,-84.4751968383789,-84.19384002685547,-84.01490020751953,-83.82622528076172,-84.0171127319336,-84.88097381591797,-85.19648742675781,-85.1657485961914,-84.812255859375,-84.43991088867188,-85.03327941894531,-85.15531158447266,-82.8591079711914,-82.73575592041016,-83.16546630859375,-77.98429107666016,-80.25751495361328,-79.59300231933594,-80.50334930419922,-80.60346984863281,-79.43299865722656,-81.80882263183594,-81.9715576171875,-81.07408142089844,-79.73954772949219,-79.84552764892578,-80.67789459228516,-77.61634063720703,-79.47601318359375,-79.56754302978516,0.0
-83.60540771484375,-83.75691223144531,-84.48634338378906,-85.4078140258789,-85.45264434814453,-85.14083099365234,-84.2605209350586,-84.12248229980469,-83.84149169921875,-83.87637329101562,-84.55858612060547,-85.14675903320312,-85.10584259033203,-85.00501251220703,-84.83837127685547,-85.01288604736328,-85.28667449951172,-84.35651397705078,-84.13417053222656,-84.4751968383789,-84.19384002685547,-84.01490020751953,-83.82622528076172,-84.0171127319336,-84.88097381591797,-85.19648742675781,-85.1657485961914,-84.812255859375,-84.43991088867188,-85.03327941894531,-85.15531158447266,-82.8591079711914,-82.73575592041016,-83.16546630859375,-77.98429107666016,-80.25751495361328,-79.59300231933594,-80.50334930419922,-80.60346984863281,-79.43299865722656,-81.80882263183594,-81.9715576171875,-81.07408142089844,-79.73954772949219,-79.84552764892578,-80.67789459228516,-77.61634063720703,-79.47601318359375,-79.56754302978516,-77.85630798339844,0.0
-83.75691223144531,-84.48634338378906,-85.4078140258789,-85.45264434814453,-85.14083099365234,-84.2605209350586,-84.12248229980469,-83.84149169921875,-83.87637329101562,-84.55858612060547,-85.14675903320312,-85.10584259033203,-85.00501251220703,-84.83837127685547,-85.01288604736328,-85.28667449951172,-84.35651397705078,-84.13417053222656,-84.4751968383789,-84.19384002685547,-84.01490020751953,-83.82622528076172,-84.0171127319336,-84.88097381591797,-85.19648742675781,-85.1657485961914,-84.812255859375,-84.43991088867188,-85.03327941894531,-85.15531158447266,-82.8591079711914,-82.73575592041016,-83.16546630859375,-77.98429107666016,-80.25751495361328,-79.59300231933594,-80.50334930419922,-80.60346984863281,-79.43299865722656,-81.80882263183594,-81.9715576171875,-81.07408142089844,-79.73954772949219,-79.84552764892578,-80.67789459228516,-77.61634063720703,-79.47601318359375,-79.56754302978516,-77.85630798339844,-77.30999755859375,1.0
-84.48634338378906,-85.4078140258789,-85.45264434814453,-85.14083099365234,-84.2605209350586,-84.12248229980469,-83.84149169921875,-83.87637329101562,-84.55858612060547,-85.14675903320312,-85.10584259033203,-85.00501251220703,-84.83837127685547,-85.01288604736328,-85.28667449951172,-84.35651397705078,-84.13417053222656,-84.4751968383789,-84.19384002685547,-84.01490020751953,-83.82622528076172,-84.0171127319336,-84.88097381591797,-85.19648742675781,-85.1657485961914,-84.812255859375,-84.43991088867188,-85.03327941894531,-85.15531158447266,-82.8591079711914,-82.73575592041016,-83.16546630859375,-77.98429107666016,-80.25751495361328,-79.59300231933594,-80.50334930419922,-80.60346984863281,-79.43299865722656,-81.80882263183594,-81.9715576171875,-81.07408142089844,-79.73954772949219,-79.84552764892578,-80.67789459228516,-77.61634063720703,-79.47601318359375,-79.56754302978516,-77.85630798339844,-77.30999755859375,-76.83956146240234,0.0
-85.4078140258789,-85.45264434814453,-85.14083099365234,-84.2605209350586,-84.12248229980469,-83.84149169921875,-83.87637329101562,-84.55858612060547,-85.14675903320312,-85.10584259033203,-85.00501251220703,-84.83837127685547,-85.01288604736328,-85.28667449951172,-84.35651397705078,-84.13417053222656,-84.4751968383789,-84.19384002685547,-84.01490020751953,-83.82622528076172,-84.0171127319336,-84.88097381591797,-85.19648742675781,-85.1657485961914,-84.812255859375,-84.43991088867188,-85.03327941894531,-85.15531158447266,-82.8591079711914,-82.73575592041016,-83.16546630859375,-77.98429107666016,-80.25751495361328,-79.59300231933594,-80.50334930419922,-80.60346984863281,-79.43299865722656,-81.80882263183594,-81.9715576171875,-81.07408142089844,-79.73954772949219,-79.84552764892578,-80.67789459228516,-77.61634063720703,-79.47601318359375,-79.56754302978516,-77.85630798339844,-77.30999755859375,-76.83956146240234,-76.71800231933594,1.0
-85.45264434814453,-85.14083099365234,-84.2605209350586,-84.12248229980469,-83.84149169921875,-83.87637329101562,-84.55858612060547,-85.14675903320312,-85.10584259033203,-85.00501251220703,-84.83837127685547,-85.01288604736328,-85.28667449951172,-84.35651397705078,-84.13417053222656,-84.4751968383789,-84.19384002685547,-84.01490020751953,-83.82622528076172,-84.0171127319336,-84.88097381591797,-85.19648742675781,-85.1657485961914,-84.812255859375,-84.43991088867188,-85.03327941894531,-85.15531158447266,-82.8591079711914,-82.73575592041016,-83.16546630859375,-77.98429107666016,-80.25751495361328,-79.59300231933594,-80.50334930419922,-80.60346984863281,-79.43299865722656,-81.80882263183594,-81.9715576171875,-81.07408142089844,-79.73954772949219,-79.84552764892578,-80.67789459228516,-77.61634063720703,-79.47601318359375,-79.56754302978516,-77.85630798339844,-77.30999755859375,-76.83956146240234,-76.71800231933594,-75.18659973144531,1.0
-85.14083099365234,-84.2605209350586,-84.12248229980469,-83.84149169921875,-83.87637329101562,-84.55858612060547,-85.14675903320312,-85.10584259033203,-85.00501251220703,-84.83837127685547,-85.01288604736328,-85.28667449951172,-84.35651397705078,-84.13417053222656,-84.4751968383789,-84.19384002685547,-84.01490020751953,-83.82622528076172,-84.0171127319336,-84.88097381591797,-85.19648742675781,-85.1657485961914,-84.812255859375,-84.43991088867188,-85.03327941894531,-85.15531158447266,-82.8591079711914,-82.73575592041016,-83.16546630859375,-77.98429107666016,-80.25751495361328,-79.59300231933594,-80.50334930419922,-80.60346984863281,-79.43299865722656,-81.80882263183594,-81.9715576171875,-81.07408142089844,-79.73954772949219,-79.84552764892578,-80.67789459228516,-77.61634063720703,-79.47601318359375,-79.56754302978516,-77.85630798339844,-77.30999755859375,-76.83956146240234,-76.71800231933594,-75.18659973144531,-75.41551971435547,0.0
-84.2605209350586,-84.12248229980469,-83.84149169921875,-83.87637329101562,-84.55858612060547,-85.14675903320312,-85.10584259033203,-85.00501251220703,-84.83837127685547,-85.01288604736328,-85.28667449951172,-84.35651397705078,-84.13417053222656,-84.4751968383789,-84.19384002685547,-84.01490020751953,-83.82622528076172,-84.0171127319336,-84.88097381591797,-85.19648742675781,-85.1657485961914,-84.812255859375,-84.43991088867188,-85.03327941894531,-85.15531158447266,-82.8591079711914,-82.73575592041016,-83.16546630859375,-77.98429107666016,-80.25751495361328,-79.59300231933594,-80.50334930419922,-80.60346984863281,-79.43299865722656,-81.80882263183594,-81.9715576171875,-81.07408142089844,-79.73954772949219,-79.84552764892578,-80.67789459228516,-77.61634063720703,-79.47601318359375,-79.56754302978516,-77.85630798339844,-77.30999755859375,-76.83956146240234,-76.71800231933594,-75.18659973144531,-75.41551971435547,-77.1950912475586,1.0
-84.12248229980469,-83.84149169921875,-83.87637329101562,-84.55858612060547,-85.14675903320312,-85.10584259033203,-85.00501251220703,-84.83837127685547,-85.01288604736328,-85.28667449951172,-84.35651397705078,-84.13417053222656,-84.4751968383789,-84.19384002685547,-84.01490020751953,-83.82622528076172,-84.0171127319336,-84.88097381591797,-85.19648742675781,-85.1657485961914,-84.812255859375,-84.43991088867188,-85.03327941894531,-85.15531158447266,-82.8591079711914,-82.73575592041016,-83.16546630859375,-77.98429107666016,-80.25751495361328,-79.59300231933594,-80.50334930419922,-80.60346984863281,-79.43299865722656,-81.80882263183594,-81.9715576171875,-81.07408142089844,-79.73954772949219,-79.84552764892578,-80.67789459228516,-77.61634063720703,-79.47601318359375,-79.56754302978516,-77.85630798339844,-77.30999755859375,-76.83956146240234,-76.71800231933594,-75.18659973144531,-75.41551971435547,-77.1950912475586,-76.72407531738281,0.0
-83.84149169921875,-83.87637329101562,-84.55858612060547,-85.14675903320312,-85.10584259033203,-85.00501251220703,-84.83837127685547,-85.01288604736328,-85.28667449951172,-84.35651397705078,-84.13417053222656,-84.4751968383789,-84.19384002685547,-84.01490020751953,-83.82622528076172,-84.0171127319336,-84.88097381591797,-85.19648742675781,-85.1657485961914,-84.812255859375,-84.43991088867188,-85.03327941894531,-85.15531158447266,-82.8591079711914,-82.73575592041016,-83.16546630859375,-77.98429107666016,-80.25751495361328,-79.59300231933594,-80.50334930419922,-80.60346984863281,-79.43299865722656,-81.80882263183594,-81.9715576171875,-81.07408142089844,-79.73954772949219,-79.84552764892578,-80.67789459228516,-77.61634063720703,-79.47601318359375,-79.56754302978516,-77.85630798339844,-77.30999755859375,-76.83956146240234,-76.71800231933594,-75.18659973144531,-75.41551971435547,-77.1950912475586,-76.72407531738281,-75.93988037109375,0.0
-83.87637329101562,-84.55858612060547,-85.14675903320312,-85.10584259033203,-85.00501251220703,-84.83837127685547,-85.01288604736328,-85.28667449951172,-84.35651397705078,-84.13417053222656,-84.4751968383789,-84.19384002685547,-84.01490020751953,-83.82622528076172,-84.0171127319336,-84.88097381591797,-85.19648742675781,-85.1657485961914,-84.812255859375,-84.43991088867188,-85.03327941894531,-85.15531158447266,-82.8591079711914,-82.73575592041016,-83.16546630859375,-77.98429107666016,-80.25751495361328,-79.59300231933594,-80.50334930419922,-80.60346984863281,-79.43299865722656,-81.80882263183594,-81.9715576171875,-81.07408142089844,-79.73954772949219,-79.84552764892578,-80.67789459228516,-77.61634063720703,-79.47601318359375,-79.56754302978516,-77.85630798339844,-77.30999755859375,-76.83956146240234,-76.71800231933594,-75.18659973144531,-75.41551971435547,-77.1950912475586,-76.72407531738281,-75.93988037109375,-75.2872543334961,0.0
-84.55858612060547,-85.14675903320312,-85.10584259033203,-85.00501251220703,-84.83837127685547,-85.01288604736328,-85.28667449951172,-84.35651397705078,-84.13417053222656,-84.4751968383789,-84.19384002685547,-84.01490020751953,-83.82622528076172,-84.0171127319336,-84.88097381591797,-85.19648742675781,-85.1657485961914,-84.812255859375,-84.43991088867188,-85.03327941894531,-85.15531158447266,-82.8591079711914,-82.73575592041016,-83.16546630859375,-77.98429107666016,-80.25751495361328,-79.59300231933594,-80.50334930419922,-80.60346984863281,-79.43299865722656,-81.80882263183594,-81.9715576171875,-81.07408142089844,-79.73954772949219,-79.84552764892578,-80.67789459228516,-77.61634063720703,-79.47601318359375,-79.56754302978516,-77.85630798339844,-77.30999755859375,-76.83956146240234,-76.71800231933594,-75.18659973144531,-75.41551971435547,-77.1950912475586,-76.72407531738281,-75.93988037109375,-75.2872543334961,-75.57913970947266,0.0
-85.14675903320312,-85.10584259033203,-85.00501251220703,-84.83837127685547,-85.01288604736328,-85.28667449951172,-84.35651397705078,-84.13417053222656,-84.4751968383789,-84.19384002685547,-84.01490020751953,-83.82622528076172,-84.0171127319336,-84.88097381591797,-85.19648742675781,-85.1657485961914,-84.812255859375,-84.43991088867188,-85.03327941894531,-85.15531158447266,-82.8591079711914,-82.73575592041016,-83.16546630859375,-77.98429107666016,-80.25751495361328,-79.59300231933594,-80.50334930419922,-80.60346984863281,-79.43299865722656,-81.80882263183594,-81.9715576171875,-81.07408142089844,-79.73954772949219,-79.84552764892578,-80.67789459228516,-77.61634063720703,-79.47601318359375,-79.56754302978516,-77.85630798339844,-77.30999755859375,-76.83956146240234,-76.71800231933594,-75.18659973144531,-75.41551971435547,-77.1950912475586,-76.72407531738281,-75.93988037109375,-75.2872543334961,-75.57913970947266,-75.8653564453125,0.0
-85.10584259033203,-85.00501251220703,-84.83837127685547,-85.01288604736328,-85.28667449951172,-84.35651397705078,-84.13417053222656,-84.4751968383789,-84.19384002685547,-84.01490020751953,-83.82622528076172,-84.0171127319336,-84.88097381591797,-85.19648742675781,-85.1657485961914,-84.812255859375,-84.43991088867188,-85.03327941894531,-85.15531158447266,-82.8591079711914,-82.73575592041016,-83.16546630859375,-77.98429107666016,-80.25751495361328,-79.59300231933594,-80.50334930419922,-80.60346984863281,-79.43299865722656,-81.80882263183594,-81.9715576171875,-81.07408142089844,-79.73954772949219,-79.84552764892578,-80.67789459228516,-77.61634063720703,-79.47601318359375,-79.56754302978516,-77.85630798339844,-77.30999755859375,-76.83956146240234,-76.71800231933594,-75.18659973144531,-75.41551971435547,-77.1950912475586,-76.72407531738281,-75.93988037109375,-75.2872543334961,-75.57913970947266,-75.8653564453125,-76.05287170410156,0.0
-85.00501251220703,-84.83837127685547,-85.01288604736328,-85.28667449951172,-84.35651397705078,-84.13417053222656,-84.4751968383789,-84.19384002685547,-84.01490020751953,-83.82622528076172,-84.0171127319336,-84.88097381591797,-85.19648742675781,-85.1657485961914,-84.812255859375,-84.43991088867188,-85.03327941894531,-85.15531158447266,-82.8591079711914,-82.73575592041016,-83.16546630859375,-77.98429107666016,-80.25751495361328,-79.59300231933594,-80.50334930419922,-80.60346984863281,-79.43299865722656,-81.80882263183594,-81.9715576171875,-81.07408142089844,-79.73954772949219,-79.84552764892578,-80.67789459228516,-77.61634063720703,-79.47601318359375,-79.56754302978516,-77.85630798339844,-77.30999755859375,-76.83956146240234,-76.71800231933594,-75.18659973144531,-75.41551971435547,-77.1950912475586,-76.72407531738281,-75.93988037109375,-75.2872543334961,-75.57913970947266,-75.8653564453125,-76.05287170410156,-72.95482635498047,0.0
-84.83837127685547,-85.01288604736328,-85.28667449951172,-84.35651397705078,-84.13417053222656,-84.4751968383789,-84.19384002685547,-84.01490020751953,-83.82622528076172,-84.0171127319336,-84.88097381591797,-85.19648742675781,-85.1657485961914,-84.812255859375,-84.43991088867188,-85.03327941894531,-85.15531158447266,-82.8591079711914,-82.73575592041016,-83.16546630859375,-77.98429107666016,-80.25751495361328,-79.59300231933594,-80.50334930419922,-80.60346984863281,-79.43299865722656,-81.80882263183594,-81.9715576171875,-81.07408142089844,-79.73954772949219,-79.84552764892578,-80.67789459228516,-77.61634063720703,-79.47601318359375,-79.56754302978516,-77.85630798339844,-77.30999755859375,-76.83956146240234,-76.71800231933594,-75.18659973144531,-75.41551971435547,-77.1950912475586,-76.72407531738281,-75.93988037109375,-75.2872543334961,-75.57913970947266,-75.8653564453125,-76.05287170410156,-72.95482635498047,-73.05804443359375,1.0
-85.01288604736328,-85.28667449951172,-84.35651397705078,-84.13417053222656,-84.4751968383789,-84.19384002685547,-84.01490020751953,-83.82622528076172,-84.0171127319336,-84.88097381591797,-85.19648742675781,-85.1657485961914,-84.812255859375,-84.43991088867188,-85.03327941894531,-85.15531158447266,-82.8591079711914,-82.73575592041016,-83.16546630859375,-77.98429107666016,-80.25751495361328,-79.59300231933594,-80.50334930419922,-80.60346984863281,-79.43299865722656,-81.80882263183594,-81.9715576171875,-81.07408142089844,-79.73954772949219,-79.84552764892578,-80.67789459228516,-77.61634063720703,-79.47601318359375,-79.56754302978516,-77.85630798339844,-77.30999755859375,-76.83956146240234,-76.71800231933594,-75.18659973144531,-75.41551971435547,-77.1950912475586,-76.72407531738281,-75.93988037109375,-75.2872543334961,-75.57913970947266,-75.8653564453125,-76.05287170410156,-72.95482635498047,-73.05804443359375,-75.33485412597656,1.0
-85.28667449951172,-84.35651397705078,-84.13417053222656,-84.4751968383789,-84.19384002685547,-84.01490020751953,-83.82622528076172,-84.0171127319336,-84.88097381591797,-85.19648742675781,-85.1657485961914,-84.812255859375,-84.43991088867188,-85.03327941894531,-85.15531158447266,-82.8591079711914,-82.73575592041016,-83.16546630859375,-77.98429107666016,-80.25751495361328,-79.59300231933594,-80.50334930419922,-80.60346984863281,-79.43299865722656,-81.80882263183594,-81.9715576171875,-81.07408142089844,-79.73954772949219,-79.84552764892578,-80.67789459228516,-77.61634063720703,-79.47601318359375,-79.56754302978516,-77.85630798339844,-77.30999755859375,-76.83956146240234,-76.71800231933594,-75.18659973144531,-75.41551971435547,-77.1950912475586,-76.72407531738281,-75.93988037109375,-75.2872543334961,-75.57913970947266,-75.8653564453125,-76.05287170410156,-72.95482635498047,-73.05804443359375,-75.33485412597656,-74.3621597290039,0.0
-84.35651397705078,-84.13417053222656,-84.4751968383789,-84.19384002685547,-84.01490020751953,-83.82622528076172,-84.0171127319336,-84.88097381591797,-85.19648742675781,-85.1657485961914,-84.812255859375,-84.43991088867188,-85.03327941894531,-85.15531158447266,-82.8591079711914,-82.73575592041016,-83.16546630859375,-77.98429107666016,-80.25751495361328,-79.59300231933594,-80.50334930419922,-80.60346984863281,-79.43299865722656,-81.80882263183594,-81.9715576171875,-81.07408142089844,-79.73954772949219,-79.84552764892578,-80.67789459228516,-77.61634063720703,-79.47601318359375,-79.56754302978516,-77.85630798339844,-77.30999755859375,-76.83956146240234,-76.71800231933594,-75.18659973144531,-75.41551971435547,-77.1950912475586,-76.72407531738281,-75.93988037109375,-75.2872543334961,-75.57913970947266,-75.8653564453125,-76.05287170410156,-72.95482635498047,-73.05804443359375,-75.33485412597656,-74.3621597290039,-76.29920959472656,0.0
-84.13417053222656,-84.4751968383789,-84.19384002685547,-84.01490020751953,-83.82622528076172,-84.0171127319336,-84.88097381591797,-85.19648742675781,-85.1657485961914,-84.812255859375,-84.43991088867188,-85.03327941894531,-85.15531158447266,-82.8591079711914,-82.73575592041016,-83.16546630859375,-77.98429107666016,-80.25751495361328,-79.59300231933594,-80.50334930419922,-80.60346984863281,-79.43299865722656,-81.80882263183594,-81.9715576171875,-81.07408142089844,-79.73954772949219,-79.84552764892578,-80.67789459228516,-77.61634063720703,-79.47601318359375,-79.56754302978516,-77.85630798339844,-77.30999755859375,-76.83956146240234,-76.71800231933594,-75.18659973144531,-75.41551971435547,-77.1950912475586,-76.72407531738281,-75.93988037109375,-75.2872543334961,-75.57913970947266,-75.8653564453125,-76.05287170410156,-72.95482635498047,-73.05804443359375,-75.33485412597656,-74.3621597290039,-76.29920959472656,-77.07390594482422,0.0
-84.4751968383789,-84.19384002685547,-84.01490020751953,-83.82622528076172,-84.0171127319336,-84.88097381591797,-85.19648742675781,-85.1657485961914,-84.812255859375,-84.43991088867188,-85.03327941894531,-85.15531158447266,-82.8591079711914,-82.73575592041016,-83.16546630859375,-77.98429107666016,-80.25751495361328,-79.59300231933594,-80.50334930419922,-80.60346984863281,-79.43299865722656,-81.80882263183594,-81.9715576171875,-81.07408142089844,-79.73954772949219,-79.84552764892578,-80.67789459228516,-77.61634063720703,-79.47601318359375,-79.56754302978516,-77.85630798339844,-77.30999755859375,-76.83956146240234,-76.71800231933594,-75.18659973144531,-75.41551971435547,-77.1950912475586,-76.72407531738281,-75.93988037109375,-75.2872543334961,-75.57913970947266,-75.8653564453125,-76.05287170410156,-72.95482635498047,-73.05804443359375,-75.33485412597656,-74.3621597290039,-76.29920959472656,-77.07390594482422,-73.58975982666016,0.0
-84.19384002685547,-84.01490020751953,-83.82622528076172,-84.0171127319336,-84.88097381591797,-85.19648742675781,-85.1657485961914,-84.812255859375,-84.43991088867188,-85.03327941894531,-85.15531158447266,-82.8591079711914,-82.73575592041016,-83.16546630859375,-77.98429107666016,-80.25751495361328,-79.59300231933594,-80.50334930419922,-80.60346984863281,-79.43299865722656,-81.80882263183594,-81.9715576171875,-81.07408142089844,-79.73954772949219,-79.84552764892578,-80.67789459228516,-77.61634063720703,-79.47601318359375,-79.56754302978516,-77.85630798339844,-77.30999755859375,-76.83956146240234,-76.71800231933594,-75.18659973144531,-75.41551971435547,-77.1950912475586,-76.72407531738281,-75.93988037109375,-75.2872543334961,-75.57913970947266,-75.8653564453125,-76.05287170410156,-72.95482635498047,-73.05804443359375,-75.33485412597656,-74.3621597290039,-76.29920959472656,-77.07390594482422,-73.58975982666016,-74.48120880126953,1.0
-84.01490020751953,-83.82622528076172,-84.0171127319336,-84.88097381591797,-85.19648742675781,-85.1657485961914,-84.812255859375,-84.43991088867188,-85.03327941894531,-85.15531158447266,-82.8591079711914,-82.73575592041016,-83.16546630859375,-77.98429107666016,-80.25751495361328,-79.59300231933594,-80.50334930419922,-80.60346984863281,-79.43299865722656,-81.80882263183594,-81.9715576171875,-81.07408142089844,-79.73954772949219,-79.84552764892578,-80.67789459228516,-77.61634063720703,-79.47601318359375,-79.56754302978516,-77.85630798339844,-77.30999755859375,-76.83956146240234,-76.71800231933594,-75.18659973144531,-75.41551971435547,-77.1950912475586,-76.72407531738281,-75.93988037109375,-75.2872543334961,-75.57913970947266,-75.8653564453125,-76.05287170410156,-72.95482635498047,-73.05804443359375,-75.33485412597656,-74.3621597290039,-76.29920959472656,-77.07390594482422,-73.58975982666016,-74.48120880126953,-75.31441497802734,1.0
-83.82622528076172,-84.0171127319336,-84.88097381591797,-85.19648742675781,-85.1657485961914,-84.812255859375,-84.43991088867188,-85.03327941894531,-85.15531158447266,-82.8591079711914,-82.73575592041016,-83.16546630859375,-77.98429107666016,-80.25751495361328,-79.59300231933594,-80.50334930419922,-80.60346984863281,-79.43299865722656,-81.80882263183594,-81.9715576171875,-81.07408142089844,-79.73954772949219,-79.84552764892578,-80.67789459228516,-77.61634063720703,-79.47601318359375,-79.56754302978516,-77.85630798339844,-77.30999755859375,-76.83956146240234,-76.71800231933594,-75.18659973144531,-75.41551971435547,-77.1950912475586,-76.72407531738281,-75.93988037109375,-75.2872543334961,-75.57913970947266,-75.8653564453125,-76.05287170410156,-72.95482635498047,-73.05804443359375,-75.33485412597656,-74.3621597290039,-76.29920959472656,-77.07390594482422,-73.58975982666016,-74.48120880126953,-75.31441497802734,-73.51750183105469,0.0
-84.0171127319336,-84.88097381591797,-85.19648742675781,-85.1657485961914,-84.812255859375,-84.43991088867188,-85.03327941894531,-85.15531158447266,-82.8591079711914,-82.73575592041016,-83.16546630859375,-77.98429107666016,-80.25751495361328,-79.59300231933594,-80.50334930419922,-80.60346984863281,-79.43299865722656,-81.80882263183594,-81.9715576171875,-81.07408142089844,-79.73954772949219,-79.84552764892578,-80.67789459228516,-77.61634063720703,-79.47601318359375,-79.56754302978516,-77.85630798339844,-77.30999755859375,-76.83956146240234,-76.71800231933594,-75.18659973144531,-75.41551971435547,-77.1950912475586,-76.72407531738281,-75.93988037109375,-75.2872543334961,-75.57913970947266,-75.8653564453125,-76.05287170410156,-72.95482635498047,-73.05804443359375,-75.33485412597656,-74.3621597290039,-76.29920959472656,-77.07390594482422,-73.58975982666016,-74.48120880126953,-75.31441497802734,-73.51750183105469,-72.07891845703125,0.0
-84.88097381591797,-85.19648742675781,-85.1657485961914,-84.812255859375,-84.43991088867188,-85.03327941894531,-85.15531158447266,-82.8591079711914,-82.73575592041016,-83.16546630859375,-77.98429107666016,-80.25751495361328,-79.59300231933594,-80.50334930419922,-80.60346984863281,-79.43299865722656,-81.80882263183594,-81.9715576171875,-81.07408142089844,-79.73954772949219,-79.84552764892578,-80.67789459228516,-77.61634063720703,-79.47601318359375,-79.56754302978516,-77.85630798339844,-77.30999755859375,-76.83956146240234,-76.71800231933594,-75.18659973144531,-75.41551971435547,-77.1950912475586,-76.72407531738281,-75.93988037109375,-75.2872543334961,-75.57913970947266,-75.8653564453125,-76.05287170410156,-72.95482635498047,-73.05804443359375,-75.33485412597656,-74.3621597290039,-76.29920959472656,-77.07390594482422,-73.58975982666016,-74.48120880126953,-75.31441497802734,-73.51750183105469,-72.07891845703125,-73.39388275146484,0.0
-85.19648742675781,-85.1657485961914,-84.812255859375,-84.43991088867188,-85.03327941894531,-85.15531158447266,-82.8591079711914,-82.73575592041016,-83.16546630859375,-77.98429107666016,-80.25751495361328,-79.59300231933594,-80.50334930419922,-80.60346984863281,-79.43299865722656,-81.80882263183594,-81.9715576171875,-81.07408142089844,-79.73954772949219,-79.84552764892578,-80.67789459228516,-77.61634063720703,-79.47601318359375,-79.56754302978516,-77.85630798339844,-77.30999755859375,-76.83956146240234,-76.71800231933594,-75.18659973144531,-75.41551971435547,-77.1950912475586,-76.72407531738281,-75.93988037109375,-75.2872543334961,-75.57913970947266,-75.8653564453125,-76.05287170410156,-72.95482635498047,-73.05804443359375,-75.33485412597656,-74.3621597290039,-76.29920959472656,-77.07390594482422,-73.58975982666016,-74.48120880126953,-75.31441497802734,-73.51750183105469,-72.07891845703125,-73.39388275146484,-70.88836669921875,0.0
-85.1657485961914,-84.812255859375,-84.43991088867188,-85.03327941894531,-85.15531158447266,-82.8591079711914,-82.73575592041016,-83.16546630859375,-77.98429107666016,-80.25751495361328,-79.59300231933594,-80.50334930419922,-80.60346984863281,-79.43299865722656,-81.80882263183594,-81.9715576171875,-81.07408142089844,-79.73954772949219,-79.84552764892578,-80.67789459228516,-77.61634063720703,-79.47601318359375,-79.56754302978516,-77.85630798339844,-77.30999755859375,-76.83956146240234,-76.71800231933594,-75.18659973144531,-75.41551971435547,-77.1950912475586,-76.72407531738281,-75.93988037109375,-75.2872543334961,-75.57913970947266,-75.8653564453125,-76.05287170410156,-72.95482635498047,-73.05804443359375,-75.33485412597656,-74.3621597290039,-76.29920959472656,-77.07390594482422,-73.58975982666016,-74.48120880126953,-75.31441497802734,-73.51750183105469,-72.07891845703125,-73.39388275146484,-70.88836669921875,-70.38763427734375,0.0
-84.812255859375,-84.43991088867188,-85.03327941894531,-85.15531158447266,-82.8591079711914,-82.73575592041016,-83.16546630859375,-77.98429107666016,-80.25751495361328,-79.59300231933594,-80.50334930419922,-80.60346984863281,-79.43299865722656,-81.80882263183594,-81.9715576171875,-81.07408142089844,-79.73954772949219,-79.84552764892578,-80.67789459228516,-77.61634063720703,-79.47601318359375,-79.56754302978516,-77.85630798339844,-77.30999755859375,-76.83956146240234,-76.71800231933594,-75.18659973144531,-75.41551971435547,-77.1950912475586,-76.72407531738281,-75.93988037109375,-75.2872543334961,-75.57913970947266,-75.8653564453125,-76.05287170410156,-72.95482635498047,-73.05804443359375,-75.33485412597656,-74.3621597290039,-76.29920959472656,-77.07390594482422,-73.58975982666016,-74.48120880126953,-75.31441497802734,-73.51750183105469,-72.07891845703125,-73.39388275146484,-70.88836669921875,-70.38763427734375,-72.20284271240234,1.0
-84.43991088867188,-85.03327941894531,-85.15531158447266,-82.8591079711914,-82.73575592041016,-83.16546630859375,-77.98429107666016,-80.25751495361328,-79.59300231933594,-80.50334930419922,-80.60346984863281,-79.43299865722656,-81.80882263183594,-81.9715576171875,-81.07408142089844,-79.73954772949219,-79.84552764892578,-80.67789459228516,-77.61634063720703,-79.47601318359375,-79.56754302978516,-77.85630798339844,-77.30999755859375,-76.83956146240234,-76.71800231933594,-75.18659973144531,-75.41551971435547,-77.1950912475586,-76.72407531738281,-75.93988037109375,-75.2872543334961,-75.57913970947266,-75.8653564453125,-76.05287170410156,-72.95482635498047,-73.05804443359375,-75.33485412597656,-74.3621597290039,-76.29920959472656,-77.07390594482422,-73.58975982666016,-74.48120880126953,-75.31441497802734,-73.51750183105469,-72.07891845703125,-73.39388275146484,-70.88836669921875,-70.38763427734375,-72.20284271240234,-72.3037338256836,0.0
-85.03327941894531,-85.15531158447266,-82.8591079711914,-82.73575592041016,-83.16546630859375,-77.98429107666016,-80.25751495361328,-79.59300231933594,-80.50334930419922,-80.60346984863281,-79.43299865722656,-81.80882263183594,-81.9715576171875,-81.07408142089844,-79.73954772949219,-79.84552764892578,-80.67789459228516,-77.61634063720703,-79.47601318359375,-79.56754302978516,-77.85630798339844,-77.30999755859375,-76.83956146240234,-76.71800231933594,-75.18659973144531,-75.41551971435547,-77.1950912475586,-76.72407531738281,-75.93988037109375,-75.2872543334961,-75.57913970947266,-75.8653564453125,-76.05287170410156,-72.95482635498047,-73.05804443359375,-75.33485412597656,-74.3621597290039,-76.29920959472656,-77.07390594482422,-73.58975982666016,-74.48120880126953,-75.31441497802734,-73.51750183105469,-72.07891845703125,-73.39388275146484,-70.88836669921875,-70.38763427734375,-72.20284271240234,-72.3037338256836,-72.48609161376953,0.0
-85.15531158447266,-82.8591079711914,-82.73575592041016,-83.16546630859375,-77.98429107666016,-80.25751495361328,-79.59300231933594,-80.50334930419922,-80.60346984863281,-79.43299865722656,-81.80882263183594,-81.9715576171875,-81.07408142089844,-79.73954772949219,-79.84552764892578,-80.67789459228516,-77.61634063720703,-79.47601318359375,-79.56754302978516,-77.85630798339844,-77.30999755859375,-76.83956146240234,-76.71800231933594,-75.18659973144531,-75.41551971435547,-77.1950912475586,-76.72407531738281,-75.93988037109375,-75.2872543334961,-75.57913970947266,-75.8653564453125,-76.05287170410156,-72.95482635498047,-73.05804443359375,-75.33485412597656,-74.3621597290039,-76.29920959472656,-77.07390594482422,-73.58975982666016,-74.48120880126953,-75.31441497802734,-73.51750183105469,-72.07891845703125,-73.39388275146484,-70.88836669921875,-70.38763427734375,-72.20284271240234,-72.3037338256836,-72.48609161376953,-74.1912612915039,1.0
-82.8591079711914,-82.73575592041016,-83.16546630859375,-77.98429107666016,-80.25751495361328,-79.59300231933594,-80.50334930419922,-80.60346984863281,-79.43299865722656,-81.80882263183594,-81.9715576171875,-81.07408142089844,-79.73954772949219,-79.84552764892578,-80.67789459228516,-77.61634063720703,-79.47601318359375,-79.56754302978516,-77.85630798339844,-77.30999755859375,-76.83956146240234,-76.71800231933594,-75.18659973144531,-75.41551971435547,-77.1950912475586,-76.72407531738281,-75.93988037109375,-75.2872543334961,-75.57913970947266,-75.8653564453125,-76.05287170410156,-72.95482635498047,-73.05804443359375,-75.33485412597656,-74.3621597290039,-76.29920959472656,-77.07390594482422,-73.58975982666016,-74.48120880126953,-75.31441497802734,-73.51750183105469,-72.07891845703125,-73.39388275146484,-70.88836669921875,-70.38763427734375,-72.20284271240234,-72.3037338256836,-72.48609161376953,-74.1912612915039,-73.01821899414062,0.0
-82.73575592041016,-83.16546630859375,-77.98429107666016,-80.25751495361328,-79.59300231933594,-80.50334930419922,-80.60346984863281,-79.43299865722656,-81.80882263183594,-81.9715576171875,-81.07408142089844,-79.73954772949219,-79.84552764892578,-80.67789459228516,-77.61634063720703,-79.47601318359375,-79.56754302978516,-77.85630798339844,-77.30999755859375,-76.83956146240234,-76.71800231933594,-75.18659973144531,-75.41551971435547,-77.1950912475586,-76.72407531738281,-75.93988037109375,-75.2872543334961,-75.57913970947266,-75.8653564453125,-76.05287170410156,-72.95482635498047,-73.05804443359375,-75.33485412597656,-74.3621597290039,-76.29920959472656,-77.07390594482422,-73.58975982666016,-74.48120880126953,-75.31441497802734,-73.51750183105469,-72.07891845703125,-73.39388275146484,-70.88836669921875,-70.38763427734375,-72.20284271240234,-72.3037338256836,-72.48609161376953,-74.1912612915039,-73.01821899414062,-71.61050415039062,1.0
-83.16546630859375,-77.98429107666016,-80.25751495361328,-79.59300231933594,-80.50334930419922,-80.60346984863281,-79.43299865722656,-81.80882263183594,-81.9715576171875,-81.07408142089844,-79.73954772949219,-79.84552764892578,-80.67789459228516,-77.61634063720703,-79.47601318359375,-79.56754302978516,-77.85630798339844,-77.30999755859375,-76.83956146240234,-76.71800231933594,-75.18659973144531,-75.41551971435547,-77.1950912475586,-76.72407531738281,-75.93988037109375,-75.2872543334961,-75.57913970947266,-75.8653564453125,-76.05287170410156,-72.95482635498047,-73.05804443359375,-75.33485412597656,-74.3621597290039,-76.29920959472656,-77.07390594482422,-73.58975982666016,-74.48120880126953,-75.31441497802734,-73.51750183105469,-72.07891845703125,-73.39388275146484,-70.88836669921875,-70.38763427734375,-72.20284271240234,-72.3037338256836,-72.48609161376953,-74.1912612915039,-73.01821899414062,-71.61050415039062,-70.79733276367188,1.0
-77.98429107666016,-80.25751495361328,-79.59300231933594,-80.50334930419922,-80.60346984863281,-79.43299865722656,-81.80882263183594,-81.9715576171875,-81.07408142089844,-79.73954772949219,-79.84552764892578,-80.67789459228516,-77.61634063720703,-79.47601318359375,-79.56754302978516,-77.85630798339844,-77.30999755859375,-76.83956146240234,-76.71800231933594,-75.18659973144531,-75.41551971435547,-77.1950912475586,-76.72407531738281,-75.93988037109375,-75.2872543334961,-75.57913970947266,-75.8653564453125,-76.05287170410156,-72.95482635498047,-73.05804443359375,-75.33485412597656,-74.3621597290039,-76.29920959472656,-77.07390594482422,-73.58975982666016,-74.48120880126953,-75.31441497802734,-73.51750183105469,-72.07891845703125,-73.39388275146484,-70.88836669921875,-70.38763427734375,-72.20284271240234,-72.3037338256836,-72.48609161376953,-74.1912612915039,-73.01821899414062,-71.61050415039062,-70.79733276367188,-68.9150390625,0.0
-80.25751495361328,-79.59300231933594,-80.50334930419922,-80.60346984863281,-79.43299865722656,-81.80882263183594,-81.9715576171875,-81.07408142089844,-79.73954772949219,-79.84552764892578,-80.67789459228516,-77.61634063720703,-79.47601318359375,-79.56754302978516,-77.85630798339844,-77.30999755859375,-76.83956146240234,-76.71800231933594,-75.18659973144531,-75.41551971435547,-77.1950912475586,-76.72407531738281,-75.93988037109375,-75.2872543334961,-75.57913970947266,-75.8653564453125,-76.05287170410156,-72.95482635498047,-73.05804443359375,-75.33485412597656,-74.3621597290039,-76.29920959472656,-77.07390594482422,-73.58975982666016,-74.48120880126953,-75.31441497802734,-73.51750183105469,-72.07891845703125,-73.39388275146484,-70.88836669921875,-70.38763427734375,-72.20284271240234,-72.3037338256836,-72.48609161376953,-74.1912612915039,-73.01821899414062,-71.61050415039062,-70.79733276367188,-68.9150390625,-67.71318054199219,0.0
-79.59300231933594,-80.50334930419922,-80.60346984863281,-79.43299865722656,-81.80882263183594,-81.9715576171875,-81.07408142089844,-79.73954772949219,-79.84552764892578,-80.67789459228516,-77.61634063720703,-79.47601318359375,-79.56754302978516,-77.85630798339844,-77.30999755859375,-76.83956146240234,-76.71800231933594,-75.18659973144531,-75.41551971435547,-77.1950912475586,-76.72407531738281,-75.93988037109375,-75.2872543334961,-75.57913970947266,-75.8653564453125,-76.05287170410156,-72.95482635498047,-73.05804443359375,-75.33485412597656,-74.3621597290039,-76.29920959472656,-77.07390594482422,-73.58975982666016,-74.48120880126953,-75.31441497802734,-73.51750183105469,-72.07891845703125,-73.39388275146484,-70.88836669921875,-70.38763427734375,-72.20284271240234,-72.3037338256836,-72.48609161376953,-74.1912612915039,-73.01821899414062,-71.61050415039062,-70.79733276367188,-68.9150390625,-67.71318054199219,-67.6836166381836,0.0
-80.50334930419922,-80.60346984863281,-79.43299865722656,-81.80882263183594,-81.9715576171875,-81.07408142089844,-79.73954772949219,-79.84552764892578,-80.67789459228516,-77.61634063720703,-79.47601318359375,-79.56754302978516,-77.85630798339844,-77.30999755859375,-76.83956146240234,-76.71800231933594,-75.18659973144531,-75.41551971435547,-77.1950912475586,-76.72407531738281,-75.93988037109375,-75.2872543334961,-75.57913970947266,-75.8653564453125,-76.05287170410156,-72.95482635498047,-73.05804443359375,-75.33485412597656,-74.3621597290039,-76.29920959472656,-77.07390594482422,-73.58975982666016,-74.48120880126953,-75.31441497802734,-73.51750183105469,-72.07891845703125,-73.39388275146484,-70.88836669921875,-70.38763427734375,-72.20284271240234,-72.3037338256836,-72.48609161376953,-74.1912612915039,-73.01821899414062,-71.61050415039062,-70.79733276367188,-68.9150390625,-67.71318054199219,-67.6836166381836,-67.2552261352539,0.0
-80.60346984863281,-79.43299865722656,-81.80882263183594,-81.9715576171875,-81.07408142089844,-79.73954772949219,-79.84552764892578,-80.67789459228516,-77.61634063720703,-79.47601318359375,-79.56754302978516,-77.85630798339844,-77.30999755859375,-76.83956146240234,-76.71800231933594,-75.18659973144531,-75.41551971435547,-77.1950912475586,-76.72407531738281,-75.93988037109375,-75.2872543334961,-75.57913970947266,-75.8653564453125,-76.05287170410156,-72.95482635498047,-73.05804443359375,-75.33485412597656,-74.3621597290039,-76.29920959472656,-77.07390594482422,-73.58975982666016,-74.48120880126953,-75.31441497802734,-73.51750183105469,-72.07891845703125,-73.39388275146484,-70.88836669921875,-70.38763427734375,-72.20284271240234,-72.3037338256836,-72.48609161376953,-74.1912612915039,-73.01821899414062,-71.61050415039062,-70.79733276367188,-68.9150390625,-67.71318054199219,-67.6836166381836,-67.2552261352539,-67.10336303710938,0.0
-79.43299865722656,-81.80882263183594,-81.9715576171875,-81.07408142089844,-79.73954772949219,-79.84552764892578,-80.67789459228516,-77.61634063720703,-79.47601318359375,-79.56754302978516,-77.85630798339844,-77.30999755859375,-76.83956146240234,-76.71800231933594,-75.18659973144531,-75.41551971435547,-77.1950912475586,-76.72407531738281,-75.93988037109375,-75.2872543334961,-75.57913970947266,-75.8653564453125,-76.05287170410156,-72.95482635498047,-73.05804443359375,-75.33485412597656,-74.3621597290039,-76.29920959472656,-77.07390594482422,-73.58975982666016,-74.48120880126953,-75.31441497802734,-73.51750183105469,-72.07891845703125,-73.39388275146484,-70.88836669921875,-70.38763427734375,-72.20284271240234,-72.3037338256836,-72.48609161376953,-74.1912612915039,-73.01821899414062,-71.61050415039062,-70.79733276367188,-68.9150390625,-67.71318054199219,-67.6836166381836,-67.2552261352539,-67.10336303710938,-66.92467498779297,0.0
-81.80882263183594,-81.9715576171875,-81.07408142089844,-79.73954772949219,-79.84552764892578,-80.67789459228516,-77.61634063720703,-79.47601318359375,-79.56754302978516,-77.85630798339844,-77.30999755859375,-76.83956146240234,-76.71800231933594,-75.18659973144531,-75.41551971435547,-77.1950912475586,-76.72407531738281,-75.93988037109375,-75.2872543334961,-75.57913970947266,-75.8653564453125,-76.05287170410156,-72.95482635498047,-73.05804443359375,-75.33485412597656,-74.3621597290039,-76.29920959472656,-77.07390594482422,-73.58975982666016,-74.48120880126953,-75.31441497802734,-73.51750183105469,-72.07891845703125,-73.39388275146484,-70.88836669921875,-70.38763427734375,-72.20284271240234,-72.3037338256836,-72.48609161376953,-74.1912612915039,-73.01821899414062,-71.61050415039062,-70.79733276367188,-68.9150390625,-67.71318054199219,-67.6836166381836,-67.2552261352539,-67.10336303710938,-66.92467498779297,-67.77083587646484,0.0
-81.9715576171875,-81.07408142089844,-79.73954772949219,-79.84552764892578,-80.67789459228516,-77.61634063720703,-79.47601318359375,-79.56754302978516,-77.85630798339844,-77.30999755859375,-76.83956146240234,-76.71800231933594,-75.18659973144531,-75.41551971435547,-77.1950912475586,-76.72407531738281,-75.93988037109375,-75.2872543334961,-75.57913970947266,-75.8653564453125,-76.05287170410156,-72.95482635498047,-73.05804443359375,-75.33485412597656,-74.3621597290039,-76.29920959472656,-77.07390594482422,-73.58975982666016,-74.48120880126953,-75.31441497802734,-73.51750183105469,-72.07891845703125,-73.39388275146484,-70.88836669921875,-70.38763427734375,-72.20284271240234,-72.3037338256836,-72.48609161376953,-74.1912612915039,-73.01821899414062,-71.61050415039062,-70.79733276367188,-68.9150390625,-67.71318054199219,-67.6836166381836,-67.2552261352539,-67.10336303710938,-66.92467498779297,-67.77083587646484,-68.41228485107422,0.0
-81.07408142089844,-79.73954772949219,-79.84552764892578,-80.67789459228516,-77.61634063720703,-79.47601318359375,-79.56754302978516,-77.85630798339844,-77.30999755859375,-76.83956146240234,-76.71800231933594,-75.18659973144531,-75.41551971435547,-77.1950912475586,-76.72407531738281,-75.93988037109375,-75.2872543334961,-75.57913970947266,-75.8653564453125,-76.05287170410156,-72.95482635498047,-73.05804443359375,-75.33485412597656,-74.3621597290039,-76.29920959472656,-77.07390594482422,-73.58975982666016,-74.48120880126953,-75.31441497802734,-73.51750183105469,-72.07891845703125,-73.39388275146484,-70.88836669921875,-70.38763427734375,-72.20284271240234,-72.3037338256836,-72.48609161376953,-74.1912612915039,-73.01821899414062,-71.61050415039062,-70.79733276367188,-68.9150390625,-67.71318054199219,-67.6836166381836,-67.2552261352539,-67.10336303710938,-66.92467498779297,-67.77083587646484,-68.41228485107422,-68.6678695678711,0.0
-79.73954772949219,-79.84552764892578,-80.67789459228516,-77.61634063720703,-79.47601318359375,-79.56754302978516,-77.85630798339844,-77.30999755859375,-76.83956146240234,-76.71800231933594,-75.18659973144531,-75.41551971435547,-77.1950912475586,-76.72407531738281,-75.93988037109375,-75.2872543334961,-75.57913970947266,-75.8653564453125,-76.05287170410156,-72.95482635498047,-73.05804443359375,-75.33485412597656,-74.3621597290039,-76.29920959472656,-77.07390594482422,-73.58975982666016,-74.48120880126953,-75.31441497802734,-73.51750183105469,-72.07891845703125,-73.39388275146484,-70.88836669921875,-70.38763427734375,-72.20284271240234,-72.3037338256836,-72.48609161376953,-74.1912612915039,-73.01821899414062,-71.61050415039062,-70.79733276367188,-68.9150390625,-67.71318054199219,-67.6836166381836,-67.2552261352539,-67.10336303710938,-66.92467498779297,-67.77083587646484,-68.41228485107422,-68.6678695678711,-67.85360717773438,0.0
-79.84552764892578,-80.67789459228516,-77.61634063720703,-79.47601318359375,-79.56754302978516,-77.85630798339844,-77.30999755859375,-76.83956146240234,-76.71800231933594,-75.18659973144531,-75.41551971435547,-77.1950912475586,-76.72407531738281,-75.93988037109375,-75.2872543334961,-75.57913970947266,-75.8653564453125,-76.05287170410156,-72.95482635498047,-73.05804443359375,-75.33485412597656,-74.3621597290039,-76.29920959472656,-77.07390594482422,-73.58975982666016,-74.48120880126953,-75.31441497802734,-73.51750183105469,-72.07891845703125,-73.39388275146484,-70.88836669921875,-70.38763427734375,-72.20284271240234,-72.3037338256836,-72.48609161376953,-74.1912612915039,-73.01821899414062,-71.61050415039062,-70.79733276367188,-68.9150390625,-67.71318054199219,-67.6836166381836,-67.2552261352539,-67.10336303710938,-66.92467498779297,-67.77083587646484,-68.41228485107422,-68.6678695678711,-67.85360717773438,-68.10450744628906,0.0
-80.67789459228516,-77.61634063720703,-79.47601318359375,-79.56754302978516,-77.85630798339844,-77.30999755859375,-76.83956146240234,-76.71800231933594,-75.18659973144531,-75.41551971435547,-77.1950912475586,-76.72407531738281,-75.93988037109375,-75.2872543334961,-75.57913970947266,-75.8653564453125,-76.05287170410156,-72.95482635498047,-73.05804443359375,-75.33485412597656,-74.3621597290039,-76.29920959472656,-77.07390594482422,-73.58975982666016,-74.48120880126953,-75.31441497802734,-73.51750183105469,-72.07891845703125,-73.39388275146484,-70.88836669921875,-70.38763427734375,-72.20284271240234,-72.3037338256836,-72.48609161376953,-74.1912612915039,-73.01821899414062,-71.61050415039062,-70.79733276367188,-68.9150390625,-67.71318054199219,-67.6836166381836,-67.2552261352539,-67.10336303710938,-66.92467498779297,-67.77083587646484,-68.41228485107422,-68.6678695678711,-67.85360717773438,-68.10450744628906,-69.01005554199219,0.0
-77.61634063720703,-79.47601318359375,-79.56754302978516,-77.85630798339844,-77.30999755859375,-76.83956146240234,-76.71800231933594,-75.18659973144531,-75.41551971435547,-77.1950912475586,-76.72407531738281,-75.93988037109375,-75.2872543334961,-75.57913970947266,-75.8653564453125,-76.05287170410156,-72.95482635498047,-73.05804443359375,-75.33485412597656,-74.3621597290039,-76.29920959472656,-77.07390594482422,-73.58975982666016,-74.48120880126953,-75.31441497802734,-73.51750183105469,-72.07891845703125,-73.39388275146484,-70.88836669921875,-70.38763427734375,-72.20284271240234,-72.3037338256836,-72.48609161376953,-74.1912612915039,-73.01821899414062,-71.61050415039062,-70.79733276367188,-68.9150390625,-67.71318054199219,-67.6836166381836,-67.2552261352539,-67.10336303710938,-66.92467498779297,-67.77083587646484,-68.41228485107422,-68.6678695678711,-67.85360717773438,-68.10450744628906,-69.01005554199219,-68.83441925048828,0.0
-79.47601318359375,-79.56754302978516,-77.85630798339844,-77.30999755859375,-76.83956146240234,-76.71800231933594,-75.18659973144531,-75.41551971435547,-77.1950912475586,-76.72407531738281,-75.93988037109375,-75.2872543334961,-75.57913970947266,-75.8653564453125,-76.05287170410156,-72.95482635498047,-73.05804443359375,-75.33485412597656,-74.3621597290039,-76.29920959472656,-77.07390594482422,-73.58975982666016,-74.48120880126953,-75.31441497802734,-73.51750183105469,-72.07891845703125,-73.39388275146484,-70.88836669921875,-70.38763427734375,-72.20284271240234,-72.3037338256836,-72.48609161376953,-74.1912612915039,-73.01821899414062,-71.61050415039062,-70.79733276367188,-68.9150390625,-67.71318054199219,-67.6836166381836,-67.2552261352539,-67.10336303710938,-66.92467498779297,-67.77083587646484,-68.41228485107422,-68.6678695678711,-67.85360717773438,-68.10450744628906,-69.01005554199219,-68.83441925048828,-68.13155364990234,0.0
-79.56754302978516,-77.85630798339844,-77.30999755859375,-76.83956146240234,-76.71800231933594,-75.18659973144531,-75.41551971435547,-77.1950912475586,-76.72407531738281,-75.93988037109375,-75.2872543334961,-75.57913970947266,-75.8653564453125,-76.05287170410156,-72.95482635498047,-73.05804443359375,-75.33485412597656,-74.3621597290039,-76.29920959472656,-77.07390594482422,-73.58975982666016,-74.48120880126953,-75.31441497802734,-73.51750183105469,-72.07891845703125,-73.39388275146484,-70.88836669921875,-70.38763427734375,-72.20284271240234,-72.3037338256836,-72.48609161376953,-74.1912612915039,-73.01821899414062,-71.61050415039062,-70.79733276367188,-68.9150390625,-67.71318054199219,-67.6836166381836,-67.2552261352539,-67.10336303710938,-66.92467498779297,-67.77083587646484,-68.41228485107422,-68.6678695678711,-67.85360717773438,-68.10450744628906,-69.01005554199219,-68.83441925048828,-68.13155364990234,-68.52017974853516,0.0
-77.85630798339844,-77.30999755859375,-76.83956146240234,-76.71800231933594,-75.18659973144531,-75.41551971435547,-77.1950912475586,-76.72407531738281,-75.93988037109375,-75.2872543334961,-75.57913970947266,-75.8653564453125,-76.05287170410156,-72.95482635498047,-73.05804443359375,-75.33485412597656,-74.3621597290039,-76.29920959472656,-77.07390594482422,-73.58975982666016,-74.48120880126953,-75.31441497802734,-73.51750183105469,-72.07891845703125,-73.39388275146484,-70.88836669921875,-70.38763427734375,-72.20284271240234,-72.3037338256836,-72.48609161376953,-74.1912612915039,-73.01821899414062,-71.61050415039062,-70.79733276367188,-68.9150390625,-67.71318054199219,-67.6836166381836,-67.2552261352539,-67.10336303710938,-66.92467498779297,-67.77083587646484,-68.41228485107422,-68.6678695678711,-67.85360717773438,-68.10450744628906,-69.01005554199219,-68.83441925048828,-68.13155364990234,-68.52017974853516,-67.6161880493164,0.0
-77.30999755859375,-76.83956146240234,-76.71800231933594,-75.18659973144531,-75.41551971435547,-77.1950912475586,-76.72407531738281,-75.93988037109375,-75.2872543334961,-75.57913970947266,-75.8653564453125,-76.05287170410156,-72.95482635498047,-73.05804443359375,-75.33485412597656,-74.3621597290039,-76.29920959472656,-77.07390594482422,-73.58975982666016,-74.48120880126953,-75.31441497802734,-73.51750183105469,-72.07891845703125,-73.39388275146484,-70.88836669921875,-70.38763427734375,-72.20284271240234,-72.3037338256836,-72.48609161376953,-74.1912612915039,-73.01821899414062,-71.61050415039062,-70.79733276367188,-68.9150390625,-67.71318054199219,-67.6836166381836,-67.2552261352539,-67.10336303710938,-66.92467498779297,-67.77083587646484,-68.41228485107422,-68.6678695678711,-67.85360717773438,-68.10450744628906,-69.01005554199219,-68.83441925048828,-68.13155364990234,-68.52017974853516,-67.6161880493164,-66.91301727294922,0.0
-76.83956146240234,-76.71800231933594,-75.18659973144531,-75.41551971435547,-77.1950912475586,-76.72407531738281,-75.93988037109375,-75.2872543334961,-75.57913970947266,-75.8653564453125,-76.05287170410156,-72.95482635498047,-73.05804443359375,-75.33485412597656,-74.3621597290039,-76.29920959472656,-77.07390594482422,-73.58975982666016,-74.48120880126953,-75.31441497802734,-73.51750183105469,-72.07891845703125,-73.39388275146484,-70.88836669921875,-70.38763427734375,-72.20284271240234,-72.3037338256836,-72.48609161376953,-74.1912612915039,-73.01821899414062,-71.61050415039062,-70.79733276367188,-68.9150390625,-67.71318054199219,-67.6836166381836,-67.2552261352539,-67.10336303710938,-66.92467498779297,-67.77083587646484,-68.41228485107422,-68.6678695678711,-67.85360717773438,-68.10450744628906,-69.01005554199219,-68.83441925048828,-68.13155364990234,-68.52017974853516,-67.6161880493164,-66.91301727294922,-67.55697631835938,0.0
-76.71800231933594,-75.18659973144531,-75.41551971435547,-77.1950912475586,-76.72407531738281,-75.93988037109375,-75.2872543334961,-75.57913970947266,-75.8653564453125,-76.05287170410156,-72.95482635498047,-73.05804443359375,-75.33485412597656,-74.3621597290039,-76.29920959472656,-77.07390594482422,-73.58975982666016,-74.48120880126953,-75.31441497802734,-73.51750183105469,-72.07891845703125,-73.39388275146484,-70.88836669921875,-70.38763427734375,-72.20284271240234,-72.3037338256836,-72.48609161376953,-74.1912612915039,-73.01821899414062,-71.61050415039062,-70.79733276367188,-68.9150390625,-67.71318054199219,-67.6836166381836,-67.2552261352539,-67.10336303710938,-66.92467498779297,-67.77083587646484,-68.41228485107422,-68.6678695678711,-67.85360717773438,-68.10450744628906,-69.01005554199219,-68.83441925048828,-68.13155364990234,-68.52017974853516,-67.6161880493164,-66.91301727294922,-67.55697631835938,-68.171630859375,0.0
-75.18659973144531,-75.41551971435547,-77.1950912475586,-76.72407531738281,-75.93988037109375,-75.2872543334961,-75.57913970947266,-75.8653564453125,-76.05287170410156,-72.95482635498047,-73.05804443359375,-75.33485412597656,-74.3621597290039,-76.29920959472656,-77.07390594482422,-73.58975982666016,-74.48120880126953,-75.31441497802734,-73.51750183105469,-72.07891845703125,-73.39388275146484,-70.88836669921875,-70.38763427734375,-72.20284271240234,-72.3037338256836,-72.48609161376953,-74.1912612915039,-73.01821899414062,-71.61050415039062,-70.79733276367188,-68.9150390625,-67.71318054199219,-67.6836166381836,-67.2552261352539,-67.10336303710938,-66.92467498779297,-67.77083587646484,-68.41228485107422,-68.6678695678711,-67.85360717773438,-68.10450744628906,-69.01005554199219,-68.83441925048828,-68.13155364990234,-68.52017974853516,-67.6161880493164,-66.91301727294922,-67.55697631835938,-68.171630859375,-68.8110580444336,0.0
-75.41551971435547,-77.1950912475586,-76.72407531738281,-75.93988037109375,-75.2872543334961,-75.57913970947266,-75.8653564453125,-76.05287170410156,-72.95482635498047,-73.05804443359375,-75.33485412597656,-74.3621597290039,-76.29920959472656,-77.07390594482422,-73.58975982666016,-74.48120880126953,-75.31441497802734,-73.51750183105469,-72.07891845703125,-73.39388275146484,-70.88836669921875,-70.38763427734375,-72.20284271240234,-72.3037338256836,-72.48609161376953,-74.1912612915039,-73.01821899414062,-71.61050415039062,-70.79733276367188,-68.9150390625,-67.71318054199219,-67.6836166381836,-67.2552261352539,-67.10336303710938,-66.92467498779297,-67.77083587646484,-68.41228485107422,-68.6678695678711,-67.85360717773438,-68.10450744628906,-69.01005554199219,-68.83441925048828,-68.13155364990234,-68.52017974853516,-67.6161880493164,-66.91301727294922,-67.55697631835938,-68.171630859375,-68.8110580444336,-68.7476577758789,0.0
-77.1950912475586,-76.72407531738281,-75.93988037109375,-75.2872543334961,-75.57913970947266,-75.8653564453125,-76.05287170410156,-72.95482635498047,-73.05804443359375,-75.33485412597656,-74.3621597290039,-76.29920959472656,-77.07390594482422,-73.58975982666016,-74.48120880126953,-75.31441497802734,-73.51750183105469,-72.07891845703125,-73.39388275146484,-70.88836669921875,-70.38763427734375,-72.20284271240234,-72.3037338256836,-72.48609161376953,-74.1912612915039,-73.01821899414062,-71.61050415039062,-70.79733276367188,-68.9150390625,-67.71318054199219,-67.6836166381836,-67.2552261352539,-67.10336303710938,-66.92467498779297,-67.77083587646484,-68.41228485107422,-68.6678695678711,-67.85360717773438,-68.10450744628906,-69.01005554199219,-68.83441925048828,-68.13155364990234,-68.52017974853516,-67.6161880493164,-66.91301727294922,-67.55697631835938,-68.171630859375,-68.8110580444336,-68.7476577758789,-67.98554229736328,0.0
-76.72407531738281,-75.93988037109375,-75.2872543334961,-75.57913970947266,-75.8653564453125,-76.05287170410156,-72.95482635498047,-73.05804443359375,-75.33485412597656,-74.3621597290039,-76.29920959472656,-77.07390594482422,-73.58975982666016,-74.48120880126953,-75.31441497802734,-73.51750183105469,-72.07891845703125,-73.39388275146484,-70.88836669921875,-70.38763427734375,-72.20284271240234,-72.3037338256836,-72.48609161376953,-74.1912612915039,-73.01821899414062,-71.61050415039062,-70.79733276367188,-68.9150390625,-67.71318054199219,-67.6836166381836,-67.2552261352539,-67.10336303710938,-66.92467498779297,-67.77083587646484,-68.41228485107422,-68.6678695678711,-67.85360717773438,-68.10450744628906,-69.01005554199219,-68.83441925048828,-68.13155364990234,-68.52017974853516,-67.6161880493164,-66.91301727294922,-67.55697631835938,-68.171630859375,-68.8110580444336,-68.7476577758789,-67.98554229736328,-69.2099838256836,0.0
-75.93988037109375,-75.2872543334961,-75.57913970947266,-75.8653564453125,-76.05287170410156,-72.95482635498047,-73.05804443359375,-75.33485412597656,-74.3621597290039,-76.29920959472656,-77.07390594482422,-73.58975982666016,-74.48120880126953,-75.31441497802734,-73.51750183105469,-72.07891845703125,-73.39388275146484,-70.88836669921875,-70.38763427734375,-72.20284271240234,-72.3037338256836,-72.48609161376953,-74.1912612915039,-73.01821899414062,-71.61050415039062,-70.79733276367188,-68.9150390625,-67.71318054199219,-67.6836166381836,-67.2552261352539,-67.10336303710938,-66.92467498779297,-67.77083587646484,-68.41228485107422,-68.6678695678711,-67.85360717773438,-68.10450744628906,-69.01005554199219,-68.83441925048828,-68.13155364990234,-68.52017974853516,-67.6161880493164,-66.91301727294922,-67.55697631835938,-68.171630859375,-68.8110580444336,-68.7476577758789,-67.98554229736328,-69.2099838256836,-69.17330169677734,0.0
-75.2872543334961,-75.57913970947266,-75.8653564453125,-76.05287170410156,-72.95482635498047,-73.05804443359375,-75.33485412597656,-74.3621597290039,-76.29920959472656,-77.07390594482422,-73.58975982666016,-74.48120880126953,-75.31441497802734,-73.51750183105469,-72.07891845703125,-73.39388275146484,-70.88836669921875,-70.38763427734375,-72.20284271240234,-72.3037338256836,-72.48609161376953,-74.1912612915039,-73.01821899414062,-71.61050415039062,-70.79733276367188,-68.9150390625,-67.71318054199219,-67.6836166381836,-67.2552261352539,-67.10336303710938,-66.92467498779297,-67.77083587646484,-68.41228485107422,-68.6678695678711,-67.85360717773438,-68.10450744628906,-69.01005554199219,-68.83441925048828,-68.13155364990234,-68.52017974853516,-67.6161880493164,-66.91301727294922,-67.55697631835938,-68.171630859375,-68.8110580444336,-68.7476577758789,-67.98554229736328,-69.2099838256836,-69.17330169677734,-67.77765655517578,0.0
-75.57913970947266,-75.8653564453125,-76.05287170410156,-72.95482635498047,-73.05804443359375,-75.33485412597656,-74.3621597290039,-76.29920959472656,-77.07390594482422,-73.58975982666016,-74.48120880126953,-75.31441497802734,-73.51750183105469,-72.07891845703125,-73.39388275146484,-70.88836669921875,-70.38763427734375,-72.20284271240234,-72.3037338256836,-72.48609161376953,-74.1912612915039,-73.01821899414062,-71.61050415039062,-70.79733276367188,-68.9150390625,-67.71318054199219,-67.6836166381836,-67.2552261352539,-67.10336303710938,-66.92467498779297,-67.77083587646484,-68.41228485107422,-68.6678695678711,-67.85360717773438,-68.10450744628906,-69.01005554199219,-68.83441925048828,-68.13155364990234,-68.52017974853516,-67.6161880493164,-66.91301727294922,-67.55697631835938,-68.171630859375,-68.8110580444336,-68.7476577758789,-67.98554229736328,-69.2099838256836,-69.17330169677734,-67.77765655517578,-67.55353546142578,0.0
-75.8653564453125,-76.05287170410156,-72.95482635498047,-73.05804443359375,-75.33485412597656,-74.3621597290039,-76.29920959472656,-77.07390594482422,-73.58975982666016,-74.48120880126953,-75.31441497802734,-73.51750183105469,-72.07891845703125,-73.39388275146484,-70.88836669921875,-70.38763427734375,-72.20284271240234,-72.3037338256836,-72.48609161376953,-74.1912612915039,-73.01821899414062,-71.61050415039062,-70.79733276367188,-68.9150390625,-67.71318054199219,-67.6836166381836,-67.2552261352539,-67.10336303710938,-66.92467498779297,-67.77083587646484,-68.41228485107422,-68.6678695678711,-67.85360717773438,-68.10450744628906,-69.01005554199219,-68.83441925048828,-68.13155364990234,-68.52017974853516,-67.6161880493164,-66.91301727294922,-67.55697631835938,-68.171630859375,-68.8110580444336,-68.7476577758789,-67.98554229736328,-69.2099838256836,-69.17330169677734,-67.77765655517578,-67.55353546142578,-67.20098876953125,0.0
-76.05287170410156,-72.95482635498047,-73.05804443359375,-75.33485412597656,-74.3621597290039,-76.29920959472656,-77.07390594482422,-73.58975982666016,-74.48120880126953,-75.31441497802734,-73.51750183105469,-72.07891845703125,-73.39388275146484,-70.88836669921875,-70.38763427734375,-72.20284271240234,-72.3037338256836,-72.48609161376953,-74.1912612915039,-73.01821899414062,-71.61050415039062,-70.79733276367188,-68.9150390625,-67.71318054199219,-67.6836166381836,-67.2552261352539,-67.10336303710938,-66.92467498779297,-67.77083587646484,-68.41228485107422,-68.6678695678711,-67.85360717773438,-68.10450744628906,-69.01005554199219,-68.83441925048828,-68.13155364990234,-68.52017974853516,-67.6161880493164,-66.91301727294922,-67.55697631835938,-68.171630859375,-68.8110580444336,-68.7476577758789,-67.98554229736328,-69.2099838256836,-69.17330169677734,-67.77765655517578,-67.55353546142578,-67.20098876953125,-67.93909454345703,0.0
-72.95482635498047,-73.05804443359375,-75.33485412597656,-74.3621597290039,-76.29920959472656,-77.07390594482422,-73.58975982666016,-74.48120880126953,-75.31441497802734,-73.51750183105469,-72.07891845703125,-73.39388275146484,-70.88836669921875,-70.38763427734375,-72.20284271240234,-72.3037338256836,-72.48609161376953,-74.1912612915039,-73.01821899414062,-71.61050415039062,-70.79733276367188,-68.9150390625,-67.71318054199219,-67.6836166381836,-67.2552261352539,-67.10336303710938,-66.92467498779297,-67.77083587646484,-68.41228485107422,-68.6678695678711,-67.85360717773438,-68.10450744628906,-69.01005554199219,-68.83441925048828,-68.13155364990234,-68.52017974853516,-67.6161880493164,-66.91301727294922,-67.55697631835938,-68.171630859375,-68.8110580444336,-68.7476577758789,-67.98554229736328,-69.2099838256836,-69.17330169677734,-67.77765655517578,-67.55353546142578,-67.20098876953125,-67.93909454345703,-68.04017639160156,0.0
-73.05804443359375,-75.33485412597656,-74.3621597290039,-76.29920959472656,-77.07390594482422,-73.58975982666016,-74.48120880126953,-75.31441497802734,-73.51750183105469,-72.07891845703125,-73.39388275146484,-70.88836669921875,-70.38763427734375,-72.20284271240234,-72.3037338256836,-72.48609161376953,-74.1912612915039,-73.01821899414062,-71.61050415039062,-70.79733276367188,-68.9150390625,-67.71318054199219,-67.6836166381836,-67.2552261352539,-67.10336303710938,-66.92467498779297,-67.77083587646484,-68.41228485107422,-68.6678695678711,-67.85360717773438,-68.10450744628906,-69.01005554199219,-68.83441925048828,-68.13155364990234,-68.52017974853516,-67.6161880493164,-66.91301727294922,-67.55697631835938,-68.171630859375,-68.8110580444336,-68.7476577758789,-67.98554229736328,-69.2099838256836,-69.17330169677734,-67.77765655517578,-67.55353546142578,-67.20098876953125,-67.93909454345703,-68.04017639160156,-67.88551330566406,0.0
-75.33485412597656,-74.3621597290039,-76.29920959472656,-77.07390594482422,-73.58975982666016,-74.48120880126953,-75.31441497802734,-73.51750183105469,-72.07891845703125,-73.39388275146484,-70.88836669921875,-70.38763427734375,-72.20284271240234,-72.3037338256836,-72.48609161376953,-74.1912612915039,-73.01821899414062,-71.61050415039062,-70.79733276367188,-68.9150390625,-67.71318054199219,-67.6836166381836,-67.2552261352539,-67.10336303710938,-66.92467498779297,-67.77083587646484,-68.41228485107422,-68.6678695678711,-67.85360717773438,-68.10450744628906,-69.01005554199219,-68.83441925048828,-68.13155364990234,-68.52017974853516,-67.6161880493164,-66.91301727294922,-67.55697631835938,-68.171630859375,-68.8110580444336,-68.7476577758789,-67.98554229736328,-69.2099838256836,-69.17330169677734,-67.77765655517578,-67.55353546142578,-67.20098876953125,-67.93909454345703,-68.04017639160156,-67.88551330566406,-68.48847198486328,0.0
-74.3621597290039,-76.29920959472656,-77.07390594482422,-73.58975982666016,-74.48120880126953,-75.31441497802734,-73.51750183105469,-72.07891845703125,-73.39388275146484,-70.88836669921875,-70.38763427734375,-72.20284271240234,-72.3037338256836,-72.48609161376953,-74.1912612915039,-73.01821899414062,-71.61050415039062,-70.79733276367188,-68.9150390625,-67.71318054199219,-67.6836166381836,-67.2552261352539,-67.10336303710938,-66.92467498779297,-67.77083587646484,-68.41228485107422,-68.6678695678711,-67.85360717773438,-68.10450744628906,-69.01005554199219,-68.83441925048828,-68.13155364990234,-68.52017974853516,-67.6161880493164,-66.91301727294922,-67.55697631835938,-68.171630859375,-68.8110580444336,-68.7476577758789,-67.98554229736328,-69.2099838256836,-69.17330169677734,-67.77765655517578,-67.55353546142578,-67.20098876953125,-67.93909454345703,-68.04017639160156,-67.88551330566406,-68.48847198486328,-68.80899047851562,0.0
-76.29920959472656,-77.07390594482422,-73.58975982666016,-74.48120880126953,-75.31441497802734,-73.51750183105469,-72.07891845703125,-73.39388275146484,-70.88836669921875,-70.38763427734375,-72.20284271240234,-72.3037338256836,-72.48609161376953,-74.1912612915039,-73.01821899414062,-71.61050415039062,-70.79733276367188,-68.9150390625,-67.71318054199219,-67.6836166381836,-67.2552261352539,-67.10336303710938,-66.92467498779297,-67.77083587646484,-68.41228485107422,-68.6678695678711,-67.85360717773438,-68.10450744628906,-69.01005554199219,-68.83441925048828,-68.13155364990234,-68.52017974853516,-67.6161880493164,-66.91301727294922,-67.55697631835938,-68.171630859375,-68.8110580444336,-68.7476577758789,-67.98554229736328,-69.2099838256836,-69.17330169677734,-67.77765655517578,-67.55353546142578,-67.20098876953125,-67.93909454345703,-68.04017639160156,-67.88551330566406,-68.48847198486328,-68.80899047851562,-69.32095336914062,0.0
-77.07390594482422,-73.58975982666016,-74.48120880126953,-75.31441497802734,-73.51750183105469,-72.07891845703125,-73.39388275146484,-70.88836669921875,-70.38763427734375,-72.20284271240234,-72.3037338256836,-72.48609161376953,-74.1912612915039,-73.01821899414062,-71.61050415039062,-70.79733276367188,-68.9150390625,-67.71318054199219,-67.6836166381836,-67.2552261352539,-67.10336303710938,-66.92467498779297,-67.77083587646484,-68.41228485107422,-68.6678695678711,-67.85360717773438,-68.10450744628906,-69.01005554199219,-68.83441925048828,-68.13155364990234,-68.52017974853516,-67.6161880493164,-66.91301727294922,-67.55697631835938,-68.171630859375,-68.8110580444336,-68.7476577758789,-67.98554229736328,-69.2099838256836,-69.17330169677734,-67.77765655517578,-67.55353546142578,-67.20098876953125,-67.93909454345703,-68.04017639160156,-67.88551330566406,-68.48847198486328,-68.80899047851562,-69.32095336914062,-70.19796752929688,1.0
-73.58975982666016,-74.48120880126953,-75.31441497802734,-73.51750183105469,-72.07891845703125,-73.39388275146484,-70.88836669921875,-70.38763427734375,-72.20284271240234,-72.3037338256836,-72.48609161376953,-74.1912612915039,-73.01821899414062,-71.61050415039062,-70.79733276367188,-68.9150390625,-67.71318054199219,-67.6836166381836,-67.2552261352539,-67.10336303710938,-66.92467498779297,-67.77083587646484,-68.41228485107422,-68.6678695678711,-67.85360717773438,-68.10450744628906,-69.01005554199219,-68.83441925048828,-68.13155364990234,-68.52017974853516,-67.6161880493164,-66.91301727294922,-67.55697631835938,-68.171630859375,-68.8110580444336,-68.7476577758789,-67.98554229736328,-69.2099838256836,-69.17330169677734,-67.77765655517578,-67.55353546142578,-67.20098876953125,-67.93909454345703,-68.04017639160156,-67.88551330566406,-68.48847198486328,-68.80899047851562,-69.32095336914062,-70.19796752929688,-69.2332763671875,1.0
-74.48120880126953,-75.31441497802734,-73.51750183105469,-72.07891845703125,-73.39388275146484,-70.88836669921875,-70.38763427734375,-72.20284271240234,-72.3037338256836,-72.48609161376953,-74.1912612915039,-73.01821899414062,-71.61050415039062,-70.79733276367188,-68.9150390625,-67.71318054199219,-67.6836166381836,-67.2552261352539,-67.10336303710938,-66.92467498779297,-67.77083587646484,-68.41228485107422,-68.6678695678711,-67.85360717773438,-68.10450744628906,-69.01005554199219,-68.83441925048828,-68.13155364990234,-68.52017974853516,-67.6161880493164,-66.91301727294922,-67.55697631835938,-68.171630859375,-68.8110580444336,-68.7476577758789,-67.98554229736328,-69.2099838256836,-69.17330169677734,-67.77765655517578,-67.55353546142578,-67.20098876953125,-67.93909454345703,-68.04017639160156,-67.88551330566406,-68.48847198486328,-68.80899047851562,-69.32095336914062,-70.19796752929688,-69.2332763671875,-68.90021514892578,0.0
-75.31441497802734,-73.51750183105469,-72.07891845703125,-73.39388275146484,-70.88836669921875,-70.38763427734375,-72.20284271240234,-72.3037338256836,-72.48609161376953,-74.1912612915039,-73.01821899414062,-71.61050415039062,-70.79733276367188,-68.9150390625,-67.71318054199219,-67.6836166381836,-67.2552261352539,-67.10336303710938,-66.92467498779297,-67.77083587646484,-68.41228485107422,-68.6678695678711,-67.85360717773438,-68.10450744628906,-69.01005554199219,-68.83441925048828,-68.13155364990234,-68.52017974853516,-67.6161880493164,-66.91301727294922,-67.55697631835938,-68.171630859375,-68.8110580444336,-68.7476577758789,-67.98554229736328,-69.2099838256836,-69.17330169677734,-67.77765655517578,-67.55353546142578,-67.20098876953125,-67.93909454345703,-68.04017639160156,-67.88551330566406,-68.48847198486328,-68.80899047851562,-69.32095336914062,-70.19796752929688,-69.2332763671875,-68.90021514892578,-69.49131774902344,0.0
-73.51750183105469,-72.07891845703125,-73.39388275146484,-70.88836669921875,-70.38763427734375,-72.20284271240234,-72.3037338256836,-72.48609161376953,-74.1912612915039,-73.01821899414062,-71.61050415039062,-70.79733276367188,-68.9150390625,-67.71318054199219,-67.6836166381836,-67.2552261352539,-67.10336303710938,-66.92467498779297,-67.77083587646484,-68.41228485107422,-68.6678695678711,-67.85360717773438,-68.10450744628906,-69.01005554199219,-68.83441925048828,-68.13155364990234,-68.52017974853516,-67.6161880493164,-66.91301727294922,-67.55697631835938,-68.171630859375,-68.8110580444336,-68.7476577758789,-67.98554229736328,-69.2099838256836,-69.17330169677734,-67.77765655517578,-67.55353546142578,-67.20098876953125,-67.93909454345703,-68.04017639160156,-67.88551330566406,-68.48847198486328,-68.80899047851562,-69.32095336914062,-70.19796752929688,-69.2332763671875,-68.90021514892578,-69.49131774902344,-68.166748046875,0.0
-72.07891845703125,-73.39388275146484,-70.88836669921875,-70.38763427734375,-72.20284271240234,-72.3037338256836,-72.48609161376953,-74.1912612915039,-73.01821899414062,-71.61050415039062,-70.79733276367188,-68.9150390625,-67.71318054199219,-67.6836166381836,-67.2552261352539,-67.10336303710938,-66.92467498779297,-67.77083587646484,-68.41228485107422,-68.6678695678711,-67.85360717773438,-68.10450744628906,-69.01005554199219,-68.83441925048828,-68.13155364990234,-68.52017974853516,-67.6161880493164,-66.91301727294922,-67.55697631835938,-68.171630859375,-68.8110580444336,-68.7476577758789,-67.98554229736328,-69.2099838256836,-69.17330169677734,-67.77765655517578,-67.55353546142578,-67.20098876953125,-67.93909454345703,-68.04017639160156,-67.88551330566406,-68.48847198486328,-68.80899047851562,-69.32095336914062,-70.19796752929688,-69.2332763671875,-68.90021514892578,-69.49131774902344,-68.166748046875,-68.76874542236328,0.0
-73.39388275146484,-70.88836669921875,-70.38763427734375,-72.20284271240234,-72.3037338256836,-72.48609161376953,-74.1912612915039,-73.01821899414062,-71.61050415039062,-70.79733276367188,-68.9150390625,-67.71318054199219,-67.6836166381836,-67.2552261352539,-67.10336303710938,-66.92467498779297,-67.77083587646484,-68.41228485107422,-68.6678695678711,-67.85360717773438,-68.10450744628906,-69.01005554199219,-68.83441925048828,-68.13155364990234,-68.52017974853516,-67.6161880493164,-66.91301727294922,-67.55697631835938,-68.171630859375,-68.8110580444336,-68.7476577758789,-67.98554229736328,-69.2099838256836,-69.17330169677734,-67.77765655517578,-67.55353546142578,-67.20098876953125,-67.93909454345703,-68.04017639160156,-67.88551330566406,-68.48847198486328,-68.80899047851562,-69.32095336914062,-70.19796752929688,-69.2332763671875,-68.90021514892578,-69.49131774902344,-68.166748046875,-68.76874542236328,-69.27027893066406,0.0
-70.88836669921875,-70.38763427734375,-72.20284271240234,-72.3037338256836,-72.48609161376953,-74.1912612915039,-73.01821899414062,-71.61050415039062,-70.79733276367188,-68.9150390625,-67.71318054199219,-67.6836166381836,-67.2552261352539,-67.10336303710938,-66.92467498779297,-67.77083587646484,-68.41228485107422,-68.6678695678711,-67.85360717773438,-68.10450744628906,-69.01005554199219,-68.83441925048828,-68.13155364990234,-68.52017974853516,-67.6161880493164,-66.91301727294922,-67.55697631835938,-68.171630859375,-68.8110580444336,-68.7476577758789,-67.98554229736328,-69.2099838256836,-69.17330169677734,-67.77765655517578,-67.55353546142578,-67.20098876953125,-67.93909454345703,-68.04017639160156,-67.88551330566406,-68.48847198486328,-68.80899047851562,-69.32095336914062,-70.19796752929688,-69.2332763671875,-68.90021514892578,-69.49131774902344,-68.166748046875,-68.76874542236328,-69.27027893066406,-69.15721893310547,0.0
-70.38763427734375,-72.20284271240234,-72.3037338256836,-72.48609161376953,-74.1912612915039,-73.01821899414062,-71.61050415039062,-70.79733276367188,-68.9150390625,-67.71318054199219,-67.6836166381836,-67.2552261352539,-67.10336303710938,-66.92467498779297,-67.77083587646484,-68.41228485107422,-68.6678695678711,-67.85360717773438,-68.10450744628906,-69.01005554199219,-68.83441925048828,-68.13155364990234,-68.52017974853516,-67.6161880493164,-66.91301727294922,-67.55697631835938,-68.171630859375,-68.8110580444336,-68.7476577758789,-67.98554229736328,-69.2099838256836,-69.17330169677734,-67.77765655517578,-67.55353546142578,-67.20098876953125,-67.93909454345703,-68.04017639160156,-67.88551330566406,-68.48847198486328,-68.80899047851562,-69.32095336914062,-70.19796752929688,-69.2332763671875,-68.90021514892578,-69.49131774902344,-68.166748046875,-68.76874542236328,-69.27027893066406,-69.15721893310547,-69.34785461425781,0.0
-72.20284271240234,-72.3037338256836,-72.48609161376953,-74.1912612915039,-73.01821899414062,-71.61050415039062,-70.79733276367188,-68.9150390625,-67.71318054199219,-67.6836166381836,-67.2552261352539,-67.10336303710938,-66.92467498779297,-67.77083587646484,-68.41228485107422,-68.6678695678711,-67.85360717773438,-68.10450744628906,-69.01005554199219,-68.83441925048828,-68.13155364990234,-68.52017974853516,-67.6161880493164,-66.91301727294922,-67.55697631835938,-68.171630859375,-68.8110580444336,-68.7476577758789,-67.98554229736328,-69.2099838256836,-69.17330169677734,-67.77765655517578,-67.55353546142578,-67.20098876953125,-67.93909454345703,-68.04017639160156,-67.88551330566406,-68.48847198486328,-68.80899047851562,-69.32095336914062,-70.19796752929688,-69.2332763671875,-68.90021514892578,-69.49131774902344,-68.166748046875,-68.76874542236328,-69.27027893066406,-69.15721893310547,-69.34785461425781,-69.16463470458984,0.0
-72.3037338256836,-72.48609161376953,-74.1912612915039,-73.01821899414062,-71.61050415039062,-70.79733276367188,-68.9150390625,-67.71318054199219,-67.6836166381836,-67.2552261352539,-67.10336303710938,-66.92467498779297,-67.77083587646484,-68.41228485107422,-68.6678695678711,-67.85360717773438,-68.10450744628906,-69.01005554199219,-68.83441925048828,-68.13155364990234,-68.52017974853516,-67.6161880493164,-66.91301727294922,-67.55697631835938,-68.171630859375,-68.8110580444336,-68.7476577758789,-67.98554229736328,-69.2099838256836,-69.17330169677734,-67.77765655517578,-67.55353546142578,-67.20098876953125,-67.93909454345703,-68.04017639160156,-67.88551330566406,-68.48847198486328,-68.80899047851562,-69.32095336914062,-70.19796752929688,-69.2332763671875,-68.90021514892578,-69.49131774902344,-68.166748046875,-68.76874542236328,-69.27027893066406,-69.15721893310547,-69.34785461425781,-69.16463470458984,-69.31612396240234,0.0
-72.48609161376953,-74.1912612915039,-73.01821899414062,-71.61050415039062,-70.79733276367188,-68.9150390625,-67.71318054199219,-67.6836166381836,-67.2552261352539,-67.10336303710938,-66.92467498779297,-67.77083587646484,-68.41228485107422,-68.6678695678711,-67.85360717773438,-68.10450744628906,-69.01005554199219,-68.83441925048828,-68.13155364990234,-68.52017974853516,-67.6161880493164,-66.91301727294922,-67.55697631835938,-68.171630859375,-68.8110580444336,-68.7476577758789,-67.98554229736328,-69.2099838256836,-69.17330169677734,-67.77765655517578,-67.55353546142578,-67.20098876953125,-67.93909454345703,-68.04017639160156,-67.88551330566406,-68.48847198486328,-68.80899047851562,-69.32095336914062,-70.19796752929688,-69.2332763671875,-68.90021514892578,-69.49131774902344,-68.166748046875,-68.76874542236328,-69.27027893066406,-69.15721893310547,-69.34785461425781,-69.16463470458984,-69.31612396240234,-70.05987548828125,0.0
-74.1912612915039,-73.01821899414062,-71.61050415039062,-70.79733276367188,-68.9150390625,-67.71318054199219,-67.6836166381836,-67.2552261352539,-67.10336303710938,-66.92467498779297,-67.77083587646484,-68.41228485107422,-68.6678695678711,-67.85360717773438,-68.10450744628906,-69.01005554199219,-68.83441925048828,-68.13155364990234,-68.52017974853516,-67.6161880493164,-66.91301727294922,-67.55697631835938,-68.171630859375,-68.8110580444336,-68.7476577758789,-67.98554229736328,-69.2099838256836,-69.17330169677734,-67.77765655517578,-67.55353546142578,-67.20098876953125,-67.93909454345703,-68.04017639160156,-67.88551330566406,-68.48847198486328,-68.80899047851562,-69.32095336914062,-70.19796752929688,-69.2332763671875,-68.90021514892578,-69.49131774902344,-68.166748046875,-68.76874542236328,-69.27027893066406,-69.15721893310547,-69.34785461425781,-69.16463470458984,-69.31612396240234,-70.05987548828125,-69.851806640625,0.0
-73.01821899414062,-71.61050415039062,-70.79733276367188,-68.9150390625,-67.71318054199219,-67.6836166381836,-67.2552261352539,-67.10336303710938,-66.92467498779297,-67.77083587646484,-68.41228485107422,-68.6678695678711,-67.85360717773438,-68.10450744628906,-69.01005554199219,-68.83441925048828,-68.13155364990234,-68.52017974853516,-67.6161880493164,-66.91301727294922,-67.55697631835938,-68.171630859375,-68.8110580444336,-68.7476577758789,-67.98554229736328,-69.2099838256836,-69.17330169677734,-67.77765655517578,-67.55353546142578,-67.20098876953125,-67.93909454345703,-68.04017639160156,-67.88551330566406,-68.48847198486328,-68.80899047851562,-69.32095336914062,-70.19796752929688,-69.2332763671875,-68.90021514892578,-69.49131774902344,-68.166748046875,-68.76874542236328,-69.27027893066406,-69.15721893310547,-69.34785461425781,-69.16463470458984,-69.31612396240234,-70.05987548828125,-69.851806640625,-70.67581176757812,0.0
-71.61050415039062,-70.79733276367188,-68.9150390625,-67.71318054199219,-67.6836166381836,-67.2552261352539,-67.10336303710938,-66.92467498779297,-67.77083587646484,-68.41228485107422,-68.6678695678711,-67.85360717773438,-68.10450744628906,-69.01005554199219,-68.83441925048828,-68.13155364990234,-68.52017974853516,-67.6161880493164,-66.91301727294922,-67.55697631835938,-68.171630859375,-68.8110580444336,-68.7476577758789,-67.98554229736328,-69.2099838256836,-69.17330169677734,-67.77765655517578,-67.55353546142578,-67.20098876953125,-67.93909454345703,-68.04017639160156,-67.88551330566406,-68.48847198486328,-68.80899047851562,-69.32095336914062,-70.19796752929688,-69.2332763671875,-68.90021514892578,-69.49131774902344,-68.166748046875,-68.76874542236328,-69.27027893066406,-69.15721893310547,-69.34785461425781,-69.16463470458984,-69.31612396240234,-70.05987548828125,-69.851806640625,-70.67581176757812,-71.6706314086914,0.0
-70.79733276367188,-68.9150390625,-67.71318054199219,-67.6836166381836,-67.2552261352539,-67.10336303710938,-66.92467498779297,-67.77083587646484,-68.41228485107422,-68.6678695678711,-67.85360717773438,-68.10450744628906,-69.01005554199219,-68.83441925048828,-68.13155364990234,-68.52017974853516,-67.6161880493164,-66.91301727294922,-67.55697631835938,-68.171630859375,-68.8110580444336,-68.7476577758789,-67.98554229736328,-69.2099838256836,-69.17330169677734,-67.77765655517578,-67.55353546142578,-67.20098876953125,-67.93909454345703,-68.04017639160156,-67.88551330566406,-68.48847198486328,-68.80899047851562,-69.32095336914062,-70.19796752929688,-69.2332763671875,-68.90021514892578,-69.49131774902344,-68.166748046875,-68.76874542236328,-69.27027893066406,-69.15721893310547,-69.34785461425781,-69.16463470458984,-69.31612396240234,-70.05987548828125,-69.851806640625,-70.67581176757812,-71.6706314086914,-71.96965026855469,1.0
-68.9150390625,-67.71318054199219,-67.6836166381836,-67.2552261352539,-67.10336303710938,-66.92467498779297,-67.77083587646484,-68.41228485107422,-68.6678695678711,-67.85360717773438,-68.10450744628906,-69.01005554199219,-68.83441925048828,-68.13155364990234,-68.52017974853516,-67.6161880493164,-66.91301727294922,-67.55697631835938,-68.171630859375,-68.8110580444336,-68.7476577758789,-67.98554229736328,-69.2099838256836,-69.17330169677734,-67.77765655517578,-67.55353546142578,-67.20098876953125,-67.93909454345703,-68.04017639160156,-67.88551330566406,-68.48847198486328,-68.80899047851562,-69.32095336914062,-70.19796752929688,-69.2332763671875,-68.90021514892578,-69.49131774902344,-68.166748046875,-68.76874542236328,-69.27027893066406,-69.15721893310547,-69.34785461425781,-69.16463470458984,-69.31612396240234,-70.05987548828125,-69.851806640625,-70.67581176757812,-71.6706314086914,-71.96965026855469,-71.19392395019531,0.0
-67.71318054199219,-67.6836166381836,-67.2552261352539,-67.10336303710938,-66.92467498779297,-67.77083587646484,-68.41228485107422,-68.6678695678711,-67.85360717773438,-68.10450744628906,-69.01005554199219,-68.83441925048828,-68.13155364990234,-68.52017974853516,-67.6161880493164,-66.91301727294922,-67.55697631835938,-68.171630859375,-68.8110580444336,-68.7476577758789,-67.98554229736328,-69.2099838256836,-69.17330169677734,-67.77765655517578,-67.55353546142578,-67.20098876953125,-67.93909454345703,-68.04017639160156,-67.88551330566406,-68.48847198486328,-68.80899047851562,-69.32095336914062,-70.19796752929688,-69.2332763671875,-68.90021514892578,-69.49131774902344,-68.166748046875,-68.76874542236328,-69.27027893066406,-69.15721893310547,-69.34785461425781,-69.16463470458984,-69.31612396240234,-70.05987548828125,-69.851806640625,-70.67581176757812,-71.6706314086914,-71.96965026855469,-71.19392395019531,-70.46866607666016,0.0
-67.6836166381836,-67.2552261352539,-67.10336303710938,-66.92467498779297,-67.77083587646484,-68.41228485107422,-68.6678695678711,-67.85360717773438,-68.10450744628906,-69.01005554199219,-68.83441925048828,-68.13155364990234,-68.52017974853516,-67.6161880493164,-66.91301727294922,-67.55697631835938,-68.171630859375,-68.8110580444336,-68.7476577758789,-67.98554229736328,-69.2099838256836,-69.17330169677734,-67.77765655517578,-67.55353546142578,-67.20098876953125,-67.93909454345703,-68.04017639160156,-67.88551330566406,-68.48847198486328,-68.80899047851562,-69.32095336914062,-70.19796752929688,-69.2332763671875,-68.90021514892578,-69.49131774902344,-68.166748046875,-68.76874542236328,-69.27027893066406,-69.15721893310547,-69.34785461425781,-69.16463470458984,-69.31612396240234,-70.05987548828125,-69.851806640625,-70.67581176757812,-71.6706314086914,-71.96965026855469,-71.19392395019531,-70.46866607666016,-73.11185455322266,1.0
-67.2552261352539,-67.10336303710938,-66.92467498779297,-67.77083587646484,-68.41228485107422,-68.6678695678711,-67.85360717773438,-68.10450744628906,-69.01005554199219,-68.83441925048828,-68.13155364990234,-68.52017974853516,-67.6161880493164,-66.91301727294922,-67.55697631835938,-68.171630859375,-68.8110580444336,-68.7476577758789,-67.98554229736328,-69.2099838256836,-69.17330169677734,-67.77765655517578,-67.55353546142578,-67.20098876953125,-67.93909454345703,-68.04017639160156,-67.88551330566406,-68.48847198486328,-68.80899047851562,-69.32095336914062,-70.19796752929688,-69.2332763671875,-68.90021514892578,-69.49131774902344,-68.166748046875,-68.76874542236328,-69.27027893066406,-69.15721893310547,-69.34785461425781,-69.16463470458984,-69.31612396240234,-70.05987548828125,-69.851806640625,-70.67581176757812,-71.6706314086914,-71.96965026855469,-71.19392395019531,-70.46866607666016,-73.11185455322266,-73.21439361572266,0.0
-67.10336303710938,-66.92467498779297,-67.77083587646484,-68.41228485107422,-68.6678695678711,-67.85360717773438,-68.10450744628906,-69.01005554199219,-68.83441925048828,-68.13155364990234,-68.52017974853516,-67.6161880493164,-66.91301727294922,-67.55697631835938,-68.171630859375,-68.8110580444336,-68.7476577758789,-67.98554229736328,-69.2099838256836,-69.17330169677734,-67.77765655517578,-67.55353546142578,-67.20098876953125,-67.93909454345703,-68.04017639160156,-67.88551330566406,-68.48847198486328,-68.80899047851562,-69.32095336914062,-70.19796752929688,-69.2332763671875,-68.90021514892578,-69.49131774902344,-68.166748046875,-68.76874542236328,-69.27027893066406,-69.15721893310547,-69.34785461425781,-69.16463470458984,-69.31612396240234,-70.05987548828125,-69.851806640625,-70.67581176757812,-71.6706314086914,-71.96965026855469,-71.19392395019531,-70.46866607666016,-73.11185455322266,-73.21439361572266,-73.50875854492188,0.0
-66.92467498779297,-67.77083587646484,-68.41228485107422,-68.6678695678711,-67.85360717773438,-68.10450744628906,-69.01005554199219,-68.83441925048828,-68.13155364990234,-68.52017974853516,-67.6161880493164,-66.91301727294922,-67.55697631835938,-68.171630859375,-68.8110580444336,-68.7476577758789,-67.98554229736328,-69.2099838256836,-69.17330169677734,-67.77765655517578,-67.55353546142578,-67.20098876953125,-67.93909454345703,-68.04017639160156,-67.88551330566406,-68.48847198486328,-68.80899047851562,-69.32095336914062,-70.19796752929688,-69.2332763671875,-68.90021514892578,-69.49131774902344,-68.166748046875,-68.76874542236328,-69.27027893066406,-69.15721893310547,-69.34785461425781,-69.16463470458984,-69.31612396240234,-70.05987548828125,-69.851806640625,-70.67581176757812,-71.6706314086914,-71.96965026855469,-71.19392395019531,-70.46866607666016,-73.11185455322266,-73.21439361572266,-73.50875854492188,-73.03704071044922,0.0
-67.77083587646484,-68.41228485107422,-68.6678695678711,-67.85360717773438,-68.10450744628906,-69.01005554199219,-68.83441925048828,-68.13155364990234,-68.52017974853516,-67.6161880493164,-66.91301727294922,-67.55697631835938,-68.171630859375,-68.8110580444336,-68.7476577758789,-67.98554229736328,-69.2099838256836,-69.17330169677734,-67.77765655517578,-67.55353546142578,-67.20098876953125,-67.93909454345703,-68.04017639160156,-67.88551330566406,-68.48847198486328,-68.80899047851562,-69.32095336914062,-70.19796752929688,-69.2332763671875,-68.90021514892578,-69.49131774902344,-68.166748046875,-68.76874542236328,-69.27027893066406,-69.15721893310547,-69.34785461425781,-69.16463470458984,-69.31612396240234,-70.05987548828125,-69.851806640625,-70.67581176757812,-71.6706314086914,-71.96965026855469,-71.19392395019531,-70.46866607666016,-73.11185455322266,-73.21439361572266,-73.50875854492188,-73.03704071044922,-72.52233123779297,1.0
-68.41228485107422,-68.6678695678711,-67.85360717773438,-68.10450744628906,-69.01005554199219,-68.83441925048828,-68.13155364990234,-68.52017974853516,-67.6161880493164,-66.91301727294922,-67.55697631835938,-68.171630859375,-68.8110580444336,-68.7476577758789,-67.98554229736328,-69.2099838256836,-69.17330169677734,-67.77765655517578,-67.55353546142578,-67.20098876953125,-67.93909454345703,-68.04017639160156,-67.88551330566406,-68.48847198486328,-68.80899047851562,-69.32095336914062,-70.19796752929688,-69.2332763671875,-68.90021514892578,-69.49131774902344,-68.166748046875,-68.76874542236328,-69.27027893066406,-69.15721893310547,-69.34785461425781,-69.16463470458984,-69.31612396240234,-70.05987548828125,-69.851806640625,-70.67581176757812,-71.6706314086914,-71.96965026855469,-71.19392395019531,-70.46866607666016,-73.11185455322266,-73.21439361572266,-73.50875854492188,-73.03704071044922,-72.52233123779297,-72.70816802978516,1.0
-68.6678695678711,-67.85360717773438,-68.10450744628906,-69.01005554199219,-68.83441925048828,-68.13155364990234,-68.52017974853516,-67.6161880493164,-66.91301727294922,-67.55697631835938,-68.171630859375,-68.8110580444336,-68.7476577758789,-67.98554229736328,-69.2099838256836,-69.17330169677734,-67.77765655517578,-67.55353546142578,-67.20098876953125,-67.93909454345703,-68.04017639160156,-67.88551330566406,-68.48847198486328,-68.80899047851562,-69.32095336914062,-70.19796752929688,-69.2332763671875,-68.90021514892578,-69.49131774902344,-68.166748046875,-68.76874542236328,-69.27027893066406,-69.15721893310547,-69.34785461425781,-69.16463470458984,-69.31612396240234,-70.05987548828125,-69.851806640625,-70.67581176757812,-71.6706314086914,-71.96965026855469,-71.19392395019531,-70.46866607666016,-73.11185455322266,-73.21439361572266,-73.50875854492188,-73.03704071044922,-72.52233123779297,-72.70816802978516,-70.90668487548828,0.0
-67.85360717773438,-68.10450744628906,-69.01005554199219,-68.83441925048828,-68.13155364990234,-68.52017974853516,-67.6161880493164,-66.91301727294922,-67.55697631835938,-68.171630859375,-68.8110580444336,-68.7476577758789,-67.98554229736328,-69.2099838256836,-69.17330169677734,-67.77765655517578,-67.55353546142578,-67.20098876953125,-67.93909454345703,-68.04017639160156,-67.88551330566406,-68.48847198486328,-68.80899047851562,-69.32095336914062,-70.19796752929688,-69.2332763671875,-68.90021514892578,-69.49131774902344,-68.166748046875,-68.76874542236328,-69.27027893066406,-69.15721893310547,-69.34785461425781,-69.16463470458984,-69.31612396240234,-70.05987548828125,-69.851806640625,-70.67581176757812,-71.6706314086914,-71.96965026855469,-71.19392395019531,-70.46866607666016,-73.11185455322266,-73.21439361572266,-73.50875854492188,-73.03704071044922,-72.52233123779297,-72.70816802978516,-70.90668487548828,-70.21369934082031,1.0
-68.10450744628906,-69.01005554199219,-68.83441925048828,-68.13155364990234,-68.52017974853516,-67.6161880493164,-66.91301727294922,-67.55697631835938,-68.171630859375,-68.8110580444336,-68.7476577758789,-67.98554229736328,-69.2099838256836,-69.17330169677734,-67.77765655517578,-67.55353546142578,-67.20098876953125,-67.93909454345703,-68.04017639160156,-67.88551330566406,-68.48847198486328,-68.80899047851562,-69.32095336914062,-70.19796752929688,-69.2332763671875,-68.90021514892578,-69.49131774902344,-68.166748046875,-68.76874542236328,-69.27027893066406,-69.15721893310547,-69.34785461425781,-69.16463470458984,-69.31612396240234,-70.05987548828125,-69.851806640625,-70.67581176757812,-71.6706314086914,-71.96965026855469,-71.19392395019531,-70.46866607666016,-73.11185455322266,-73.21439361572266,-73.50875854492188,-73.03704071044922,-72.52233123779297,-72.70816802978516,-70.90668487548828,-70.21369934082031,-70.41975402832031,0.0
-69.01005554199219,-68.83441925048828,-68.13155364990234,-68.52017974853516,-67.6161880493164,-66.91301727294922,-67.55697631835938,-68.171630859375,-68.8110580444336,-68.7476577758789,-67.98554229736328,-69.2099838256836,-69.17330169677734,-67.77765655517578,-67.55353546142578,-67.20098876953125,-67.93909454345703,-68.04017639160156,-67.88551330566406,-68.48847198486328,-68.80899047851562,-69.32095336914062,-70.19796752929688,-69.2332763671875,-68.90021514892578,-69.49131774902344,-68.166748046875,-68.76874542236328,-69.27027893066406,-69.15721893310547,-69.34785461425781,-69.16463470458984,-69.31612396240234,-70.05987548828125,-69.851806640625,-70.67581176757812,-71.6706314086914,-71.96965026855469,-71.19392395019531,-70.46866607666016,-73.11185455322266,-73.21439361572266,-73.50875854492188,-73.03704071044922,-72.52233123779297,-72.70816802978516,-70.90668487548828,-70.21369934082031,-70.41975402832031,-70.92579650878906,0.0
-68.83441925048828,-68.13155364990234,-68.52017974853516,-67.6161880493164,-66.91301727294922,-67.55697631835938,-68.171630859375,-68.8110580444336,-68.7476577758789,-67.98554229736328,-69.2099838256836,-69.17330169677734,-67.77765655517578,-67.55353546142578,-67.20098876953125,-67.93909454345703,-68.04017639160156,-67.88551330566406,-68.48847198486328,-68.80899047851562,-69.32095336914062,-70.19796752929688,-69.2332763671875,-68.90021514892578,-69.49131774902344,-68.166748046875,-68.76874542236328,-69.27027893066406,-69.15721893310547,-69.34785461425781,-69.16463470458984,-69.31612396240234,-70.05987548828125,-69.851806640625,-70.67581176757812,-71.6706314086914,-71.96965026855469,-71.19392395019531,-70.46866607666016,-73.11185455322266,-73.21439361572266,-73.50875854492188,-73.03704071044922,-72.52233123779297,-72.70816802978516,-70.90668487548828,-70.21369934082031,-70.41975402832031,-70.92579650878906,-71.74080657958984,0.0
-68.13155364990234,-68.52017974853516,-67.6161880493164,-66.91301727294922,-67.55697631835938,-68.171630859375,-68.8110580444336,-68.7476577758789,-67.98554229736328,-69.2099838256836,-69.17330169677734,-67.77765655517578,-67.55353546142578,-67.20098876953125,-67.93909454345703,-68.04017639160156,-67.88551330566406,-68.48847198486328,-68.80899047851562,-69.32095336914062,-70.19796752929688,-69.2332763671875,-68.90021514892578,-69.49131774902344,-68.166748046875,-68.76874542236328,-69.27027893066406,-69.15721893310547,-69.34785461425781,-69.16463470458984,-69.31612396240234,-70.05987548828125,-69.851806640625,-70.67581176757812,-71.6706314086914,-71.96965026855469,-71.19392395019531,-70.46866607666016,-73.11185455322266,-73.21439361572266,-73.50875854492188,-73.03704071044922,-72.52233123779297,-72.70816802978516,-70.90668487548828,-70.21369934082031,-70.41975402832031,-70.92579650878906,-71.74080657958984,-72.27926635742188,0.0
-68.52017974853516,-67.6161880493164,-66.91301727294922,-67.55697631835938,-68.171630859375,-68.8110580444336,-68.7476577758789,-67.98554229736328,-69.2099838256836,-69.17330169677734,-67.77765655517578,-67.55353546142578,-67.20098876953125,-67.93909454345703,-68.04017639160156,-67.88551330566406,-68.48847198486328,-68.80899047851562,-69.32095336914062,-70.19796752929688,-69.2332763671875,-68.90021514892578,-69.49131774902344,-68.166748046875,-68.76874542236328,-69.27027893066406,-69.15721893310547,-69.34785461425781,-69.16463470458984,-69.31612396240234,-70.05987548828125,-69.851806640625,-70.67581176757812,-71.6706314086914,-71.96965026855469,-71.19392395019531,-70.46866607666016,-73.11185455322266,-73.21439361572266,-73.50875854492188,-73.03704071044922,-72.52233123779297,-72.70816802978516,-70.90668487548828,-70.21369934082031,-70.41975402832031,-70.92579650878906,-71.74080657958984,-72.27926635742188,-72.32044219970703,1.0
-67.6161880493164,-66.91301727294922,-67.55697631835938,-68.171630859375,-68.8110580444336,-68.7476577758789,-67.98554229736328,-69.2099838256836,-69.17330169677734,-67.77765655517578,-67.55353546142578,-67.20098876953125,-67.93909454345703,-68.04017639160156,-67.88551330566406,-68.48847198486328,-68.80899047851562,-69.32095336914062,-70.19796752929688,-69.2332763671875,-68.90021514892578,-69.49131774902344,-68.166748046875,-68.76874542236328,-69.27027893066406,-69.15721893310547,-69.34785461425781,-69.16463470458984,-69.31612396240234,-70.05987548828125,-69.851806640625,-70.67581176757812,-71.6706314086914,-71.96965026855469,-71.19392395019531,-70.46866607666016,-73.11185455322266,-73.21439361572266,-73.50875854492188,-73.03704071044922,-72.52233123779297,-72.70816802978516,-70.90668487548828,-70.21369934082031,-70.41975402832031,-70.92579650878906,-71.74080657958984,-72.27926635742188,-72.32044219970703,-75.3078384399414,0.0
-66.91301727294922,-67.55697631835938,-68.171630859375,-68.8110580444336,-68.7476577758789,-67.98554229736328,-69.2099838256836,-69.17330169677734,-67.77765655517578,-67.55353546142578,-67.20098876953125,-67.93909454345703,-68.04017639160156,-67.88551330566406,-68.48847198486328,-68.80899047851562,-69.32095336914062,-70.19796752929688,-69.2332763671875,-68.90021514892578,-69.49131774902344,-68.166748046875,-68.76874542236328,-69.27027893066406,-69.15721893310547,-69.34785461425781,-69.16463470458984,-69.31612396240234,-70.05987548828125,-69.851806640625,-70.67581176757812,-71.6706314086914,-71.96965026855469,-71.19392395019531,-70.46866607666016,-73.11185455322266,-73.21439361572266,-73.50875854492188,-73.03704071044922,-72.52233123779297,-72.70816802978516,-70.90668487548828,-70.21369934082031,-70.41975402832031,-70.92579650878906,-71.74080657958984,-72.27926635742188,-72.32044219970703,-75.3078384399414,-73.95497131347656,0.0
-67.55697631835938,-68.171630859375,-68.8110580444336,-68.7476577758789,-67.98554229736328,-69.2099838256836,-69.17330169677734,-67.77765655517578,-67.55353546142578,-67.20098876953125,-67.93909454345703,-68.04017639160156,-67.88551330566406,-68.48847198486328,-68.80899047851562,-69.32095336914062,-70.19796752929688,-69.2332763671875,-68.90021514892578,-69.49131774902344,-68.166748046875,-68.76874542236328,-69.27027893066406,-69.15721893310547,-69.34785461425781,-69.16463470458984,-69.31612396240234,-70.05987548828125,-69.851806640625,-70.67581176757812,-71.6706314086914,-71.96965026855469,-71.19392395019531,-70.46866607666016,-73.11185455322266,-73.21439361572266,-73.50875854492188,-73.03704071044922,-72.52233123779297,-72.70816802978516,-70.90668487548828,-70.21369934082031,-70.41975402832031,-70.92579650878906,-71.74080657958984,-72.27926635742188,-72.32044219970703,-75.3078384399414,-73.95497131347656,-72.58782196044922,0.0
-68.171630859375,-68.8110580444336,-68.7476577758789,-67.98554229736328,-69.2099838256836,-69.17330169677734,-67.77765655517578,-67.55353546142578,-67.20098876953125,-67.93909454345703,-68.04017639160156,-67.88551330566406,-68.48847198486328,-68.80899047851562,-69.32095336914062,-70.19796752929688,-69.2332763671875,-68.90021514892578,-69.49131774902344,-68.166748046875,-68.76874542236328,-69.27027893066406,-69.15721893310547,-69.34785461425781,-69.16463470458984,-69.31612396240234,-70.05987548828125,-69.851806640625,-70.67581176757812,-71.6706314086914,-71.96965026855469,-71.19392395019531,-70.46866607666016,-73.11185455322266,-73.21439361572266,-73.50875854492188,-73.03704071044922,-72.52233123779297,-72.70816802978516,-70.90668487548828,-70.21369934082031,-70.41975402832031,-70.92579650878906,-71.74080657958984,-72.27926635742188,-72.32044219970703,-75.3078384399414,-73.95497131347656,-72.58782196044922,-71.7332763671875,0.0
-68.8110580444336,-68.7476577758789,-67.98554229736328,-69.2099838256836,-69.17330169677734,-67.77765655517578,-67.55353546142578,-67.20098876953125,-67.93909454345703,-68.04017639160156,-67.88551330566406,-68.48847198486328,-68.80899047851562,-69.32095336914062,-70.19796752929688,-69.2332763671875,-68.90021514892578,-69.49131774902344,-68.166748046875,-68.76874542236328,-69.27027893066406,-69.15721893310547,-69.34785461425781,-69.16463470458984,-69.31612396240234,-70.05987548828125,-69.851806640625,-70.67581176757812,-71.6706314086914,-71.96965026855469,-71.19392395019531,-70.46866607666016,-73.11185455322266,-73.21439361572266,-73.50875854492188,-73.03704071044922,-72.52233123779297,-72.70816802978516,-70.90668487548828,-70.21369934082031,-70.41975402832031,-70.92579650878906,-71.74080657958984,-72.27926635742188,-72.32044219970703,-75.3078384399414,-73.95497131347656,-72.58782196044922,-71.7332763671875,-71.24186706542969,0.0
-68.7476577758789,-67.98554229736328,-69.2099838256836,-69.17330169677734,-67.77765655517578,-67.55353546142578,-67.20098876953125,-67.93909454345703,-68.04017639160156,-67.88551330566406,-68.48847198486328,-68.80899047851562,-69.32095336914062,-70.19796752929688,-69.2332763671875,-68.90021514892578,-69.49131774902344,-68.166748046875,-68.76874542236328,-69.27027893066406,-69.15721893310547,-69.34785461425781,-69.16463470458984,-69.31612396240234,-70.05987548828125,-69.851806640625,-70.67581176757812,-71.6706314086914,-71.96965026855469,-71.19392395019531,-70.46866607666016,-73.11185455322266,-73.21439361572266,-73.50875854492188,-73.03704071044922,-72.52233123779297,-72.70816802978516,-70.90668487548828,-70.21369934082031,-70.41975402832031,-70.92579650878906,-71.74080657958984,-72.27926635742188,-72.32044219970703,-75.3078384399414,-73.95497131347656,-72.58782196044922,-71.7332763671875,-71.24186706542969,-71.39402770996094,0.0
-67.98554229736328,-69.2099838256836,-69.17330169677734,-67.77765655517578,-67.55353546142578,-67.20098876953125,-67.93909454345703,-68.04017639160156,-67.88551330566406,-68.48847198486328,-68.80899047851562,-69.32095336914062,-70.19796752929688,-69.2332763671875,-68.90021514892578,-69.49131774902344,-68.166748046875,-68.76874542236328,-69.27027893066406,-69.15721893310547,-69.34785461425781,-69.16463470458984,-69.31612396240234,-70.05987548828125,-69.851806640625,-70.67581176757812,-71.6706314086914,-71.96965026855469,-71.19392395019531,-70.46866607666016,-73.11185455322266,-73.21439361572266,-73.50875854492188,-73.03704071044922,-72.52233123779297,-72.70816802978516,-70.90668487548828,-70.21369934082031,-70.41975402832031,-70.92579650878906,-71.74080657958984,-72.27926635742188,-72.32044219970703,-75.3078384399414,-73.95497131347656,-72.58782196044922,-71.7332763671875,-71.24186706542969,-71.39402770996094,-71.55709075927734,0.0
-69.2099838256836,-69.17330169677734,-67.77765655517578,-67.55353546142578,-67.20098876953125,-67.93909454345703,-68.04017639160156,-67.88551330566406,-68.48847198486328,-68.80899047851562,-69.32095336914062,-70.19796752929688,-69.2332763671875,-68.90021514892578,-69.49131774902344,-68.166748046875,-68.76874542236328,-69.27027893066406,-69.15721893310547,-69.34785461425781,-69.16463470458984,-69.31612396240234,-70.05987548828125,-69.851806640625,-70.67581176757812,-71.6706314086914,-71.96965026855469,-71.19392395019531,-70.46866607666016,-73.11185455322266,-73.21439361572266,-73.50875854492188,-73.03704071044922,-72.52233123779297,-72.70816802978516,-70.90668487548828,-70.21369934082031,-70.41975402832031,-70.92579650878906,-71.74080657958984,-72.27926635742188,-72.32044219970703,-75.3078384399414,-73.95497131347656,-72.58782196044922,-71.7332763671875,-71.24186706542969,-71.39402770996094,-71.55709075927734,-65.5338134765625,0.0
-69.17330169677734,-67.77765655517578,-67.55353546142578,-67.20098876953125,-67.93909454345703,-68.04017639160156,-67.88551330566406,-68.48847198486328,-68.80899047851562,-69.32095336914062,-70.19796752929688,-69.2332763671875,-68.90021514892578,-69.49131774902344,-68.166748046875,-68.76874542236328,-69.27027893066406,-69.15721893310547,-69.34785461425781,-69.16463470458984,-69.31612396240234,-70.05987548828125,-69.851806640625,-70.67581176757812,-71.6706314086914,-71.96965026855469,-71.19392395019531,-70.46866607666016,-73.11185455322266,-73.21439361572266,-73.50875854492188,-73.03704071044922,-72.52233123779297,-72.70816802978516,-70.90668487548828,-70.21369934082031,-70.41975402832031,-70.92579650878906,-71.74080657958984,-72.27926635742188,-72.32044219970703,-75.3078384399414,-73.95497131347656,-72.58782196044922,-71.7332763671875,-71.24186706542969,-71.39402770996094,-71.55709075927734,-65.5338134765625,-64.50884246826172,0.0
-67.77765655517578,-67.55353546142578,-67.20098876953125,-67.93909454345703,-68.04017639160156,-67.88551330566406,-68.48847198486328,-68.80899047851562,-69.32095336914062,-70.19796752929688,-69.2332763671875,-68.90021514892578,-69.49131774902344,-68.166748046875,-68.76874542236328,-69.27027893066406,-69.15721893310547,-69.34785461425781,-69.16463470458984,-69.31612396240234,-70.05987548828125,-69.851806640625,-70.67581176757812,-71.6706314086914,-71.96965026855469,-71.19392395019531,-70.46866607666016,-73.11185455322266,-73.21439361572266,-73.50875854492188,-73.03704071044922,-72.52233123779297,-72.70816802978516,-70.90668487548828,-70.21369934082031,-70.41975402832031,-70.92579650878906,-71.74080657958984,-72.27926635742188,-72.32044219970703,-75.3078384399414,-73.95497131347656,-72.58782196044922,-71.7332763671875,-71.24186706542969,-71.39402770996094,-71.55709075927734,-65.5338134765625,-64.50884246826172,-63.09260177612305,0.0
-67.55353546142578,-67.20098876953125,-67.93909454345703,-68.04017639160156,-67.88551330566406,-68.48847198486328,-68.80899047851562,-69.32095336914062,-70.19796752929688,-69.2332763671875,-68.90021514892578,-69.49131774902344,-68.166748046875,-68.76874542236328,-69.27027893066406,-69.15721893310547,-69.34785461425781,-69.16463470458984,-69.31612396240234,-70.05987548828125,-69.851806640625,-70.67581176757812,-71.6706314086914,-71.96965026855469,-71.19392395019531,-70.46866607666016,-73.11185455322266,-73.21439361572266,-73.50875854492188,-73.03704071044922,-72.52233123779297,-72.70816802978516,-70.90668487548828,-70.21369934082031,-70.41975402832031,-70.92579650878906,-71.74080657958984,-72.27926635742188,-72.32044219970703,-75.3078384399414,-73.95497131347656,-72.58782196044922,-71.7332763671875,-71.24186706542969,-71.39402770996094,-71.55709075927734,-65.5338134765625,-64.50884246826172,-63.09260177612305,-61.45504379272461,0.0
-67.20098876953125,-67.93909454345703,-68.04017639160156,-67.88551330566406,-68.48847198486328,-68.80899047851562,-69.32095336914062,-70.19796752929688,-69.2332763671875,-68.90021514892578,-69.49131774902344,-68.166748046875,-68.76874542236328,-69.27027893066406,-69.15721893310547,-69.34785461425781,-69.16463470458984,-69.31612396240234,-70.05987548828125,-69.851806640625,-70.67581176757812,-71.6706314086914,-71.96965026855469,-71.19392395019531,-70.46866607666016,-73.11185455322266,-73.21439361572266,-73.50875854492188,-73.03704071044922,-72.52233123779297,-72.70816802978516,-70.90668487548828,-70.21369934082031,-70.41975402832031,-70.92579650878906,-71.74080657958984,-72.27926635742188,-72.32044219970703,-75.3078384399414,-73.95497131347656,-72.58782196044922,-71.7332763671875,-71.24186706542969,-71.39402770996094,-71.55709075927734,-65.5338134765625,-64.50884246826172,-63.09260177612305,-61.45504379272461,-61.92121505737305,0.0
-67.93909454345703,-68.04017639160156,-67.88551330566406,-68.48847198486328,-68.80899047851562,-69.32095336914062,-70.19796752929688,-69.2332763671875,-68.90021514892578,-69.49131774902344,-68.166748046875,-68.76874542236328,-69.27027893066406,-69.15721893310547,-69.34785461425781,-69.16463470458984,-69.31612396240234,-70.05987548828125,-69.851806640625,-70.67581176757812,-71.6706314086914,-71.96965026855469,-71.19392395019531,-70.46866607666016,-73.11185455322266,-73.21439361572266,-73.50875854492188,-73.03704071044922,-72.52233123779297,-72.70816802978516,-70.90668487548828,-70.21369934082031,-70.41975402832031,-70.92579650878906,-71.74080657958984,-72.27926635742188,-72.32044219970703,-75.3078384399414,-73.95497131347656,-72.58782196044922,-71.7332763671875,-71.24186706542969,-71.39402770996094,-71.55709075927734,-65.5338134765625,-64.50884246826172,-63.09260177612305,-61.45504379272461,-61.92121505737305,-64.78643035888672,0.0
-68.04017639160156,-67.88551330566406,-68.48847198486328,-68.80899047851562,-69.32095336914062,-70.19796752929688,-69.2332763671875,-68.90021514892578,-69.49131774902344,-68.166748046875,-68.76874542236328,-69.27027893066406,-69.15721893310547,-69.34785461425781,-69.16463470458984,-69.31612396240234,-70.05987548828125,-69.851806640625,-70.67581176757812,-71.6706314086914,-71.96965026855469,-71.19392395019531,-70.46866607666016,-73.11185455322266,-73.21439361572266,-73.50875854492188,-73.03704071044922,-72.52233123779297,-72.70816802978516,-70.90668487548828,-70.21369934082031,-70.41975402832031,-70.92579650878906,-71.74080657958984,-72.27926635742188,-72.32044219970703,-75.3078384399414,-73.95497131347656,-72.58782196044922,-71.7332763671875,-71.24186706542969,-71.39402770996094,-71.55709075927734,-65.5338134765625,-64.50884246826172,-63.09260177612305,-61.45504379272461,-61.92121505737305,-64.78643035888672,-66.61461639404297,0.0
-67.88551330566406,-68.48847198486328,-68.80899047851562,-69.32095336914062,-70.19796752929688,-69.2332763671875,-68.90021514892578,-69.49131774902344,-68.166748046875,-68.76874542236328,-69.27027893066406,-69.15721893310547,-69.34785461425781,-69.16463470458984,-69.31612396240234,-70.05987548828125,-69.851806640625,-70.67581176757812,-71.6706314086914,-71.96965026855469,-71.19392395019531,-70.46866607666016,-73.11185455322266,-73.21439361572266,-73.50875854492188,-73.03704071044922,-72.52233123779297,-72.70816802978516,-70.90668487548828,-70.21369934082031,-70.41975402832031,-70.92579650878906,-71.74080657958984,-72.27926635742188,-72.32044219970703,-75.3078384399414,-73.95497131347656,-72.58782196044922,-71.7332763671875,-71.24186706542969,-71.39402770996094,-71.55709075927734,-65.5338134765625,-64.50884246826172,-63.09260177612305,-61.45504379272461,-61.92121505737305,-64.78643035888672,-66.61461639404297,-68.24683380126953,0.0
-68.48847198486328,-68.80899047851562,-69.32095336914062,-70.19796752929688,-69.2332763671875,-68.90021514892578,-69.49131774902344,-68.166748046875,-68.76874542236328,-69.27027893066406,-69.15721893310547,-69.34785461425781,-69.16463470458984,-69.31612396240234,-70.05987548828125,-69.851806640625,-70.67581176757812,-71.6706314086914,-71.96965026855469,-71.19392395019531,-70.46866607666016,-73.11185455322266,-73.21439361572266,-73.50875854492188,-73.03704071044922,-72.52233123779297,-72.70816802978516,-70.90668487548828,-70.21369934082031,-70.41975402832031,-70.92579650878906,-71.74080657958984,-72.27926635742188,-72.32044219970703,-75.3078384399414,-73.95497131347656,-72.58782196044922,-71.7332763671875,-71.24186706542969,-71.39402770996094,-71.55709075927734,-65.5338134765625,-64.50884246826172,-63.09260177612305,-61.45504379272461,-61.92121505737305,-64.78643035888672,-66.61461639404297,-68.24683380126953,-70.1607666015625,0.0
-68.80899047851562,-69.32095336914062,-70.19796752929688,-69.2332763671875,-68.90021514892578,-69.49131774902344,-68.166748046875,-68.76874542236328,-69.27027893066406,-69.15721893310547,-69.34785461425781,-69.16463470458984,-69.31612396240234,-70.05987548828125,-69.851806640625,-70.67581176757812,-71.6706314086914,-71.96965026855469,-71.19392395019531,-70.46866607666016,-73.11185455322266,-73.21439361572266,-73.50875854492188,-73.03704071044922,-72.52233123779297,-72.70816802978516,-70.90668487548828,-70.21369934082031,-70.41975402832031,-70.92579650878906,-71.74080657958984,-72.27926635742188,-72.32044219970703,-75.3078384399414,-73.95497131347656,-72.58782196044922,-71.7332763671875,-71.24186706542969,-71.39402770996094,-71.55709075927734,-65.5338134765625,-64.50884246826172,-63.09260177612305,-61.45504379272461,-61.92121505737305,-64.78643035888672,-66.61461639404297,-68.24683380126953,-70.1607666015625,-70.11132049560547,0.0
-69.32095336914062,-70.19796752929688,-69.2332763671875,-68.90021514892578,-69.49131774902344,-68.166748046875,-68.76874542236328,-69.27027893066406,-69.15721893310547,-69.34785461425781,-69.16463470458984,-69.31612396240234,-70.05987548828125,-69.851806640625,-70.67581176757812,-71.6706314086914,-71.96965026855469,-71.19392395019531,-70.46866607666016,-73.11185455322266,-73.21439361572266,-73.50875854492188,-73.03704071044922,-72.52233123779297,-72.70816802978516,-70.90668487548828,-70.21369934082031,-70.41975402832031,-70.92579650878906,-71.74080657958984,-72.27926635742188,-72.32044219970703,-75.3078384399414,-73.95497131347656,-72.58782196044922,-71.7332763671875,-71.24186706542969,-71.39402770996094,-71.55709075927734,-65.5338134765625,-64.50884246826172,-63.09260177612305,-61.45504379272461,-61.92121505737305,-64.78643035888672,-66.61461639404297,-68.24683380126953,-70.1607666015625,-70.11132049560547,-70.56285858154297,0.0
-70.19796752929688,-69.2332763671875,-68.90021514892578,-69.49131774902344,-68.166748046875,-68.76874542236328,-69.27027893066406,-69.15721893310547,-69.34785461425781,-69.16463470458984,-69.31612396240234,-70.05987548828125,-69.851806640625,-70.67581176757812,-71.6706314086914,-71.96965026855469,-71.19392395019531,-70.46866607666016,-73.11185455322266,-73.21439361572266,-73.50875854492188,-73.03704071044922,-72.52233123779297,-72.70816802978516,-70.90668487548828,-70.21369934082031,-70.41975402832031,-70.92579650878906,-71.74080657958984,-72.27926635742188,-72.32044219970703,-75.3078384399414,-73.95497131347656,-72.58782196044922,-71.7332763671875,-71.24186706542969,-71.39402770996094,-71.55709075927734,-65.5338134765625,-64.50884246826172,-63.09260177612305,-61.45504379272461,-61.92121505737305,-64.78643035888672,-66.61461639404297,-68.24683380126953,-70.1607666015625,-70.11132049560547,-70.56285858154297,-70.95538330078125,0.0
-69.2332763671875,-68.90021514892578,-69.49131774902344,-68.166748046875,-68.76874542236328,-69.27027893066406,-69.15721893310547,-69.34785461425781,-69.16463470458984,-69.31612396240234,-70.05987548828125,-69.851806640625,-70.67581176757812,-71.6706314086914,-71.96965026855469,-71.19392395019531,-70.46866607666016,-73.11185455322266,-73.21439361572266,-73.50875854492188,-73.03704071044922,-72.52233123779297,-72.70816802978516,-70.90668487548828,-70.21369934082031,-70.41975402832031,-70.92579650878906,-71.74080657958984,-72.27926635742188,-72.32044219970703,-75.3078384399414,-73.95497131347656,-72.58782196044922,-71.7332763671875,-71.24186706542969,-71.39402770996094,-71.55709075927734,-65.5338134765625,-64.50884246826172,-63.09260177612305,-61.45504379272461,-61.92121505737305,-64.78643035888672,-66.61461639404297,-68.24683380126953,-70.1607666015625,-70.11132049560547,-70.56285858154297,-70.95538330078125,-70.12742614746094,0.0
-68.90021514892578,-69.49131774902344,-68.166748046875,-68.76874542236328,-69.27027893066406,-69.15721893310547,-69.34785461425781,-69.16463470458984,-69.31612396240234,-70.05987548828125,-69.851806640625,-70.67581176757812,-71.6706314086914,-71.96965026855469,-71.19392395019531,-70.46866607666016,-73.11185455322266,-73.21439361572266,-73.50875854492188,-73.03704071044922,-72.52233123779297,-72.70816802978516,-70.90668487548828,-70.21369934082031,-70.41975402832031,-70.92579650878906,-71.74080657958984,-72.27926635742188,-72.32044219970703,-75.3078384399414,-73.95497131347656,-72.58782196044922,-71.7332763671875,-71.24186706542969,-71.39402770996094,-71.55709075927734,-65.5338134765625,-64.50884246826172,-63.09260177612305,-61.45504379272461,-61.92121505737305,-64.78643035888672,-66.61461639404297,-68.24683380126953,-70.1607666015625,-70.11132049560547,-70.56285858154297,-70.95538330078125,-70.12742614746094,-69.08529663085938,0.0
-69.49131774902344,-68.166748046875,-68.76874542236328,-69.27027893066406,-69.15721893310547,-69.34785461425781,-69.16463470458984,-69.31612396240234,-70.05987548828125,-69.851806640625,-70.67581176757812,-71.6706314086914,-71.96965026855469,-71.19392395019531,-70.46866607666016,-73.11185455322266,-73.21439361572266,-73.50875854492188,-73.03704071044922,-72.52233123779297,-72.70816802978516,-70.90668487548828,-70.21369934082031,-70.41975402832031,-70.92579650878906,-71.74080657958984,-72.27926635742188,-72.32044219970703,-75.3078384399414,-73.95497131347656,-72.58782196044922,-71.7332763671875,-71.24186706542969,-71.39402770996094,-71.55709075927734,-65.5338134765625,-64.50884246826172,-63.09260177612305,-61.45504379272461,-61.92121505737305,-64.78643035888672,-66.61461639404297,-68.24683380126953,-70.1607666015625,-70.11132049560547,-70.56285858154297,-70.95538330078125,-70.12742614746094,-69.08529663085938,-66.95137023925781,0.0
-68.166748046875,-68.76874542236328,-69.27027893066406,-69.15721893310547,-69.34785461425781,-69.16463470458984,-69.31612396240234,-70.05987548828125,-69.851806640625,-70.67581176757812,-71.6706314086914,-71.96965026855469,-71.19392395019531,-70.46866607666016,-73.11185455322266,-73.21439361572266,-73.50875854492188,-73.03704071044922,-72.52233123779297,-72.70816802978516,-70.90668487548828,-70.21369934082031,-70.41975402832031,-70.92579650878906,-71.74080657958984,-72.27926635742188,-72.32044219970703,-75.3078384399414,-73.95497131347656,-72.58782196044922,-71.7332763671875,-71.24186706542969,-71.39402770996094,-71.55709075927734,-65.5338134765625,-64.50884246826172,-63.09260177612305,-61.45504379272461,-61.92121505737305,-64.78643035888672,-66.61461639404297,-68.24683380126953,-70.1607666015625,-70.11132049560547,-70.56285858154297,-70.95538330078125,-70.12742614746094,-69.08529663085938,-66.95137023925781,-66.18937683105469,0.0
-68.76874542236328,-69.27027893066406,-69.15721893310547,-69.34785461425781,-69.16463470458984,-69.31612396240234,-70.05987548828125,-69.851806640625,-70.67581176757812,-71.6706314086914,-71.96965026855469,-71.19392395019531,-70.46866607666016,-73.11185455322266,-73.21439361572266,-73.50875854492188,-73.03704071044922,-72.52233123779297,-72.70816802978516,-70.90668487548828,-70.21369934082031,-70.41975402832031,-70.92579650878906,-71.74080657958984,-72.27926635742188,-72.32044219970703,-75.3078384399414,-73.95497131347656,-72.58782196044922,-71.7332763671875,-71.24186706542969,-71.39402770996094,-71.55709075927734,-65.5338134765625,-64.50884246826172,-63.09260177612305,-61.45504379272461,-61.92121505737305,-64.78643035888672,-66.61461639404297,-68.24683380126953,-70.1607666015625,-70.11132049560547,-70.56285858154297,-70.95538330078125,-70.12742614746094,-69.08529663085938,-66.95137023925781,-66.18937683105469,-67.673095703125,0.0
-69.27027893066406,-69.15721893310547,-69.34785461425781,-69.16463470458984,-69.31612396240234,-70.05987548828125,-69.851806640625,-70.67581176757812,-71.6706314086914,-71.96965026855469,-71.19392395019531,-70.46866607666016,-73.11185455322266,-73.21439361572266,-73.50875854492188,-73.03704071044922,-72.52233123779297,-72.70816802978516,-70.90668487548828,-70.21369934082031,-70.41975402832031,-70.92579650878906,-71.74080657958984,-72.27926635742188,-72.32044219970703,-75.3078384399414,-73.95497131347656,-72.58782196044922,-71.7332763671875,-71.24186706542969,-71.39402770996094,-71.55709075927734,-65.5338134765625,-64.50884246826172,-63.09260177612305,-61.45504379272461,-61.92121505737305,-64.78643035888672,-66.61461639404297,-68.24683380126953,-70.1607666015625,-70.11132049560547,-70.56285858154297,-70.95538330078125,-70.12742614746094,-69.08529663085938,-66.95137023925781,-66.18937683105469,-67.673095703125,-69.7965316772461,0.0
-69.15721893310547,-69.34785461425781,-69.16463470458984,-69.31612396240234,-70.05987548828125,-69.851806640625,-70.67581176757812,-71.6706314086914,-71.96965026855469,-71.19392395019531,-70.46866607666016,-73.11185455322266,-73.21439361572266,-73.50875854492188,-73.03704071044922,-72.52233123779297,-72.70816802978516,-70.90668487548828,-70.21369934082031,-70.41975402832031,-70.92579650878906,-71.74080657958984,-72.27926635742188,-72.32044219970703,-75.3078384399414,-73.95497131347656,-72.58782196044922,-71.7332763671875,-71.24186706542969,-71.39402770996094,-71.55709075927734,-65.5338134765625,-64.50884246826172,-63.09260177612305,-61.45504379272461,-61.92121505737305,-64.78643035888672,-66.61461639404297,-68.24683380126953,-70.1607666015625,-70.11132049560547,-70.56285858154297,-70.95538330078125,-70.12742614746094,-69.08529663085938,-66.95137023925781,-66.18937683105469,-67.673095703125,-69.7965316772461,-70.8138656616211,0.0
-69.34785461425781,-69.16463470458984,-69.31612396240234,-70.05987548828125,-69.851806640625,-70.67581176757812,-71.6706314086914,-71.96965026855469,-71.19392395019531,-70.46866607666016,-73.11185455322266,-73.21439361572266,-73.50875854492188,-73.03704071044922,-72.52233123779297,-72.70816802978516,-70.90668487548828,-70.21369934082031,-70.41975402832031,-70.92579650878906,-71.74080657958984,-72.27926635742188,-72.32044219970703,-75.3078384399414,-73.95497131347656,-72.58782196044922,-71.7332763671875,-71.24186706542969,-71.39402770996094,-71.55709075927734,-65.5338134765625,-64.50884246826172,-63.09260177612305,-61.45504379272461,-61.92121505737305,-64.78643035888672,-66.61461639404297,-68.24683380126953,-70.1607666015625,-70.11132049560547,-70.56285858154297,-70.95538330078125,-70.12742614746094,-69.08529663085938,-66.95137023925781,-66.18937683105469,-67.673095703125,-69.7965316772461,-70.8138656616211,-71.23812866210938,0.0
-69.16463470458984,-69.31612396240234,-70.05987548828125,-69.851806640625,-70.67581176757812,-71.6706314086914,-71.96965026855469,-71.19392395019531,-70.46866607666016,-73.11185455322266,-73.21439361572266,-73.50875854492188,-73.03704071044922,-72.52233123779297,-72.70816802978516,-70.90668487548828,-70.21369934082031,-70.41975402832031,-70.92579650878906,-71.74080657958984,-72.27926635742188,-72.32044219970703,-75.3078384399414,-73.95497131347656,-72.58782196044922,-71.7332763671875,-71.24186706542969,-71.39402770996094,-71.55709075927734,-65.5338134765625,-64.50884246826172,-63.09260177612305,-61.45504379272461,-61.92121505737305,-64.78643035888672,-66.61461639404297,-68.24683380126953,-70.1607666015625,-70.11132049560547,-70.56285858154297,-70.95538330078125,-70.12742614746094,-69.08529663085938,-66.95137023925781,-66.18937683105469,-67.673095703125,-69.7965316772461,-70.8138656616211,-71.23812866210938,-71.77506256103516,0.0
-69.31612396240234,-70.05987548828125,-69.851806640625,-70.67581176757812,-71.6706314086914,-71.96965026855469,-71.19392395019531,-70.46866607666016,-73.11185455322266,-73.21439361572266,-73.50875854492188,-73.03704071044922,-72.52233123779297,-72.70816802978516,-70.90668487548828,-70.21369934082031,-70.41975402832031,-70.92579650878906,-71.74080657958984,-72.27926635742188,-72.32044219970703,-75.3078384399414,-73.95497131347656,-72.58782196044922,-71.7332763671875,-71.24186706542969,-71.39402770996094,-71.55709075927734,-65.5338134765625,-64.50884246826172,-63.09260177612305,-61.45504379272461,-61.92121505737305,-64.78643035888672,-66.61461639404297,-68.24683380126953,-70.1607666015625,-70.11132049560547,-70.56285858154297,-70.95538330078125,-70.12742614746094,-69.08529663085938,-66.95137023925781,-66.18937683105469,-67.673095703125,-69.7965316772461,-70.8138656616211,-71.23812866210938,-71.77506256103516,-70.34077453613281,0.0
-70.05987548828125,-69.851806640625,-70.67581176757812,-71.6706314086914,-71.96965026855469,-71.19392395019531,-70.46866607666016,-73.11185455322266,-73.21439361572266,-73.50875854492188,-73.03704071044922,-72.52233123779297,-72.70816802978516,-70.90668487548828,-70.21369934082031,-70.41975402832031,-70.92579650878906,-71.74080657958984,-72.27926635742188,-72.32044219970703,-75.3078384399414,-73.95497131347656,-72.58782196044922,-71.7332763671875,-71.24186706542969,-71.39402770996094,-71.55709075927734,-65.5338134765625,-64.50884246826172,-63.09260177612305,-61.45504379272461,-61.92121505737305,-64.78643035888672,-66.61461639404297,-68.24683380126953,-70.1607666015625,-70.11132049560547,-70.56285858154297,-70.95538330078125,-70.12742614746094,-69.08529663085938,-66.95137023925781,-66.18937683105469,-67.673095703125,-69.7965316772461,-70.8138656616211,-71.23812866210938,-71.77506256103516,-70.34077453613281,-70.67156219482422,0.0
-69.851806640625,-70.67581176757812,-71.6706314086914,-71.96965026855469,-71.19392395019531,-70.46866607666016,-73.11185455322266,-73.21439361572266,-73.50875854492188,-73.03704071044922,-72.52233123779297,-72.70816802978516,-70.90668487548828,-70.21369934082031,-70.41975402832031,-70.92579650878906,-71.74080657958984,-72.27926635742188,-72.32044219970703,-75.3078384399414,-73.95497131347656,-72.58782196044922,-71.7332763671875,-71.24186706542969,-71.39402770996094,-71.55709075927734,-65.5338134765625,-64.50884246826172,-63.09260177612305,-61.45504379272461,-61.92121505737305,-64.78643035888672,-66.61461639404297,-68.24683380126953,-70.1607666015625,-70.11132049560547,-70.56285858154297,-70.95538330078125,-70.12742614746094,-69.08529663085938,-66.95137023925781,-66.18937683105469,-67.673095703125,-69.7965316772461,-70.8138656616211,-71.23812866210938,-71.77506256103516,-70.34077453613281,-70.67156219482422,-71.06635284423828,0.0
-70.67581176757812,-71.6706314086914,-71.96965026855469,-71.19392395019531,-70.46866607666016,-73.11185455322266,-73.21439361572266,-73.50875854492188,-73.03704071044922,-72.52233123779297,-72.70816802978516,-70.90668487548828,-70.21369934082031,-70.41975402832031,-70.92579650878906,-71.74080657958984,-72.27926635742188,-72.32044219970703,-75.3078384399414,-73.95497131347656,-72.58782196044922,-71.7332763671875,-71.24186706542969,-71.39402770996094,-71.55709075927734,-65.5338134765625,-64.50884246826172,-63.09260177612305,-61.45504379272461,-61.92121505737305,-64.78643035888672,-66.61461639404297,-68.24683380126953,-70.1607666015625,-70.11132049560547,-70.56285858154297,-70.95538330078125,-70.12742614746094,-69.08529663085938,-66.95137023925781,-66.18937683105469,-67.673095703125,-69.7965316772461,-70.8138656616211,-71.23812866210938,-71.77506256103516,-70.34077453613281,-70.67156219482422,-71.06635284423828,-71.20989227294922,0.0
-71.6706314086914,-71.96965026855469,-71.19392395019531,-70.46866607666016,-73.11185455322266,-73.21439361572266,-73.50875854492188,-73.03704071044922,-72.52233123779297,-72.70816802978516,-70.90668487548828,-70.21369934082031,-70.41975402832031,-70.92579650878906,-71.74080657958984,-72.27926635742188,-72.32044219970703,-75.3078384399414,-73.95497131347656,-72.58782196044922,-71.7332763671875,-71.24186706542969,-71.39402770996094,-71.55709075927734,-65.5338134765625,-64.50884246826172,-63.09260177612305,-61.45504379272461,-61.92121505737305,-64.78643035888672,-66.61461639404297,-68.24683380126953,-70.1607666015625,-70.11132049560547,-70.56285858154297,-70.95538330078125,-70.12742614746094,-69.08529663085938,-66.95137023925781,-66.18937683105469,-67.673095703125,-69.7965316772461,-70.8138656616211,-71.23812866210938,-71.77506256103516,-70.34077453613281,-70.67156219482422,-71.06635284423828,-71.20989227294922,-69.56330871582031,0.0
-71.96965026855469,-71.19392395019531,-70.46866607666016,-73.11185455322266,-73.21439361572266,-73.50875854492188,-73.03704071044922,-72.52233123779297,-72.70816802978516,-70.90668487548828,-70.21369934082031,-70.41975402832031,-70.92579650878906,-71.74080657958984,-72.27926635742188,-72.32044219970703,-75.3078384399414,-73.95497131347656,-72.58782196044922,-71.7332763671875,-71.24186706542969,-71.39402770996094,-71.55709075927734,-65.5338134765625,-64.50884246826172,-63.09260177612305,-61.45504379272461,-61.92121505737305,-64.78643035888672,-66.61461639404297,-68.24683380126953,-70.1607666015625,-70.11132049560547,-70.56285858154297,-70.95538330078125,-70.12742614746094,-69.08529663085938,-66.95137023925781,-66.18937683105469,-67.673095703125,-69.7965316772461,-70.8138656616211,-71.23812866210938,-71.77506256103516,-70.34077453613281,-70.67156219482422,-71.06635284423828,-71.20989227294922,-69.56330871582031,-67.74943542480469,0.0
-71.19392395019531,-70.46866607666016,-73.11185455322266,-73.21439361572266,-73.50875854492188,-73.03704071044922,-72.52233123779297,-72.70816802978516,-70.90668487548828,-70.21369934082031,-70.41975402832031,-70.92579650878906,-71.74080657958984,-72.27926635742188,-72.32044219970703,-75.3078384399414,-73.95497131347656,-72.58782196044922,-71.7332763671875,-71.24186706542969,-71.39402770996094,-71.55709075927734,-65.5338134765625,-64.50884246826172,-63.09260177612305,-61.45504379272461,-61.92121505737305,-64.78643035888672,-66.61461639404297,-68.24683380126953,-70.1607666015625,-70.11132049560547,-70.56285858154297,-70.95538330078125,-70.12742614746094,-69.08529663085938,-66.95137023925781,-66.18937683105469,-67.673095703125,-69.7965316772461,-70.8138656616211,-71.23812866210938,-71.77506256103516,-70.34077453613281,-70.67156219482422,-71.06635284423828,-71.20989227294922,-69.56330871582031,-67.74943542480469,-67.67393493652344,0.0
-70.46866607666016,-73.11185455322266,-73.21439361572266,-73.50875854492188,-73.03704071044922,-72.52233123779297,-72.70816802978516,-70.90668487548828,-70.21369934082031,-70.41975402832031,-70.92579650878906,-71.74080657958984,-72.27926635742188,-72.32044219970703,-75.3078384399414,-73.95497131347656,-72.58782196044922,-71.7332763671875,-71.24186706542969,-71.39402770996094,-71.55709075927734,-65.5338134765625,-64.50884246826172,-63.09260177612305,-61.45504379272461,-61.92121505737305,-64.78643035888672,-66.61461639404297,-68.24683380126953,-70.1607666015625,-70.11132049560547,-70.56285858154297,-70.95538330078125,-70.12742614746094,-69.08529663085938,-66.95137023925781,-66.18937683105469,-67.673095703125,-69.7965316772461,-70.8138656616211,-71.23812866210938,-71.77506256103516,-70.34077453613281,-70.67156219482422,-71.06635284423828,-71.20989227294922,-69.56330871582031,-67.74943542480469,-67.67393493652344,-69.62328338623047,0.0
-73.11185455322266,-73.21439361572266,-73.50875854492188,-73.03704071044922,-72.52233123779297,-72.70816802978516,-70.90668487548828,-70.21369934082031,-70.41975402832031,-70.92579650878906,-71.74080657958984,-72.27926635742188,-72.32044219970703,-75.3078384399414,-73.95497131347656,-72.58782196044922,-71.7332763671875,-71.24186706542969,-71.39402770996094,-71.55709075927734,-65.5338134765625,-64.50884246826172,-63.09260177612305,-61.45504379272461,-61.92121505737305,-64.78643035888672,-66.61461639404297,-68.24683380126953,-70.1607666015625,-70.11132049560547,-70.56285858154297,-70.95538330078125,-70.12742614746094,-69.08529663085938,-66.95137023925781,-66.18937683105469,-67.673095703125,-69.7965316772461,-70.8138656616211,-71.23812866210938,-71.77506256103516,-70.34077453613281,-70.67156219482422,-71.06635284423828,-71.20989227294922,-69.56330871582031,-67.74943542480469,-67.67393493652344,-69.62328338623047,-70.93376922607422,0.0
-73.21439361572266,-73.50875854492188,-73.03704071044922,-72.52233123779297,-72.70816802978516,-70.90668487548828,-70.21369934082031,-70.41975402832031,-70.92579650878906,-71.74080657958984,-72.27926635742188,-72.32044219970703,-75.3078384399414,-73.95497131347656,-72.58782196044922,-71.7332763671875,-71.24186706542969,-71.39402770996094,-71.55709075927734,-65.5338134765625,-64.50884246826172,-63.09260177612305,-61.45504379272461,-61.92121505737305,-64.78643035888672,-66.61461639404297,-68.24683380126953,-70.1607666015625,-70.11132049560547,-70.56285858154297,-70.95538330078125,-70.12742614746094,-69.08529663085938,-66.95137023925781,-66.18937683105469,-67.673095703125,-69.7965316772461,-70.8138656616211,-71.23812866210938,-71.77506256103516,-70.34077453613281,-70.67156219482422,-71.06635284423828,-71.20989227294922,-69.56330871582031,-67.74943542480469,-67.67393493652344,-69.62328338623047,-70.93376922607422,-71.30428314208984,0.0
-73.50875854492188,-73.03704071044922,-72.52233123779297,-72.70816802978516,-70.90668487548828,-70.21369934082031,-70.41975402832031,-70.92579650878906,-71.74080657958984,-72.27926635742188,-72.32044219970703,-75.3078384399414,-73.95497131347656,-72.58782196044922,-71.7332763671875,-71.24186706542969,-71.39402770996094,-71.55709075927734,-65.5338134765625,-64.50884246826172,-63.09260177612305,-61.45504379272461,-61.92121505737305,-64.78643035888672,-66.61461639404297,-68.24683380126953,-70.1607666015625,-70.11132049560547,-70.56285858154297,-70.95538330078125,-70.12742614746094,-69.08529663085938,-66.95137023925781,-66.18937683105469,-67.673095703125,-69.7965316772461,-70.8138656616211,-71.23812866210938,-71.77506256103516,-70.34077453613281,-70.67156219482422,-71.06635284423828,-71.20989227294922,-69.56330871582031,-67.74943542480469,-67.67393493652344,-69.62328338623047,-70.93376922607422,-71.30428314208984,-71.54940795898438,0.0
-73.03704071044922,-72.52233123779297,-72.70816802978516,-70.90668487548828,-70.21369934082031,-70.41975402832031,-70.92579650878906,-71.74080657958984,-72.27926635742188,-72.32044219970703,-75.3078384399414,-73.95497131347656,-72.58782196044922,-71.7332763671875,-71.24186706542969,-71.39402770996094,-71.55709075927734,-65.5338134765625,-64.50884246826172,-63.09260177612305,-61.45504379272461,-61.92121505737305,-64.78643035888672,-66.61461639404297,-68.24683380126953,-70.1607666015625,-70.11132049560547,-70.56285858154297,-70.95538330078125,-70.12742614746094,-69.08529663085938,-66.95137023925781,-66.18937683105469,-67.673095703125,-69.7965316772461,-70.8138656616211,-71.23812866210938,-71.77506256103516,-70.34077453613281,-70.67156219482422,-71.06635284423828,-71.20989227294922,-69.56330871582031,-67.74943542480469,-67.67393493652344,-69.62328338623047,-70.93376922607422,-71.30428314208984,-71.54940795898438,-71.97579956054688,0.0
-72.52233123779297,-72.70816802978516,-70.90668487548828,-70.21369934082031,-70.41975402832031,-70.92579650878906,-71.74080657958984,-72.27926635742188,-72.32044219970703,-75.3078384399414,-73.95497131347656,-72.58782196044922,-71.7332763671875,-71.24186706542969,-71.39402770996094,-71.55709075927734,-65.5338134765625,-64.50884246826172,-63.09260177612305,-61.45504379272461,-61.92121505737305,-64.78643035888672,-66.61461639404297,-68.24683380126953,-70.1607666015625,-70.11132049560547,-70.56285858154297,-70.95538330078125,-70.12742614746094,-69.08529663085938,-66.95137023925781,-66.18937683105469,-67.673095703125,-69.7965316772461,-70.8138656616211,-71.23812866210938,-71.77506256103516,-70.34077453613281,-70.67156219482422,-71.06635284423828,-71.20989227294922,-69.56330871582031,-67.74943542480469,-67.67393493652344,-69.62328338623047,-70.93376922607422,-71.30428314208984,-71.54940795898438,-71.97579956054688,-71.98541259765625,0.0
-72.70816802978516,-70.90668487548828,-70.21369934082031,-70.41975402832031,-70.92579650878906,-71.74080657958984,-72.27926635742188,-72.32044219970703,-75.3078384399414,-73.95497131347656,-72.58782196044922,-71.7332763671875,-71.24186706542969,-71.39402770996094,-71.55709075927734,-65.5338134765625,-64.50884246826172,-63.09260177612305,-61.45504379272461,-61.92121505737305,-64.78643035888672,-66.61461639404297,-68.24683380126953,-70.1607666015625,-70.11132049560547,-70.56285858154297,-70.95538330078125,-70.12742614746094,-69.08529663085938,-66.95137023925781,-66.18937683105469,-67.673095703125,-69.7965316772461,-70.8138656616211,-71.23812866210938,-71.77506256103516,-70.34077453613281,-70.67156219482422,-71.06635284423828,-71.20989227294922,-69.56330871582031,-67.74943542480469,-67.67393493652344,-69.62328338623047,-70.93376922607422,-71.30428314208984,-71.54940795898438,-71.97579956054688,-71.98541259765625,-70.670166015625,0.0
-70.90668487548828,-70.21369934082031,-70.41975402832031,-70.92579650878906,-71.74080657958984,-72.27926635742188,-72.32044219970703,-75.3078384399414,-73.95497131347656,-72.58782196044922,-71.7332763671875,-71.24186706542969,-71.39402770996094,-71.55709075927734,-65.5338134765625,-64.50884246826172,-63.09260177612305,-61.45504379272461,-61.92121505737305,-64.78643035888672,-66.61461639404297,-68.24683380126953,-70.1607666015625,-70.11132049560547,-70.56285858154297,-70.95538330078125,-70.12742614746094,-69.08529663085938,-66.95137023925781,-66.18937683105469,-67.673095703125,-69.7965316772461,-70.8138656616211,-71.23812866210938,-71.77506256103516,-70.34077453613281,-70.67156219482422,-71.06635284423828,-71.20989227294922,-69.56330871582031,-67.74943542480469,-67.67393493652344,-69.62328338623047,-70.93376922607422,-71.30428314208984,-71.54940795898438,-71.97579956054688,-71.98541259765625,-70.670166015625,-70.21707916259766,0.0
-70.21369934082031,-70.41975402832031,-70.92579650878906,-71.74080657958984,-72.27926635742188,-72.32044219970703,-75.3078384399414,-73.95497131347656,-72.58782196044922,-71.7332763671875,-71.24186706542969,-71.39402770996094,-71.55709075927734,-65.5338134765625,-64.50884246826172,-63.09260177612305,-61.45504379272461,-61.92121505737305,-64.78643035888672,-66.61461639404297,-68.24683380126953,-70.1607666015625,-70.11132049560547,-70.56285858154297,-70.95538330078125,-70.12742614746094,-69.08529663085938,-66.95137023925781,-66.18937683105469,-67.673095703125,-69.7965316772461,-70.8138656616211,-71.23812866210938,-71.77506256103516,-70.34077453613281,-70.67156219482422,-71.06635284423828,-71.20989227294922,-69.56330871582031,-67.74943542480469,-67.67393493652344,-69.62328338623047,-70.93376922607422,-71.30428314208984,-71.54940795898438,-71.97579956054688,-71.98541259765625,-70.670166015625,-70.21707916259766,-70.27272033691406,0.0
-70.41975402832031,-70.92579650878906,-71.74080657958984,-72.27926635742188,-72.32044219970703,-75.3078384399414,-73.95497131347656,-72.58782196044922,-71.7332763671875,-71.24186706542969,-71.39402770996094,-71.55709075927734,-65.5338134765625,-64.50884246826172,-63.09260177612305,-61.45504379272461,-61.92121505737305,-64.78643035888672,-66.61461639404297,-68.24683380126953,-70.1607666015625,-70.11132049560547,-70.56285858154297,-70.95538330078125,-70.12742614746094,-69.08529663085938,-66.95137023925781,-66.18937683105469,-67.673095703125,-69.7965316772461,-70.8138656616211,-71.23812866210938,-71.77506256103516,-70.34077453613281,-70.67156219482422,-71.06635284423828,-71.20989227294922,-69.56330871582031,-67.74943542480469,-67.67393493652344,-69.62328338623047,-70.93376922607422,-71.30428314208984,-71.54940795898438,-71.97579956054688,-71.98541259765625,-70.670166015625,-70.21707916259766,-70.27272033691406,-68.36244201660156,0.0
-70.92579650878906,-71.74080657958984,-72.27926635742188,-72.32044219970703,-75.3078384399414,-73.95497131347656,-72.58782196044922,-71.7332763671875,-71.24186706542969,-71.39402770996094,-71.55709075927734,-65.5338134765625,-64.50884246826172,-63.09260177612305,-61.45504379272461,-61.92121505737305,-64.78643035888672,-66.61461639404297,-68.24683380126953,-70.1607666015625,-70.11132049560547,-70.56285858154297,-70.95538330078125,-70.12742614746094,-69.08529663085938,-66.95137023925781,-66.18937683105469,-67.673095703125,-69.7965316772461,-70.8138656616211,-71.23812866210938,-71.77506256103516,-70.34077453613281,-70.67156219482422,-71.06635284423828,-71.20989227294922,-69.56330871582031,-67.74943542480469,-67.67393493652344,-69.62328338623047,-70.93376922607422,-71.30428314208984,-71.54940795898438,-71.97579956054688,-71.98541259765625,-70.670166015625,-70.21707916259766,-70.27272033691406,-68.36244201660156,-69.68122100830078,0.0
-71.74080657958984,-72.27926635742188,-72.32044219970703,-75.3078384399414,-73.95497131347656,-72.58782196044922,-71.7332763671875,-71.24186706542969,-71.39402770996094,-71.55709075927734,-65.5338134765625,-64.50884246826172,-63.09260177612305,-61.45504379272461,-61.92121505737305,-64.78643035888672,-66.61461639404297,-68.24683380126953,-70.1607666015625,-70.11132049560547,-70.56285858154297,-70.95538330078125,-70.12742614746094,-69.08529663085938,-66.95137023925781,-66.18937683105469,-67.673095703125,-69.7965316772461,-70.8138656616211,-71.23812866210938,-71.77506256103516,-70.34077453613281,-70.67156219482422,-71.06635284423828,-71.20989227294922,-69.56330871582031,-67.74943542480469,-67.67393493652344,-69.62328338623047,-70.93376922607422,-71.30428314208984,-71.54940795898438,-71.97579956054688,-71.98541259765625,-70.670166015625,-70.21707916259766,-70.27272033691406,-68.36244201660156,-69.68122100830078,-70.5273666381836,0.0
-72.27926635742188,-72.32044219970703,-75.3078384399414,-73.95497131347656,-72.58782196044922,-71.7332763671875,-71.24186706542969,-71.39402770996094,-71.55709075927734,-65.5338134765625,-64.50884246826172,-63.09260177612305,-61.45504379272461,-61.92121505737305,-64.78643035888672,-66.61461639404297,-68.24683380126953,-70.1607666015625,-70.11132049560547,-70.56285858154297,-70.95538330078125,-70.12742614746094,-69.08529663085938,-66.95137023925781,-66.18937683105469,-67.673095703125,-69.7965316772461,-70.8138656616211,-71.23812866210938,-71.77506256103516,-70.34077453613281,-70.67156219482422,-71.06635284423828,-71.20989227294922,-69.56330871582031,-67.74943542480469,-67.67393493652344,-69.62328338623047,-70.93376922607422,-71.30428314208984,-71.54940795898438,-71.97579956054688,-71.98541259765625,-70.670166015625,-70.21707916259766,-70.27272033691406,-68.36244201660156,-69.68122100830078,-70.5273666381836,-69.13383483886719,0.0
-72.32044219970703,-75.3078384399414,-73.95497131347656,-72.58782196044922,-71.7332763671875,-71.24186706542969,-71.39402770996094,-71.55709075927734,-65.5338134765625,-64.50884246826172,-63.09260177612305,-61.45504379272461,-61.92121505737305,-64.78643035888672,-66.61461639404297,-68.24683380126953,-70.1607666015625,-70.11132049560547,-70.56285858154297,-70.95538330078125,-70.12742614746094,-69.08529663085938,-66.95137023925781,-66.18937683105469,-67.673095703125,-69.7965316772461,-70.8138656616211,-71.23812866210938,-71.77506256103516,-70.34077453613281,-70.67156219482422,-71.06635284423828,-71.20989227294922,-69.56330871582031,-67.74943542480469,-67.67393493652344,-69.62328338623047,-70.93376922607422,-71.30428314208984,-71.54940795898438,-71.97579956054688,-71.98541259765625,-70.670166015625,-70.21707916259766,-70.27272033691406,-68.36244201660156,-69.68122100830078,-70.5273666381836,-69.13383483886719,-70.97380828857422,0.0
-75.3078384399414,-73.95497131347656,-72.58782196044922,-71.7332763671875,-71.24186706542969,-71.39402770996094,-71.55709075927734,-65.5338134765625,-64.50884246826172,-63.09260177612305,-61.45504379272461,-61.92121505737305,-64.78643035888672,-66.61461639404297,-68.24683380126953,-70.1607666015625,-70.11132049560547,-70.56285858154297,-70.95538330078125,-70.12742614746094,-69.08529663085938,-66.95137023925781,-66.18937683105469,-67.673095703125,-69.7965316772461,-70.8138656616211,-71.23812866210938,-71.77506256103516,-70.34077453613281,-70.67156219482422,-71.06635284423828,-71.20989227294922,-69.56330871582031,-67.74943542480469,-67.67393493652344,-69.62328338623047,-70.93376922607422,-71.30428314208984,-71.54940795898438,-71.97579956054688,-71.98541259765625,-70.670166015625,-70.21707916259766,-70.27272033691406,-68.36244201660156,-69.68122100830078,-70.5273666381836,-69.13383483886719,-70.97380828857422,-72.36702728271484,0.0
-73.95497131347656,-72.58782196044922,-71.7332763671875,-71.24186706542969,-71.39402770996094,-71.55709075927734,-65.5338134765625,-64.50884246826172,-63.09260177612305,-61.45504379272461,-61.92121505737305,-64.78643035888672,-66.61461639404297,-68.24683380126953,-70.1607666015625,-70.11132049560547,-70.56285858154297,-70.95538330078125,-70.12742614746094,-69.08529663085938,-66.95137023925781,-66.18937683105469,-67.673095703125,-69.7965316772461,-70.8138656616211,-71.23812866210938,-71.77506256103516,-70.34077453613281,-70.67156219482422,-71.06635284423828,-71.20989227294922,-69.56330871582031,-67.74943542480469,-67.67393493652344,-69.62328338623047,-70.93376922607422,-71.30428314208984,-71.54940795898438,-71.97579956054688,-71.98541259765625,-70.670166015625,-70.21707916259766,-70.27272033691406,-68.36244201660156,-69.68122100830078,-70.5273666381836,-69.13383483886719,-70.97380828857422,-72.36702728271484,-71.40887451171875,0.0
-72.58782196044922,-71.7332763671875,-71.24186706542969,-71.39402770996094,-71.55709075927734,-65.5338134765625,-64.50884246826172,-63.09260177612305,-61.45504379272461,-61.92121505737305,-64.78643035888672,-66.61461639404297,-68.24683380126953,-70.1607666015625,-70.11132049560547,-70.56285858154297,-70.95538330078125,-70.12742614746094,-69.08529663085938,-66.95137023925781,-66.18937683105469,-67.673095703125,-69.7965316772461,-70.8138656616211,-71.23812866210938,-71.77506256103516,-70.34077453613281,-70.67156219482422,-71.06635284423828,-71.20989227294922,-69.56330871582031,-67.74943542480469,-67.67393493652344,-69.62328338623047,-70.93376922607422,-71.30428314208984,-71.54940795898438,-71.97579956054688,-71.98541259765625,-70.670166015625,-70.21707916259766,-70.27272033691406,-68.36244201660156,-69.68122100830078,-70.5273666381836,-69.13383483886719,-70.97380828857422,-72.36702728271484,-71.40887451171875,-71.25216674804688,0.0
-71.7332763671875,-71.24186706542969,-71.39402770996094,-71.55709075927734,-65.5338134765625,-64.50884246826172,-63.09260177612305,-61.45504379272461,-61.92121505737305,-64.78643035888672,-66.61461639404297,-68.24683380126953,-70.1607666015625,-70.11132049560547,-70.56285858154297,-70.95538330078125,-70.12742614746094,-69.08529663085938,-66.95137023925781,-66.18937683105469,-67.673095703125,-69.7965316772461,-70.8138656616211,-71.23812866210938,-71.77506256103516,-70.34077453613281,-70.67156219482422,-71.06635284423828,-71.20989227294922,-69.56330871582031,-67.74943542480469,-67.67393493652344,-69.62328338623047,-70.93376922607422,-71.30428314208984,-71.54940795898438,-71.97579956054688,-71.98541259765625,-70.670166015625,-70.21707916259766,-70.27272033691406,-68.36244201660156,-69.68122100830078,-70.5273666381836,-69.13383483886719,-70.97380828857422,-72.36702728271484,-71.40887451171875,-71.25216674804688,-72.09481811523438,0.0
-71.24186706542969,-71.39402770996094,-71.55709075927734,-65.5338134765625,-64.50884246826172,-63.09260177612305,-61.45504379272461,-61.92121505737305,-64.78643035888672,-66.61461639404297,-68.24683380126953,-70.1607666015625,-70.11132049560547,-70.56285858154297,-70.95538330078125,-70.12742614746094,-69.08529663085938,-66.95137023925781,-66.18937683105469,-67.673095703125,-69.7965316772461,-70.8138656616211,-71.23812866210938,-71.77506256103516,-70.34077453613281,-70.67156219482422,-71.06635284423828,-71.20989227294922,-69.56330871582031,-67.74943542480469,-67.67393493652344,-69.62328338623047,-70.93376922607422,-71.30428314208984,-71.54940795898438,-71.97579956054688,-71.98541259765625,-70.670166015625,-70.21707916259766,-70.27272033691406,-68.36244201660156,-69.68122100830078,-70.5273666381836,-69.13383483886719,-70.97380828857422,-72.36702728271484,-71.40887451171875,-71.25216674804688,-72.09481811523438,-71.21946716308594,0.0
-71.39402770996094,-71.55709075927734,-65.5338134765625,-64.50884246826172,-63.09260177612305,-61.45504379272461,-61.92121505737305,-64.78643035888672,-66.61461639404297,-68.24683380126953,-70.1607666015625,-70.11132049560547,-70.56285858154297,-70.95538330078125,-70.12742614746094,-69.08529663085938,-66.95137023925781,-66.18937683105469,-67.673095703125,-69.7965316772461,-70.8138656616211,-71.23812866210938,-71.77506256103516,-70.34077453613281,-70.67156219482422,-71.06635284423828,-71.20989227294922,-69.56330871582031,-67.74943542480469,-67.67393493652344,-69.62328338623047,-70.93376922607422,-71.30428314208984,-71.54940795898438,-71.97579956054688,-71.98541259765625,-70.670166015625,-70.21707916259766,-70.27272033691406,-68.36244201660156,-69.68122100830078,-70.5273666381836,-69.13383483886719,-70.97380828857422,-72.36702728271484,-71.40887451171875,-71.25216674804688,-72.09481811523438,-71.21946716308594,-71.53974914550781,0.0
-71.55709075927734,-65.5338134765625,-64.50884246826172,-63.09260177612305,-61.45504379272461,-61.92121505737305,-64.78643035888672,-66.61461639404297,-68.24683380126953,-70.1607666015625,-70.11132049560547,-70.56285858154297,-70.95538330078125,-70.12742614746094,-69.08529663085938,-66.95137023925781,-66.18937683105469,-67.673095703125,-69.7965316772461,-70.8138656616211,-71.23812866210938,-71.77506256103516,-70.34077453613281,-70.67156219482422,-71.06635284423828,-71.20989227294922,-69.56330871582031,-67.74943542480469,-67.67393493652344,-69.62328338623047,-70.93376922607422,-71.30428314208984,-71.54940795898438,-71.97579956054688,-71.98541259765625,-70.670166015625,-70.21707916259766,-70.27272033691406,-68.36244201660156,-69.68122100830078,-70.5273666381836,-69.13383483886719,-70.97380828857422,-72.36702728271484,-71.40887451171875,-71.25216674804688,-72.09481811523438,-71.21946716308594,-71.53974914550781,-71.80030822753906,0.0
-65.5338134765625,-64.50884246826172,-63.09260177612305,-61.45504379272461,-61.92121505737305,-64.78643035888672,-66.61461639404297,-68.24683380126953,-70.1607666015625,-70.11132049560547,-70.56285858154297,-70.95538330078125,-70.12742614746094,-69.08529663085938,-66.95137023925781,-66.18937683105469,-67.673095703125,-69.7965316772461,-70.8138656616211,-71.23812866210938,-71.77506256103516,-70.34077453613281,-70.67156219482422,-71.06635284423828,-71.20989227294922,-69.56330871582031,-67.74943542480469,-67.67393493652344,-69.62328338623047,-70.93376922607422,-71.30428314208984,-71.54940795898438,-71.97579956054688,-71.98541259765625,-70.670166015625,-70.21707916259766,-70.27272033691406,-68.36244201660156,-69.68122100830078,-70.5273666381836,-69.13383483886719,-70.97380828857422,-72.36702728271484,-71.40887451171875,-71.25216674804688,-72.09481811523438,-71.21946716308594,-71.53974914550781,-71.80030822753906,-70.93560028076172,0.0
-64.50884246826172,-63.09260177612305,-61.45504379272461,-61.92121505737305,-64.78643035888672,-66.61461639404297,-68.24683380126953,-70.1607666015625,-70.11132049560547,-70.56285858154297,-70.95538330078125,-70.12742614746094,-69.08529663085938,-66.95137023925781,-66.18937683105469,-67.673095703125,-69.7965316772461,-70.8138656616211,-71.23812866210938,-71.77506256103516,-70.34077453613281,-70.67156219482422,-71.06635284423828,-71.20989227294922,-69.56330871582031,-67.74943542480469,-67.67393493652344,-69.62328338623047,-70.93376922607422,-71.30428314208984,-71.54940795898438,-71.97579956054688,-71.98541259765625,-70.670166015625,-70.21707916259766,-70.27272033691406,-68.36244201660156,-69.68122100830078,-70.5273666381836,-69.13383483886719,-70.97380828857422,-72.36702728271484,-71.40887451171875,-71.25216674804688,-72.09481811523438,-71.21946716308594,-71.53974914550781,-71.80030822753906,-70.93560028076172,-69.61747741699219,0.0
-63.09260177612305,-61.45504379272461,-61.92121505737305,-64.78643035888672,-66.61461639404297,-68.24683380126953,-70.1607666015625,-70.11132049560547,-70.56285858154297,-70.95538330078125,-70.12742614746094,-69.08529663085938,-66.95137023925781,-66.18937683105469,-67.673095703125,-69.7965316772461,-70.8138656616211,-71.23812866210938,-71.77506256103516,-70.34077453613281,-70.67156219482422,-71.06635284423828,-71.20989227294922,-69.56330871582031,-67.74943542480469,-67.67393493652344,-69.62328338623047,-70.93376922607422,-71.30428314208984,-71.54940795898438,-71.97579956054688,-71.98541259765625,-70.670166015625,-70.21707916259766,-70.27272033691406,-68.36244201660156,-69.68122100830078,-70.5273666381836,-69.13383483886719,-70.97380828857422,-72.36702728271484,-71.40887451171875,-71.25216674804688,-72.09481811523438,-71.21946716308594,-71.53974914550781,-71.80030822753906,-70.93560028076172,-69.61747741699219,-70.10394287109375,0.0
-61.45504379272461,-61.92121505737305,-64.78643035888672,-66.61461639404297,-68.24683380126953,-70.1607666015625,-70.11132049560547,-70.56285858154297,-70.95538330078125,-70.12742614746094,-69.08529663085938,-66.95137023925781,-66.18937683105469,-67.673095703125,-69.7965316772461,-70.8138656616211,-71.23812866210938,-71.77506256103516,-70.34077453613281,-70.67156219482422,-71.06635284423828,-71.20989227294922,-69.56330871582031,-67.74943542480469,-67.67393493652344,-69.62328338623047,-70.93376922607422,-71.30428314208984,-71.54940795898438,-71.97579956054688,-71.98541259765625,-70.670166015625,-70.21707916259766,-70.27272033691406,-68.36244201660156,-69.68122100830078,-70.5273666381836,-69.13383483886719,-70.97380828857422,-72.36702728271484,-71.40887451171875,-71.25216674804688,-72.09481811523438,-71.21946716308594,-71.53974914550781,-71.80030822753906,-70.93560028076172,-69.61747741699219,-70.10394287109375,-71.6982192993164,0.0
-61.92121505737305,-64.78643035888672,-66.61461639404297,-68.24683380126953,-70.1607666015625,-70.11132049560547,-70.56285858154297,-70.95538330078125,-70.12742614746094,-69.08529663085938,-66.95137023925781,-66.18937683105469,-67.673095703125,-69.7965316772461,-70.8138656616211,-71.23812866210938,-71.77506256103516,-70.34077453613281,-70.67156219482422,-71.06635284423828,-71.20989227294922,-69.56330871582031,-67.74943542480469,-67.67393493652344,-69.62328338623047,-70.93376922607422,-71.30428314208984,-71.54940795898438,-71.97579956054688,-71.98541259765625,-70.670166015625,-70.21707916259766,-70.27272033691406,-68.36244201660156,-69.68122100830078,-70.5273666381836,-69.13383483886719,-70.97380828857422,-72.36702728271484,-71.40887451171875,-71.25216674804688,-72.09481811523438,-71.21946716308594,-71.53974914550781,-71.80030822753906,-70.93560028076172,-69.61747741699219,-70.10394287109375,-71.6982192993164,-71.68333435058594,0.0
-64.78643035888672,-66.61461639404297,-68.24683380126953,-70.1607666015625,-70.11132049560547,-70.56285858154297,-70.95538330078125,-70.12742614746094,-69.08529663085938,-66.95137023925781,-66.18937683105469,-67.673095703125,-69.7965316772461,-70.8138656616211,-71.23812866210938,-71.77506256103516,-70.34077453613281,-70.67156219482422,-71.06635284423828,-71.20989227294922,-69.56330871582031,-67.74943542480469,-67.67393493652344,-69.62328338623047,-70.93376922607422,-71.30428314208984,-71.54940795898438,-71.97579956054688,-71.98541259765625,-70.670166015625,-70.21707916259766,-70.27272033691406,-68.36244201660156,-69.68122100830078,-70.5273666381836,-69.13383483886719,-70.97380828857422,-72.36702728271484,-71.40887451171875,-71.25216674804688,-72.09481811523438,-71.21946716308594,-71.53974914550781,-71.80030822753906,-70.93560028076172,-69.61747741699219,-70.10394287109375,-71.6982192993164,-71.68333435058594,-72.3190689086914,0.0
-66.61461639404297,-68.24683380126953,-70.1607666015625,-70.11132049560547,-70.56285858154297,-70.95538330078125,-70.12742614746094,-69.08529663085938,-66.95137023925781,-66.18937683105469,-67.673095703125,-69.7965316772461,-70.8138656616211,-71.23812866210938,-71.77506256103516,-70.34077453613281,-70.67156219482422,-71.06635284423828,-71.20989227294922,-69.56330871582031,-67.74943542480469,-67.67393493652344,-69.62328338623047,-70.93376922607422,-71.30428314208984,-71.54940795898438,-71.97579956054688,-71.98541259765625,-70.670166015625,-70.21707916259766,-70.27272033691406,-68.36244201660156,-69.68122100830078,-70.5273666381836,-69.13383483886719,-70.97380828857422,-72.36702728271484,-71.40887451171875,-71.25216674804688,-72.09481811523438,-71.21946716308594,-71.53974914550781,-71.80030822753906,-70.93560028076172,-69.61747741699219,-70.10394287109375,-71.6982192993164,-71.68333435058594,-72.3190689086914,-70.6381607055664,0.0
-68.24683380126953,-70.1607666015625,-70.11132049560547,-70.56285858154297,-70.95538330078125,-70.12742614746094,-69.08529663085938,-66.95137023925781,-66.18937683105469,-67.673095703125,-69.7965316772461,-70.8138656616211,-71.23812866210938,-71.77506256103516,-70.34077453613281,-70.67156219482422,-71.06635284423828,-71.20989227294922,-69.56330871582031,-67.74943542480469,-67.67393493652344,-69.62328338623047,-70.93376922607422,-71.30428314208984,-71.54940795898438,-71.97579956054688,-71.98541259765625,-70.670166015625,-70.21707916259766,-70.27272033691406,-68.36244201660156,-69.68122100830078,-70.5273666381836,-69.13383483886719,-70.97380828857422,-72.36702728271484,-71.40887451171875,-71.25216674804688,-72.09481811523438,-71.21946716308594,-71.53974914550781,-71.80030822753906,-70.93560028076172,-69.61747741699219,-70.10394287109375,-71.6982192993164,-71.68333435058594,-72.3190689086914,-70.6381607055664,-71.25731658935547,0.0
-70.1607666015625,-70.11132049560547,-70.56285858154297,-70.95538330078125,-70.12742614746094,-69.08529663085938,-66.95137023925781,-66.18937683105469,-67.673095703125,-69.7965316772461,-70.8138656616211,-71.23812866210938,-71.77506256103516,-70.34077453613281,-70.67156219482422,-71.06635284423828,-71.20989227294922,-69.56330871582031,-67.74943542480469,-67.67393493652344,-69.62328338623047,-70.93376922607422,-71.30428314208984,-71.54940795898438,-71.97579956054688,-71.98541259765625,-70.670166015625,-70.21707916259766,-70.27272033691406,-68.36244201660156,-69.68122100830078,-70.5273666381836,-69.13383483886719,-70.97380828857422,-72.36702728271484,-71.40887451171875,-71.25216674804688,-72.09481811523438,-71.21946716308594,-71.53974914550781,-71.80030822753906,-70.93560028076172,-69.61747741699219,-70.10394287109375,-71.6982192993164,-71.68333435058594,-72.3190689086914,-70.6381607055664,-71.25731658935547,-72.28495025634766,0.0
-70.11132049560547,-70.56285858154297,-70.95538330078125,-70.12742614746094,-69.08529663085938,-66.95137023925781,-66.18937683105469,-67.673095703125,-69.7965316772461,-70.8138656616211,-71.23812866210938,-71.77506256103516,-70.34077453613281,-70.67156219482422,-71.06635284423828,-71.20989227294922,-69.56330871582031,-67.74943542480469,-67.67393493652344,-69.62328338623047,-70.93376922607422,-71.30428314208984,-71.54940795898438,-71.97579956054688,-71.98541259765625,-70.670166015625,-70.21707916259766,-70.27272033691406,-68.36244201660156,-69.68122100830078,-70.5273666381836,-69.13383483886719,-70.97380828857422,-72.36702728271484,-71.40887451171875,-71.25216674804688,-72.09481811523438,-71.21946716308594,-71.53974914550781,-71.80030822753906,-70.93560028076172,-69.61747741699219,-70.10394287109375,-71.6982192993164,-71.68333435058594,-72.3190689086914,-70.6381607055664,-71.25731658935547,-72.28495025634766,-72.117919921875,0.0
-70.56285858154297,-70.95538330078125,-70.12742614746094,-69.08529663085938,-66.95137023925781,-66.18937683105469,-67.673095703125,-69.7965316772461,-70.8138656616211,-71.23812866210938,-71.77506256103516,-70.34077453613281,-70.67156219482422,-71.06635284423828,-71.20989227294922,-69.56330871582031,-67.74943542480469,-67.67393493652344,-69.62328338623047,-70.93376922607422,-71.30428314208984,-71.54940795898438,-71.97579956054688,-71.98541259765625,-70.670166015625,-70.21707916259766,-70.27272033691406,-68.36244201660156,-69.68122100830078,-70.5273666381836,-69.13383483886719,-70.97380828857422,-72.36702728271484,-71.40887451171875,-71.25216674804688,-72.09481811523438,-71.21946716308594,-71.53974914550781,-71.80030822753906,-70.93560028076172,-69.61747741699219,-70.10394287109375,-71.6982192993164,-71.68333435058594,-72.3190689086914,-70.6381607055664,-71.25731658935547,-72.28495025634766,-72.117919921875,-70.9215316772461,0.0
-70.95538330078125,-70.12742614746094,-69.08529663085938,-66.95137023925781,-66.18937683105469,-67.673095703125,-69.7965316772461,-70.8138656616211,-71.23812866210938,-71.77506256103516,-70.34077453613281,-70.67156219482422,-71.06635284423828,-71.20989227294922,-69.56330871582031,-67.74943542480469,-67.67393493652344,-69.62328338623047,-70.93376922607422,-71.30428314208984,-71.54940795898438,-71.97579956054688,-71.98541259765625,-70.670166015625,-70.21707916259766,-70.27272033691406,-68.36244201660156,-69.68122100830078,-70.5273666381836,-69.13383483886719,-70.97380828857422,-72.36702728271484,-71.40887451171875,-71.25216674804688,-72.09481811523438,-71.21946716308594,-71.53974914550781,-71.80030822753906,-70.93560028076172,-69.61747741699219,-70.10394287109375,-71.6982192993164,-71.68333435058594,-72.3190689086914,-70.6381607055664,-71.25731658935547,-72.28495025634766,-72.117919921875,-70.9215316772461,-69.95393371582031,0.0
-70.12742614746094,-69.08529663085938,-66.95137023925781,-66.18937683105469,-67.673095703125,-69.7965316772461,-70.8138656616211,-71.23812866210938,-71.77506256103516,-70.34077453613281,-70.67156219482422,-71.06635284423828,-71.20989227294922,-69.56330871582031,-67.74943542480469,-67.67393493652344,-69.62328338623047,-70.93376922607422,-71.30428314208984,-71.54940795898438,-71.97579956054688,-71.98541259765625,-70.670166015625,-70.21707916259766,-70.27272033691406,-68.36244201660156,-69.68122100830078,-70.5273666381836,-69.13383483886719,-70.97380828857422,-72.36702728271484,-71.40887451171875,-71.25216674804688,-72.09481811523438,-71.21946716308594,-71.53974914550781,-71.80030822753906,-70.93560028076172,-69.61747741699219,-70.10394287109375,-71.6982192993164,-71.68333435058594,-72.3190689086914,-70.6381607055664,-71.25731658935547,-72.28495025634766,-72.117919921875,-70.9215316772461,-69.95393371582031,-68.88060760498047,0.0
-69.08529663085938,-66.95137023925781,-66.18937683105469,-67.673095703125,-69.7965316772461,-70.8138656616211,-71.23812866210938,-71.77506256103516,-70.34077453613281,-70.67156219482422,-71.06635284423828,-71.20989227294922,-69.56330871582031,-67.74943542480469,-67.67393493652344,-69.62328338623047,-70.93376922607422,-71.30428314208984,-71.54940795898438,-71.97579956054688,-71.98541259765625,-70.670166015625,-70.21707916259766,-70.27272033691406,-68.36244201660156,-69.68122100830078,-70.5273666381836,-69.13383483886719,-70.97380828857422,-72.36702728271484,-71.40887451171875,-71.25216674804688,-72.09481811523438,-71.21946716308594,-71.53974914550781,-71.80030822753906,-70.93560028076172,-69.61747741699219,-70.10394287109375,-71.6982192993164,-71.68333435058594,-72.3190689086914,-70.6381607055664,-71.25731658935547,-72.28495025634766,-72.117919921875,-70.9215316772461,-69.95393371582031,-68.88060760498047,-70.00666046142578,0.0
-66.95137023925781,-66.18937683105469,-67.673095703125,-69.7965316772461,-70.8138656616211,-71.23812866210938,-71.77506256103516,-70.34077453613281,-70.67156219482422,-71.06635284423828,-71.20989227294922,-69.56330871582031,-67.74943542480469,-67.67393493652344,-69.62328338623047,-70.93376922607422,-71.30428314208984,-71.54940795898438,-71.97579956054688,-71.98541259765625,-70.670166015625,-70.21707916259766,-70.27272033691406,-68.36244201660156,-69.68122100830078,-70.5273666381836,-69.13383483886719,-70.97380828857422,-72.36702728271484,-71.40887451171875,-71.25216674804688,-72.09481811523438,-71.21946716308594,-71.53974914550781,-71.80030822753906,-70.93560028076172,-69.61747741699219,-70.10394287109375,-71.6982192993164,-71.68333435058594,-72.3190689086914,-70.6381607055664,-71.25731658935547,-72.28495025634766,-72.117919921875,-70.9215316772461,-69.95393371582031,-68.88060760498047,-70.00666046142578,-70.28482055664062,0.0
-66.18937683105469,-67.673095703125,-69.7965316772461,-70.8138656616211,-71.23812866210938,-71.77506256103516,-70.34077453613281,-70.67156219482422,-71.06635284423828,-71.20989227294922,-69.56330871582031,-67.74943542480469,-67.67393493652344,-69.62328338623047,-70.93376922607422,-71.30428314208984,-71.54940795898438,-71.97579956054688,-71.98541259765625,-70.670166015625,-70.21707916259766,-70.27272033691406,-68.36244201660156,-69.68122100830078,-70.5273666381836,-69.13383483886719,-70.97380828857422,-72.36702728271484,-71.40887451171875,-71.25216674804688,-72.09481811523438,-71.21946716308594,-71.53974914550781,-71.80030822753906,-70.93560028076172,-69.61747741699219,-70.10394287109375,-71.6982192993164,-71.68333435058594,-72.3190689086914,-70.6381607055664,-71.25731658935547,-72.28495025634766,-72.117919921875,-70.9215316772461,-69.95393371582031,-68.88060760498047,-70.00666046142578,-70.28482055664062,-70.60498809814453,0.0
-67.673095703125,-69.7965316772461,-70.8138656616211,-71.23812866210938,-71.77506256103516,-70.34077453613281,-70.67156219482422,-71.06635284423828,-71.20989227294922,-69.56330871582031,-67.74943542480469,-67.67393493652344,-69.62328338623047,-70.93376922607422,-71.30428314208984,-71.54940795898438,-71.97579956054688,-71.98541259765625,-70.670166015625,-70.21707916259766,-70.27272033691406,-68.36244201660156,-69.68122100830078,-70.5273666381836,-69.13383483886719,-70.97380828857422,-72.36702728271484,-71.40887451171875,-71.25216674804688,-72.09481811523438,-71.21946716308594,-71.53974914550781,-71.80030822753906,-70.93560028076172,-69.61747741699219,-70.10394287109375,-71.6982192993164,-71.68333435058594,-72.3190689086914,-70.6381607055664,-71.25731658935547,-72.28495025634766,-72.117919921875,-70.9215316772461,-69.95393371582031,-68.88060760498047,-70.00666046142578,-70.28482055664062,-70.60498809814453,-71.17140197753906,0.0
-69.7965316772461,-70.8138656616211,-71.23812866210938,-71.77506256103516,-70.34077453613281,-70.67156219482422,-71.06635284423828,-71.20989227294922,-69.56330871582031,-67.74943542480469,-67.67393493652344,-69.62328338623047,-70.93376922607422,-71.30428314208984,-71.54940795898438,-71.97579956054688,-71.98541259765625,-70.670166015625,-70.21707916259766,-70.27272033691406,-68.36244201660156,-69.68122100830078,-70.5273666381836,-69.13383483886719,-70.97380828857422,-72.36702728271484,-71.40887451171875,-71.25216674804688,-72.09481811523438,-71.21946716308594,-71.53974914550781,-71.80030822753906,-70.93560028076172,-69.61747741699219,-70.10394287109375,-71.6982192993164,-71.68333435058594,-72.3190689086914,-70.6381607055664,-71.25731658935547,-72.28495025634766,-72.117919921875,-70.9215316772461,-69.95393371582031,-68.88060760498047,-70.00666046142578,-70.28482055664062,-70.60498809814453,-71.17140197753906,-71.01068115234375,0.0
-70.8138656616211,-71.23812866210938,-71.77506256103516,-70.34077453613281,-70.67156219482422,-71.06635284423828,-71.20989227294922,-69.56330871582031,-67.74943542480469,-67.67393493652344,-69.62328338623047,-70.93376922607422,-71.30428314208984,-71.54940795898438,-71.97579956054688,-71.98541259765625,-70.670166015625,-70.21707916259766,-70.27272033691406,-68.36244201660156,-69.68122100830078,-70.5273666381836,-69.13383483886719,-70.97380828857422,-72.36702728271484,-71.40887451171875,-71.25216674804688,-72.09481811523438,-71.21946716308594,-71.53974914550781,-71.80030822753906,-70.93560028076172,-69.61747741699219,-70.10394287109375,-71.6982192993164,-71.68333435058594,-72.3190689086914,-70.6381607055664,-71.25731658935547,-72.28495025634766,-72.117919921875,-70.9215316772461,-69.95393371582031,-68.88060760498047,-70.00666046142578,-70.28482055664062,-70.60498809814453,-71.17140197753906,-71.01068115234375,-71.50110626220703,0.0
-71.23812866210938,-71.77506256103516,-70.34077453613281,-70.67156219482422,-71.06635284423828,-71.20989227294922,-69.56330871582031,-67.74943542480469,-67.67393493652344,-69.62328338623047,-70.93376922607422,-71.30428314208984,-71.54940795898438,-71.97579956054688,-71.98541259765625,-70.670166015625,-70.21707916259766,-70.27272033691406,-68.36244201660156,-69.68122100830078,-70.5273666381836,-69.13383483886719,-70.97380828857422,-72.36702728271484,-71.40887451171875,-71.25216674804688,-72.09481811523438,-71.21946716308594,-71.53974914550781,-71.80030822753906,-70.93560028076172,-69.61747741699219,-70.10394287109375,-71.6982192993164,-71.68333435058594,-72.3190689086914,-70.6381607055664,-71.25731658935547,-72.28495025634766,-72.117919921875,-70.9215316772461,-69.95393371582031,-68.88060760498047,-70.00666046142578,-70.28482055664062,-70.60498809814453,-71.17140197753906,-71.01068115234375,-71.50110626220703,-71.26409149169922,0.0
-71.77506256103516,-70.34077453613281,-70.67156219482422,-71.06635284423828,-71.20989227294922,-69.56330871582031,-67.74943542480469,-67.67393493652344,-69.62328338623047,-70.93376922607422,-71.30428314208984,-71.54940795898438,-71.97579956054688,-71.98541259765625,-70.670166015625,-70.21707916259766,-70.27272033691406,-68.36244201660156,-69.68122100830078,-70.5273666381836,-69.13383483886719,-70.97380828857422,-72.36702728271484,-71.40887451171875,-71.25216674804688,-72.09481811523438,-71.21946716308594,-71.53974914550781,-71.80030822753906,-70.93560028076172,-69.61747741699219,-70.10394287109375,-71.6982192993164,-71.68333435058594,-72.3190689086914,-70.6381607055664,-71.25731658935547,-72.28495025634766,-72.117919921875,-70.9215316772461,-69.95393371582031,-68.88060760498047,-70.00666046142578,-70.28482055664062,-70.60498809814453,-71.17140197753906,-71.01068115234375,-71.50110626220703,-71.26409149169922,-71.2667465209961,0.0
-70.34077453613281,-70.67156219482422,-71.06635284423828,-71.20989227294922,-69.56330871582031,-67.74943542480469,-67.67393493652344,-69.62328338623047,-70.93376922607422,-71.30428314208984,-71.54940795898438,-71.97579956054688,-71.98541259765625,-70.670166015625,-70.21707916259766,-70.27272033691406,-68.36244201660156,-69.68122100830078,-70.5273666381836,-69.13383483886719,-70.97380828857422,-72.36702728271484,-71.40887451171875,-71.25216674804688,-72.09481811523438,-71.21946716308594,-71.53974914550781,-71.80030822753906,-70.93560028076172,-69.61747741699219,-70.10394287109375,-71.6982192993164,-71.68333435058594,-72.3190689086914,-70.6381607055664,-71.25731658935547,-72.28495025634766,-72.117919921875,-70.9215316772461,-69.95393371582031,-68.88060760498047,-70.00666046142578,-70.28482055664062,-70.60498809814453,-71.17140197753906,-71.01068115234375,-71.50110626220703,-71.26409149169922,-71.2667465209961,-72.1221923828125,0.0
-70.67156219482422,-71.06635284423828,-71.20989227294922,-69.56330871582031,-67.74943542480469,-67.67393493652344,-69.62328338623047,-70.93376922607422,-71.30428314208984,-71.54940795898438,-71.97579956054688,-71.98541259765625,-70.670166015625,-70.21707916259766,-70.27272033691406,-68.36244201660156,-69.68122100830078,-70.5273666381836,-69.13383483886719,-70.97380828857422,-72.36702728271484,-71.40887451171875,-71.25216674804688,-72.09481811523438,-71.21946716308594,-71.53974914550781,-71.80030822753906,-70.93560028076172,-69.61747741699219,-70.10394287109375,-71.6982192993164,-71.68333435058594,-72.3190689086914,-70.6381607055664,-71.25731658935547,-72.28495025634766,-72.117919921875,-70.9215316772461,-69.95393371582031,-68.88060760498047,-70.00666046142578,-70.28482055664062,-70.60498809814453,-71.17140197753906,-71.01068115234375,-71.50110626220703,-71.26409149169922,-71.2667465209961,-72.1221923828125,-71.31400299072266,0.0
-71.06635284423828,-71.20989227294922,-69.56330871582031,-67.74943542480469,-67.67393493652344,-69.62328338623047,-70.93376922607422,-71.30428314208984,-71.54940795898438,-71.97579956054688,-71.98541259765625,-70.670166015625,-70.21707916259766,-70.27272033691406,-68.36244201660156,-69.68122100830078,-70.5273666381836,-69.13383483886719,-70.97380828857422,-72.36702728271484,-71.40887451171875,-71.25216674804688,-72.09481811523438,-71.21946716308594,-71.53974914550781,-71.80030822753906,-70.93560028076172,-69.61747741699219,-70.10394287109375,-71.6982192993164,-71.68333435058594,-72.3190689086914,-70.6381607055664,-71.25731658935547,-72.28495025634766,-72.117919921875,-70.9215316772461,-69.95393371582031,-68.88060760498047,-70.00666046142578,-70.28482055664062,-70.60498809814453,-71.17140197753906,-71.01068115234375,-71.50110626220703,-71.26409149169922,-71.2667465209961,-72.1221923828125,-71.31400299072266,-70.30815887451172,0.0
-71.20989227294922,-69.56330871582031,-67.74943542480469,-67.67393493652344,-69.62328338623047,-70.93376922607422,-71.30428314208984,-71.54940795898438,-71.97579956054688,-71.98541259765625,-70.670166015625,-70.21707916259766,-70.27272033691406,-68.36244201660156,-69.68122100830078,-70.5273666381836,-69.13383483886719,-70.97380828857422,-72.36702728271484,-71.40887451171875,-71.25216674804688,-72.09481811523438,-71.21946716308594,-71.53974914550781,-71.80030822753906,-70.93560028076172,-69.61747741699219,-70.10394287109375,-71.6982192993164,-71.68333435058594,-72.3190689086914,-70.6381607055664,-71.25731658935547,-72.28495025634766,-72.117919921875,-70.9215316772461,-69.95393371582031,-68.88060760498047,-70.00666046142578,-70.28482055664062,-70.60498809814453,-71.17140197753906,-71.01068115234375,-71.50110626220703,-71.26409149169922,-71.2667465209961,-72.1221923828125,-71.31400299072266,-70.30815887451172,-71.77428436279297,0.0
-69.56330871582031,-67.74943542480469,-67.67393493652344,-69.62328338623047,-70.93376922607422,-71.30428314208984,-71.54940795898438,-71.97579956054688,-71.98541259765625,-70.670166015625,-70.21707916259766,-70.27272033691406,-68.36244201660156,-69.68122100830078,-70.5273666381836,-69.13383483886719,-70.97380828857422,-72.36702728271484,-71.40887451171875,-71.25216674804688,-72.09481811523438,-71.21946716308594,-71.53974914550781,-71.80030822753906,-70.93560028076172,-69.61747741699219,-70.10394287109375,-71.6982192993164,-71.68333435058594,-72.3190689086914,-70.6381607055664,-71.25731658935547,-72.28495025634766,-72.117919921875,-70.9215316772461,-69.95393371582031,-68.88060760498047,-70.00666046142578,-70.28482055664062,-70.60498809814453,-71.17140197753906,-71.01068115234375,-71.50110626220703,-71.26409149169922,-71.2667465209961,-72.1221923828125,-71.31400299072266,-70.30815887451172,-71.77428436279297,-70.53548431396484,0.0
-67.74943542480469,-67.67393493652344,-69.62328338623047,-70.93376922607422,-71.30428314208984,-71.54940795898438,-71.97579956054688,-71.98541259765625,-70.670166015625,-70.21707916259766,-70.27272033691406,-68.36244201660156,-69.68122100830078,-70.5273666381836,-69.13383483886719,-70.97380828857422,-72.36702728271484,-71.40887451171875,-71.25216674804688,-72.09481811523438,-71.21946716308594,-71.53974914550781,-71.80030822753906,-70.93560028076172,-69.61747741699219,-70.10394287109375,-71.6982192993164,-71.68333435058594,-72.3190689086914,-70.6381607055664,-71.25731658935547,-72.28495025634766,-72.117919921875,-70.9215316772461,-69.95393371582031,-68.88060760498047,-70.00666046142578,-70.28482055664062,-70.60498809814453,-71.17140197753906,-71.01068115234375,-71.50110626220703,-71.26409149169922,-71.2667465209961,-72.1221923828125,-71.31400299072266,-70.30815887451172,-71.77428436279297,-70.53548431396484,-70.88328552246094,0.0
-67.67393493652344,-69.62328338623047,-70.93376922607422,-71.30428314208984,-71.54940795898438,-71.97579956054688,-71.98541259765625,-70.670166015625,-70.21707916259766,-70.27272033691406,-68.36244201660156,-69.68122100830078,-70.5273666381836,-69.13383483886719,-70.97380828857422,-72.36702728271484,-71.40887451171875,-71.25216674804688,-72.09481811523438,-71.21946716308594,-71.53974914550781,-71.80030822753906,-70.93560028076172,-69.61747741699219,-70.10394287109375,-71.6982192993164,-71.68333435058594,-72.3190689086914,-70.6381607055664,-71.25731658935547,-72.28495025634766,-72.117919921875,-70.9215316772461,-69.95393371582031,-68.88060760498047,-70.00666046142578,-70.28482055664062,-70.60498809814453,-71.17140197753906,-71.01068115234375,-71.50110626220703,-71.26409149169922,-71.2667465209961,-72.1221923828125,-71.31400299072266,-70.30815887451172,-71.77428436279297,-70.53548431396484,-70.88328552246094,-71.17123413085938,0.0
-69.62328338623047,-70.93376922607422,-71.30428314208984,-71.54940795898438,-71.97579956054688,-71.98541259765625,-70.670166015625,-70.21707916259766,-70.27272033691406,-68.36244201660156,-69.68122100830078,-70.5273666381836,-69.13383483886719,-70.97380828857422,-72.36702728271484,-71.40887451171875,-71.25216674804688,-72.09481811523438,-71.21946716308594,-71.53974914550781,-71.80030822753906,-70.93560028076172,-69.61747741699219,-70.10394287109375,-71.6982192993164,-71.68333435058594,-72.3190689086914,-70.6381607055664,-71.25731658935547,-72.28495025634766,-72.117919921875,-70.9215316772461,-69.95393371582031,-68.88060760498047,-70.00666046142578,-70.28482055664062,-70.60498809814453,-71.17140197753906,-71.01068115234375,-71.50110626220703,-71.26409149169922,-71.2667465209961,-72.1221923828125,-71.31400299072266,-70.30815887451172,-71.77428436279297,-70.53548431396484,-70.88328552246094,-71.17123413085938,-71.11210632324219,0.0
-70.93376922607422,-71.30428314208984,-71.54940795898438,-71.97579956054688,-71.98541259765625,-70.670166015625,-70.21707916259766,-70.27272033691406,-68.36244201660156,-69.68122100830078,-70.5273666381836,-69.13383483886719,-70.97380828857422,-72.36702728271484,-71.40887451171875,-71.25216674804688,-72.09481811523438,-71.21946716308594,-71.53974914550781,-71.80030822753906,-70.93560028076172,-69.61747741699219,-70.10394287109375,-71.6982192993164,-71.68333435058594,-72.3190689086914,-70.6381607055664,-71.25731658935547,-72.28495025634766,-72.117919921875,-70.9215316772461,-69.95393371582031,-68.88060760498047,-70.00666046142578,-70.28482055664062,-70.60498809814453,-71.17140197753906,-71.01068115234375,-71.50110626220703,-71.26409149169922,-71.2667465209961,-72.1221923828125,-71.31400299072266,-70.30815887451172,-71.77428436279297,-70.53548431396484,-70.88328552246094,-71.17123413085938,-71.11210632324219,-70.75318145751953,0.0
-71.30428314208984,-71.54940795898438,-71.97579956054688,-71.98541259765625,-70.670166015625,-70.21707916259766,-70.27272033691406,-68.36244201660156,-69.68122100830078,-70.5273666381836,-69.13383483886719,-70.97380828857422,-72.36702728271484,-71.40887451171875,-71.25216674804688,-72.09481811523438,-71.21946716308594,-71.53974914550781,-71.80030822753906,-70.93560028076172,-69.61747741699219,-70.10394287109375,-71.6982192993164,-71.68333435058594,-72.3190689086914,-70.6381607055664,-71.25731658935547,-72.28495025634766,-72.117919921875,-70.9215316772461,-69.95393371582031,-68.88060760498047,-70.00666046142578,-70.28482055664062,-70.60498809814453,-71.17140197753906,-71.01068115234375,-71.50110626220703,-71.26409149169922,-71.2667465209961,-72.1221923828125,-71.31400299072266,-70.30815887451172,-71.77428436279297,-70.53548431396484,-70.88328552246094,-71.17123413085938,-71.11210632324219,-70.75318145751953,-70.45101928710938,0.0
-71.54940795898438,-71.97579956054688,-71.98541259765625,-70.670166015625,-70.21707916259766,-70.27272033691406,-68.36244201660156,-69.68122100830078,-70.5273666381836,-69.13383483886719,-70.97380828857422,-72.36702728271484,-71.40887451171875,-71.25216674804688,-72.09481811523438,-71.21946716308594,-71.53974914550781,-71.80030822753906,-70.93560028076172,-69.61747741699219,-70.10394287109375,-71.6982192993164,-71.68333435058594,-72.3190689086914,-70.6381607055664,-71.25731658935547,-72.28495025634766,-72.117919921875,-70.9215316772461,-69.95393371582031,-68.88060760498047,-70.00666046142578,-70.28482055664062,-70.60498809814453,-71.17140197753906,-71.01068115234375,-71.50110626220703,-71.26409149169922,-71.2667465209961,-72.1221923828125,-71.31400299072266,-70.30815887451172,-71.77428436279297,-70.53548431396484,-70.88328552246094,-71.17123413085938,-71.11210632324219,-70.75318145751953,-70.45101928710938,-73.08637237548828,0.0
-71.97579956054688,-71.98541259765625,-70.670166015625,-70.21707916259766,-70.27272033691406,-68.36244201660156,-69.68122100830078,-70.5273666381836,-69.13383483886719,-70.97380828857422,-72.36702728271484,-71.40887451171875,-71.25216674804688,-72.09481811523438,-71.21946716308594,-71.53974914550781,-71.80030822753906,-70.93560028076172,-69.61747741699219,-70.10394287109375,-71.6982192993164,-71.68333435058594,-72.3190689086914,-70.6381607055664,-71.25731658935547,-72.28495025634766,-72.117919921875,-70.9215316772461,-69.95393371582031,-68.88060760498047,-70.00666046142578,-70.28482055664062,-70.60498809814453,-71.17140197753906,-71.01068115234375,-71.50110626220703,-71.26409149169922,-71.2667465209961,-72.1221923828125,-71.31400299072266,-70.30815887451172,-71.77428436279297,-70.53548431396484,-70.88328552246094,-71.17123413085938,-71.11210632324219,-70.75318145751953,-70.45101928710938,-73.08637237548828,-72.94282531738281,0.0
-71.98541259765625,-70.670166015625,-70.21707916259766,-70.27272033691406,-68.36244201660156,-69.68122100830078,-70.5273666381836,-69.13383483886719,-70.97380828857422,-72.36702728271484,-71.40887451171875,-71.25216674804688,-72.09481811523438,-71.21946716308594,-71.53974914550781,-71.80030822753906,-70.93560028076172,-69.61747741699219,-70.10394287109375,-71.6982192993164,-71.68333435058594,-72.3190689086914,-70.6381607055664,-71.25731658935547,-72.28495025634766,-72.117919921875,-70.9215316772461,-69.95393371582031,-68.88060760498047,-70.00666046142578,-70.28482055664062,-70.60498809814453,-71.17140197753906,-71.01068115234375,-71.50110626220703,-71.26409149169922,-71.2667465209961,-72.1221923828125,-71.31400299072266,-70.30815887451172,-71.77428436279297,-70.53548431396484,-70.88328552246094,-71.17123413085938,-71.11210632324219,-70.75318145751953,-70.45101928710938,-73.08637237548828,-72.94282531738281,-73.41613006591797,0.0
-70.670166015625,-70.21707916259766,-70.27272033691406,-68.36244201660156,-69.68122100830078,-70.5273666381836,-69.13383483886719,-70.97380828857422,-72.36702728271484,-71.40887451171875,-71.25216674804688,-72.09481811523438,-71.21946716308594,-71.53974914550781,-71.80030822753906,-70.93560028076172,-69.61747741699219,-70.10394287109375,-71.6982192993164,-71.68333435058594,-72.3190689086914,-70.6381607055664,-71.25731658935547,-72.28495025634766,-72.117919921875,-70.9215316772461,-69.95393371582031,-68.88060760498047,-70.00666046142578,-70.28482055664062,-70.60498809814453,-71.17140197753906,-71.01068115234375,-71.50110626220703,-71.26409149169922,-71.2667465209961,-72.1221923828125,-71.31400299072266,-70.30815887451172,-71.77428436279297,-70.53548431396484,-70.88328552246094,-71.17123413085938,-71.11210632324219,-70.75318145751953,-70.45101928710938,-73.08637237548828,-72.94282531738281,-73.41613006591797,-74.6219711303711,0.0
-70.21707916259766,-70.27272033691406,-68.36244201660156,-69.68122100830078,-70.5273666381836,-69.13383483886719,-70.97380828857422,-72.36702728271484,-71.40887451171875,-71.25216674804688,-72.09481811523438,-71.21946716308594,-71.53974914550781,-71.80030822753906,-70.93560028076172,-69.61747741699219,-70.10394287109375,-71.6982192993164,-71.68333435058594,-72.3190689086914,-70.6381607055664,-71.25731658935547,-72.28495025634766,-72.117919921875,-70.9215316772461,-69.95393371582031,-68.88060760498047,-70.00666046142578,-70.28482055664062,-70.60498809814453,-71.17140197753906,-71.01068115234375,-71.50110626220703,-71.26409149169922,-71.2667465209961,-72.1221923828125,-71.31400299072266,-70.30815887451172,-71.77428436279297,-70.53548431396484,-70.88328552246094,-71.17123413085938,-71.11210632324219,-70.75318145751953,-70.45101928710938,-73.08637237548828,-72.94282531738281,-73.41613006591797,-74.6219711303711,-73.57752227783203,0.0
-70.27272033691406,-68.36244201660156,-69.68122100830078,-70.5273666381836,-69.13383483886719,-70.97380828857422,-72.36702728271484,-71.40887451171875,-71.25216674804688,-72.09481811523438,-71.21946716308594,-71.53974914550781,-71.80030822753906,-70.93560028076172,-69.61747741699219,-70.10394287109375,-71.6982192993164,-71.68333435058594,-72.3190689086914,-70.6381607055664,-71.25731658935547,-72.28495025634766,-72.117919921875,-70.9215316772461,-69.95393371582031,-68.88060760498047,-70.00666046142578,-70.28482055664062,-70.60498809814453,-71.17140197753906,-71.01068115234375,-71.50110626220703,-71.26409149169922,-71.2667465209961,-72.1221923828125,-71.31400299072266,-70.30815887451172,-71.77428436279297,-70.53548431396484,-70.88328552246094,-71.17123413085938,-71.11210632324219,-70.75318145751953,-70.45101928710938,-73.08637237548828,-72.94282531738281,-73.41613006591797,-74.6219711303711,-73.57752227783203,-73.52738952636719,0.0
-68.36244201660156,-69.68122100830078,-70.5273666381836,-69.13383483886719,-70.97380828857422,-72.36702728271484,-71.40887451171875,-71.25216674804688,-72.09481811523438,-71.21946716308594,-71.53974914550781,-71.80030822753906,-70.93560028076172,-69.61747741699219,-70.10394287109375,-71.6982192993164,-71.68333435058594,-72.3190689086914,-70.6381607055664,-71.25731658935547,-72.28495025634766,-72.117919921875,-70.9215316772461,-69.95393371582031,-68.88060760498047,-70.00666046142578,-70.28482055664062,-70.60498809814453,-71.17140197753906,-71.01068115234375,-71.50110626220703,-71.26409149169922,-71.2667465209961,-72.1221923828125,-71.31400299072266,-70.30815887451172,-71.77428436279297,-70.53548431396484,-70.88328552246094,-71.17123413085938,-71.11210632324219,-70.75318145751953,-70.45101928710938,-73.08637237548828,-72.94282531738281,-73.41613006591797,-74.6219711303711,-73.57752227783203,-73.52738952636719,-72.5832290649414,0.0
-69.68122100830078,-70.5273666381836,-69.13383483886719,-70.97380828857422,-72.36702728271484,-71.40887451171875,-71.25216674804688,-72.09481811523438,-71.21946716308594,-71.53974914550781,-71.80030822753906,-70.93560028076172,-69.61747741699219,-70.10394287109375,-71.6982192993164,-71.68333435058594,-72.3190689086914,-70.6381607055664,-71.25731658935547,-72.28495025634766,-72.117919921875,-70.9215316772461,-69.95393371582031,-68.88060760498047,-70.00666046142578,-70.28482055664062,-70.60498809814453,-71.17140197753906,-71.01068115234375,-71.50110626220703,-71.26409149169922,-71.2667465209961,-72.1221923828125,-71.31400299072266,-70.30815887451172,-71.77428436279297,-70.53548431396484,-70.88328552246094,-71.17123413085938,-71.11210632324219,-70.75318145751953,-70.45101928710938,-73.08637237548828,-72.94282531738281,-73.41613006591797,-74.6219711303711,-73.57752227783203,-73.52738952636719,-72.5832290649414,-73.87395477294922,0.0
-70.5273666381836,-69.13383483886719,-70.97380828857422,-72.36702728271484,-71.40887451171875,-71.25216674804688,-72.09481811523438,-71.21946716308594,-71.53974914550781,-71.80030822753906,-70.93560028076172,-69.61747741699219,-70.10394287109375,-71.6982192993164,-71.68333435058594,-72.3190689086914,-70.6381607055664,-71.25731658935547,-72.28495025634766,-72.117919921875,-70.9215316772461,-69.95393371582031,-68.88060760498047,-70.00666046142578,-70.28482055664062,-70.60498809814453,-71.17140197753906,-71.01068115234375,-71.50110626220703,-71.26409149169922,-71.2667465209961,-72.1221923828125,-71.31400299072266,-70.30815887451172,-71.77428436279297,-70.53548431396484,-70.88328552246094,-71.17123413085938,-71.11210632324219,-70.75318145751953,-70.45101928710938,-73.08637237548828,-72.94282531738281,-73.41613006591797,-74.6219711303711,-73.57752227783203,-73.52738952636719,-72.5832290649414,-73.87395477294922,-74.82955169677734,0.0
-69.13383483886719,-70.97380828857422,-72.36702728271484,-71.40887451171875,-71.25216674804688,-72.09481811523438,-71.21946716308594,-71.53974914550781,-71.80030822753906,-70.93560028076172,-69.61747741699219,-70.10394287109375,-71.6982192993164,-71.68333435058594,-72.3190689086914,-70.6381607055664,-71.25731658935547,-72.28495025634766,-72.117919921875,-70.9215316772461,-69.95393371582031,-68.88060760498047,-70.00666046142578,-70.28482055664062,-70.60498809814453,-71.17140197753906,-71.01068115234375,-71.50110626220703,-71.26409149169922,-71.2667465209961,-72.1221923828125,-71.31400299072266,-70.30815887451172,-71.77428436279297,-70.53548431396484,-70.88328552246094,-71.17123413085938,-71.11210632324219,-70.75318145751953,-70.45101928710938,-73.08637237548828,-72.94282531738281,-73.41613006591797,-74.6219711303711,-73.57752227783203,-73.52738952636719,-72.5832290649414,-73.87395477294922,-74.82955169677734,-75.87052154541016,0.0
-70.97380828857422,-72.36702728271484,-71.40887451171875,-71.25216674804688,-72.09481811523438,-71.21946716308594,-71.53974914550781,-71.80030822753906,-70.93560028076172,-69.61747741699219,-70.10394287109375,-71.6982192993164,-71.68333435058594,-72.3190689086914,-70.6381607055664,-71.25731658935547,-72.28495025634766,-72.117919921875,-70.9215316772461,-69.95393371582031,-68.88060760498047,-70.00666046142578,-70.28482055664062,-70.60498809814453,-71.17140197753906,-71.01068115234375,-71.50110626220703,-71.26409149169922,-71.2667465209961,-72.1221923828125,-71.31400299072266,-70.30815887451172,-71.77428436279297,-70.53548431396484,-70.88328552246094,-71.17123413085938,-71.11210632324219,-70.75318145751953,-70.45101928710938,-73.08637237548828,-72.94282531738281,-73.41613006591797,-74.6219711303711,-73.57752227783203,-73.52738952636719,-72.5832290649414,-73.87395477294922,-74.82955169677734,-75.87052154541016,-76.77705383300781,0.0
-72.36702728271484,-71.40887451171875,-71.25216674804688,-72.09481811523438,-71.21946716308594,-71.53974914550781,-71.80030822753906,-70.93560028076172,-69.61747741699219,-70.10394287109375,-71.6982192993164,-71.68333435058594,-72.3190689086914,-70.6381607055664,-71.25731658935547,-72.28495025634766,-72.117919921875,-70.9215316772461,-69.95393371582031,-68.88060760498047,-70.00666046142578,-70.28482055664062,-70.60498809814453,-71.17140197753906,-71.01068115234375,-71.50110626220703,-71.26409149169922,-71.2667465209961,-72.1221923828125,-71.31400299072266,-70.30815887451172,-71.77428436279297,-70.53548431396484,-70.88328552246094,-71.17123413085938,-71.11210632324219,-70.75318145751953,-70.45101928710938,-73.08637237548828,-72.94282531738281,-73.41613006591797,-74.6219711303711,-73.57752227783203,-73.52738952636719,-72.5832290649414,-73.87395477294922,-74.82955169677734,-75.87052154541016,-76.77705383300781,-74.27090454101562,0.0
-71.40887451171875,-71.25216674804688,-72.09481811523438,-71.21946716308594,-71.53974914550781,-71.80030822753906,-70.93560028076172,-69.61747741699219,-70.10394287109375,-71.6982192993164,-71.68333435058594,-72.3190689086914,-70.6381607055664,-71.25731658935547,-72.28495025634766,-72.117919921875,-70.9215316772461,-69.95393371582031,-68.88060760498047,-70.00666046142578,-70.28482055664062,-70.60498809814453,-71.17140197753906,-71.01068115234375,-71.50110626220703,-71.26409149169922,-71.2667465209961,-72.1221923828125,-71.31400299072266,-70.30815887451172,-71.77428436279297,-70.53548431396484,-70.88328552246094,-71.17123413085938,-71.11210632324219,-70.75318145751953,-70.45101928710938,-73.08637237548828,-72.94282531738281,-73.41613006591797,-74.6219711303711,-73.57752227783203,-73.52738952636719,-72.5832290649414,-73.87395477294922,-74.82955169677734,-75.87052154541016,-76.77705383300781,-74.27090454101562,-75.33348846435547,0.0
-71.25216674804688,-72.09481811523438,-71.21946716308594,-71.53974914550781,-71.80030822753906,-70.93560028076172,-69.61747741699219,-70.10394287109375,-71.6982192993164,-71.68333435058594,-72.3190689086914,-70.6381607055664,-71.25731658935547,-72.28495025634766,-72.117919921875,-70.9215316772461,-69.95393371582031,-68.88060760498047,-70.00666046142578,-70.28482055664062,-70.60498809814453,-71.17140197753906,-71.01068115234375,-71.50110626220703,-71.26409149169922,-71.2667465209961,-72.1221923828125,-71.31400299072266,-70.30815887451172,-71.77428436279297,-70.53548431396484,-70.88328552246094,-71.17123413085938,-71.11210632324219,-70.75318145751953,-70.45101928710938,-73.08637237548828,-72.94282531738281,-73.41613006591797,-74.6219711303711,-73.57752227783203,-73.52738952636719,-72.5832290649414,-73.87395477294922,-74.82955169677734,-75.87052154541016,-76.77705383300781,-74.27090454101562,-75.33348846435547,-76.32250213623047,0.0
-72.09481811523438,-71.21946716308594,-71.53974914550781,-71.80030822753906,-70.93560028076172,-69.61747741699219,-70.10394287109375,-71.6982192993164,-71.68333435058594,-72.3190689086914,-70.6381607055664,-71.25731658935547,-72.28495025634766,-72.117919921875,-70.9215316772461,-69.95393371582031,-68.88060760498047,-70.00666046142578,-70.28482055664062,-70.60498809814453,-71.17140197753906,-71.01068115234375,-71.50110626220703,-71.26409149169922,-71.2667465209961,-72.1221923828125,-71.31400299072266,-70.30815887451172,-71.77428436279297,-70.53548431396484,-70.88328552246094,-71.17123413085938,-71.11210632324219,-70.75318145751953,-70.45101928710938,-73.08637237548828,-72.94282531738281,-73.41613006591797,-74.6219711303711,-73.57752227783203,-73.52738952636719,-72.5832290649414,-73.87395477294922,-74.82955169677734,-75.87052154541016,-76.77705383300781,-74.27090454101562,-75.33348846435547,-76.32250213623047,-75.08505249023438,0.0
-71.21946716308594,-71.53974914550781,-71.80030822753906,-70.93560028076172,-69.61747741699219,-70.10394287109375,-71.6982192993164,-71.68333435058594,-72.3190689086914,-70.6381607055664,-71.25731658935547,-72.28495025634766,-72.117919921875,-70.9215316772461,-69.95393371582031,-68.88060760498047,-70.00666046142578,-70.28482055664062,-70.60498809814453,-71.17140197753906,-71.01068115234375,-71.50110626220703,-71.26409149169922,-71.2667465209961,-72.1221923828125,-71.31400299072266,-70.30815887451172,-71.77428436279297,-70.53548431396484,-70.88328552246094,-71.17123413085938,-71.11210632324219,-70.75318145751953,-70.45101928710938,-73.08637237548828,-72.94282531738281,-73.41613006591797,-74.6219711303711,-73.57752227783203,-73.52738952636719,-72.5832290649414,-73.87395477294922,-74.82955169677734,-75.87052154541016,-76.77705383300781,-74.27090454101562,-75.33348846435547,-76.32250213623047,-75.08505249023438,-76.01531219482422,0.0
-71.53974914550781,-71.80030822753906,-70.93560028076172,-69.61747741699219,-70.10394287109375,-71.6982192993164,-71.68333435058594,-72.3190689086914,-70.6381607055664,-71.25731658935547,-72.28495025634766,-72.117919921875,-70.9215316772461,-69.95393371582031,-68.88060760498047,-70.00666046142578,-70.28482055664062,-70.60498809814453,-71.17140197753906,-71.01068115234375,-71.50110626220703,-71.26409149169922,-71.2667465209961,-72.1221923828125,-71.31400299072266,-70.30815887451172,-71.77428436279297,-70.53548431396484,-70.88328552246094,-71.17123413085938,-71.11210632324219,-70.75318145751953,-70.45101928710938,-73.08637237548828,-72.94282531738281,-73.41613006591797,-74.6219711303711,-73.57752227783203,-73.52738952636719,-72.5832290649414,-73.87395477294922,-74.82955169677734,-75.87052154541016,-76.77705383300781,-74.27090454101562,-75.33348846435547,-76.32250213623047,-75.08505249023438,-76.01531219482422,-75.07382202148438,0.0
-71.80030822753906,-70.93560028076172,-69.61747741699219,-70.10394287109375,-71.6982192993164,-71.68333435058594,-72.3190689086914,-70.6381607055664,-71.25731658935547,-72.28495025634766,-72.117919921875,-70.9215316772461,-69.95393371582031,-68.88060760498047,-70.00666046142578,-70.28482055664062,-70.60498809814453,-71.17140197753906,-71.01068115234375,-71.50110626220703,-71.26409149169922,-71.2667465209961,-72.1221923828125,-71.31400299072266,-70.30815887451172,-71.77428436279297,-70.53548431396484,-70.88328552246094,-71.17123413085938,-71.11210632324219,-70.75318145751953,-70.45101928710938,-73.08637237548828,-72.94282531738281,-73.41613006591797,-74.6219711303711,-73.57752227783203,-73.52738952636719,-72.5832290649414,-73.87395477294922,-74.82955169677734,-75.87052154541016,-76.77705383300781,-74.27090454101562,-75.33348846435547,-76.32250213623047,-75.08505249023438,-76.01531219482422,-75.07382202148438,-75.06920623779297,0.0
-70.93560028076172,-69.61747741699219,-70.10394287109375,-71.6982192993164,-71.68333435058594,-72.3190689086914,-70.6381607055664,-71.25731658935547,-72.28495025634766,-72.117919921875,-70.9215316772461,-69.95393371582031,-68.88060760498047,-70.00666046142578,-70.28482055664062,-70.60498809814453,-71.17140197753906,-71.01068115234375,-71.50110626220703,-71.26409149169922,-71.2667465209961,-72.1221923828125,-71.31400299072266,-70.30815887451172,-71.77428436279297,-70.53548431396484,-70.88328552246094,-71.17123413085938,-71.11210632324219,-70.75318145751953,-70.45101928710938,-73.08637237548828,-72.94282531738281,-73.41613006591797,-74.6219711303711,-73.57752227783203,-73.52738952636719,-72.5832290649414,-73.87395477294922,-74.82955169677734,-75.87052154541016,-76.77705383300781,-74.27090454101562,-75.33348846435547,-76.32250213623047,-75.08505249023438,-76.01531219482422,-75.07382202148438,-75.06920623779297,-74.6148681640625,0.0
-69.61747741699219,-70.10394287109375,-71.6982192993164,-71.68333435058594,-72.3190689086914,-70.6381607055664,-71.25731658935547,-72.28495025634766,-72.117919921875,-70.9215316772461,-69.95393371582031,-68.88060760498047,-70.00666046142578,-70.28482055664062,-70.60498809814453,-71.17140197753906,-71.01068115234375,-71.50110626220703,-71.26409149169922,-71.2667465209961,-72.1221923828125,-71.31400299072266,-70.30815887451172,-71.77428436279297,-70.53548431396484,-70.88328552246094,-71.17123413085938,-71.11210632324219,-70.75318145751953,-70.45101928710938,-73.08637237548828,-72.94282531738281,-73.41613006591797,-74.6219711303711,-73.57752227783203,-73.52738952636719,-72.5832290649414,-73.87395477294922,-74.82955169677734,-75.87052154541016,-76.77705383300781,-74.27090454101562,-75.33348846435547,-76.32250213623047,-75.08505249023438,-76.01531219482422,-75.07382202148438,-75.06920623779297,-74.6148681640625,-73.99497985839844,0.0
-70.10394287109375,-71.6982192993164,-71.68333435058594,-72.3190689086914,-70.6381607055664,-71.25731658935547,-72.28495025634766,-72.117919921875,-70.9215316772461,-69.95393371582031,-68.88060760498047,-70.00666046142578,-70.28482055664062,-70.60498809814453,-71.17140197753906,-71.01068115234375,-71.50110626220703,-71.26409149169922,-71.2667465209961,-72.1221923828125,-71.31400299072266,-70.30815887451172,-71.77428436279297,-70.53548431396484,-70.88328552246094,-71.17123413085938,-71.11210632324219,-70.75318145751953,-70.45101928710938,-73.08637237548828,-72.94282531738281,-73.41613006591797,-74.6219711303711,-73.57752227783203,-73.52738952636719,-72.5832290649414,-73.87395477294922,-74.82955169677734,-75.87052154541016,-76.77705383300781,-74.27090454101562,-75.33348846435547,-76.32250213623047,-75.08505249023438,-76.01531219482422,-75.07382202148438,-75.06920623779297,-74.6148681640625,-73.99497985839844,-75.72449493408203,0.0
-71.6982192993164,-71.68333435058594,-72.3190689086914,-70.6381607055664,-71.25731658935547,-72.28495025634766,-72.117919921875,-70.9215316772461,-69.95393371582031,-68.88060760498047,-70.00666046142578,-70.28482055664062,-70.60498809814453,-71.17140197753906,-71.01068115234375,-71.50110626220703,-71.26409149169922,-71.2667465209961,-72.1221923828125,-71.31400299072266,-70.30815887451172,-71.77428436279297,-70.53548431396484,-70.88328552246094,-71.17123413085938,-71.11210632324219,-70.75318145751953,-70.45101928710938,-73.08637237548828,-72.94282531738281,-73.41613006591797,-74.6219711303711,-73.57752227783203,-73.52738952636719,-72.5832290649414,-73.87395477294922,-74.82955169677734,-75.87052154541016,-76.77705383300781,-74.27090454101562,-75.33348846435547,-76.32250213623047,-75.08505249023438,-76.01531219482422,-75.07382202148438,-75.06920623779297,-74.6148681640625,-73.99497985839844,-75.72449493408203,-76.89827728271484,0.0
-71.68333435058594,-72.3190689086914,-70.6381607055664,-71.25731658935547,-72.28495025634766,-72.117919921875,-70.9215316772461,-69.95393371582031,-68.88060760498047,-70.00666046142578,-70.28482055664062,-70.60498809814453,-71.17140197753906,-71.01068115234375,-71.50110626220703,-71.26409149169922,-71.2667465209961,-72.1221923828125,-71.31400299072266,-70.30815887451172,-71.77428436279297,-70.53548431396484,-70.88328552246094,-71.17123413085938,-71.11210632324219,-70.75318145751953,-70.45101928710938,-73.08637237548828,-72.94282531738281,-73.41613006591797,-74.6219711303711,-73.57752227783203,-73.52738952636719,-72.5832290649414,-73.87395477294922,-74.82955169677734,-75.87052154541016,-76.77705383300781,-74.27090454101562,-75.33348846435547,-76.32250213623047,-75.08505249023438,-76.01531219482422,-75.07382202148438,-75.06920623779297,-74.6148681640625,-73.99497985839844,-75.72449493408203,-76.89827728271484,-75.51819610595703,0.0
-72.3190689086914,-70.6381607055664,-71.25731658935547,-72.28495025634766,-72.117919921875,-70.9215316772461,-69.95393371582031,-68.88060760498047,-70.00666046142578,-70.28482055664062,-70.60498809814453,-71.17140197753906,-71.01068115234375,-71.50110626220703,-71.26409149169922,-71.2667465209961,-72.1221923828125,-71.31400299072266,-70.30815887451172,-71.77428436279297,-70.53548431396484,-70.88328552246094,-71.17123413085938,-71.11210632324219,-70.75318145751953,-70.45101928710938,-73.08637237548828,-72.94282531738281,-73.41613006591797,-74.6219711303711,-73.57752227783203,-73.52738952636719,-72.5832290649414,-73.87395477294922,-74.82955169677734,-75.87052154541016,-76.77705383300781,-74.27090454101562,-75.33348846435547,-76.32250213623047,-75.08505249023438,-76.01531219482422,-75.07382202148438,-75.06920623779297,-74.6148681640625,-73.99497985839844,-75.72449493408203,-76.89827728271484,-75.51819610595703,-76.08392333984375,0.0
