0,1,2,3,4,5,6,7,8,9,10,11,12,13,14,15,16,17,18,19,20,21,22,23,24,25,26,27,28,29,30,31,32,33,34,35,36,37,38,39,40,41,42,43,44,45,46,47,48,49,50
-78.406982421875,-76.99542999267578,-77.55628204345703,-75.5091323852539,-75.9361572265625,-76.74087524414062,-75.80602264404297,-76.01232147216797,-76.69747161865234,-76.3331527709961,-75.01402282714844,-74.57601928710938,-76.7901840209961,-74.64349365234375,-73.78971099853516,-73.00242614746094,-74.47447204589844,-74.3927001953125,-74.26960754394531,-74.22855377197266,-74.80227661132812,-74.42433166503906,-74.27526092529297,-73.08441162109375,-73.8396224975586,-74.13843536376953,-74.18897247314453,-74.19090270996094,-74.19364166259766,-71.8697280883789,-71.06237030029297,-73.7682113647461,-70.60968780517578,-71.69445037841797,-71.0244140625,-69.5365982055664,-71.93917846679688,-72.22039794921875,-69.861328125,-69.0472412109375,-68.86141204833984,-68.20472717285156,-66.7668685913086,-67.99819946289062,-68.43047332763672,-68.48212432861328,-68.4720458984375,-68.47126007080078,-68.4801025390625,-68.49127960205078,0.0
-76.99542999267578,-77.55628204345703,-75.5091323852539,-75.9361572265625,-76.74087524414062,-75.80602264404297,-76.01232147216797,-76.69747161865234,-76.3331527709961,-75.01402282714844,-74.57601928710938,-76.7901840209961,-74.64349365234375,-73.78971099853516,-73.00242614746094,-74.47447204589844,-74.3927001953125,-74.26960754394531,-74.22855377197266,-74.80227661132812,-74.42433166503906,-74.27526092529297,-73.08441162109375,-73.8396224975586,-74.13843536376953,-74.18897247314453,-74.19090270996094,-74.19364166259766,-71.8697280883789,-71.06237030029297,-73.7682113647461,-70.60968780517578,-71.69445037841797,-71.0244140625,-69.5365982055664,-71.93917846679688,-72.22039794921875,-69.861328125,-69.0472412109375,-68.86141204833984,-68.20472717285156,-66.7668685913086,-67.99819946289062,-68.43047332763672,-68.48212432861328,-68.4720458984375,-68.47126007080078,-68.4801025390625,-68.49127960205078,-69.66841888427734,0.0
-77.55628204345703,-75.5091323852539,-75.9361572265625,-76.74087524414062,-75.80602264404297,-76.01232147216797,-76.69747161865234,-76.3331527709961,-75.01402282714844,-74.57601928710938,-76.7901840209961,-74.64349365234375,-73.78971099853516,-73.00242614746094,-74.47447204589844,-74.3927001953125,-74.26960754394531,-74.22855377197266,-74.80227661132812,-74.42433166503906,-74.27526092529297,-73.08441162109375,-73.8396224975586,-74.13843536376953,-74.18897247314453,-74.19090270996094,-74.19364166259766,-71.8697280883789,-71.06237030029297,-73.7682113647461,-70.60968780517578,-71.69445037841797,-71.0244140625,-69.5365982055664,-71.93917846679688,-72.22039794921875,-69.861328125,-69.0472412109375,-68.86141204833984,-68.20472717285156,-66.7668685913086,-67.99819946289062,-68.43047332763672,-68.48212432861328,-68.4720458984375,-68.47126007080078,-68.4801025390625,-68.49127960205078,-69.66841888427734,-72.41519165039062,0.0
-75.5091323852539,-75.9361572265625,-76.74087524414062,-75.80602264404297,-76.01232147216797,-76.69747161865234,-76.3331527709961,-75.01402282714844,-74.57601928710938,-76.7901840209961,-74.64349365234375,-73.78971099853516,-73.00242614746094,-74.47447204589844,-74.3927001953125,-74.26960754394531,-74.22855377197266,-74.80227661132812,-74.42433166503906,-74.27526092529297,-73.08441162109375,-73.8396224975586,-74.13843536376953,-74.18897247314453,-74.19090270996094,-74.19364166259766,-71.8697280883789,-71.06237030029297,-73.7682113647461,-70.60968780517578,-71.69445037841797,-71.0244140625,-69.5365982055664,-71.93917846679688,-72.22039794921875,-69.861328125,-69.0472412109375,-68.86141204833984,-68.20472717285156,-66.7668685913086,-67.99819946289062,-68.43047332763672,-68.48212432861328,-68.4720458984375,-68.47126007080078,-68.4801025390625,-68.49127960205078,-69.66841888427734,-72.41519165039062,-71.01220703125,0.0
-75.9361572265625,-76.74087524414062,-75.80602264404297,-76.01232147216797,-76.69747161865234,-76.3331527709961,-75.01402282714844,-74.57601928710938,-76.7901840209961,-74.64349365234375,-73.78971099853516,-73.00242614746094,-74.47447204589844,-74.3927001953125,-74.26960754394531,-74.22855377197266,-74.80227661132812,-74.42433166503906,-74.27526092529297,-73.08441162109375,-73.8396224975586,-74.13843536376953,-74.18897247314453,-74.19090270996094,-74.19364166259766,-71.8697280883789,-71.06237030029297,-73.7682113647461,-70.60968780517578,-71.69445037841797,-71.0244140625,-69.5365982055664,-71.93917846679688,-72.22039794921875,-69.861328125,-69.0472412109375,-68.86141204833984,-68.20472717285156,-66.7668685913086,-67.99819946289062,-68.43047332763672,-68.48212432861328,-68.4720458984375,-68.47126007080078,-68.4801025390625,-68.49127960205078,-69.66841888427734,-72.41519165039062,-71.01220703125,-70.46337890625,0.0
-76.74087524414062,-75.80602264404297,-76.01232147216797,-76.69747161865234,-76.3331527709961,-75.01402282714844,-74.57601928710938,-76.7901840209961,-74.64349365234375,-73.78971099853516,-73.00242614746094,-74.47447204589844,-74.3927001953125,-74.26960754394531,-74.22855377197266,-74.80227661132812,-74.42433166503906,-74.27526092529297,-73.08441162109375,-73.8396224975586,-74.13843536376953,-74.18897247314453,-74.19090270996094,-74.19364166259766,-71.8697280883789,-71.06237030029297,-73.7682113647461,-70.60968780517578,-71.69445037841797,-71.0244140625,-69.5365982055664,-71.93917846679688,-72.22039794921875,-69.861328125,-69.0472412109375,-68.86141204833984,-68.20472717285156,-66.7668685913086,-67.99819946289062,-68.43047332763672,-68.48212432861328,-68.4720458984375,-68.47126007080078,-68.4801025390625,-68.49127960205078,-69.66841888427734,-72.41519165039062,-71.01220703125,-70.46337890625,-70.39987182617188,0.0
-75.80602264404297,-76.01232147216797,-76.69747161865234,-76.3331527709961,-75.01402282714844,-74.57601928710938,-76.7901840209961,-74.64349365234375,-73.78971099853516,-73.00242614746094,-74.47447204589844,-74.3927001953125,-74.26960754394531,-74.22855377197266,-74.80227661132812,-74.42433166503906,-74.27526092529297,-73.08441162109375,-73.8396224975586,-74.13843536376953,-74.18897247314453,-74.19090270996094,-74.19364166259766,-71.8697280883789,-71.06237030029297,-73.7682113647461,-70.60968780517578,-71.69445037841797,-71.0244140625,-69.5365982055664,-71.93917846679688,-72.22039794921875,-69.861328125,-69.0472412109375,-68.86141204833984,-68.20472717285156,-66.7668685913086,-67.99819946289062,-68.43047332763672,-68.48212432861328,-68.4720458984375,-68.47126007080078,-68.4801025390625,-68.49127960205078,-69.66841888427734,-72.41519165039062,-71.01220703125,-70.46337890625,-70.39987182617188,-70.42672729492188,1.0
-76.01232147216797,-76.69747161865234,-76.3331527709961,-75.01402282714844,-74.57601928710938,-76.7901840209961,-74.64349365234375,-73.78971099853516,-73.00242614746094,-74.47447204589844,-74.3927001953125,-74.26960754394531,-74.22855377197266,-74.80227661132812,-74.42433166503906,-74.27526092529297,-73.08441162109375,-73.8396224975586,-74.13843536376953,-74.18897247314453,-74.19090270996094,-74.19364166259766,-71.8697280883789,-71.06237030029297,-73.7682113647461,-70.60968780517578,-71.69445037841797,-71.0244140625,-69.5365982055664,-71.93917846679688,-72.22039794921875,-69.861328125,-69.0472412109375,-68.86141204833984,-68.20472717285156,-66.7668685913086,-67.99819946289062,-68.43047332763672,-68.48212432861328,-68.4720458984375,-68.47126007080078,-68.4801025390625,-68.49127960205078,-69.66841888427734,-72.41519165039062,-71.01220703125,-70.46337890625,-70.39987182617188,-70.42672729492188,-70.44438934326172,1.0
-76.69747161865234,-76.3331527709961,-75.01402282714844,-74.57601928710938,-76.7901840209961,-74.64349365234375,-73.78971099853516,-73.00242614746094,-74.47447204589844,-74.3927001953125,-74.26960754394531,-74.22855377197266,-74.80227661132812,-74.42433166503906,-74.27526092529297,-73.08441162109375,-73.8396224975586,-74.13843536376953,-74.18897247314453,-74.19090270996094,-74.19364166259766,-71.8697280883789,-71.06237030029297,-73.7682113647461,-70.60968780517578,-71.69445037841797,-71.0244140625,-69.5365982055664,-71.93917846679688,-72.22039794921875,-69.861328125,-69.0472412109375,-68.86141204833984,-68.20472717285156,-66.7668685913086,-67.99819946289062,-68.43047332763672,-68.48212432861328,-68.4720458984375,-68.47126007080078,-68.4801025390625,-68.49127960205078,-69.66841888427734,-72.41519165039062,-71.01220703125,-70.46337890625,-70.39987182617188,-70.42672729492188,-70.44438934326172,-70.44727325439453,0.0
-76.3331527709961,-75.01402282714844,-74.57601928710938,-76.7901840209961,-74.64349365234375,-73.78971099853516,-73.00242614746094,-74.47447204589844,-74.3927001953125,-74.26960754394531,-74.22855377197266,-74.80227661132812,-74.42433166503906,-74.27526092529297,-73.08441162109375,-73.8396224975586,-74.13843536376953,-74.18897247314453,-74.19090270996094,-74.19364166259766,-71.8697280883789,-71.06237030029297,-73.7682113647461,-70.60968780517578,-71.69445037841797,-71.0244140625,-69.5365982055664,-71.93917846679688,-72.22039794921875,-69.861328125,-69.0472412109375,-68.86141204833984,-68.20472717285156,-66.7668685913086,-67.99819946289062,-68.43047332763672,-68.48212432861328,-68.4720458984375,-68.47126007080078,-68.4801025390625,-68.49127960205078,-69.66841888427734,-72.41519165039062,-71.01220703125,-70.46337890625,-70.39987182617188,-70.42672729492188,-70.44438934326172,-70.44727325439453,-70.44342041015625,0.0
-75.01402282714844,-74.57601928710938,-76.7901840209961,-74.64349365234375,-73.78971099853516,-73.00242614746094,-74.47447204589844,-74.3927001953125,-74.26960754394531,-74.22855377197266,-74.80227661132812,-74.42433166503906,-74.27526092529297,-73.08441162109375,-73.8396224975586,-74.13843536376953,-74.18897247314453,-74.19090270996094,-74.19364166259766,-71.8697280883789,-71.06237030029297,-73.7682113647461,-70.60968780517578,-71.69445037841797,-71.0244140625,-69.5365982055664,-71.93917846679688,-72.22039794921875,-69.861328125,-69.0472412109375,-68.86141204833984,-68.20472717285156,-66.7668685913086,-67.99819946289062,-68.43047332763672,-68.48212432861328,-68.4720458984375,-68.47126007080078,-68.4801025390625,-68.49127960205078,-69.66841888427734,-72.41519165039062,-71.01220703125,-70.46337890625,-70.39987182617188,-70.42672729492188,-70.44438934326172,-70.44727325439453,-70.44342041015625,-70.43812561035156,0.0
-74.57601928710938,-76.7901840209961,-74.64349365234375,-73.78971099853516,-73.00242614746094,-74.47447204589844,-74.3927001953125,-74.26960754394531,-74.22855377197266,-74.80227661132812,-74.42433166503906,-74.27526092529297,-73.08441162109375,-73.8396224975586,-74.13843536376953,-74.18897247314453,-74.19090270996094,-74.19364166259766,-71.8697280883789,-71.06237030029297,-73.7682113647461,-70.60968780517578,-71.69445037841797,-71.0244140625,-69.5365982055664,-71.93917846679688,-72.22039794921875,-69.861328125,-69.0472412109375,-68.86141204833984,-68.20472717285156,-66.7668685913086,-67.99819946289062,-68.43047332763672,-68.48212432861328,-68.4720458984375,-68.47126007080078,-68.4801025390625,-68.49127960205078,-69.66841888427734,-72.41519165039062,-71.01220703125,-70.46337890625,-70.39987182617188,-70.42672729492188,-70.44438934326172,-70.44727325439453,-70.44342041015625,-70.43812561035156,-70.43352508544922,0.0
-76.7901840209961,-74.64349365234375,-73.78971099853516,-73.00242614746094,-74.47447204589844,-74.3927001953125,-74.26960754394531,-74.22855377197266,-74.80227661132812,-74.42433166503906,-74.27526092529297,-73.08441162109375,-73.8396224975586,-74.13843536376953,-74.18897247314453,-74.19090270996094,-74.19364166259766,-71.8697280883789,-71.06237030029297,-73.7682113647461,-70.60968780517578,-71.69445037841797,-71.0244140625,-69.5365982055664,-71.93917846679688,-72.22039794921875,-69.861328125,-69.0472412109375,-68.86141204833984,-68.20472717285156,-66.7668685913086,-67.99819946289062,-68.43047332763672,-68.48212432861328,-68.4720458984375,-68.47126007080078,-68.4801025390625,-68.49127960205078,-69.66841888427734,-72.41519165039062,-71.01220703125,-70.46337890625,-70.39987182617188,-70.42672729492188,-70.44438934326172,-70.44727325439453,-70.44342041015625,-70.43812561035156,-70.43352508544922,-70.43013763427734,0.0
-74.64349365234375,-73.78971099853516,-73.00242614746094,-74.47447204589844,-74.3927001953125,-74.26960754394531,-74.22855377197266,-74.80227661132812,-74.42433166503906,-74.27526092529297,-73.08441162109375,-73.8396224975586,-74.13843536376953,-74.18897247314453,-74.19090270996094,-74.19364166259766,-71.8697280883789,-71.06237030029297,-73.7682113647461,-70.60968780517578,-71.69445037841797,-71.0244140625,-69.5365982055664,-71.93917846679688,-72.22039794921875,-69.861328125,-69.0472412109375,-68.86141204833984,-68.20472717285156,-66.7668685913086,-67.99819946289062,-68.43047332763672,-68.48212432861328,-68.4720458984375,-68.47126007080078,-68.4801025390625,-68.49127960205078,-69.66841888427734,-72.41519165039062,-71.01220703125,-70.46337890625,-70.39987182617188,-70.42672729492188,-70.44438934326172,-70.44727325439453,-70.44342041015625,-70.43812561035156,-70.43352508544922,-70.43013763427734,-70.4278335571289,0.0
-73.78971099853516,-73.00242614746094,-74.47447204589844,-74.3927001953125,-74.26960754394531,-74.22855377197266,-74.80227661132812,-74.42433166503906,-74.27526092529297,-73.08441162109375,-73.8396224975586,-74.13843536376953,-74.18897247314453,-74.19090270996094,-74.19364166259766,-71.8697280883789,-71.06237030029297,-73.7682113647461,-70.60968780517578,-71.69445037841797,-71.0244140625,-69.5365982055664,-71.93917846679688,-72.22039794921875,-69.861328125,-69.0472412109375,-68.86141204833984,-68.20472717285156,-66.7668685913086,-67.99819946289062,-68.43047332763672,-68.48212432861328,-68.4720458984375,-68.47126007080078,-68.4801025390625,-68.49127960205078,-69.66841888427734,-72.41519165039062,-71.01220703125,-70.46337890625,-70.39987182617188,-70.42672729492188,-70.44438934326172,-70.44727325439453,-70.44342041015625,-70.43812561035156,-70.43352508544922,-70.43013763427734,-70.4278335571289,-70.42635345458984,0.0
-73.00242614746094,-74.47447204589844,-74.3927001953125,-74.26960754394531,-74.22855377197266,-74.80227661132812,-74.42433166503906,-74.27526092529297,-73.08441162109375,-73.8396224975586,-74.13843536376953,-74.18897247314453,-74.19090270996094,-74.19364166259766,-71.8697280883789,-71.06237030029297,-73.7682113647461,-70.60968780517578,-71.69445037841797,-71.0244140625,-69.5365982055664,-71.93917846679688,-72.22039794921875,-69.861328125,-69.0472412109375,-68.86141204833984,-68.20472717285156,-66.7668685913086,-67.99819946289062,-68.43047332763672,-68.48212432861328,-68.4720458984375,-68.47126007080078,-68.4801025390625,-68.49127960205078,-69.66841888427734,-72.41519165039062,-71.01220703125,-70.46337890625,-70.39987182617188,-70.42672729492188,-70.44438934326172,-70.44727325439453,-70.44342041015625,-70.43812561035156,-70.43352508544922,-70.43013763427734,-70.4278335571289,-70.42635345458984,-70.4254379272461,0.0
-74.47447204589844,-74.3927001953125,-74.26960754394531,-74.22855377197266,-74.80227661132812,-74.42433166503906,-74.27526092529297,-73.08441162109375,-73.8396224975586,-74.13843536376953,-74.18897247314453,-74.19090270996094,-74.19364166259766,-71.8697280883789,-71.06237030029297,-73.7682113647461,-70.60968780517578,-71.69445037841797,-71.0244140625,-69.5365982055664,-71.93917846679688,-72.22039794921875,-69.861328125,-69.0472412109375,-68.86141204833984,-68.20472717285156,-66.7668685913086,-67.99819946289062,-68.43047332763672,-68.48212432861328,-68.4720458984375,-68.47126007080078,-68.4801025390625,-68.49127960205078,-69.66841888427734,-72.41519165039062,-71.01220703125,-70.46337890625,-70.39987182617188,-70.42672729492188,-70.44438934326172,-70.44727325439453,-70.44342041015625,-70.43812561035156,-70.43352508544922,-70.43013763427734,-70.4278335571289,-70.42635345458984,-70.4254379272461,-70.42488098144531,0.0
-74.3927001953125,-74.26960754394531,-74.22855377197266,-74.80227661132812,-74.42433166503906,-74.27526092529297,-73.08441162109375,-73.8396224975586,-74.13843536376953,-74.18897247314453,-74.19090270996094,-74.19364166259766,-71.8697280883789,-71.06237030029297,-73.7682113647461,-70.60968780517578,-71.69445037841797,-71.0244140625,-69.5365982055664,-71.93917846679688,-72.22039794921875,-69.861328125,-69.0472412109375,-68.86141204833984,-68.20472717285156,-66.7668685913086,-67.99819946289062,-68.43047332763672,-68.48212432861328,-68.4720458984375,-68.47126007080078,-68.4801025390625,-68.49127960205078,-69.66841888427734,-72.41519165039062,-71.01220703125,-70.46337890625,-70.39987182617188,-70.42672729492188,-70.44438934326172,-70.44727325439453,-70.44342041015625,-70.43812561035156,-70.43352508544922,-70.43013763427734,-70.4278335571289,-70.42635345458984,-70.4254379272461,-70.42488098144531,-70.42454528808594,1.0
-74.26960754394531,-74.22855377197266,-74.80227661132812,-74.42433166503906,-74.27526092529297,-73.08441162109375,-73.8396224975586,-74.13843536376953,-74.18897247314453,-74.19090270996094,-74.19364166259766,-71.8697280883789,-71.06237030029297,-73.7682113647461,-70.60968780517578,-71.69445037841797,-71.0244140625,-69.5365982055664,-71.93917846679688,-72.22039794921875,-69.861328125,-69.0472412109375,-68.86141204833984,-68.20472717285156,-66.7668685913086,-67.99819946289062,-68.43047332763672,-68.48212432861328,-68.4720458984375,-68.47126007080078,-68.4801025390625,-68.49127960205078,-69.66841888427734,-72.41519165039062,-71.01220703125,-70.46337890625,-70.39987182617188,-70.42672729492188,-70.44438934326172,-70.44727325439453,-70.44342041015625,-70.43812561035156,-70.43352508544922,-70.43013763427734,-70.4278335571289,-70.42635345458984,-70.4254379272461,-70.42488098144531,-70.42454528808594,-70.42434692382812,1.0
-74.22855377197266,-74.80227661132812,-74.42433166503906,-74.27526092529297,-73.08441162109375,-73.8396224975586,-74.13843536376953,-74.18897247314453,-74.19090270996094,-74.19364166259766,-71.8697280883789,-71.06237030029297,-73.7682113647461,-70.60968780517578,-71.69445037841797,-71.0244140625,-69.5365982055664,-71.93917846679688,-72.22039794921875,-69.861328125,-69.0472412109375,-68.86141204833984,-68.20472717285156,-66.7668685913086,-67.99819946289062,-68.43047332763672,-68.48212432861328,-68.4720458984375,-68.47126007080078,-68.4801025390625,-68.49127960205078,-69.66841888427734,-72.41519165039062,-71.01220703125,-70.46337890625,-70.39987182617188,-70.42672729492188,-70.44438934326172,-70.44727325439453,-70.44342041015625,-70.43812561035156,-70.43352508544922,-70.43013763427734,-70.4278335571289,-70.42635345458984,-70.4254379272461,-70.42488098144531,-70.42454528808594,-70.42434692382812,-70.42423248291016,0.0
-74.80227661132812,-74.42433166503906,-74.27526092529297,-73.08441162109375,-73.8396224975586,-74.13843536376953,-74.18897247314453,-74.19090270996094,-74.19364166259766,-71.8697280883789,-71.06237030029297,-73.7682113647461,-70.60968780517578,-71.69445037841797,-71.0244140625,-69.5365982055664,-71.93917846679688,-72.22039794921875,-69.861328125,-69.0472412109375,-68.86141204833984,-68.20472717285156,-66.7668685913086,-67.99819946289062,-68.43047332763672,-68.48212432861328,-68.4720458984375,-68.47126007080078,-68.4801025390625,-68.49127960205078,-69.66841888427734,-72.41519165039062,-71.01220703125,-70.46337890625,-70.39987182617188,-70.42672729492188,-70.44438934326172,-70.44727325439453,-70.44342041015625,-70.43812561035156,-70.43352508544922,-70.43013763427734,-70.4278335571289,-70.42635345458984,-70.4254379272461,-70.42488098144531,-70.42454528808594,-70.42434692382812,-70.42423248291016,-70.42416381835938,0.0
-74.42433166503906,-74.27526092529297,-73.08441162109375,-73.8396224975586,-74.13843536376953,-74.18897247314453,-74.19090270996094,-74.19364166259766,-71.8697280883789,-71.06237030029297,-73.7682113647461,-70.60968780517578,-71.69445037841797,-71.0244140625,-69.5365982055664,-71.93917846679688,-72.22039794921875,-69.861328125,-69.0472412109375,-68.86141204833984,-68.20472717285156,-66.7668685913086,-67.99819946289062,-68.43047332763672,-68.48212432861328,-68.4720458984375,-68.47126007080078,-68.4801025390625,-68.49127960205078,-69.66841888427734,-72.41519165039062,-71.01220703125,-70.46337890625,-70.39987182617188,-70.42672729492188,-70.44438934326172,-70.44727325439453,-70.44342041015625,-70.43812561035156,-70.43352508544922,-70.43013763427734,-70.4278335571289,-70.42635345458984,-70.4254379272461,-70.42488098144531,-70.42454528808594,-70.42434692382812,-70.42423248291016,-70.42416381835938,-70.42413330078125,0.0
-74.27526092529297,-73.08441162109375,-73.8396224975586,-74.13843536376953,-74.18897247314453,-74.19090270996094,-74.19364166259766,-71.8697280883789,-71.06237030029297,-73.7682113647461,-70.60968780517578,-71.69445037841797,-71.0244140625,-69.5365982055664,-71.93917846679688,-72.22039794921875,-69.861328125,-69.0472412109375,-68.86141204833984,-68.20472717285156,-66.7668685913086,-67.99819946289062,-68.43047332763672,-68.48212432861328,-68.4720458984375,-68.47126007080078,-68.4801025390625,-68.49127960205078,-69.66841888427734,-72.41519165039062,-71.01220703125,-70.46337890625,-70.39987182617188,-70.42672729492188,-70.44438934326172,-70.44727325439453,-70.44342041015625,-70.43812561035156,-70.43352508544922,-70.43013763427734,-70.4278335571289,-70.42635345458984,-70.4254379272461,-70.42488098144531,-70.42454528808594,-70.42434692382812,-70.42423248291016,-70.42416381835938,-70.42413330078125,-70.42411041259766,0.0
-73.08441162109375,-73.8396224975586,-74.13843536376953,-74.18897247314453,-74.19090270996094,-74.19364166259766,-71.8697280883789,-71.06237030029297,-73.7682113647461,-70.60968780517578,-71.69445037841797,-71.0244140625,-69.5365982055664,-71.93917846679688,-72.22039794921875,-69.861328125,-69.0472412109375,-68.86141204833984,-68.20472717285156,-66.7668685913086,-67.99819946289062,-68.43047332763672,-68.48212432861328,-68.4720458984375,-68.47126007080078,-68.4801025390625,-68.49127960205078,-69.66841888427734,-72.41519165039062,-71.01220703125,-70.46337890625,-70.39987182617188,-70.42672729492188,-70.44438934326172,-70.44727325439453,-70.44342041015625,-70.43812561035156,-70.43352508544922,-70.43013763427734,-70.4278335571289,-70.42635345458984,-70.4254379272461,-70.42488098144531,-70.42454528808594,-70.42434692382812,-70.42423248291016,-70.42416381835938,-70.42413330078125,-70.42411041259766,-70.4240951538086,0.0
-73.8396224975586,-74.13843536376953,-74.18897247314453,-74.19090270996094,-74.19364166259766,-71.8697280883789,-71.06237030029297,-73.7682113647461,-70.60968780517578,-71.69445037841797,-71.0244140625,-69.5365982055664,-71.93917846679688,-72.22039794921875,-69.861328125,-69.0472412109375,-68.86141204833984,-68.20472717285156,-66.7668685913086,-67.99819946289062,-68.43047332763672,-68.48212432861328,-68.4720458984375,-68.47126007080078,-68.4801025390625,-68.49127960205078,-69.66841888427734,-72.41519165039062,-71.01220703125,-70.46337890625,-70.39987182617188,-70.42672729492188,-70.44438934326172,-70.44727325439453,-70.44342041015625,-70.43812561035156,-70.43352508544922,-70.43013763427734,-70.4278335571289,-70.42635345458984,-70.4254379272461,-70.42488098144531,-70.42454528808594,-70.42434692382812,-70.42423248291016,-70.42416381835938,-70.42413330078125,-70.42411041259766,-70.4240951538086,-71.5903549194336,0.0
-74.13843536376953,-74.18897247314453,-74.19090270996094,-74.19364166259766,-71.8697280883789,-71.06237030029297,-73.7682113647461,-70.60968780517578,-71.69445037841797,-71.0244140625,-69.5365982055664,-71.93917846679688,-72.22039794921875,-69.861328125,-69.0472412109375,-68.86141204833984,-68.20472717285156,-66.7668685913086,-67.99819946289062,-68.43047332763672,-68.48212432861328,-68.4720458984375,-68.47126007080078,-68.4801025390625,-68.49127960205078,-69.66841888427734,-72.41519165039062,-71.01220703125,-70.46337890625,-70.39987182617188,-70.42672729492188,-70.44438934326172,-70.44727325439453,-70.44342041015625,-70.43812561035156,-70.43352508544922,-70.43013763427734,-70.4278335571289,-70.42635345458984,-70.4254379272461,-70.42488098144531,-70.42454528808594,-70.42434692382812,-70.42423248291016,-70.42416381835938,-70.42413330078125,-70.42411041259766,-70.4240951538086,-71.5903549194336,-69.08145141601562,1.0
-74.18897247314453,-74.19090270996094,-74.19364166259766,-71.8697280883789,-71.06237030029297,-73.7682113647461,-70.60968780517578,-71.69445037841797,-71.0244140625,-69.5365982055664,-71.93917846679688,-72.22039794921875,-69.861328125,-69.0472412109375,-68.86141204833984,-68.20472717285156,-66.7668685913086,-67.99819946289062,-68.43047332763672,-68.48212432861328,-68.4720458984375,-68.47126007080078,-68.4801025390625,-68.49127960205078,-69.66841888427734,-72.41519165039062,-71.01220703125,-70.46337890625,-70.39987182617188,-70.42672729492188,-70.44438934326172,-70.44727325439453,-70.44342041015625,-70.43812561035156,-70.43352508544922,-70.43013763427734,-70.4278335571289,-70.42635345458984,-70.4254379272461,-70.42488098144531,-70.42454528808594,-70.42434692382812,-70.42423248291016,-70.42416381835938,-70.42413330078125,-70.42411041259766,-70.4240951538086,-71.5903549194336,-69.08145141601562,-68.75184631347656,1.0
-74.19090270996094,-74.19364166259766,-71.8697280883789,-71.06237030029297,-73.7682113647461,-70.60968780517578,-71.69445037841797,-71.0244140625,-69.5365982055664,-71.93917846679688,-72.22039794921875,-69.861328125,-69.0472412109375,-68.86141204833984,-68.20472717285156,-66.7668685913086,-67.99819946289062,-68.43047332763672,-68.48212432861328,-68.4720458984375,-68.47126007080078,-68.4801025390625,-68.49127960205078,-69.66841888427734,-72.41519165039062,-71.01220703125,-70.46337890625,-70.39987182617188,-70.42672729492188,-70.44438934326172,-70.44727325439453,-70.44342041015625,-70.43812561035156,-70.43352508544922,-70.43013763427734,-70.4278335571289,-70.42635345458984,-70.4254379272461,-70.42488098144531,-70.42454528808594,-70.42434692382812,-70.42423248291016,-70.42416381835938,-70.42413330078125,-70.42411041259766,-70.4240951538086,-71.5903549194336,-69.08145141601562,-68.75184631347656,-68.74095916748047,0.0
-74.19364166259766,-71.8697280883789,-71.06237030029297,-73.7682113647461,-70.60968780517578,-71.69445037841797,-71.0244140625,-69.5365982055664,-71.93917846679688,-72.22039794921875,-69.861328125,-69.0472412109375,-68.86141204833984,-68.20472717285156,-66.7668685913086,-67.99819946289062,-68.43047332763672,-68.48212432861328,-68.4720458984375,-68.47126007080078,-68.4801025390625,-68.49127960205078,-69.66841888427734,-72.41519165039062,-71.01220703125,-70.46337890625,-70.39987182617188,-70.42672729492188,-70.44438934326172,-70.44727325439453,-70.44342041015625,-70.43812561035156,-70.43352508544922,-70.43013763427734,-70.4278335571289,-70.42635345458984,-70.4254379272461,-70.42488098144531,-70.42454528808594,-70.42434692382812,-70.42423248291016,-70.42416381835938,-70.42413330078125,-70.42411041259766,-70.4240951538086,-71.5903549194336,-69.08145141601562,-68.75184631347656,-68.74095916748047,-68.71040344238281,0.0
-71.8697280883789,-71.06237030029297,-73.7682113647461,-70.60968780517578,-71.69445037841797,-71.0244140625,-69.5365982055664,-71.93917846679688,-72.22039794921875,-69.861328125,-69.0472412109375,-68.86141204833984,-68.20472717285156,-66.7668685913086,-67.99819946289062,-68.43047332763672,-68.48212432861328,-68.4720458984375,-68.47126007080078,-68.4801025390625,-68.49127960205078,-69.66841888427734,-72.41519165039062,-71.01220703125,-70.46337890625,-70.39987182617188,-70.42672729492188,-70.44438934326172,-70.44727325439453,-70.44342041015625,-70.43812561035156,-70.43352508544922,-70.43013763427734,-70.4278335571289,-70.42635345458984,-70.4254379272461,-70.42488098144531,-70.42454528808594,-70.42434692382812,-70.42423248291016,-70.42416381835938,-70.42413330078125,-70.42411041259766,-70.4240951538086,-71.5903549194336,-69.08145141601562,-68.75184631347656,-68.74095916748047,-68.71040344238281,-68.6622543334961,0.0
-71.06237030029297,-73.7682113647461,-70.60968780517578,-71.69445037841797,-71.0244140625,-69.5365982055664,-71.93917846679688,-72.22039794921875,-69.861328125,-69.0472412109375,-68.86141204833984,-68.20472717285156,-66.7668685913086,-67.99819946289062,-68.43047332763672,-68.48212432861328,-68.4720458984375,-68.47126007080078,-68.4801025390625,-68.49127960205078,-69.66841888427734,-72.41519165039062,-71.01220703125,-70.46337890625,-70.39987182617188,-70.42672729492188,-70.44438934326172,-70.44727325439453,-70.44342041015625,-70.43812561035156,-70.43352508544922,-70.43013763427734,-70.4278335571289,-70.42635345458984,-70.4254379272461,-70.42488098144531,-70.42454528808594,-70.42434692382812,-70.42423248291016,-70.42416381835938,-70.42413330078125,-70.42411041259766,-70.4240951538086,-71.5903549194336,-69.08145141601562,-68.75184631347656,-68.74095916748047,-68.71040344238281,-68.6622543334961,-68.6175308227539,0.0
-73.7682113647461,-70.60968780517578,-71.69445037841797,-71.0244140625,-69.5365982055664,-71.93917846679688,-72.22039794921875,-69.861328125,-69.0472412109375,-68.86141204833984,-68.20472717285156,-66.7668685913086,-67.99819946289062,-68.43047332763672,-68.48212432861328,-68.4720458984375,-68.47126007080078,-68.4801025390625,-68.49127960205078,-69.66841888427734,-72.41519165039062,-71.01220703125,-70.46337890625,-70.39987182617188,-70.42672729492188,-70.44438934326172,-70.44727325439453,-70.44342041015625,-70.43812561035156,-70.43352508544922,-70.43013763427734,-70.4278335571289,-70.42635345458984,-70.4254379272461,-70.42488098144531,-70.42454528808594,-70.42434692382812,-70.42423248291016,-70.42416381835938,-70.42413330078125,-70.42411041259766,-70.4240951538086,-71.5903549194336,-69.08145141601562,-68.75184631347656,-68.74095916748047,-68.71040344238281,-68.6622543334961,-68.6175308227539,-69.75102233886719,0.0
-70.60968780517578,-71.69445037841797,-71.0244140625,-69.5365982055664,-71.93917846679688,-72.22039794921875,-69.861328125,-69.0472412109375,-68.86141204833984,-68.20472717285156,-66.7668685913086,-67.99819946289062,-68.43047332763672,-68.48212432861328,-68.4720458984375,-68.47126007080078,-68.4801025390625,-68.49127960205078,-69.66841888427734,-72.41519165039062,-71.01220703125,-70.46337890625,-70.39987182617188,-70.42672729492188,-70.44438934326172,-70.44727325439453,-70.44342041015625,-70.43812561035156,-70.43352508544922,-70.43013763427734,-70.4278335571289,-70.42635345458984,-70.4254379272461,-70.42488098144531,-70.42454528808594,-70.42434692382812,-70.42423248291016,-70.42416381835938,-70.42413330078125,-70.42411041259766,-70.4240951538086,-71.5903549194336,-69.08145141601562,-68.75184631347656,-68.74095916748047,-68.71040344238281,-68.6622543334961,-68.6175308227539,-69.75102233886719,-68.9684829711914,0.0
-71.69445037841797,-71.0244140625,-69.5365982055664,-71.93917846679688,-72.22039794921875,-69.861328125,-69.0472412109375,-68.86141204833984,-68.20472717285156,-66.7668685913086,-67.99819946289062,-68.43047332763672,-68.48212432861328,-68.4720458984375,-68.47126007080078,-68.4801025390625,-68.49127960205078,-69.66841888427734,-72.41519165039062,-71.01220703125,-70.46337890625,-70.39987182617188,-70.42672729492188,-70.44438934326172,-70.44727325439453,-70.44342041015625,-70.43812561035156,-70.43352508544922,-70.43013763427734,-70.4278335571289,-70.42635345458984,-70.4254379272461,-70.42488098144531,-70.42454528808594,-70.42434692382812,-70.42423248291016,-70.42416381835938,-70.42413330078125,-70.42411041259766,-70.4240951538086,-71.5903549194336,-69.08145141601562,-68.75184631347656,-68.74095916748047,-68.71040344238281,-68.6622543334961,-68.6175308227539,-69.75102233886719,-68.9684829711914,-70.98504638671875,0.0
-71.0244140625,-69.5365982055664,-71.93917846679688,-72.22039794921875,-69.861328125,-69.0472412109375,-68.86141204833984,-68.20472717285156,-66.7668685913086,-67.99819946289062,-68.43047332763672,-68.48212432861328,-68.4720458984375,-68.47126007080078,-68.4801025390625,-68.49127960205078,-69.66841888427734,-72.41519165039062,-71.01220703125,-70.46337890625,-70.39987182617188,-70.42672729492188,-70.44438934326172,-70.44727325439453,-70.44342041015625,-70.43812561035156,-70.43352508544922,-70.43013763427734,-70.4278335571289,-70.42635345458984,-70.4254379272461,-70.42488098144531,-70.42454528808594,-70.42434692382812,-70.42423248291016,-70.42416381835938,-70.42413330078125,-70.42411041259766,-70.4240951538086,-71.5903549194336,-69.08145141601562,-68.75184631347656,-68.74095916748047,-68.71040344238281,-68.6622543334961,-68.6175308227539,-69.75102233886719,-68.9684829711914,-70.98504638671875,-69.40351867675781,0.0
-69.5365982055664,-71.93917846679688,-72.22039794921875,-69.861328125,-69.0472412109375,-68.86141204833984,-68.20472717285156,-66.7668685913086,-67.99819946289062,-68.43047332763672,-68.48212432861328,-68.4720458984375,-68.47126007080078,-68.4801025390625,-68.49127960205078,-69.66841888427734,-72.41519165039062,-71.01220703125,-70.46337890625,-70.39987182617188,-70.42672729492188,-70.44438934326172,-70.44727325439453,-70.44342041015625,-70.43812561035156,-70.43352508544922,-70.43013763427734,-70.4278335571289,-70.42635345458984,-70.4254379272461,-70.42488098144531,-70.42454528808594,-70.42434692382812,-70.42423248291016,-70.42416381835938,-70.42413330078125,-70.42411041259766,-70.4240951538086,-71.5903549194336,-69.08145141601562,-68.75184631347656,-68.74095916748047,-68.71040344238281,-68.6622543334961,-68.6175308227539,-69.75102233886719,-68.9684829711914,-70.98504638671875,-69.40351867675781,-66.45271301269531,0.0
-71.93917846679688,-72.22039794921875,-69.861328125,-69.0472412109375,-68.86141204833984,-68.20472717285156,-66.7668685913086,-67.99819946289062,-68.43047332763672,-68.48212432861328,-68.4720458984375,-68.47126007080078,-68.4801025390625,-68.49127960205078,-69.66841888427734,-72.41519165039062,-71.01220703125,-70.46337890625,-70.39987182617188,-70.42672729492188,-70.44438934326172,-70.44727325439453,-70.44342041015625,-70.43812561035156,-70.43352508544922,-70.43013763427734,-70.4278335571289,-70.42635345458984,-70.4254379272461,-70.42488098144531,-70.42454528808594,-70.42434692382812,-70.42423248291016,-70.42416381835938,-70.42413330078125,-70.42411041259766,-70.4240951538086,-71.5903549194336,-69.08145141601562,-68.75184631347656,-68.74095916748047,-68.71040344238281,-68.6622543334961,-68.6175308227539,-69.75102233886719,-68.9684829711914,-70.98504638671875,-69.40351867675781,-66.45271301269531,-64.9319839477539,0.0
-72.22039794921875,-69.861328125,-69.0472412109375,-68.86141204833984,-68.20472717285156,-66.7668685913086,-67.99819946289062,-68.43047332763672,-68.48212432861328,-68.4720458984375,-68.47126007080078,-68.4801025390625,-68.49127960205078,-69.66841888427734,-72.41519165039062,-71.01220703125,-70.46337890625,-70.39987182617188,-70.42672729492188,-70.44438934326172,-70.44727325439453,-70.44342041015625,-70.43812561035156,-70.43352508544922,-70.43013763427734,-70.4278335571289,-70.42635345458984,-70.4254379272461,-70.42488098144531,-70.42454528808594,-70.42434692382812,-70.42423248291016,-70.42416381835938,-70.42413330078125,-70.42411041259766,-70.4240951538086,-71.5903549194336,-69.08145141601562,-68.75184631347656,-68.74095916748047,-68.71040344238281,-68.6622543334961,-68.6175308227539,-69.75102233886719,-68.9684829711914,-70.98504638671875,-69.40351867675781,-66.45271301269531,-64.9319839477539,-62.73670196533203,0.0
-69.861328125,-69.0472412109375,-68.86141204833984,-68.20472717285156,-66.7668685913086,-67.99819946289062,-68.43047332763672,-68.48212432861328,-68.4720458984375,-68.47126007080078,-68.4801025390625,-68.49127960205078,-69.66841888427734,-72.41519165039062,-71.01220703125,-70.46337890625,-70.39987182617188,-70.42672729492188,-70.44438934326172,-70.44727325439453,-70.44342041015625,-70.43812561035156,-70.43352508544922,-70.43013763427734,-70.4278335571289,-70.42635345458984,-70.4254379272461,-70.42488098144531,-70.42454528808594,-70.42434692382812,-70.42423248291016,-70.42416381835938,-70.42413330078125,-70.42411041259766,-70.4240951538086,-71.5903549194336,-69.08145141601562,-68.75184631347656,-68.74095916748047,-68.71040344238281,-68.6622543334961,-68.6175308227539,-69.75102233886719,-68.9684829711914,-70.98504638671875,-69.40351867675781,-66.45271301269531,-64.9319839477539,-62.73670196533203,-66.0379867553711,1.0
-69.0472412109375,-68.86141204833984,-68.20472717285156,-66.7668685913086,-67.99819946289062,-68.43047332763672,-68.48212432861328,-68.4720458984375,-68.47126007080078,-68.4801025390625,-68.49127960205078,-69.66841888427734,-72.41519165039062,-71.01220703125,-70.46337890625,-70.39987182617188,-70.42672729492188,-70.44438934326172,-70.44727325439453,-70.44342041015625,-70.43812561035156,-70.43352508544922,-70.43013763427734,-70.4278335571289,-70.42635345458984,-70.4254379272461,-70.42488098144531,-70.42454528808594,-70.42434692382812,-70.42423248291016,-70.42416381835938,-70.42413330078125,-70.42411041259766,-70.4240951538086,-71.5903549194336,-69.08145141601562,-68.75184631347656,-68.74095916748047,-68.71040344238281,-68.6622543334961,-68.6175308227539,-69.75102233886719,-68.9684829711914,-70.98504638671875,-69.40351867675781,-66.45271301269531,-64.9319839477539,-62.73670196533203,-66.0379867553711,-61.32395553588867,0.0
-68.86141204833984,-68.20472717285156,-66.7668685913086,-67.99819946289062,-68.43047332763672,-68.48212432861328,-68.4720458984375,-68.47126007080078,-68.4801025390625,-68.49127960205078,-69.66841888427734,-72.41519165039062,-71.01220703125,-70.46337890625,-70.39987182617188,-70.42672729492188,-70.44438934326172,-70.44727325439453,-70.44342041015625,-70.43812561035156,-70.43352508544922,-70.43013763427734,-70.4278335571289,-70.42635345458984,-70.4254379272461,-70.42488098144531,-70.42454528808594,-70.42434692382812,-70.42423248291016,-70.42416381835938,-70.42413330078125,-70.42411041259766,-70.4240951538086,-71.5903549194336,-69.08145141601562,-68.75184631347656,-68.74095916748047,-68.71040344238281,-68.6622543334961,-68.6175308227539,-69.75102233886719,-68.9684829711914,-70.98504638671875,-69.40351867675781,-66.45271301269531,-64.9319839477539,-62.73670196533203,-66.0379867553711,-61.32395553588867,-62.96320343017578,1.0
-68.20472717285156,-66.7668685913086,-67.99819946289062,-68.43047332763672,-68.48212432861328,-68.4720458984375,-68.47126007080078,-68.4801025390625,-68.49127960205078,-69.66841888427734,-72.41519165039062,-71.01220703125,-70.46337890625,-70.39987182617188,-70.42672729492188,-70.44438934326172,-70.44727325439453,-70.44342041015625,-70.43812561035156,-70.43352508544922,-70.43013763427734,-70.4278335571289,-70.42635345458984,-70.4254379272461,-70.42488098144531,-70.42454528808594,-70.42434692382812,-70.42423248291016,-70.42416381835938,-70.42413330078125,-70.42411041259766,-70.4240951538086,-71.5903549194336,-69.08145141601562,-68.75184631347656,-68.74095916748047,-68.71040344238281,-68.6622543334961,-68.6175308227539,-69.75102233886719,-68.9684829711914,-70.98504638671875,-69.40351867675781,-66.45271301269531,-64.9319839477539,-62.73670196533203,-66.0379867553711,-61.32395553588867,-62.96320343017578,-62.49972915649414,0.0
-66.7668685913086,-67.99819946289062,-68.43047332763672,-68.48212432861328,-68.4720458984375,-68.47126007080078,-68.4801025390625,-68.49127960205078,-69.66841888427734,-72.41519165039062,-71.01220703125,-70.46337890625,-70.39987182617188,-70.42672729492188,-70.44438934326172,-70.44727325439453,-70.44342041015625,-70.43812561035156,-70.43352508544922,-70.43013763427734,-70.4278335571289,-70.42635345458984,-70.4254379272461,-70.42488098144531,-70.42454528808594,-70.42434692382812,-70.42423248291016,-70.42416381835938,-70.42413330078125,-70.42411041259766,-70.4240951538086,-71.5903549194336,-69.08145141601562,-68.75184631347656,-68.74095916748047,-68.71040344238281,-68.6622543334961,-68.6175308227539,-69.75102233886719,-68.9684829711914,-70.98504638671875,-69.40351867675781,-66.45271301269531,-64.9319839477539,-62.73670196533203,-66.0379867553711,-61.32395553588867,-62.96320343017578,-62.49972915649414,-62.18466567993164,0.0
-67.99819946289062,-68.43047332763672,-68.48212432861328,-68.4720458984375,-68.47126007080078,-68.4801025390625,-68.49127960205078,-69.66841888427734,-72.41519165039062,-71.01220703125,-70.46337890625,-70.39987182617188,-70.42672729492188,-70.44438934326172,-70.44727325439453,-70.44342041015625,-70.43812561035156,-70.43352508544922,-70.43013763427734,-70.4278335571289,-70.42635345458984,-70.4254379272461,-70.42488098144531,-70.42454528808594,-70.42434692382812,-70.42423248291016,-70.42416381835938,-70.42413330078125,-70.42411041259766,-70.4240951538086,-71.5903549194336,-69.08145141601562,-68.75184631347656,-68.74095916748047,-68.71040344238281,-68.6622543334961,-68.6175308227539,-69.75102233886719,-68.9684829711914,-70.98504638671875,-69.40351867675781,-66.45271301269531,-64.9319839477539,-62.73670196533203,-66.0379867553711,-61.32395553588867,-62.96320343017578,-62.49972915649414,-62.18466567993164,-59.13195037841797,0.0
-68.43047332763672,-68.48212432861328,-68.4720458984375,-68.47126007080078,-68.4801025390625,-68.49127960205078,-69.66841888427734,-72.41519165039062,-71.01220703125,-70.46337890625,-70.39987182617188,-70.42672729492188,-70.44438934326172,-70.44727325439453,-70.44342041015625,-70.43812561035156,-70.43352508544922,-70.43013763427734,-70.4278335571289,-70.42635345458984,-70.4254379272461,-70.42488098144531,-70.42454528808594,-70.42434692382812,-70.42423248291016,-70.42416381835938,-70.42413330078125,-70.42411041259766,-70.4240951538086,-71.5903549194336,-69.08145141601562,-68.75184631347656,-68.74095916748047,-68.71040344238281,-68.6622543334961,-68.6175308227539,-69.75102233886719,-68.9684829711914,-70.98504638671875,-69.40351867675781,-66.45271301269531,-64.9319839477539,-62.73670196533203,-66.0379867553711,-61.32395553588867,-62.96320343017578,-62.49972915649414,-62.18466567993164,-59.13195037841797,-59.21451187133789,0.0
-68.48212432861328,-68.4720458984375,-68.47126007080078,-68.4801025390625,-68.49127960205078,-69.66841888427734,-72.41519165039062,-71.01220703125,-70.46337890625,-70.39987182617188,-70.42672729492188,-70.44438934326172,-70.44727325439453,-70.44342041015625,-70.43812561035156,-70.43352508544922,-70.43013763427734,-70.4278335571289,-70.42635345458984,-70.4254379272461,-70.42488098144531,-70.42454528808594,-70.42434692382812,-70.42423248291016,-70.42416381835938,-70.42413330078125,-70.42411041259766,-70.4240951538086,-71.5903549194336,-69.08145141601562,-68.75184631347656,-68.74095916748047,-68.71040344238281,-68.6622543334961,-68.6175308227539,-69.75102233886719,-68.9684829711914,-70.98504638671875,-69.40351867675781,-66.45271301269531,-64.9319839477539,-62.73670196533203,-66.0379867553711,-61.32395553588867,-62.96320343017578,-62.49972915649414,-62.18466567993164,-59.13195037841797,-59.21451187133789,-60.48259735107422,0.0
-68.4720458984375,-68.47126007080078,-68.4801025390625,-68.49127960205078,-69.66841888427734,-72.41519165039062,-71.01220703125,-70.46337890625,-70.39987182617188,-70.42672729492188,-70.44438934326172,-70.44727325439453,-70.44342041015625,-70.43812561035156,-70.43352508544922,-70.43013763427734,-70.4278335571289,-70.42635345458984,-70.4254379272461,-70.42488098144531,-70.42454528808594,-70.42434692382812,-70.42423248291016,-70.42416381835938,-70.42413330078125,-70.42411041259766,-70.4240951538086,-71.5903549194336,-69.08145141601562,-68.75184631347656,-68.74095916748047,-68.71040344238281,-68.6622543334961,-68.6175308227539,-69.75102233886719,-68.9684829711914,-70.98504638671875,-69.40351867675781,-66.45271301269531,-64.9319839477539,-62.73670196533203,-66.0379867553711,-61.32395553588867,-62.96320343017578,-62.49972915649414,-62.18466567993164,-59.13195037841797,-59.21451187133789,-60.48259735107422,-60.839420318603516,0.0
-68.47126007080078,-68.4801025390625,-68.49127960205078,-69.66841888427734,-72.41519165039062,-71.01220703125,-70.46337890625,-70.39987182617188,-70.42672729492188,-70.44438934326172,-70.44727325439453,-70.44342041015625,-70.43812561035156,-70.43352508544922,-70.43013763427734,-70.4278335571289,-70.42635345458984,-70.4254379272461,-70.42488098144531,-70.42454528808594,-70.42434692382812,-70.42423248291016,-70.42416381835938,-70.42413330078125,-70.42411041259766,-70.4240951538086,-71.5903549194336,-69.08145141601562,-68.75184631347656,-68.74095916748047,-68.71040344238281,-68.6622543334961,-68.6175308227539,-69.75102233886719,-68.9684829711914,-70.98504638671875,-69.40351867675781,-66.45271301269531,-64.9319839477539,-62.73670196533203,-66.0379867553711,-61.32395553588867,-62.96320343017578,-62.49972915649414,-62.18466567993164,-59.13195037841797,-59.21451187133789,-60.48259735107422,-60.839420318603516,-52.726768493652344,0.0
-68.4801025390625,-68.49127960205078,-69.66841888427734,-72.41519165039062,-71.01220703125,-70.46337890625,-70.39987182617188,-70.42672729492188,-70.44438934326172,-70.44727325439453,-70.44342041015625,-70.43812561035156,-70.43352508544922,-70.43013763427734,-70.4278335571289,-70.42635345458984,-70.4254379272461,-70.42488098144531,-70.42454528808594,-70.42434692382812,-70.42423248291016,-70.42416381835938,-70.42413330078125,-70.42411041259766,-70.4240951538086,-71.5903549194336,-69.08145141601562,-68.75184631347656,-68.74095916748047,-68.71040344238281,-68.6622543334961,-68.6175308227539,-69.75102233886719,-68.9684829711914,-70.98504638671875,-69.40351867675781,-66.45271301269531,-64.9319839477539,-62.73670196533203,-66.0379867553711,-61.32395553588867,-62.96320343017578,-62.49972915649414,-62.18466567993164,-59.13195037841797,-59.21451187133789,-60.48259735107422,-60.839420318603516,-52.726768493652344,-55.686973571777344,0.0
-68.49127960205078,-69.66841888427734,-72.41519165039062,-71.01220703125,-70.46337890625,-70.39987182617188,-70.42672729492188,-70.44438934326172,-70.44727325439453,-70.44342041015625,-70.43812561035156,-70.43352508544922,-70.43013763427734,-70.4278335571289,-70.42635345458984,-70.4254379272461,-70.42488098144531,-70.42454528808594,-70.42434692382812,-70.42423248291016,-70.42416381835938,-70.42413330078125,-70.42411041259766,-70.4240951538086,-71.5903549194336,-69.08145141601562,-68.75184631347656,-68.74095916748047,-68.71040344238281,-68.6622543334961,-68.6175308227539,-69.75102233886719,-68.9684829711914,-70.98504638671875,-69.40351867675781,-66.45271301269531,-64.9319839477539,-62.73670196533203,-66.0379867553711,-61.32395553588867,-62.96320343017578,-62.49972915649414,-62.18466567993164,-59.13195037841797,-59.21451187133789,-60.48259735107422,-60.839420318603516,-52.726768493652344,-55.686973571777344,-58.13965606689453,0.0
-69.66841888427734,-72.41519165039062,-71.01220703125,-70.46337890625,-70.39987182617188,-70.42672729492188,-70.44438934326172,-70.44727325439453,-70.44342041015625,-70.43812561035156,-70.43352508544922,-70.43013763427734,-70.4278335571289,-70.42635345458984,-70.4254379272461,-70.42488098144531,-70.42454528808594,-70.42434692382812,-70.42423248291016,-70.42416381835938,-70.42413330078125,-70.42411041259766,-70.4240951538086,-71.5903549194336,-69.08145141601562,-68.75184631347656,-68.74095916748047,-68.71040344238281,-68.6622543334961,-68.6175308227539,-69.75102233886719,-68.9684829711914,-70.98504638671875,-69.40351867675781,-66.45271301269531,-64.9319839477539,-62.73670196533203,-66.0379867553711,-61.32395553588867,-62.96320343017578,-62.49972915649414,-62.18466567993164,-59.13195037841797,-59.21451187133789,-60.48259735107422,-60.839420318603516,-52.726768493652344,-55.686973571777344,-58.13965606689453,-58.7299690246582,0.0
-72.41519165039062,-71.01220703125,-70.46337890625,-70.39987182617188,-70.42672729492188,-70.44438934326172,-70.44727325439453,-70.44342041015625,-70.43812561035156,-70.43352508544922,-70.43013763427734,-70.4278335571289,-70.42635345458984,-70.4254379272461,-70.42488098144531,-70.42454528808594,-70.42434692382812,-70.42423248291016,-70.42416381835938,-70.42413330078125,-70.42411041259766,-70.4240951538086,-71.5903549194336,-69.08145141601562,-68.75184631347656,-68.74095916748047,-68.71040344238281,-68.6622543334961,-68.6175308227539,-69.75102233886719,-68.9684829711914,-70.98504638671875,-69.40351867675781,-66.45271301269531,-64.9319839477539,-62.73670196533203,-66.0379867553711,-61.32395553588867,-62.96320343017578,-62.49972915649414,-62.18466567993164,-59.13195037841797,-59.21451187133789,-60.48259735107422,-60.839420318603516,-52.726768493652344,-55.686973571777344,-58.13965606689453,-58.7299690246582,-60.54856491088867,0.0
-71.01220703125,-70.46337890625,-70.39987182617188,-70.42672729492188,-70.44438934326172,-70.44727325439453,-70.44342041015625,-70.43812561035156,-70.43352508544922,-70.43013763427734,-70.4278335571289,-70.42635345458984,-70.4254379272461,-70.42488098144531,-70.42454528808594,-70.42434692382812,-70.42423248291016,-70.42416381835938,-70.42413330078125,-70.42411041259766,-70.4240951538086,-71.5903549194336,-69.08145141601562,-68.75184631347656,-68.74095916748047,-68.71040344238281,-68.6622543334961,-68.6175308227539,-69.75102233886719,-68.9684829711914,-70.98504638671875,-69.40351867675781,-66.45271301269531,-64.9319839477539,-62.73670196533203,-66.0379867553711,-61.32395553588867,-62.96320343017578,-62.49972915649414,-62.18466567993164,-59.13195037841797,-59.21451187133789,-60.48259735107422,-60.839420318603516,-52.726768493652344,-55.686973571777344,-58.13965606689453,-58.7299690246582,-60.54856491088867,-58.83788299560547,0.0
-70.46337890625,-70.39987182617188,-70.42672729492188,-70.44438934326172,-70.44727325439453,-70.44342041015625,-70.43812561035156,-70.43352508544922,-70.43013763427734,-70.4278335571289,-70.42635345458984,-70.4254379272461,-70.42488098144531,-70.42454528808594,-70.42434692382812,-70.42423248291016,-70.42416381835938,-70.42413330078125,-70.42411041259766,-70.4240951538086,-71.5903549194336,-69.08145141601562,-68.75184631347656,-68.74095916748047,-68.71040344238281,-68.6622543334961,-68.6175308227539,-69.75102233886719,-68.9684829711914,-70.98504638671875,-69.40351867675781,-66.45271301269531,-64.9319839477539,-62.73670196533203,-66.0379867553711,-61.32395553588867,-62.96320343017578,-62.49972915649414,-62.18466567993164,-59.13195037841797,-59.21451187133789,-60.48259735107422,-60.839420318603516,-52.726768493652344,-55.686973571777344,-58.13965606689453,-58.7299690246582,-60.54856491088867,-58.83788299560547,-61.141544342041016,0.0
-70.39987182617188,-70.42672729492188,-70.44438934326172,-70.44727325439453,-70.44342041015625,-70.43812561035156,-70.43352508544922,-70.43013763427734,-70.4278335571289,-70.42635345458984,-70.4254379272461,-70.42488098144531,-70.42454528808594,-70.42434692382812,-70.42423248291016,-70.42416381835938,-70.42413330078125,-70.42411041259766,-70.4240951538086,-71.5903549194336,-69.08145141601562,-68.75184631347656,-68.74095916748047,-68.71040344238281,-68.6622543334961,-68.6175308227539,-69.75102233886719,-68.9684829711914,-70.98504638671875,-69.40351867675781,-66.45271301269531,-64.9319839477539,-62.73670196533203,-66.0379867553711,-61.32395553588867,-62.96320343017578,-62.49972915649414,-62.18466567993164,-59.13195037841797,-59.21451187133789,-60.48259735107422,-60.839420318603516,-52.726768493652344,-55.686973571777344,-58.13965606689453,-58.7299690246582,-60.54856491088867,-58.83788299560547,-61.141544342041016,-60.31447219848633,0.0
-70.42672729492188,-70.44438934326172,-70.44727325439453,-70.44342041015625,-70.43812561035156,-70.43352508544922,-70.43013763427734,-70.4278335571289,-70.42635345458984,-70.4254379272461,-70.42488098144531,-70.42454528808594,-70.42434692382812,-70.42423248291016,-70.42416381835938,-70.42413330078125,-70.42411041259766,-70.4240951538086,-71.5903549194336,-69.08145141601562,-68.75184631347656,-68.74095916748047,-68.71040344238281,-68.6622543334961,-68.6175308227539,-69.75102233886719,-68.9684829711914,-70.98504638671875,-69.40351867675781,-66.45271301269531,-64.9319839477539,-62.73670196533203,-66.0379867553711,-61.32395553588867,-62.96320343017578,-62.49972915649414,-62.18466567993164,-59.13195037841797,-59.21451187133789,-60.48259735107422,-60.839420318603516,-52.726768493652344,-55.686973571777344,-58.13965606689453,-58.7299690246582,-60.54856491088867,-58.83788299560547,-61.141544342041016,-60.31447219848633,-59.970516204833984,0.0
-70.44438934326172,-70.44727325439453,-70.44342041015625,-70.43812561035156,-70.43352508544922,-70.43013763427734,-70.4278335571289,-70.42635345458984,-70.4254379272461,-70.42488098144531,-70.42454528808594,-70.42434692382812,-70.42423248291016,-70.42416381835938,-70.42413330078125,-70.42411041259766,-70.4240951538086,-71.5903549194336,-69.08145141601562,-68.75184631347656,-68.74095916748047,-68.71040344238281,-68.6622543334961,-68.6175308227539,-69.75102233886719,-68.9684829711914,-70.98504638671875,-69.40351867675781,-66.45271301269531,-64.9319839477539,-62.73670196533203,-66.0379867553711,-61.32395553588867,-62.96320343017578,-62.49972915649414,-62.18466567993164,-59.13195037841797,-59.21451187133789,-60.48259735107422,-60.839420318603516,-52.726768493652344,-55.686973571777344,-58.13965606689453,-58.7299690246582,-60.54856491088867,-58.83788299560547,-61.141544342041016,-60.31447219848633,-59.970516204833984,-60.51976776123047,1.0
-70.44727325439453,-70.44342041015625,-70.43812561035156,-70.43352508544922,-70.43013763427734,-70.4278335571289,-70.42635345458984,-70.4254379272461,-70.42488098144531,-70.42454528808594,-70.42434692382812,-70.42423248291016,-70.42416381835938,-70.42413330078125,-70.42411041259766,-70.4240951538086,-71.5903549194336,-69.08145141601562,-68.75184631347656,-68.74095916748047,-68.71040344238281,-68.6622543334961,-68.6175308227539,-69.75102233886719,-68.9684829711914,-70.98504638671875,-69.40351867675781,-66.45271301269531,-64.9319839477539,-62.73670196533203,-66.0379867553711,-61.32395553588867,-62.96320343017578,-62.49972915649414,-62.18466567993164,-59.13195037841797,-59.21451187133789,-60.48259735107422,-60.839420318603516,-52.726768493652344,-55.686973571777344,-58.13965606689453,-58.7299690246582,-60.54856491088867,-58.83788299560547,-61.141544342041016,-60.31447219848633,-59.970516204833984,-60.51976776123047,-62.50001907348633,0.0
-70.44342041015625,-70.43812561035156,-70.43352508544922,-70.43013763427734,-70.4278335571289,-70.42635345458984,-70.4254379272461,-70.42488098144531,-70.42454528808594,-70.42434692382812,-70.42423248291016,-70.42416381835938,-70.42413330078125,-70.42411041259766,-70.4240951538086,-71.5903549194336,-69.08145141601562,-68.75184631347656,-68.74095916748047,-68.71040344238281,-68.6622543334961,-68.6175308227539,-69.75102233886719,-68.9684829711914,-70.98504638671875,-69.40351867675781,-66.45271301269531,-64.9319839477539,-62.73670196533203,-66.0379867553711,-61.32395553588867,-62.96320343017578,-62.49972915649414,-62.18466567993164,-59.13195037841797,-59.21451187133789,-60.48259735107422,-60.839420318603516,-52.726768493652344,-55.686973571777344,-58.13965606689453,-58.7299690246582,-60.54856491088867,-58.83788299560547,-61.141544342041016,-60.31447219848633,-59.970516204833984,-60.51976776123047,-62.50001907348633,-62.594627380371094,0.0
-70.43812561035156,-70.43352508544922,-70.43013763427734,-70.4278335571289,-70.42635345458984,-70.4254379272461,-70.42488098144531,-70.42454528808594,-70.42434692382812,-70.42423248291016,-70.42416381835938,-70.42413330078125,-70.42411041259766,-70.4240951538086,-71.5903549194336,-69.08145141601562,-68.75184631347656,-68.74095916748047,-68.71040344238281,-68.6622543334961,-68.6175308227539,-69.75102233886719,-68.9684829711914,-70.98504638671875,-69.40351867675781,-66.45271301269531,-64.9319839477539,-62.73670196533203,-66.0379867553711,-61.32395553588867,-62.96320343017578,-62.49972915649414,-62.18466567993164,-59.13195037841797,-59.21451187133789,-60.48259735107422,-60.839420318603516,-52.726768493652344,-55.686973571777344,-58.13965606689453,-58.7299690246582,-60.54856491088867,-58.83788299560547,-61.141544342041016,-60.31447219848633,-59.970516204833984,-60.51976776123047,-62.50001907348633,-62.594627380371094,-63.16327667236328,1.0
-70.43352508544922,-70.43013763427734,-70.4278335571289,-70.42635345458984,-70.4254379272461,-70.42488098144531,-70.42454528808594,-70.42434692382812,-70.42423248291016,-70.42416381835938,-70.42413330078125,-70.42411041259766,-70.4240951538086,-71.5903549194336,-69.08145141601562,-68.75184631347656,-68.74095916748047,-68.71040344238281,-68.6622543334961,-68.6175308227539,-69.75102233886719,-68.9684829711914,-70.98504638671875,-69.40351867675781,-66.45271301269531,-64.9319839477539,-62.73670196533203,-66.0379867553711,-61.32395553588867,-62.96320343017578,-62.49972915649414,-62.18466567993164,-59.13195037841797,-59.21451187133789,-60.48259735107422,-60.839420318603516,-52.726768493652344,-55.686973571777344,-58.13965606689453,-58.7299690246582,-60.54856491088867,-58.83788299560547,-61.141544342041016,-60.31447219848633,-59.970516204833984,-60.51976776123047,-62.50001907348633,-62.594627380371094,-63.16327667236328,-67.50051879882812,0.0
-70.43013763427734,-70.4278335571289,-70.42635345458984,-70.4254379272461,-70.42488098144531,-70.42454528808594,-70.42434692382812,-70.42423248291016,-70.42416381835938,-70.42413330078125,-70.42411041259766,-70.4240951538086,-71.5903549194336,-69.08145141601562,-68.75184631347656,-68.74095916748047,-68.71040344238281,-68.6622543334961,-68.6175308227539,-69.75102233886719,-68.9684829711914,-70.98504638671875,-69.40351867675781,-66.45271301269531,-64.9319839477539,-62.73670196533203,-66.0379867553711,-61.32395553588867,-62.96320343017578,-62.49972915649414,-62.18466567993164,-59.13195037841797,-59.21451187133789,-60.48259735107422,-60.839420318603516,-52.726768493652344,-55.686973571777344,-58.13965606689453,-58.7299690246582,-60.54856491088867,-58.83788299560547,-61.141544342041016,-60.31447219848633,-59.970516204833984,-60.51976776123047,-62.50001907348633,-62.594627380371094,-63.16327667236328,-67.50051879882812,-69.04306030273438,1.0
-70.4278335571289,-70.42635345458984,-70.4254379272461,-70.42488098144531,-70.42454528808594,-70.42434692382812,-70.42423248291016,-70.42416381835938,-70.42413330078125,-70.42411041259766,-70.4240951538086,-71.5903549194336,-69.08145141601562,-68.75184631347656,-68.74095916748047,-68.71040344238281,-68.6622543334961,-68.6175308227539,-69.75102233886719,-68.9684829711914,-70.98504638671875,-69.40351867675781,-66.45271301269531,-64.9319839477539,-62.73670196533203,-66.0379867553711,-61.32395553588867,-62.96320343017578,-62.49972915649414,-62.18466567993164,-59.13195037841797,-59.21451187133789,-60.48259735107422,-60.839420318603516,-52.726768493652344,-55.686973571777344,-58.13965606689453,-58.7299690246582,-60.54856491088867,-58.83788299560547,-61.141544342041016,-60.31447219848633,-59.970516204833984,-60.51976776123047,-62.50001907348633,-62.594627380371094,-63.16327667236328,-67.50051879882812,-69.04306030273438,-67.73664855957031,0.0
-70.42635345458984,-70.4254379272461,-70.42488098144531,-70.42454528808594,-70.42434692382812,-70.42423248291016,-70.42416381835938,-70.42413330078125,-70.42411041259766,-70.4240951538086,-71.5903549194336,-69.08145141601562,-68.75184631347656,-68.74095916748047,-68.71040344238281,-68.6622543334961,-68.6175308227539,-69.75102233886719,-68.9684829711914,-70.98504638671875,-69.40351867675781,-66.45271301269531,-64.9319839477539,-62.73670196533203,-66.0379867553711,-61.32395553588867,-62.96320343017578,-62.49972915649414,-62.18466567993164,-59.13195037841797,-59.21451187133789,-60.48259735107422,-60.839420318603516,-52.726768493652344,-55.686973571777344,-58.13965606689453,-58.7299690246582,-60.54856491088867,-58.83788299560547,-61.141544342041016,-60.31447219848633,-59.970516204833984,-60.51976776123047,-62.50001907348633,-62.594627380371094,-63.16327667236328,-67.50051879882812,-69.04306030273438,-67.73664855957031,-67.35647583007812,0.0
-70.4254379272461,-70.42488098144531,-70.42454528808594,-70.42434692382812,-70.42423248291016,-70.42416381835938,-70.42413330078125,-70.42411041259766,-70.4240951538086,-71.5903549194336,-69.08145141601562,-68.75184631347656,-68.74095916748047,-68.71040344238281,-68.6622543334961,-68.6175308227539,-69.75102233886719,-68.9684829711914,-70.98504638671875,-69.40351867675781,-66.45271301269531,-64.9319839477539,-62.73670196533203,-66.0379867553711,-61.32395553588867,-62.96320343017578,-62.49972915649414,-62.18466567993164,-59.13195037841797,-59.21451187133789,-60.48259735107422,-60.839420318603516,-52.726768493652344,-55.686973571777344,-58.13965606689453,-58.7299690246582,-60.54856491088867,-58.83788299560547,-61.141544342041016,-60.31447219848633,-59.970516204833984,-60.51976776123047,-62.50001907348633,-62.594627380371094,-63.16327667236328,-67.50051879882812,-69.04306030273438,-67.73664855957031,-67.35647583007812,-69.14356231689453,0.0
-70.42488098144531,-70.42454528808594,-70.42434692382812,-70.42423248291016,-70.42416381835938,-70.42413330078125,-70.42411041259766,-70.4240951538086,-71.5903549194336,-69.08145141601562,-68.75184631347656,-68.74095916748047,-68.71040344238281,-68.6622543334961,-68.6175308227539,-69.75102233886719,-68.9684829711914,-70.98504638671875,-69.40351867675781,-66.45271301269531,-64.9319839477539,-62.73670196533203,-66.0379867553711,-61.32395553588867,-62.96320343017578,-62.49972915649414,-62.18466567993164,-59.13195037841797,-59.21451187133789,-60.48259735107422,-60.839420318603516,-52.726768493652344,-55.686973571777344,-58.13965606689453,-58.7299690246582,-60.54856491088867,-58.83788299560547,-61.141544342041016,-60.31447219848633,-59.970516204833984,-60.51976776123047,-62.50001907348633,-62.594627380371094,-63.16327667236328,-67.50051879882812,-69.04306030273438,-67.73664855957031,-67.35647583007812,-69.14356231689453,-66.33782196044922,1.0
-70.42454528808594,-70.42434692382812,-70.42423248291016,-70.42416381835938,-70.42413330078125,-70.42411041259766,-70.4240951538086,-71.5903549194336,-69.08145141601562,-68.75184631347656,-68.74095916748047,-68.71040344238281,-68.6622543334961,-68.6175308227539,-69.75102233886719,-68.9684829711914,-70.98504638671875,-69.40351867675781,-66.45271301269531,-64.9319839477539,-62.73670196533203,-66.0379867553711,-61.32395553588867,-62.96320343017578,-62.49972915649414,-62.18466567993164,-59.13195037841797,-59.21451187133789,-60.48259735107422,-60.839420318603516,-52.726768493652344,-55.686973571777344,-58.13965606689453,-58.7299690246582,-60.54856491088867,-58.83788299560547,-61.141544342041016,-60.31447219848633,-59.970516204833984,-60.51976776123047,-62.50001907348633,-62.594627380371094,-63.16327667236328,-67.50051879882812,-69.04306030273438,-67.73664855957031,-67.35647583007812,-69.14356231689453,-66.33782196044922,-67.07899475097656,0.0
-70.42434692382812,-70.42423248291016,-70.42416381835938,-70.42413330078125,-70.42411041259766,-70.4240951538086,-71.5903549194336,-69.08145141601562,-68.75184631347656,-68.74095916748047,-68.71040344238281,-68.6622543334961,-68.6175308227539,-69.75102233886719,-68.9684829711914,-70.98504638671875,-69.40351867675781,-66.45271301269531,-64.9319839477539,-62.73670196533203,-66.0379867553711,-61.32395553588867,-62.96320343017578,-62.49972915649414,-62.18466567993164,-59.13195037841797,-59.21451187133789,-60.48259735107422,-60.839420318603516,-52.726768493652344,-55.686973571777344,-58.13965606689453,-58.7299690246582,-60.54856491088867,-58.83788299560547,-61.141544342041016,-60.31447219848633,-59.970516204833984,-60.51976776123047,-62.50001907348633,-62.594627380371094,-63.16327667236328,-67.50051879882812,-69.04306030273438,-67.73664855957031,-67.35647583007812,-69.14356231689453,-66.33782196044922,-67.07899475097656,-67.47415161132812,1.0
-70.42423248291016,-70.42416381835938,-70.42413330078125,-70.42411041259766,-70.4240951538086,-71.5903549194336,-69.08145141601562,-68.75184631347656,-68.74095916748047,-68.71040344238281,-68.6622543334961,-68.6175308227539,-69.75102233886719,-68.9684829711914,-70.98504638671875,-69.40351867675781,-66.45271301269531,-64.9319839477539,-62.73670196533203,-66.0379867553711,-61.32395553588867,-62.96320343017578,-62.49972915649414,-62.18466567993164,-59.13195037841797,-59.21451187133789,-60.48259735107422,-60.839420318603516,-52.726768493652344,-55.686973571777344,-58.13965606689453,-58.7299690246582,-60.54856491088867,-58.83788299560547,-61.141544342041016,-60.31447219848633,-59.970516204833984,-60.51976776123047,-62.50001907348633,-62.594627380371094,-63.16327667236328,-67.50051879882812,-69.04306030273438,-67.73664855957031,-67.35647583007812,-69.14356231689453,-66.33782196044922,-67.07899475097656,-67.47415161132812,-66.97315216064453,1.0
-70.42416381835938,-70.42413330078125,-70.42411041259766,-70.4240951538086,-71.5903549194336,-69.08145141601562,-68.75184631347656,-68.74095916748047,-68.71040344238281,-68.6622543334961,-68.6175308227539,-69.75102233886719,-68.9684829711914,-70.98504638671875,-69.40351867675781,-66.45271301269531,-64.9319839477539,-62.73670196533203,-66.0379867553711,-61.32395553588867,-62.96320343017578,-62.49972915649414,-62.18466567993164,-59.13195037841797,-59.21451187133789,-60.48259735107422,-60.839420318603516,-52.726768493652344,-55.686973571777344,-58.13965606689453,-58.7299690246582,-60.54856491088867,-58.83788299560547,-61.141544342041016,-60.31447219848633,-59.970516204833984,-60.51976776123047,-62.50001907348633,-62.594627380371094,-63.16327667236328,-67.50051879882812,-69.04306030273438,-67.73664855957031,-67.35647583007812,-69.14356231689453,-66.33782196044922,-67.07899475097656,-67.47415161132812,-66.97315216064453,-66.77281951904297,0.0
-70.42413330078125,-70.42411041259766,-70.4240951538086,-71.5903549194336,-69.08145141601562,-68.75184631347656,-68.74095916748047,-68.71040344238281,-68.6622543334961,-68.6175308227539,-69.75102233886719,-68.9684829711914,-70.98504638671875,-69.40351867675781,-66.45271301269531,-64.9319839477539,-62.73670196533203,-66.0379867553711,-61.32395553588867,-62.96320343017578,-62.49972915649414,-62.18466567993164,-59.13195037841797,-59.21451187133789,-60.48259735107422,-60.839420318603516,-52.726768493652344,-55.686973571777344,-58.13965606689453,-58.7299690246582,-60.54856491088867,-58.83788299560547,-61.141544342041016,-60.31447219848633,-59.970516204833984,-60.51976776123047,-62.50001907348633,-62.594627380371094,-63.16327667236328,-67.50051879882812,-69.04306030273438,-67.73664855957031,-67.35647583007812,-69.14356231689453,-66.33782196044922,-67.07899475097656,-67.47415161132812,-66.97315216064453,-66.77281951904297,-66.7160415649414,1.0
-70.42411041259766,-70.4240951538086,-71.5903549194336,-69.08145141601562,-68.75184631347656,-68.74095916748047,-68.71040344238281,-68.6622543334961,-68.6175308227539,-69.75102233886719,-68.9684829711914,-70.98504638671875,-69.40351867675781,-66.45271301269531,-64.9319839477539,-62.73670196533203,-66.0379867553711,-61.32395553588867,-62.96320343017578,-62.49972915649414,-62.18466567993164,-59.13195037841797,-59.21451187133789,-60.48259735107422,-60.839420318603516,-52.726768493652344,-55.686973571777344,-58.13965606689453,-58.7299690246582,-60.54856491088867,-58.83788299560547,-61.141544342041016,-60.31447219848633,-59.970516204833984,-60.51976776123047,-62.50001907348633,-62.594627380371094,-63.16327667236328,-67.50051879882812,-69.04306030273438,-67.73664855957031,-67.35647583007812,-69.14356231689453,-66.33782196044922,-67.07899475097656,-67.47415161132812,-66.97315216064453,-66.77281951904297,-66.7160415649414,-64.35315704345703,1.0
-70.4240951538086,-71.5903549194336,-69.08145141601562,-68.75184631347656,-68.74095916748047,-68.71040344238281,-68.6622543334961,-68.6175308227539,-69.75102233886719,-68.9684829711914,-70.98504638671875,-69.40351867675781,-66.45271301269531,-64.9319839477539,-62.73670196533203,-66.0379867553711,-61.32395553588867,-62.96320343017578,-62.49972915649414,-62.18466567993164,-59.13195037841797,-59.21451187133789,-60.48259735107422,-60.839420318603516,-52.726768493652344,-55.686973571777344,-58.13965606689453,-58.7299690246582,-60.54856491088867,-58.83788299560547,-61.141544342041016,-60.31447219848633,-59.970516204833984,-60.51976776123047,-62.50001907348633,-62.594627380371094,-63.16327667236328,-67.50051879882812,-69.04306030273438,-67.73664855957031,-67.35647583007812,-69.14356231689453,-66.33782196044922,-67.07899475097656,-67.47415161132812,-66.97315216064453,-66.77281951904297,-66.7160415649414,-64.35315704345703,-64.10113525390625,1.0
-71.5903549194336,-69.08145141601562,-68.75184631347656,-68.74095916748047,-68.71040344238281,-68.6622543334961,-68.6175308227539,-69.75102233886719,-68.9684829711914,-70.98504638671875,-69.40351867675781,-66.45271301269531,-64.9319839477539,-62.73670196533203,-66.0379867553711,-61.32395553588867,-62.96320343017578,-62.49972915649414,-62.18466567993164,-59.13195037841797,-59.21451187133789,-60.48259735107422,-60.839420318603516,-52.726768493652344,-55.686973571777344,-58.13965606689453,-58.7299690246582,-60.54856491088867,-58.83788299560547,-61.141544342041016,-60.31447219848633,-59.970516204833984,-60.51976776123047,-62.50001907348633,-62.594627380371094,-63.16327667236328,-67.50051879882812,-69.04306030273438,-67.73664855957031,-67.35647583007812,-69.14356231689453,-66.33782196044922,-67.07899475097656,-67.47415161132812,-66.97315216064453,-66.77281951904297,-66.7160415649414,-64.35315704345703,-64.10113525390625,-64.65979766845703,1.0
-69.08145141601562,-68.75184631347656,-68.74095916748047,-68.71040344238281,-68.6622543334961,-68.6175308227539,-69.75102233886719,-68.9684829711914,-70.98504638671875,-69.40351867675781,-66.45271301269531,-64.9319839477539,-62.73670196533203,-66.0379867553711,-61.32395553588867,-62.96320343017578,-62.49972915649414,-62.18466567993164,-59.13195037841797,-59.21451187133789,-60.48259735107422,-60.839420318603516,-52.726768493652344,-55.686973571777344,-58.13965606689453,-58.7299690246582,-60.54856491088867,-58.83788299560547,-61.141544342041016,-60.31447219848633,-59.970516204833984,-60.51976776123047,-62.50001907348633,-62.594627380371094,-63.16327667236328,-67.50051879882812,-69.04306030273438,-67.73664855957031,-67.35647583007812,-69.14356231689453,-66.33782196044922,-67.07899475097656,-67.47415161132812,-66.97315216064453,-66.77281951904297,-66.7160415649414,-64.35315704345703,-64.10113525390625,-64.65979766845703,-67.13970947265625,1.0
-68.75184631347656,-68.74095916748047,-68.71040344238281,-68.6622543334961,-68.6175308227539,-69.75102233886719,-68.9684829711914,-70.98504638671875,-69.40351867675781,-66.45271301269531,-64.9319839477539,-62.73670196533203,-66.0379867553711,-61.32395553588867,-62.96320343017578,-62.49972915649414,-62.18466567993164,-59.13195037841797,-59.21451187133789,-60.48259735107422,-60.839420318603516,-52.726768493652344,-55.686973571777344,-58.13965606689453,-58.7299690246582,-60.54856491088867,-58.83788299560547,-61.141544342041016,-60.31447219848633,-59.970516204833984,-60.51976776123047,-62.50001907348633,-62.594627380371094,-63.16327667236328,-67.50051879882812,-69.04306030273438,-67.73664855957031,-67.35647583007812,-69.14356231689453,-66.33782196044922,-67.07899475097656,-67.47415161132812,-66.97315216064453,-66.77281951904297,-66.7160415649414,-64.35315704345703,-64.10113525390625,-64.65979766845703,-67.13970947265625,-70.85453796386719,1.0
-68.74095916748047,-68.71040344238281,-68.6622543334961,-68.6175308227539,-69.75102233886719,-68.9684829711914,-70.98504638671875,-69.40351867675781,-66.45271301269531,-64.9319839477539,-62.73670196533203,-66.0379867553711,-61.32395553588867,-62.96320343017578,-62.49972915649414,-62.18466567993164,-59.13195037841797,-59.21451187133789,-60.48259735107422,-60.839420318603516,-52.726768493652344,-55.686973571777344,-58.13965606689453,-58.7299690246582,-60.54856491088867,-58.83788299560547,-61.141544342041016,-60.31447219848633,-59.970516204833984,-60.51976776123047,-62.50001907348633,-62.594627380371094,-63.16327667236328,-67.50051879882812,-69.04306030273438,-67.73664855957031,-67.35647583007812,-69.14356231689453,-66.33782196044922,-67.07899475097656,-67.47415161132812,-66.97315216064453,-66.77281951904297,-66.7160415649414,-64.35315704345703,-64.10113525390625,-64.65979766845703,-67.13970947265625,-70.85453796386719,-72.05583953857422,1.0
-68.71040344238281,-68.6622543334961,-68.6175308227539,-69.75102233886719,-68.9684829711914,-70.98504638671875,-69.40351867675781,-66.45271301269531,-64.9319839477539,-62.73670196533203,-66.0379867553711,-61.32395553588867,-62.96320343017578,-62.49972915649414,-62.18466567993164,-59.13195037841797,-59.21451187133789,-60.48259735107422,-60.839420318603516,-52.726768493652344,-55.686973571777344,-58.13965606689453,-58.7299690246582,-60.54856491088867,-58.83788299560547,-61.141544342041016,-60.31447219848633,-59.970516204833984,-60.51976776123047,-62.50001907348633,-62.594627380371094,-63.16327667236328,-67.50051879882812,-69.04306030273438,-67.73664855957031,-67.35647583007812,-69.14356231689453,-66.33782196044922,-67.07899475097656,-67.47415161132812,-66.97315216064453,-66.77281951904297,-66.7160415649414,-64.35315704345703,-64.10113525390625,-64.65979766845703,-67.13970947265625,-70.85453796386719,-72.05583953857422,-71.82058715820312,1.0
-68.6622543334961,-68.6175308227539,-69.75102233886719,-68.9684829711914,-70.98504638671875,-69.40351867675781,-66.45271301269531,-64.9319839477539,-62.73670196533203,-66.0379867553711,-61.32395553588867,-62.96320343017578,-62.49972915649414,-62.18466567993164,-59.13195037841797,-59.21451187133789,-60.48259735107422,-60.839420318603516,-52.726768493652344,-55.686973571777344,-58.13965606689453,-58.7299690246582,-60.54856491088867,-58.83788299560547,-61.141544342041016,-60.31447219848633,-59.970516204833984,-60.51976776123047,-62.50001907348633,-62.594627380371094,-63.16327667236328,-67.50051879882812,-69.04306030273438,-67.73664855957031,-67.35647583007812,-69.14356231689453,-66.33782196044922,-67.07899475097656,-67.47415161132812,-66.97315216064453,-66.77281951904297,-66.7160415649414,-64.35315704345703,-64.10113525390625,-64.65979766845703,-67.13970947265625,-70.85453796386719,-72.05583953857422,-71.82058715820312,-74.15121459960938,0.0
-68.6175308227539,-69.75102233886719,-68.9684829711914,-70.98504638671875,-69.40351867675781,-66.45271301269531,-64.9319839477539,-62.73670196533203,-66.0379867553711,-61.32395553588867,-62.96320343017578,-62.49972915649414,-62.18466567993164,-59.13195037841797,-59.21451187133789,-60.48259735107422,-60.839420318603516,-52.726768493652344,-55.686973571777344,-58.13965606689453,-58.7299690246582,-60.54856491088867,-58.83788299560547,-61.141544342041016,-60.31447219848633,-59.970516204833984,-60.51976776123047,-62.50001907348633,-62.594627380371094,-63.16327667236328,-67.50051879882812,-69.04306030273438,-67.73664855957031,-67.35647583007812,-69.14356231689453,-66.33782196044922,-67.07899475097656,-67.47415161132812,-66.97315216064453,-66.77281951904297,-66.7160415649414,-64.35315704345703,-64.10113525390625,-64.65979766845703,-67.13970947265625,-70.85453796386719,-72.05583953857422,-71.82058715820312,-74.15121459960938,-75.09931182861328,1.0
-69.75102233886719,-68.9684829711914,-70.98504638671875,-69.40351867675781,-66.45271301269531,-64.9319839477539,-62.73670196533203,-66.0379867553711,-61.32395553588867,-62.96320343017578,-62.49972915649414,-62.18466567993164,-59.13195037841797,-59.21451187133789,-60.48259735107422,-60.839420318603516,-52.726768493652344,-55.686973571777344,-58.13965606689453,-58.7299690246582,-60.54856491088867,-58.83788299560547,-61.141544342041016,-60.31447219848633,-59.970516204833984,-60.51976776123047,-62.50001907348633,-62.594627380371094,-63.16327667236328,-67.50051879882812,-69.04306030273438,-67.73664855957031,-67.35647583007812,-69.14356231689453,-66.33782196044922,-67.07899475097656,-67.47415161132812,-66.97315216064453,-66.77281951904297,-66.7160415649414,-64.35315704345703,-64.10113525390625,-64.65979766845703,-67.13970947265625,-70.85453796386719,-72.05583953857422,-71.82058715820312,-74.15121459960938,-75.09931182861328,-73.6944580078125,0.0
-68.9684829711914,-70.98504638671875,-69.40351867675781,-66.45271301269531,-64.9319839477539,-62.73670196533203,-66.0379867553711,-61.32395553588867,-62.96320343017578,-62.49972915649414,-62.18466567993164,-59.13195037841797,-59.21451187133789,-60.48259735107422,-60.839420318603516,-52.726768493652344,-55.686973571777344,-58.13965606689453,-58.7299690246582,-60.54856491088867,-58.83788299560547,-61.141544342041016,-60.31447219848633,-59.970516204833984,-60.51976776123047,-62.50001907348633,-62.594627380371094,-63.16327667236328,-67.50051879882812,-69.04306030273438,-67.73664855957031,-67.35647583007812,-69.14356231689453,-66.33782196044922,-67.07899475097656,-67.47415161132812,-66.97315216064453,-66.77281951904297,-66.7160415649414,-64.35315704345703,-64.10113525390625,-64.65979766845703,-67.13970947265625,-70.85453796386719,-72.05583953857422,-71.82058715820312,-74.15121459960938,-75.09931182861328,-73.6944580078125,-70.94671630859375,0.0
-70.98504638671875,-69.40351867675781,-66.45271301269531,-64.9319839477539,-62.73670196533203,-66.0379867553711,-61.32395553588867,-62.96320343017578,-62.49972915649414,-62.18466567993164,-59.13195037841797,-59.21451187133789,-60.48259735107422,-60.839420318603516,-52.726768493652344,-55.686973571777344,-58.13965606689453,-58.7299690246582,-60.54856491088867,-58.83788299560547,-61.141544342041016,-60.31447219848633,-59.970516204833984,-60.51976776123047,-62.50001907348633,-62.594627380371094,-63.16327667236328,-67.50051879882812,-69.04306030273438,-67.73664855957031,-67.35647583007812,-69.14356231689453,-66.33782196044922,-67.07899475097656,-67.47415161132812,-66.97315216064453,-66.77281951904297,-66.7160415649414,-64.35315704345703,-64.10113525390625,-64.65979766845703,-67.13970947265625,-70.85453796386719,-72.05583953857422,-71.82058715820312,-74.15121459960938,-75.09931182861328,-73.6944580078125,-70.94671630859375,-70.7051773071289,1.0
-69.40351867675781,-66.45271301269531,-64.9319839477539,-62.73670196533203,-66.0379867553711,-61.32395553588867,-62.96320343017578,-62.49972915649414,-62.18466567993164,-59.13195037841797,-59.21451187133789,-60.48259735107422,-60.839420318603516,-52.726768493652344,-55.686973571777344,-58.13965606689453,-58.7299690246582,-60.54856491088867,-58.83788299560547,-61.141544342041016,-60.31447219848633,-59.970516204833984,-60.51976776123047,-62.50001907348633,-62.594627380371094,-63.16327667236328,-67.50051879882812,-69.04306030273438,-67.73664855957031,-67.35647583007812,-69.14356231689453,-66.33782196044922,-67.07899475097656,-67.47415161132812,-66.97315216064453,-66.77281951904297,-66.7160415649414,-64.35315704345703,-64.10113525390625,-64.65979766845703,-67.13970947265625,-70.85453796386719,-72.05583953857422,-71.82058715820312,-74.15121459960938,-75.09931182861328,-73.6944580078125,-70.94671630859375,-70.7051773071289,-73.06439971923828,0.0
-66.45271301269531,-64.9319839477539,-62.73670196533203,-66.0379867553711,-61.32395553588867,-62.96320343017578,-62.49972915649414,-62.18466567993164,-59.13195037841797,-59.21451187133789,-60.48259735107422,-60.839420318603516,-52.726768493652344,-55.686973571777344,-58.13965606689453,-58.7299690246582,-60.54856491088867,-58.83788299560547,-61.141544342041016,-60.31447219848633,-59.970516204833984,-60.51976776123047,-62.50001907348633,-62.594627380371094,-63.16327667236328,-67.50051879882812,-69.04306030273438,-67.73664855957031,-67.35647583007812,-69.14356231689453,-66.33782196044922,-67.07899475097656,-67.47415161132812,-66.97315216064453,-66.77281951904297,-66.7160415649414,-64.35315704345703,-64.10113525390625,-64.65979766845703,-67.13970947265625,-70.85453796386719,-72.05583953857422,-71.82058715820312,-74.15121459960938,-75.09931182861328,-73.6944580078125,-70.94671630859375,-70.7051773071289,-73.06439971923828,-73.8443832397461,0.0
-64.9319839477539,-62.73670196533203,-66.0379867553711,-61.32395553588867,-62.96320343017578,-62.49972915649414,-62.18466567993164,-59.13195037841797,-59.21451187133789,-60.48259735107422,-60.839420318603516,-52.726768493652344,-55.686973571777344,-58.13965606689453,-58.7299690246582,-60.54856491088867,-58.83788299560547,-61.141544342041016,-60.31447219848633,-59.970516204833984,-60.51976776123047,-62.50001907348633,-62.594627380371094,-63.16327667236328,-67.50051879882812,-69.04306030273438,-67.73664855957031,-67.35647583007812,-69.14356231689453,-66.33782196044922,-67.07899475097656,-67.47415161132812,-66.97315216064453,-66.77281951904297,-66.7160415649414,-64.35315704345703,-64.10113525390625,-64.65979766845703,-67.13970947265625,-70.85453796386719,-72.05583953857422,-71.82058715820312,-74.15121459960938,-75.09931182861328,-73.6944580078125,-70.94671630859375,-70.7051773071289,-73.06439971923828,-73.8443832397461,-74.57064819335938,0.0
-62.73670196533203,-66.0379867553711,-61.32395553588867,-62.96320343017578,-62.49972915649414,-62.18466567993164,-59.13195037841797,-59.21451187133789,-60.48259735107422,-60.839420318603516,-52.726768493652344,-55.686973571777344,-58.13965606689453,-58.7299690246582,-60.54856491088867,-58.83788299560547,-61.141544342041016,-60.31447219848633,-59.970516204833984,-60.51976776123047,-62.50001907348633,-62.594627380371094,-63.16327667236328,-67.50051879882812,-69.04306030273438,-67.73664855957031,-67.35647583007812,-69.14356231689453,-66.33782196044922,-67.07899475097656,-67.47415161132812,-66.97315216064453,-66.77281951904297,-66.7160415649414,-64.35315704345703,-64.10113525390625,-64.65979766845703,-67.13970947265625,-70.85453796386719,-72.05583953857422,-71.82058715820312,-74.15121459960938,-75.09931182861328,-73.6944580078125,-70.94671630859375,-70.7051773071289,-73.06439971923828,-73.8443832397461,-74.57064819335938,-73.06558227539062,1.0
-66.0379867553711,-61.32395553588867,-62.96320343017578,-62.49972915649414,-62.18466567993164,-59.13195037841797,-59.21451187133789,-60.48259735107422,-60.839420318603516,-52.726768493652344,-55.686973571777344,-58.13965606689453,-58.7299690246582,-60.54856491088867,-58.83788299560547,-61.141544342041016,-60.31447219848633,-59.970516204833984,-60.51976776123047,-62.50001907348633,-62.594627380371094,-63.16327667236328,-67.50051879882812,-69.04306030273438,-67.73664855957031,-67.35647583007812,-69.14356231689453,-66.33782196044922,-67.07899475097656,-67.47415161132812,-66.97315216064453,-66.77281951904297,-66.7160415649414,-64.35315704345703,-64.10113525390625,-64.65979766845703,-67.13970947265625,-70.85453796386719,-72.05583953857422,-71.82058715820312,-74.15121459960938,-75.09931182861328,-73.6944580078125,-70.94671630859375,-70.7051773071289,-73.06439971923828,-73.8443832397461,-74.57064819335938,-73.06558227539062,-74.29430389404297,0.0
-61.32395553588867,-62.96320343017578,-62.49972915649414,-62.18466567993164,-59.13195037841797,-59.21451187133789,-60.48259735107422,-60.839420318603516,-52.726768493652344,-55.686973571777344,-58.13965606689453,-58.7299690246582,-60.54856491088867,-58.83788299560547,-61.141544342041016,-60.31447219848633,-59.970516204833984,-60.51976776123047,-62.50001907348633,-62.594627380371094,-63.16327667236328,-67.50051879882812,-69.04306030273438,-67.73664855957031,-67.35647583007812,-69.14356231689453,-66.33782196044922,-67.07899475097656,-67.47415161132812,-66.97315216064453,-66.77281951904297,-66.7160415649414,-64.35315704345703,-64.10113525390625,-64.65979766845703,-67.13970947265625,-70.85453796386719,-72.05583953857422,-71.82058715820312,-74.15121459960938,-75.09931182861328,-73.6944580078125,-70.94671630859375,-70.7051773071289,-73.06439971923828,-73.8443832397461,-74.57064819335938,-73.06558227539062,-74.29430389404297,-75.97791290283203,1.0
-62.96320343017578,-62.49972915649414,-62.18466567993164,-59.13195037841797,-59.21451187133789,-60.48259735107422,-60.839420318603516,-52.726768493652344,-55.686973571777344,-58.13965606689453,-58.7299690246582,-60.54856491088867,-58.83788299560547,-61.141544342041016,-60.31447219848633,-59.970516204833984,-60.51976776123047,-62.50001907348633,-62.594627380371094,-63.16327667236328,-67.50051879882812,-69.04306030273438,-67.73664855957031,-67.35647583007812,-69.14356231689453,-66.33782196044922,-67.07899475097656,-67.47415161132812,-66.97315216064453,-66.77281951904297,-66.7160415649414,-64.35315704345703,-64.10113525390625,-64.65979766845703,-67.13970947265625,-70.85453796386719,-72.05583953857422,-71.82058715820312,-74.15121459960938,-75.09931182861328,-73.6944580078125,-70.94671630859375,-70.7051773071289,-73.06439971923828,-73.8443832397461,-74.57064819335938,-73.06558227539062,-74.29430389404297,-75.97791290283203,-74.20051574707031,0.0
-62.49972915649414,-62.18466567993164,-59.13195037841797,-59.21451187133789,-60.48259735107422,-60.839420318603516,-52.726768493652344,-55.686973571777344,-58.13965606689453,-58.7299690246582,-60.54856491088867,-58.83788299560547,-61.141544342041016,-60.31447219848633,-59.970516204833984,-60.51976776123047,-62.50001907348633,-62.594627380371094,-63.16327667236328,-67.50051879882812,-69.04306030273438,-67.73664855957031,-67.35647583007812,-69.14356231689453,-66.33782196044922,-67.07899475097656,-67.47415161132812,-66.97315216064453,-66.77281951904297,-66.7160415649414,-64.35315704345703,-64.10113525390625,-64.65979766845703,-67.13970947265625,-70.85453796386719,-72.05583953857422,-71.82058715820312,-74.15121459960938,-75.09931182861328,-73.6944580078125,-70.94671630859375,-70.7051773071289,-73.06439971923828,-73.8443832397461,-74.57064819335938,-73.06558227539062,-74.29430389404297,-75.97791290283203,-74.20051574707031,-72.96620178222656,0.0
-62.18466567993164,-59.13195037841797,-59.21451187133789,-60.48259735107422,-60.839420318603516,-52.726768493652344,-55.686973571777344,-58.13965606689453,-58.7299690246582,-60.54856491088867,-58.83788299560547,-61.141544342041016,-60.31447219848633,-59.970516204833984,-60.51976776123047,-62.50001907348633,-62.594627380371094,-63.16327667236328,-67.50051879882812,-69.04306030273438,-67.73664855957031,-67.35647583007812,-69.14356231689453,-66.33782196044922,-67.07899475097656,-67.47415161132812,-66.97315216064453,-66.77281951904297,-66.7160415649414,-64.35315704345703,-64.10113525390625,-64.65979766845703,-67.13970947265625,-70.85453796386719,-72.05583953857422,-71.82058715820312,-74.15121459960938,-75.09931182861328,-73.6944580078125,-70.94671630859375,-70.7051773071289,-73.06439971923828,-73.8443832397461,-74.57064819335938,-73.06558227539062,-74.29430389404297,-75.97791290283203,-74.20051574707031,-72.96620178222656,-74.97230529785156,0.0
-59.13195037841797,-59.21451187133789,-60.48259735107422,-60.839420318603516,-52.726768493652344,-55.686973571777344,-58.13965606689453,-58.7299690246582,-60.54856491088867,-58.83788299560547,-61.141544342041016,-60.31447219848633,-59.970516204833984,-60.51976776123047,-62.50001907348633,-62.594627380371094,-63.16327667236328,-67.50051879882812,-69.04306030273438,-67.73664855957031,-67.35647583007812,-69.14356231689453,-66.33782196044922,-67.07899475097656,-67.47415161132812,-66.97315216064453,-66.77281951904297,-66.7160415649414,-64.35315704345703,-64.10113525390625,-64.65979766845703,-67.13970947265625,-70.85453796386719,-72.05583953857422,-71.82058715820312,-74.15121459960938,-75.09931182861328,-73.6944580078125,-70.94671630859375,-70.7051773071289,-73.06439971923828,-73.8443832397461,-74.57064819335938,-73.06558227539062,-74.29430389404297,-75.97791290283203,-74.20051574707031,-72.96620178222656,-74.97230529785156,-75.71319580078125,0.0
-59.21451187133789,-60.48259735107422,-60.839420318603516,-52.726768493652344,-55.686973571777344,-58.13965606689453,-58.7299690246582,-60.54856491088867,-58.83788299560547,-61.141544342041016,-60.31447219848633,-59.970516204833984,-60.51976776123047,-62.50001907348633,-62.594627380371094,-63.16327667236328,-67.50051879882812,-69.04306030273438,-67.73664855957031,-67.35647583007812,-69.14356231689453,-66.33782196044922,-67.07899475097656,-67.47415161132812,-66.97315216064453,-66.77281951904297,-66.7160415649414,-64.35315704345703,-64.10113525390625,-64.65979766845703,-67.13970947265625,-70.85453796386719,-72.05583953857422,-71.82058715820312,-74.15121459960938,-75.09931182861328,-73.6944580078125,-70.94671630859375,-70.7051773071289,-73.06439971923828,-73.8443832397461,-74.57064819335938,-73.06558227539062,-74.29430389404297,-75.97791290283203,-74.20051574707031,-72.96620178222656,-74.97230529785156,-75.71319580078125,-74.13076782226562,0.0
-60.48259735107422,-60.839420318603516,-52.726768493652344,-55.686973571777344,-58.13965606689453,-58.7299690246582,-60.54856491088867,-58.83788299560547,-61.141544342041016,-60.31447219848633,-59.970516204833984,-60.51976776123047,-62.50001907348633,-62.594627380371094,-63.16327667236328,-67.50051879882812,-69.04306030273438,-67.73664855957031,-67.35647583007812,-69.14356231689453,-66.33782196044922,-67.07899475097656,-67.47415161132812,-66.97315216064453,-66.77281951904297,-66.7160415649414,-64.35315704345703,-64.10113525390625,-64.65979766845703,-67.13970947265625,-70.85453796386719,-72.05583953857422,-71.82058715820312,-74.15121459960938,-75.09931182861328,-73.6944580078125,-70.94671630859375,-70.7051773071289,-73.06439971923828,-73.8443832397461,-74.57064819335938,-73.06558227539062,-74.29430389404297,-75.97791290283203,-74.20051574707031,-72.96620178222656,-74.97230529785156,-75.71319580078125,-74.13076782226562,-74.7355728149414,0.0
-60.839420318603516,-52.726768493652344,-55.686973571777344,-58.13965606689453,-58.7299690246582,-60.54856491088867,-58.83788299560547,-61.141544342041016,-60.31447219848633,-59.970516204833984,-60.51976776123047,-62.50001907348633,-62.594627380371094,-63.16327667236328,-67.50051879882812,-69.04306030273438,-67.73664855957031,-67.35647583007812,-69.14356231689453,-66.33782196044922,-67.07899475097656,-67.47415161132812,-66.97315216064453,-66.77281951904297,-66.7160415649414,-64.35315704345703,-64.10113525390625,-64.65979766845703,-67.13970947265625,-70.85453796386719,-72.05583953857422,-71.82058715820312,-74.15121459960938,-75.09931182861328,-73.6944580078125,-70.94671630859375,-70.7051773071289,-73.06439971923828,-73.8443832397461,-74.57064819335938,-73.06558227539062,-74.29430389404297,-75.97791290283203,-74.20051574707031,-72.96620178222656,-74.97230529785156,-75.71319580078125,-74.13076782226562,-74.7355728149414,-74.44703674316406,0.0
-52.726768493652344,-55.686973571777344,-58.13965606689453,-58.7299690246582,-60.54856491088867,-58.83788299560547,-61.141544342041016,-60.31447219848633,-59.970516204833984,-60.51976776123047,-62.50001907348633,-62.594627380371094,-63.16327667236328,-67.50051879882812,-69.04306030273438,-67.73664855957031,-67.35647583007812,-69.14356231689453,-66.33782196044922,-67.07899475097656,-67.47415161132812,-66.97315216064453,-66.77281951904297,-66.7160415649414,-64.35315704345703,-64.10113525390625,-64.65979766845703,-67.13970947265625,-70.85453796386719,-72.05583953857422,-71.82058715820312,-74.15121459960938,-75.09931182861328,-73.6944580078125,-70.94671630859375,-70.7051773071289,-73.06439971923828,-73.8443832397461,-74.57064819335938,-73.06558227539062,-74.29430389404297,-75.97791290283203,-74.20051574707031,-72.96620178222656,-74.97230529785156,-75.71319580078125,-74.13076782226562,-74.7355728149414,-74.44703674316406,-76.63992309570312,0.0
-55.686973571777344,-58.13965606689453,-58.7299690246582,-60.54856491088867,-58.83788299560547,-61.141544342041016,-60.31447219848633,-59.970516204833984,-60.51976776123047,-62.50001907348633,-62.594627380371094,-63.16327667236328,-67.50051879882812,-69.04306030273438,-67.73664855957031,-67.35647583007812,-69.14356231689453,-66.33782196044922,-67.07899475097656,-67.47415161132812,-66.97315216064453,-66.77281951904297,-66.7160415649414,-64.35315704345703,-64.10113525390625,-64.65979766845703,-67.13970947265625,-70.85453796386719,-72.05583953857422,-71.82058715820312,-74.15121459960938,-75.09931182861328,-73.6944580078125,-70.94671630859375,-70.7051773071289,-73.06439971923828,-73.8443832397461,-74.57064819335938,-73.06558227539062,-74.29430389404297,-75.97791290283203,-74.20051574707031,-72.96620178222656,-74.97230529785156,-75.71319580078125,-74.13076782226562,-74.7355728149414,-74.44703674316406,-76.63992309570312,-76.84012603759766,0.0
-58.13965606689453,-58.7299690246582,-60.54856491088867,-58.83788299560547,-61.141544342041016,-60.31447219848633,-59.970516204833984,-60.51976776123047,-62.50001907348633,-62.594627380371094,-63.16327667236328,-67.50051879882812,-69.04306030273438,-67.73664855957031,-67.35647583007812,-69.14356231689453,-66.33782196044922,-67.07899475097656,-67.47415161132812,-66.97315216064453,-66.77281951904297,-66.7160415649414,-64.35315704345703,-64.10113525390625,-64.65979766845703,-67.13970947265625,-70.85453796386719,-72.05583953857422,-71.82058715820312,-74.15121459960938,-75.09931182861328,-73.6944580078125,-70.94671630859375,-70.7051773071289,-73.06439971923828,-73.8443832397461,-74.57064819335938,-73.06558227539062,-74.29430389404297,-75.97791290283203,-74.20051574707031,-72.96620178222656,-74.97230529785156,-75.71319580078125,-74.13076782226562,-74.7355728149414,-74.44703674316406,-76.63992309570312,-76.84012603759766,-77.41578674316406,0.0
-58.7299690246582,-60.54856491088867,-58.83788299560547,-61.141544342041016,-60.31447219848633,-59.970516204833984,-60.51976776123047,-62.50001907348633,-62.594627380371094,-63.16327667236328,-67.50051879882812,-69.04306030273438,-67.73664855957031,-67.35647583007812,-69.14356231689453,-66.33782196044922,-67.07899475097656,-67.47415161132812,-66.97315216064453,-66.77281951904297,-66.7160415649414,-64.35315704345703,-64.10113525390625,-64.65979766845703,-67.13970947265625,-70.85453796386719,-72.05583953857422,-71.82058715820312,-74.15121459960938,-75.09931182861328,-73.6944580078125,-70.94671630859375,-70.7051773071289,-73.06439971923828,-73.8443832397461,-74.57064819335938,-73.06558227539062,-74.29430389404297,-75.97791290283203,-74.20051574707031,-72.96620178222656,-74.97230529785156,-75.71319580078125,-74.13076782226562,-74.7355728149414,-74.44703674316406,-76.63992309570312,-76.84012603759766,-77.41578674316406,-76.49592590332031,0.0
-60.54856491088867,-58.83788299560547,-61.141544342041016,-60.31447219848633,-59.970516204833984,-60.51976776123047,-62.50001907348633,-62.594627380371094,-63.16327667236328,-67.50051879882812,-69.04306030273438,-67.73664855957031,-67.35647583007812,-69.14356231689453,-66.33782196044922,-67.07899475097656,-67.47415161132812,-66.97315216064453,-66.77281951904297,-66.7160415649414,-64.35315704345703,-64.10113525390625,-64.65979766845703,-67.13970947265625,-70.85453796386719,-72.05583953857422,-71.82058715820312,-74.15121459960938,-75.09931182861328,-73.6944580078125,-70.94671630859375,-70.7051773071289,-73.06439971923828,-73.8443832397461,-74.57064819335938,-73.06558227539062,-74.29430389404297,-75.97791290283203,-74.20051574707031,-72.96620178222656,-74.97230529785156,-75.71319580078125,-74.13076782226562,-74.7355728149414,-74.44703674316406,-76.63992309570312,-76.84012603759766,-77.41578674316406,-76.49592590332031,-76.77764892578125,1.0
-58.83788299560547,-61.141544342041016,-60.31447219848633,-59.970516204833984,-60.51976776123047,-62.50001907348633,-62.594627380371094,-63.16327667236328,-67.50051879882812,-69.04306030273438,-67.73664855957031,-67.35647583007812,-69.14356231689453,-66.33782196044922,-67.07899475097656,-67.47415161132812,-66.97315216064453,-66.77281951904297,-66.7160415649414,-64.35315704345703,-64.10113525390625,-64.65979766845703,-67.13970947265625,-70.85453796386719,-72.05583953857422,-71.82058715820312,-74.15121459960938,-75.09931182861328,-73.6944580078125,-70.94671630859375,-70.7051773071289,-73.06439971923828,-73.8443832397461,-74.57064819335938,-73.06558227539062,-74.29430389404297,-75.97791290283203,-74.20051574707031,-72.96620178222656,-74.97230529785156,-75.71319580078125,-74.13076782226562,-74.7355728149414,-74.44703674316406,-76.63992309570312,-76.84012603759766,-77.41578674316406,-76.49592590332031,-76.77764892578125,-75.78592681884766,0.0
-61.141544342041016,-60.31447219848633,-59.970516204833984,-60.51976776123047,-62.50001907348633,-62.594627380371094,-63.16327667236328,-67.50051879882812,-69.04306030273438,-67.73664855957031,-67.35647583007812,-69.14356231689453,-66.33782196044922,-67.07899475097656,-67.47415161132812,-66.97315216064453,-66.77281951904297,-66.7160415649414,-64.35315704345703,-64.10113525390625,-64.65979766845703,-67.13970947265625,-70.85453796386719,-72.05583953857422,-71.82058715820312,-74.15121459960938,-75.09931182861328,-73.6944580078125,-70.94671630859375,-70.7051773071289,-73.06439971923828,-73.8443832397461,-74.57064819335938,-73.06558227539062,-74.29430389404297,-75.97791290283203,-74.20051574707031,-72.96620178222656,-74.97230529785156,-75.71319580078125,-74.13076782226562,-74.7355728149414,-74.44703674316406,-76.63992309570312,-76.84012603759766,-77.41578674316406,-76.49592590332031,-76.77764892578125,-75.78592681884766,-77.18064880371094,0.0
-60.31447219848633,-59.970516204833984,-60.51976776123047,-62.50001907348633,-62.594627380371094,-63.16327667236328,-67.50051879882812,-69.04306030273438,-67.73664855957031,-67.35647583007812,-69.14356231689453,-66.33782196044922,-67.07899475097656,-67.47415161132812,-66.97315216064453,-66.77281951904297,-66.7160415649414,-64.35315704345703,-64.10113525390625,-64.65979766845703,-67.13970947265625,-70.85453796386719,-72.05583953857422,-71.82058715820312,-74.15121459960938,-75.09931182861328,-73.6944580078125,-70.94671630859375,-70.7051773071289,-73.06439971923828,-73.8443832397461,-74.57064819335938,-73.06558227539062,-74.29430389404297,-75.97791290283203,-74.20051574707031,-72.96620178222656,-74.97230529785156,-75.71319580078125,-74.13076782226562,-74.7355728149414,-74.44703674316406,-76.63992309570312,-76.84012603759766,-77.41578674316406,-76.49592590332031,-76.77764892578125,-75.78592681884766,-77.18064880371094,-78.86759948730469,1.0
-59.970516204833984,-60.51976776123047,-62.50001907348633,-62.594627380371094,-63.16327667236328,-67.50051879882812,-69.04306030273438,-67.73664855957031,-67.35647583007812,-69.14356231689453,-66.33782196044922,-67.07899475097656,-67.47415161132812,-66.97315216064453,-66.77281951904297,-66.7160415649414,-64.35315704345703,-64.10113525390625,-64.65979766845703,-67.13970947265625,-70.85453796386719,-72.05583953857422,-71.82058715820312,-74.15121459960938,-75.09931182861328,-73.6944580078125,-70.94671630859375,-70.7051773071289,-73.06439971923828,-73.8443832397461,-74.57064819335938,-73.06558227539062,-74.29430389404297,-75.97791290283203,-74.20051574707031,-72.96620178222656,-74.97230529785156,-75.71319580078125,-74.13076782226562,-74.7355728149414,-74.44703674316406,-76.63992309570312,-76.84012603759766,-77.41578674316406,-76.49592590332031,-76.77764892578125,-75.78592681884766,-77.18064880371094,-78.86759948730469,-78.23516082763672,0.0
-60.51976776123047,-62.50001907348633,-62.594627380371094,-63.16327667236328,-67.50051879882812,-69.04306030273438,-67.73664855957031,-67.35647583007812,-69.14356231689453,-66.33782196044922,-67.07899475097656,-67.47415161132812,-66.97315216064453,-66.77281951904297,-66.7160415649414,-64.35315704345703,-64.10113525390625,-64.65979766845703,-67.13970947265625,-70.85453796386719,-72.05583953857422,-71.82058715820312,-74.15121459960938,-75.09931182861328,-73.6944580078125,-70.94671630859375,-70.7051773071289,-73.06439971923828,-73.8443832397461,-74.57064819335938,-73.06558227539062,-74.29430389404297,-75.97791290283203,-74.20051574707031,-72.96620178222656,-74.97230529785156,-75.71319580078125,-74.13076782226562,-74.7355728149414,-74.44703674316406,-76.63992309570312,-76.84012603759766,-77.41578674316406,-76.49592590332031,-76.77764892578125,-75.78592681884766,-77.18064880371094,-78.86759948730469,-78.23516082763672,-77.97504425048828,0.0
-62.50001907348633,-62.594627380371094,-63.16327667236328,-67.50051879882812,-69.04306030273438,-67.73664855957031,-67.35647583007812,-69.14356231689453,-66.33782196044922,-67.07899475097656,-67.47415161132812,-66.97315216064453,-66.77281951904297,-66.7160415649414,-64.35315704345703,-64.10113525390625,-64.65979766845703,-67.13970947265625,-70.85453796386719,-72.05583953857422,-71.82058715820312,-74.15121459960938,-75.09931182861328,-73.6944580078125,-70.94671630859375,-70.7051773071289,-73.06439971923828,-73.8443832397461,-74.57064819335938,-73.06558227539062,-74.29430389404297,-75.97791290283203,-74.20051574707031,-72.96620178222656,-74.97230529785156,-75.71319580078125,-74.13076782226562,-74.7355728149414,-74.44703674316406,-76.63992309570312,-76.84012603759766,-77.41578674316406,-76.49592590332031,-76.77764892578125,-75.78592681884766,-77.18064880371094,-78.86759948730469,-78.23516082763672,-77.97504425048828,-77.955322265625,1.0
-62.594627380371094,-63.16327667236328,-67.50051879882812,-69.04306030273438,-67.73664855957031,-67.35647583007812,-69.14356231689453,-66.33782196044922,-67.07899475097656,-67.47415161132812,-66.97315216064453,-66.77281951904297,-66.7160415649414,-64.35315704345703,-64.10113525390625,-64.65979766845703,-67.13970947265625,-70.85453796386719,-72.05583953857422,-71.82058715820312,-74.15121459960938,-75.09931182861328,-73.6944580078125,-70.94671630859375,-70.7051773071289,-73.06439971923828,-73.8443832397461,-74.57064819335938,-73.06558227539062,-74.29430389404297,-75.97791290283203,-74.20051574707031,-72.96620178222656,-74.97230529785156,-75.71319580078125,-74.13076782226562,-74.7355728149414,-74.44703674316406,-76.63992309570312,-76.84012603759766,-77.41578674316406,-76.49592590332031,-76.77764892578125,-75.78592681884766,-77.18064880371094,-78.86759948730469,-78.23516082763672,-77.97504425048828,-77.955322265625,-80.29756927490234,1.0
-63.16327667236328,-67.50051879882812,-69.04306030273438,-67.73664855957031,-67.35647583007812,-69.14356231689453,-66.33782196044922,-67.07899475097656,-67.47415161132812,-66.97315216064453,-66.77281951904297,-66.7160415649414,-64.35315704345703,-64.10113525390625,-64.65979766845703,-67.13970947265625,-70.85453796386719,-72.05583953857422,-71.82058715820312,-74.15121459960938,-75.09931182861328,-73.6944580078125,-70.94671630859375,-70.7051773071289,-73.06439971923828,-73.8443832397461,-74.57064819335938,-73.06558227539062,-74.29430389404297,-75.97791290283203,-74.20051574707031,-72.96620178222656,-74.97230529785156,-75.71319580078125,-74.13076782226562,-74.7355728149414,-74.44703674316406,-76.63992309570312,-76.84012603759766,-77.41578674316406,-76.49592590332031,-76.77764892578125,-75.78592681884766,-77.18064880371094,-78.86759948730469,-78.23516082763672,-77.97504425048828,-77.955322265625,-80.29756927490234,-77.65189361572266,1.0
-67.50051879882812,-69.04306030273438,-67.73664855957031,-67.35647583007812,-69.14356231689453,-66.33782196044922,-67.07899475097656,-67.47415161132812,-66.97315216064453,-66.77281951904297,-66.7160415649414,-64.35315704345703,-64.10113525390625,-64.65979766845703,-67.13970947265625,-70.85453796386719,-72.05583953857422,-71.82058715820312,-74.15121459960938,-75.09931182861328,-73.6944580078125,-70.94671630859375,-70.7051773071289,-73.06439971923828,-73.8443832397461,-74.57064819335938,-73.06558227539062,-74.29430389404297,-75.97791290283203,-74.20051574707031,-72.96620178222656,-74.97230529785156,-75.71319580078125,-74.13076782226562,-74.7355728149414,-74.44703674316406,-76.63992309570312,-76.84012603759766,-77.41578674316406,-76.49592590332031,-76.77764892578125,-75.78592681884766,-77.18064880371094,-78.86759948730469,-78.23516082763672,-77.97504425048828,-77.955322265625,-80.29756927490234,-77.65189361572266,-77.23655700683594,1.0
-69.04306030273438,-67.73664855957031,-67.35647583007812,-69.14356231689453,-66.33782196044922,-67.07899475097656,-67.47415161132812,-66.97315216064453,-66.77281951904297,-66.7160415649414,-64.35315704345703,-64.10113525390625,-64.65979766845703,-67.13970947265625,-70.85453796386719,-72.05583953857422,-71.82058715820312,-74.15121459960938,-75.09931182861328,-73.6944580078125,-70.94671630859375,-70.7051773071289,-73.06439971923828,-73.8443832397461,-74.57064819335938,-73.06558227539062,-74.29430389404297,-75.97791290283203,-74.20051574707031,-72.96620178222656,-74.97230529785156,-75.71319580078125,-74.13076782226562,-74.7355728149414,-74.44703674316406,-76.63992309570312,-76.84012603759766,-77.41578674316406,-76.49592590332031,-76.77764892578125,-75.78592681884766,-77.18064880371094,-78.86759948730469,-78.23516082763672,-77.97504425048828,-77.955322265625,-80.29756927490234,-77.65189361572266,-77.23655700683594,-77.22967529296875,0.0
-67.73664855957031,-67.35647583007812,-69.14356231689453,-66.33782196044922,-67.07899475097656,-67.47415161132812,-66.97315216064453,-66.77281951904297,-66.7160415649414,-64.35315704345703,-64.10113525390625,-64.65979766845703,-67.13970947265625,-70.85453796386719,-72.05583953857422,-71.82058715820312,-74.15121459960938,-75.09931182861328,-73.6944580078125,-70.94671630859375,-70.7051773071289,-73.06439971923828,-73.8443832397461,-74.57064819335938,-73.06558227539062,-74.29430389404297,-75.97791290283203,-74.20051574707031,-72.96620178222656,-74.97230529785156,-75.71319580078125,-74.13076782226562,-74.7355728149414,-74.44703674316406,-76.63992309570312,-76.84012603759766,-77.41578674316406,-76.49592590332031,-76.77764892578125,-75.78592681884766,-77.18064880371094,-78.86759948730469,-78.23516082763672,-77.97504425048828,-77.955322265625,-80.29756927490234,-77.65189361572266,-77.23655700683594,-77.22967529296875,-76.63983917236328,0.0
-67.35647583007812,-69.14356231689453,-66.33782196044922,-67.07899475097656,-67.47415161132812,-66.97315216064453,-66.77281951904297,-66.7160415649414,-64.35315704345703,-64.10113525390625,-64.65979766845703,-67.13970947265625,-70.85453796386719,-72.05583953857422,-71.82058715820312,-74.15121459960938,-75.09931182861328,-73.6944580078125,-70.94671630859375,-70.7051773071289,-73.06439971923828,-73.8443832397461,-74.57064819335938,-73.06558227539062,-74.29430389404297,-75.97791290283203,-74.20051574707031,-72.96620178222656,-74.97230529785156,-75.71319580078125,-74.13076782226562,-74.7355728149414,-74.44703674316406,-76.63992309570312,-76.84012603759766,-77.41578674316406,-76.49592590332031,-76.77764892578125,-75.78592681884766,-77.18064880371094,-78.86759948730469,-78.23516082763672,-77.97504425048828,-77.955322265625,-80.29756927490234,-77.65189361572266,-77.23655700683594,-77.22967529296875,-76.63983917236328,-78.72522735595703,0.0
-69.14356231689453,-66.33782196044922,-67.07899475097656,-67.47415161132812,-66.97315216064453,-66.77281951904297,-66.7160415649414,-64.35315704345703,-64.10113525390625,-64.65979766845703,-67.13970947265625,-70.85453796386719,-72.05583953857422,-71.82058715820312,-74.15121459960938,-75.09931182861328,-73.6944580078125,-70.94671630859375,-70.7051773071289,-73.06439971923828,-73.8443832397461,-74.57064819335938,-73.06558227539062,-74.29430389404297,-75.97791290283203,-74.20051574707031,-72.96620178222656,-74.97230529785156,-75.71319580078125,-74.13076782226562,-74.7355728149414,-74.44703674316406,-76.63992309570312,-76.84012603759766,-77.41578674316406,-76.49592590332031,-76.77764892578125,-75.78592681884766,-77.18064880371094,-78.86759948730469,-78.23516082763672,-77.97504425048828,-77.955322265625,-80.29756927490234,-77.65189361572266,-77.23655700683594,-77.22967529296875,-76.63983917236328,-78.72522735595703,-78.87142944335938,0.0
-66.33782196044922,-67.07899475097656,-67.47415161132812,-66.97315216064453,-66.77281951904297,-66.7160415649414,-64.35315704345703,-64.10113525390625,-64.65979766845703,-67.13970947265625,-70.85453796386719,-72.05583953857422,-71.82058715820312,-74.15121459960938,-75.09931182861328,-73.6944580078125,-70.94671630859375,-70.7051773071289,-73.06439971923828,-73.8443832397461,-74.57064819335938,-73.06558227539062,-74.29430389404297,-75.97791290283203,-74.20051574707031,-72.96620178222656,-74.97230529785156,-75.71319580078125,-74.13076782226562,-74.7355728149414,-74.44703674316406,-76.63992309570312,-76.84012603759766,-77.41578674316406,-76.49592590332031,-76.77764892578125,-75.78592681884766,-77.18064880371094,-78.86759948730469,-78.23516082763672,-77.97504425048828,-77.955322265625,-80.29756927490234,-77.65189361572266,-77.23655700683594,-77.22967529296875,-76.63983917236328,-78.72522735595703,-78.87142944335938,-77.08403778076172,1.0
-67.07899475097656,-67.47415161132812,-66.97315216064453,-66.77281951904297,-66.7160415649414,-64.35315704345703,-64.10113525390625,-64.65979766845703,-67.13970947265625,-70.85453796386719,-72.05583953857422,-71.82058715820312,-74.15121459960938,-75.09931182861328,-73.6944580078125,-70.94671630859375,-70.7051773071289,-73.06439971923828,-73.8443832397461,-74.57064819335938,-73.06558227539062,-74.29430389404297,-75.97791290283203,-74.20051574707031,-72.96620178222656,-74.97230529785156,-75.71319580078125,-74.13076782226562,-74.7355728149414,-74.44703674316406,-76.63992309570312,-76.84012603759766,-77.41578674316406,-76.49592590332031,-76.77764892578125,-75.78592681884766,-77.18064880371094,-78.86759948730469,-78.23516082763672,-77.97504425048828,-77.955322265625,-80.29756927490234,-77.65189361572266,-77.23655700683594,-77.22967529296875,-76.63983917236328,-78.72522735595703,-78.87142944335938,-77.08403778076172,-80.53343200683594,0.0
-67.47415161132812,-66.97315216064453,-66.77281951904297,-66.7160415649414,-64.35315704345703,-64.10113525390625,-64.65979766845703,-67.13970947265625,-70.85453796386719,-72.05583953857422,-71.82058715820312,-74.15121459960938,-75.09931182861328,-73.6944580078125,-70.94671630859375,-70.7051773071289,-73.06439971923828,-73.8443832397461,-74.57064819335938,-73.06558227539062,-74.29430389404297,-75.97791290283203,-74.20051574707031,-72.96620178222656,-74.97230529785156,-75.71319580078125,-74.13076782226562,-74.7355728149414,-74.44703674316406,-76.63992309570312,-76.84012603759766,-77.41578674316406,-76.49592590332031,-76.77764892578125,-75.78592681884766,-77.18064880371094,-78.86759948730469,-78.23516082763672,-77.97504425048828,-77.955322265625,-80.29756927490234,-77.65189361572266,-77.23655700683594,-77.22967529296875,-76.63983917236328,-78.72522735595703,-78.87142944335938,-77.08403778076172,-80.53343200683594,-80.67369842529297,0.0
-66.97315216064453,-66.77281951904297,-66.7160415649414,-64.35315704345703,-64.10113525390625,-64.65979766845703,-67.13970947265625,-70.85453796386719,-72.05583953857422,-71.82058715820312,-74.15121459960938,-75.09931182861328,-73.6944580078125,-70.94671630859375,-70.7051773071289,-73.06439971923828,-73.8443832397461,-74.57064819335938,-73.06558227539062,-74.29430389404297,-75.97791290283203,-74.20051574707031,-72.96620178222656,-74.97230529785156,-75.71319580078125,-74.13076782226562,-74.7355728149414,-74.44703674316406,-76.63992309570312,-76.84012603759766,-77.41578674316406,-76.49592590332031,-76.77764892578125,-75.78592681884766,-77.18064880371094,-78.86759948730469,-78.23516082763672,-77.97504425048828,-77.955322265625,-80.29756927490234,-77.65189361572266,-77.23655700683594,-77.22967529296875,-76.63983917236328,-78.72522735595703,-78.87142944335938,-77.08403778076172,-80.53343200683594,-80.67369842529297,-80.59227752685547,1.0
-66.77281951904297,-66.7160415649414,-64.35315704345703,-64.10113525390625,-64.65979766845703,-67.13970947265625,-70.85453796386719,-72.05583953857422,-71.82058715820312,-74.15121459960938,-75.09931182861328,-73.6944580078125,-70.94671630859375,-70.7051773071289,-73.06439971923828,-73.8443832397461,-74.57064819335938,-73.06558227539062,-74.29430389404297,-75.97791290283203,-74.20051574707031,-72.96620178222656,-74.97230529785156,-75.71319580078125,-74.13076782226562,-74.7355728149414,-74.44703674316406,-76.63992309570312,-76.84012603759766,-77.41578674316406,-76.49592590332031,-76.77764892578125,-75.78592681884766,-77.18064880371094,-78.86759948730469,-78.23516082763672,-77.97504425048828,-77.955322265625,-80.29756927490234,-77.65189361572266,-77.23655700683594,-77.22967529296875,-76.63983917236328,-78.72522735595703,-78.87142944335938,-77.08403778076172,-80.53343200683594,-80.67369842529297,-80.59227752685547,-79.46308135986328,0.0
-66.7160415649414,-64.35315704345703,-64.10113525390625,-64.65979766845703,-67.13970947265625,-70.85453796386719,-72.05583953857422,-71.82058715820312,-74.15121459960938,-75.09931182861328,-73.6944580078125,-70.94671630859375,-70.7051773071289,-73.06439971923828,-73.8443832397461,-74.57064819335938,-73.06558227539062,-74.29430389404297,-75.97791290283203,-74.20051574707031,-72.96620178222656,-74.97230529785156,-75.71319580078125,-74.13076782226562,-74.7355728149414,-74.44703674316406,-76.63992309570312,-76.84012603759766,-77.41578674316406,-76.49592590332031,-76.77764892578125,-75.78592681884766,-77.18064880371094,-78.86759948730469,-78.23516082763672,-77.97504425048828,-77.955322265625,-80.29756927490234,-77.65189361572266,-77.23655700683594,-77.22967529296875,-76.63983917236328,-78.72522735595703,-78.87142944335938,-77.08403778076172,-80.53343200683594,-80.67369842529297,-80.59227752685547,-79.46308135986328,-79.12215423583984,1.0
-64.35315704345703,-64.10113525390625,-64.65979766845703,-67.13970947265625,-70.85453796386719,-72.05583953857422,-71.82058715820312,-74.15121459960938,-75.09931182861328,-73.6944580078125,-70.94671630859375,-70.7051773071289,-73.06439971923828,-73.8443832397461,-74.57064819335938,-73.06558227539062,-74.29430389404297,-75.97791290283203,-74.20051574707031,-72.96620178222656,-74.97230529785156,-75.71319580078125,-74.13076782226562,-74.7355728149414,-74.44703674316406,-76.63992309570312,-76.84012603759766,-77.41578674316406,-76.49592590332031,-76.77764892578125,-75.78592681884766,-77.18064880371094,-78.86759948730469,-78.23516082763672,-77.97504425048828,-77.955322265625,-80.29756927490234,-77.65189361572266,-77.23655700683594,-77.22967529296875,-76.63983917236328,-78.72522735595703,-78.87142944335938,-77.08403778076172,-80.53343200683594,-80.67369842529297,-80.59227752685547,-79.46308135986328,-79.12215423583984,-79.07421112060547,0.0
-64.10113525390625,-64.65979766845703,-67.13970947265625,-70.85453796386719,-72.05583953857422,-71.82058715820312,-74.15121459960938,-75.09931182861328,-73.6944580078125,-70.94671630859375,-70.7051773071289,-73.06439971923828,-73.8443832397461,-74.57064819335938,-73.06558227539062,-74.29430389404297,-75.97791290283203,-74.20051574707031,-72.96620178222656,-74.97230529785156,-75.71319580078125,-74.13076782226562,-74.7355728149414,-74.44703674316406,-76.63992309570312,-76.84012603759766,-77.41578674316406,-76.49592590332031,-76.77764892578125,-75.78592681884766,-77.18064880371094,-78.86759948730469,-78.23516082763672,-77.97504425048828,-77.955322265625,-80.29756927490234,-77.65189361572266,-77.23655700683594,-77.22967529296875,-76.63983917236328,-78.72522735595703,-78.87142944335938,-77.08403778076172,-80.53343200683594,-80.67369842529297,-80.59227752685547,-79.46308135986328,-79.12215423583984,-79.07421112060547,-79.64362335205078,0.0
-64.65979766845703,-67.13970947265625,-70.85453796386719,-72.05583953857422,-71.82058715820312,-74.15121459960938,-75.09931182861328,-73.6944580078125,-70.94671630859375,-70.7051773071289,-73.06439971923828,-73.8443832397461,-74.57064819335938,-73.06558227539062,-74.29430389404297,-75.97791290283203,-74.20051574707031,-72.96620178222656,-74.97230529785156,-75.71319580078125,-74.13076782226562,-74.7355728149414,-74.44703674316406,-76.63992309570312,-76.84012603759766,-77.41578674316406,-76.49592590332031,-76.77764892578125,-75.78592681884766,-77.18064880371094,-78.86759948730469,-78.23516082763672,-77.97504425048828,-77.955322265625,-80.29756927490234,-77.65189361572266,-77.23655700683594,-77.22967529296875,-76.63983917236328,-78.72522735595703,-78.87142944335938,-77.08403778076172,-80.53343200683594,-80.67369842529297,-80.59227752685547,-79.46308135986328,-79.12215423583984,-79.07421112060547,-79.64362335205078,-76.92628479003906,1.0
-67.13970947265625,-70.85453796386719,-72.05583953857422,-71.82058715820312,-74.15121459960938,-75.09931182861328,-73.6944580078125,-70.94671630859375,-70.7051773071289,-73.06439971923828,-73.8443832397461,-74.57064819335938,-73.06558227539062,-74.29430389404297,-75.97791290283203,-74.20051574707031,-72.96620178222656,-74.97230529785156,-75.71319580078125,-74.13076782226562,-74.7355728149414,-74.44703674316406,-76.63992309570312,-76.84012603759766,-77.41578674316406,-76.49592590332031,-76.77764892578125,-75.78592681884766,-77.18064880371094,-78.86759948730469,-78.23516082763672,-77.97504425048828,-77.955322265625,-80.29756927490234,-77.65189361572266,-77.23655700683594,-77.22967529296875,-76.63983917236328,-78.72522735595703,-78.87142944335938,-77.08403778076172,-80.53343200683594,-80.67369842529297,-80.59227752685547,-79.46308135986328,-79.12215423583984,-79.07421112060547,-79.64362335205078,-76.92628479003906,-75.94276428222656,0.0
-70.85453796386719,-72.05583953857422,-71.82058715820312,-74.15121459960938,-75.09931182861328,-73.6944580078125,-70.94671630859375,-70.7051773071289,-73.06439971923828,-73.8443832397461,-74.57064819335938,-73.06558227539062,-74.29430389404297,-75.97791290283203,-74.20051574707031,-72.96620178222656,-74.97230529785156,-75.71319580078125,-74.13076782226562,-74.7355728149414,-74.44703674316406,-76.63992309570312,-76.84012603759766,-77.41578674316406,-76.49592590332031,-76.77764892578125,-75.78592681884766,-77.18064880371094,-78.86759948730469,-78.23516082763672,-77.97504425048828,-77.955322265625,-80.29756927490234,-77.65189361572266,-77.23655700683594,-77.22967529296875,-76.63983917236328,-78.72522735595703,-78.87142944335938,-77.08403778076172,-80.53343200683594,-80.67369842529297,-80.59227752685547,-79.46308135986328,-79.12215423583984,-79.07421112060547,-79.64362335205078,-76.92628479003906,-75.94276428222656,-75.68544006347656,1.0
-72.05583953857422,-71.82058715820312,-74.15121459960938,-75.09931182861328,-73.6944580078125,-70.94671630859375,-70.7051773071289,-73.06439971923828,-73.8443832397461,-74.57064819335938,-73.06558227539062,-74.29430389404297,-75.97791290283203,-74.20051574707031,-72.96620178222656,-74.97230529785156,-75.71319580078125,-74.13076782226562,-74.7355728149414,-74.44703674316406,-76.63992309570312,-76.84012603759766,-77.41578674316406,-76.49592590332031,-76.77764892578125,-75.78592681884766,-77.18064880371094,-78.86759948730469,-78.23516082763672,-77.97504425048828,-77.955322265625,-80.29756927490234,-77.65189361572266,-77.23655700683594,-77.22967529296875,-76.63983917236328,-78.72522735595703,-78.87142944335938,-77.08403778076172,-80.53343200683594,-80.67369842529297,-80.59227752685547,-79.46308135986328,-79.12215423583984,-79.07421112060547,-79.64362335205078,-76.92628479003906,-75.94276428222656,-75.68544006347656,-78.46650695800781,0.0
-71.82058715820312,-74.15121459960938,-75.09931182861328,-73.6944580078125,-70.94671630859375,-70.7051773071289,-73.06439971923828,-73.8443832397461,-74.57064819335938,-73.06558227539062,-74.29430389404297,-75.97791290283203,-74.20051574707031,-72.96620178222656,-74.97230529785156,-75.71319580078125,-74.13076782226562,-74.7355728149414,-74.44703674316406,-76.63992309570312,-76.84012603759766,-77.41578674316406,-76.49592590332031,-76.77764892578125,-75.78592681884766,-77.18064880371094,-78.86759948730469,-78.23516082763672,-77.97504425048828,-77.955322265625,-80.29756927490234,-77.65189361572266,-77.23655700683594,-77.22967529296875,-76.63983917236328,-78.72522735595703,-78.87142944335938,-77.08403778076172,-80.53343200683594,-80.67369842529297,-80.59227752685547,-79.46308135986328,-79.12215423583984,-79.07421112060547,-79.64362335205078,-76.92628479003906,-75.94276428222656,-75.68544006347656,-78.46650695800781,-82.26649475097656,0.0
-74.15121459960938,-75.09931182861328,-73.6944580078125,-70.94671630859375,-70.7051773071289,-73.06439971923828,-73.8443832397461,-74.57064819335938,-73.06558227539062,-74.29430389404297,-75.97791290283203,-74.20051574707031,-72.96620178222656,-74.97230529785156,-75.71319580078125,-74.13076782226562,-74.7355728149414,-74.44703674316406,-76.63992309570312,-76.84012603759766,-77.41578674316406,-76.49592590332031,-76.77764892578125,-75.78592681884766,-77.18064880371094,-78.86759948730469,-78.23516082763672,-77.97504425048828,-77.955322265625,-80.29756927490234,-77.65189361572266,-77.23655700683594,-77.22967529296875,-76.63983917236328,-78.72522735595703,-78.87142944335938,-77.08403778076172,-80.53343200683594,-80.67369842529297,-80.59227752685547,-79.46308135986328,-79.12215423583984,-79.07421112060547,-79.64362335205078,-76.92628479003906,-75.94276428222656,-75.68544006347656,-78.46650695800781,-82.26649475097656,-82.88082885742188,1.0
-75.09931182861328,-73.6944580078125,-70.94671630859375,-70.7051773071289,-73.06439971923828,-73.8443832397461,-74.57064819335938,-73.06558227539062,-74.29430389404297,-75.97791290283203,-74.20051574707031,-72.96620178222656,-74.97230529785156,-75.71319580078125,-74.13076782226562,-74.7355728149414,-74.44703674316406,-76.63992309570312,-76.84012603759766,-77.41578674316406,-76.49592590332031,-76.77764892578125,-75.78592681884766,-77.18064880371094,-78.86759948730469,-78.23516082763672,-77.97504425048828,-77.955322265625,-80.29756927490234,-77.65189361572266,-77.23655700683594,-77.22967529296875,-76.63983917236328,-78.72522735595703,-78.87142944335938,-77.08403778076172,-80.53343200683594,-80.67369842529297,-80.59227752685547,-79.46308135986328,-79.12215423583984,-79.07421112060547,-79.64362335205078,-76.92628479003906,-75.94276428222656,-75.68544006347656,-78.46650695800781,-82.26649475097656,-82.88082885742188,-82.99879455566406,0.0
-73.6944580078125,-70.94671630859375,-70.7051773071289,-73.06439971923828,-73.8443832397461,-74.57064819335938,-73.06558227539062,-74.29430389404297,-75.97791290283203,-74.20051574707031,-72.96620178222656,-74.97230529785156,-75.71319580078125,-74.13076782226562,-74.7355728149414,-74.44703674316406,-76.63992309570312,-76.84012603759766,-77.41578674316406,-76.49592590332031,-76.77764892578125,-75.78592681884766,-77.18064880371094,-78.86759948730469,-78.23516082763672,-77.97504425048828,-77.955322265625,-80.29756927490234,-77.65189361572266,-77.23655700683594,-77.22967529296875,-76.63983917236328,-78.72522735595703,-78.87142944335938,-77.08403778076172,-80.53343200683594,-80.67369842529297,-80.59227752685547,-79.46308135986328,-79.12215423583984,-79.07421112060547,-79.64362335205078,-76.92628479003906,-75.94276428222656,-75.68544006347656,-78.46650695800781,-82.26649475097656,-82.88082885742188,-82.99879455566406,-82.5578842163086,0.0
-70.94671630859375,-70.7051773071289,-73.06439971923828,-73.8443832397461,-74.57064819335938,-73.06558227539062,-74.29430389404297,-75.97791290283203,-74.20051574707031,-72.96620178222656,-74.97230529785156,-75.71319580078125,-74.13076782226562,-74.7355728149414,-74.44703674316406,-76.63992309570312,-76.84012603759766,-77.41578674316406,-76.49592590332031,-76.77764892578125,-75.78592681884766,-77.18064880371094,-78.86759948730469,-78.23516082763672,-77.97504425048828,-77.955322265625,-80.29756927490234,-77.65189361572266,-77.23655700683594,-77.22967529296875,-76.63983917236328,-78.72522735595703,-78.87142944335938,-77.08403778076172,-80.53343200683594,-80.67369842529297,-80.59227752685547,-79.46308135986328,-79.12215423583984,-79.07421112060547,-79.64362335205078,-76.92628479003906,-75.94276428222656,-75.68544006347656,-78.46650695800781,-82.26649475097656,-82.88082885742188,-82.99879455566406,-82.5578842163086,-80.77108764648438,0.0
-70.7051773071289,-73.06439971923828,-73.8443832397461,-74.57064819335938,-73.06558227539062,-74.29430389404297,-75.97791290283203,-74.20051574707031,-72.96620178222656,-74.97230529785156,-75.71319580078125,-74.13076782226562,-74.7355728149414,-74.44703674316406,-76.63992309570312,-76.84012603759766,-77.41578674316406,-76.49592590332031,-76.77764892578125,-75.78592681884766,-77.18064880371094,-78.86759948730469,-78.23516082763672,-77.97504425048828,-77.955322265625,-80.29756927490234,-77.65189361572266,-77.23655700683594,-77.22967529296875,-76.63983917236328,-78.72522735595703,-78.87142944335938,-77.08403778076172,-80.53343200683594,-80.67369842529297,-80.59227752685547,-79.46308135986328,-79.12215423583984,-79.07421112060547,-79.64362335205078,-76.92628479003906,-75.94276428222656,-75.68544006347656,-78.46650695800781,-82.26649475097656,-82.88082885742188,-82.99879455566406,-82.5578842163086,-80.77108764648438,-83.12613677978516,1.0
-73.06439971923828,-73.8443832397461,-74.57064819335938,-73.06558227539062,-74.29430389404297,-75.97791290283203,-74.20051574707031,-72.96620178222656,-74.97230529785156,-75.71319580078125,-74.13076782226562,-74.7355728149414,-74.44703674316406,-76.63992309570312,-76.84012603759766,-77.41578674316406,-76.49592590332031,-76.77764892578125,-75.78592681884766,-77.18064880371094,-78.86759948730469,-78.23516082763672,-77.97504425048828,-77.955322265625,-80.29756927490234,-77.65189361572266,-77.23655700683594,-77.22967529296875,-76.63983917236328,-78.72522735595703,-78.87142944335938,-77.08403778076172,-80.53343200683594,-80.67369842529297,-80.59227752685547,-79.46308135986328,-79.12215423583984,-79.07421112060547,-79.64362335205078,-76.92628479003906,-75.94276428222656,-75.68544006347656,-78.46650695800781,-82.26649475097656,-82.88082885742188,-82.99879455566406,-82.5578842163086,-80.77108764648438,-83.12613677978516,-84.05062866210938,0.0
-73.8443832397461,-74.57064819335938,-73.06558227539062,-74.29430389404297,-75.97791290283203,-74.20051574707031,-72.96620178222656,-74.97230529785156,-75.71319580078125,-74.13076782226562,-74.7355728149414,-74.44703674316406,-76.63992309570312,-76.84012603759766,-77.41578674316406,-76.49592590332031,-76.77764892578125,-75.78592681884766,-77.18064880371094,-78.86759948730469,-78.23516082763672,-77.97504425048828,-77.955322265625,-80.29756927490234,-77.65189361572266,-77.23655700683594,-77.22967529296875,-76.63983917236328,-78.72522735595703,-78.87142944335938,-77.08403778076172,-80.53343200683594,-80.67369842529297,-80.59227752685547,-79.46308135986328,-79.12215423583984,-79.07421112060547,-79.64362335205078,-76.92628479003906,-75.94276428222656,-75.68544006347656,-78.46650695800781,-82.26649475097656,-82.88082885742188,-82.99879455566406,-82.5578842163086,-80.77108764648438,-83.12613677978516,-84.05062866210938,-84.27777862548828,1.0
-74.57064819335938,-73.06558227539062,-74.29430389404297,-75.97791290283203,-74.20051574707031,-72.96620178222656,-74.97230529785156,-75.71319580078125,-74.13076782226562,-74.7355728149414,-74.44703674316406,-76.63992309570312,-76.84012603759766,-77.41578674316406,-76.49592590332031,-76.77764892578125,-75.78592681884766,-77.18064880371094,-78.86759948730469,-78.23516082763672,-77.97504425048828,-77.955322265625,-80.29756927490234,-77.65189361572266,-77.23655700683594,-77.22967529296875,-76.63983917236328,-78.72522735595703,-78.87142944335938,-77.08403778076172,-80.53343200683594,-80.67369842529297,-80.59227752685547,-79.46308135986328,-79.12215423583984,-79.07421112060547,-79.64362335205078,-76.92628479003906,-75.94276428222656,-75.68544006347656,-78.46650695800781,-82.26649475097656,-82.88082885742188,-82.99879455566406,-82.5578842163086,-80.77108764648438,-83.12613677978516,-84.05062866210938,-84.27777862548828,-83.78136444091797,0.0
-73.06558227539062,-74.29430389404297,-75.97791290283203,-74.20051574707031,-72.96620178222656,-74.97230529785156,-75.71319580078125,-74.13076782226562,-74.7355728149414,-74.44703674316406,-76.63992309570312,-76.84012603759766,-77.41578674316406,-76.49592590332031,-76.77764892578125,-75.78592681884766,-77.18064880371094,-78.86759948730469,-78.23516082763672,-77.97504425048828,-77.955322265625,-80.29756927490234,-77.65189361572266,-77.23655700683594,-77.22967529296875,-76.63983917236328,-78.72522735595703,-78.87142944335938,-77.08403778076172,-80.53343200683594,-80.67369842529297,-80.59227752685547,-79.46308135986328,-79.12215423583984,-79.07421112060547,-79.64362335205078,-76.92628479003906,-75.94276428222656,-75.68544006347656,-78.46650695800781,-82.26649475097656,-82.88082885742188,-82.99879455566406,-82.5578842163086,-80.77108764648438,-83.12613677978516,-84.05062866210938,-84.27777862548828,-83.78136444091797,-84.21931457519531,0.0
-74.29430389404297,-75.97791290283203,-74.20051574707031,-72.96620178222656,-74.97230529785156,-75.71319580078125,-74.13076782226562,-74.7355728149414,-74.44703674316406,-76.63992309570312,-76.84012603759766,-77.41578674316406,-76.49592590332031,-76.77764892578125,-75.78592681884766,-77.18064880371094,-78.86759948730469,-78.23516082763672,-77.97504425048828,-77.955322265625,-80.29756927490234,-77.65189361572266,-77.23655700683594,-77.22967529296875,-76.63983917236328,-78.72522735595703,-78.87142944335938,-77.08403778076172,-80.53343200683594,-80.67369842529297,-80.59227752685547,-79.46308135986328,-79.12215423583984,-79.07421112060547,-79.64362335205078,-76.92628479003906,-75.94276428222656,-75.68544006347656,-78.46650695800781,-82.26649475097656,-82.88082885742188,-82.99879455566406,-82.5578842163086,-80.77108764648438,-83.12613677978516,-84.05062866210938,-84.27777862548828,-83.78136444091797,-84.21931457519531,-81.53771209716797,0.0
-75.97791290283203,-74.20051574707031,-72.96620178222656,-74.97230529785156,-75.71319580078125,-74.13076782226562,-74.7355728149414,-74.44703674316406,-76.63992309570312,-76.84012603759766,-77.41578674316406,-76.49592590332031,-76.77764892578125,-75.78592681884766,-77.18064880371094,-78.86759948730469,-78.23516082763672,-77.97504425048828,-77.955322265625,-80.29756927490234,-77.65189361572266,-77.23655700683594,-77.22967529296875,-76.63983917236328,-78.72522735595703,-78.87142944335938,-77.08403778076172,-80.53343200683594,-80.67369842529297,-80.59227752685547,-79.46308135986328,-79.12215423583984,-79.07421112060547,-79.64362335205078,-76.92628479003906,-75.94276428222656,-75.68544006347656,-78.46650695800781,-82.26649475097656,-82.88082885742188,-82.99879455566406,-82.5578842163086,-80.77108764648438,-83.12613677978516,-84.05062866210938,-84.27777862548828,-83.78136444091797,-84.21931457519531,-81.53771209716797,-80.60112762451172,0.0
-74.20051574707031,-72.96620178222656,-74.97230529785156,-75.71319580078125,-74.13076782226562,-74.7355728149414,-74.44703674316406,-76.63992309570312,-76.84012603759766,-77.41578674316406,-76.49592590332031,-76.77764892578125,-75.78592681884766,-77.18064880371094,-78.86759948730469,-78.23516082763672,-77.97504425048828,-77.955322265625,-80.29756927490234,-77.65189361572266,-77.23655700683594,-77.22967529296875,-76.63983917236328,-78.72522735595703,-78.87142944335938,-77.08403778076172,-80.53343200683594,-80.67369842529297,-80.59227752685547,-79.46308135986328,-79.12215423583984,-79.07421112060547,-79.64362335205078,-76.92628479003906,-75.94276428222656,-75.68544006347656,-78.46650695800781,-82.26649475097656,-82.88082885742188,-82.99879455566406,-82.5578842163086,-80.77108764648438,-83.12613677978516,-84.05062866210938,-84.27777862548828,-83.78136444091797,-84.21931457519531,-81.53771209716797,-80.60112762451172,-82.11024475097656,0.0
-72.96620178222656,-74.97230529785156,-75.71319580078125,-74.13076782226562,-74.7355728149414,-74.44703674316406,-76.63992309570312,-76.84012603759766,-77.41578674316406,-76.49592590332031,-76.77764892578125,-75.78592681884766,-77.18064880371094,-78.86759948730469,-78.23516082763672,-77.97504425048828,-77.955322265625,-80.29756927490234,-77.65189361572266,-77.23655700683594,-77.22967529296875,-76.63983917236328,-78.72522735595703,-78.87142944335938,-77.08403778076172,-80.53343200683594,-80.67369842529297,-80.59227752685547,-79.46308135986328,-79.12215423583984,-79.07421112060547,-79.64362335205078,-76.92628479003906,-75.94276428222656,-75.68544006347656,-78.46650695800781,-82.26649475097656,-82.88082885742188,-82.99879455566406,-82.5578842163086,-80.77108764648438,-83.12613677978516,-84.05062866210938,-84.27777862548828,-83.78136444091797,-84.21931457519531,-81.53771209716797,-80.60112762451172,-82.11024475097656,-79.72234344482422,0.0
-74.97230529785156,-75.71319580078125,-74.13076782226562,-74.7355728149414,-74.44703674316406,-76.63992309570312,-76.84012603759766,-77.41578674316406,-76.49592590332031,-76.77764892578125,-75.78592681884766,-77.18064880371094,-78.86759948730469,-78.23516082763672,-77.97504425048828,-77.955322265625,-80.29756927490234,-77.65189361572266,-77.23655700683594,-77.22967529296875,-76.63983917236328,-78.72522735595703,-78.87142944335938,-77.08403778076172,-80.53343200683594,-80.67369842529297,-80.59227752685547,-79.46308135986328,-79.12215423583984,-79.07421112060547,-79.64362335205078,-76.92628479003906,-75.94276428222656,-75.68544006347656,-78.46650695800781,-82.26649475097656,-82.88082885742188,-82.99879455566406,-82.5578842163086,-80.77108764648438,-83.12613677978516,-84.05062866210938,-84.27777862548828,-83.78136444091797,-84.21931457519531,-81.53771209716797,-80.60112762451172,-82.11024475097656,-79.72234344482422,-79.93417358398438,1.0
-75.71319580078125,-74.13076782226562,-74.7355728149414,-74.44703674316406,-76.63992309570312,-76.84012603759766,-77.41578674316406,-76.49592590332031,-76.77764892578125,-75.78592681884766,-77.18064880371094,-78.86759948730469,-78.23516082763672,-77.97504425048828,-77.955322265625,-80.29756927490234,-77.65189361572266,-77.23655700683594,-77.22967529296875,-76.63983917236328,-78.72522735595703,-78.87142944335938,-77.08403778076172,-80.53343200683594,-80.67369842529297,-80.59227752685547,-79.46308135986328,-79.12215423583984,-79.07421112060547,-79.64362335205078,-76.92628479003906,-75.94276428222656,-75.68544006347656,-78.46650695800781,-82.26649475097656,-82.88082885742188,-82.99879455566406,-82.5578842163086,-80.77108764648438,-83.12613677978516,-84.05062866210938,-84.27777862548828,-83.78136444091797,-84.21931457519531,-81.53771209716797,-80.60112762451172,-82.11024475097656,-79.72234344482422,-79.93417358398438,-78.33039855957031,1.0
-74.13076782226562,-74.7355728149414,-74.44703674316406,-76.63992309570312,-76.84012603759766,-77.41578674316406,-76.49592590332031,-76.77764892578125,-75.78592681884766,-77.18064880371094,-78.86759948730469,-78.23516082763672,-77.97504425048828,-77.955322265625,-80.29756927490234,-77.65189361572266,-77.23655700683594,-77.22967529296875,-76.63983917236328,-78.72522735595703,-78.87142944335938,-77.08403778076172,-80.53343200683594,-80.67369842529297,-80.59227752685547,-79.46308135986328,-79.12215423583984,-79.07421112060547,-79.64362335205078,-76.92628479003906,-75.94276428222656,-75.68544006347656,-78.46650695800781,-82.26649475097656,-82.88082885742188,-82.99879455566406,-82.5578842163086,-80.77108764648438,-83.12613677978516,-84.05062866210938,-84.27777862548828,-83.78136444091797,-84.21931457519531,-81.53771209716797,-80.60112762451172,-82.11024475097656,-79.72234344482422,-79.93417358398438,-78.33039855957031,-77.7028579711914,0.0
-74.7355728149414,-74.44703674316406,-76.63992309570312,-76.84012603759766,-77.41578674316406,-76.49592590332031,-76.77764892578125,-75.78592681884766,-77.18064880371094,-78.86759948730469,-78.23516082763672,-77.97504425048828,-77.955322265625,-80.29756927490234,-77.65189361572266,-77.23655700683594,-77.22967529296875,-76.63983917236328,-78.72522735595703,-78.87142944335938,-77.08403778076172,-80.53343200683594,-80.67369842529297,-80.59227752685547,-79.46308135986328,-79.12215423583984,-79.07421112060547,-79.64362335205078,-76.92628479003906,-75.94276428222656,-75.68544006347656,-78.46650695800781,-82.26649475097656,-82.88082885742188,-82.99879455566406,-82.5578842163086,-80.77108764648438,-83.12613677978516,-84.05062866210938,-84.27777862548828,-83.78136444091797,-84.21931457519531,-81.53771209716797,-80.60112762451172,-82.11024475097656,-79.72234344482422,-79.93417358398438,-78.33039855957031,-77.7028579711914,-78.07626342773438,0.0
-74.44703674316406,-76.63992309570312,-76.84012603759766,-77.41578674316406,-76.49592590332031,-76.77764892578125,-75.78592681884766,-77.18064880371094,-78.86759948730469,-78.23516082763672,-77.97504425048828,-77.955322265625,-80.29756927490234,-77.65189361572266,-77.23655700683594,-77.22967529296875,-76.63983917236328,-78.72522735595703,-78.87142944335938,-77.08403778076172,-80.53343200683594,-80.67369842529297,-80.59227752685547,-79.46308135986328,-79.12215423583984,-79.07421112060547,-79.64362335205078,-76.92628479003906,-75.94276428222656,-75.68544006347656,-78.46650695800781,-82.26649475097656,-82.88082885742188,-82.99879455566406,-82.5578842163086,-80.77108764648438,-83.12613677978516,-84.05062866210938,-84.27777862548828,-83.78136444091797,-84.21931457519531,-81.53771209716797,-80.60112762451172,-82.11024475097656,-79.72234344482422,-79.93417358398438,-78.33039855957031,-77.7028579711914,-78.07626342773438,-77.00325012207031,0.0
-76.63992309570312,-76.84012603759766,-77.41578674316406,-76.49592590332031,-76.77764892578125,-75.78592681884766,-77.18064880371094,-78.86759948730469,-78.23516082763672,-77.97504425048828,-77.955322265625,-80.29756927490234,-77.65189361572266,-77.23655700683594,-77.22967529296875,-76.63983917236328,-78.72522735595703,-78.87142944335938,-77.08403778076172,-80.53343200683594,-80.67369842529297,-80.59227752685547,-79.46308135986328,-79.12215423583984,-79.07421112060547,-79.64362335205078,-76.92628479003906,-75.94276428222656,-75.68544006347656,-78.46650695800781,-82.26649475097656,-82.88082885742188,-82.99879455566406,-82.5578842163086,-80.77108764648438,-83.12613677978516,-84.05062866210938,-84.27777862548828,-83.78136444091797,-84.21931457519531,-81.53771209716797,-80.60112762451172,-82.11024475097656,-79.72234344482422,-79.93417358398438,-78.33039855957031,-77.7028579711914,-78.07626342773438,-77.00325012207031,-77.71981811523438,0.0
-76.84012603759766,-77.41578674316406,-76.49592590332031,-76.77764892578125,-75.78592681884766,-77.18064880371094,-78.86759948730469,-78.23516082763672,-77.97504425048828,-77.955322265625,-80.29756927490234,-77.65189361572266,-77.23655700683594,-77.22967529296875,-76.63983917236328,-78.72522735595703,-78.87142944335938,-77.08403778076172,-80.53343200683594,-80.67369842529297,-80.59227752685547,-79.46308135986328,-79.12215423583984,-79.07421112060547,-79.64362335205078,-76.92628479003906,-75.94276428222656,-75.68544006347656,-78.46650695800781,-82.26649475097656,-82.88082885742188,-82.99879455566406,-82.5578842163086,-80.77108764648438,-83.12613677978516,-84.05062866210938,-84.27777862548828,-83.78136444091797,-84.21931457519531,-81.53771209716797,-80.60112762451172,-82.11024475097656,-79.72234344482422,-79.93417358398438,-78.33039855957031,-77.7028579711914,-78.07626342773438,-77.00325012207031,-77.71981811523438,-78.55400085449219,0.0
-77.41578674316406,-76.49592590332031,-76.77764892578125,-75.78592681884766,-77.18064880371094,-78.86759948730469,-78.23516082763672,-77.97504425048828,-77.955322265625,-80.29756927490234,-77.65189361572266,-77.23655700683594,-77.22967529296875,-76.63983917236328,-78.72522735595703,-78.87142944335938,-77.08403778076172,-80.53343200683594,-80.67369842529297,-80.59227752685547,-79.46308135986328,-79.12215423583984,-79.07421112060547,-79.64362335205078,-76.92628479003906,-75.94276428222656,-75.68544006347656,-78.46650695800781,-82.26649475097656,-82.88082885742188,-82.99879455566406,-82.5578842163086,-80.77108764648438,-83.12613677978516,-84.05062866210938,-84.27777862548828,-83.78136444091797,-84.21931457519531,-81.53771209716797,-80.60112762451172,-82.11024475097656,-79.72234344482422,-79.93417358398438,-78.33039855957031,-77.7028579711914,-78.07626342773438,-77.00325012207031,-77.71981811523438,-78.55400085449219,-81.09481811523438,1.0
-76.49592590332031,-76.77764892578125,-75.78592681884766,-77.18064880371094,-78.86759948730469,-78.23516082763672,-77.97504425048828,-77.955322265625,-80.29756927490234,-77.65189361572266,-77.23655700683594,-77.22967529296875,-76.63983917236328,-78.72522735595703,-78.87142944335938,-77.08403778076172,-80.53343200683594,-80.67369842529297,-80.59227752685547,-79.46308135986328,-79.12215423583984,-79.07421112060547,-79.64362335205078,-76.92628479003906,-75.94276428222656,-75.68544006347656,-78.46650695800781,-82.26649475097656,-82.88082885742188,-82.99879455566406,-82.5578842163086,-80.77108764648438,-83.12613677978516,-84.05062866210938,-84.27777862548828,-83.78136444091797,-84.21931457519531,-81.53771209716797,-80.60112762451172,-82.11024475097656,-79.72234344482422,-79.93417358398438,-78.33039855957031,-77.7028579711914,-78.07626342773438,-77.00325012207031,-77.71981811523438,-78.55400085449219,-81.09481811523438,-83.10234069824219,0.0
-76.77764892578125,-75.78592681884766,-77.18064880371094,-78.86759948730469,-78.23516082763672,-77.97504425048828,-77.955322265625,-80.29756927490234,-77.65189361572266,-77.23655700683594,-77.22967529296875,-76.63983917236328,-78.72522735595703,-78.87142944335938,-77.08403778076172,-80.53343200683594,-80.67369842529297,-80.59227752685547,-79.46308135986328,-79.12215423583984,-79.07421112060547,-79.64362335205078,-76.92628479003906,-75.94276428222656,-75.68544006347656,-78.46650695800781,-82.26649475097656,-82.88082885742188,-82.99879455566406,-82.5578842163086,-80.77108764648438,-83.12613677978516,-84.05062866210938,-84.27777862548828,-83.78136444091797,-84.21931457519531,-81.53771209716797,-80.60112762451172,-82.11024475097656,-79.72234344482422,-79.93417358398438,-78.33039855957031,-77.7028579711914,-78.07626342773438,-77.00325012207031,-77.71981811523438,-78.55400085449219,-81.09481811523438,-83.10234069824219,-82.58666229248047,1.0
-75.78592681884766,-77.18064880371094,-78.86759948730469,-78.23516082763672,-77.97504425048828,-77.955322265625,-80.29756927490234,-77.65189361572266,-77.23655700683594,-77.22967529296875,-76.63983917236328,-78.72522735595703,-78.87142944335938,-77.08403778076172,-80.53343200683594,-80.67369842529297,-80.59227752685547,-79.46308135986328,-79.12215423583984,-79.07421112060547,-79.64362335205078,-76.92628479003906,-75.94276428222656,-75.68544006347656,-78.46650695800781,-82.26649475097656,-82.88082885742188,-82.99879455566406,-82.5578842163086,-80.77108764648438,-83.12613677978516,-84.05062866210938,-84.27777862548828,-83.78136444091797,-84.21931457519531,-81.53771209716797,-80.60112762451172,-82.11024475097656,-79.72234344482422,-79.93417358398438,-78.33039855957031,-77.7028579711914,-78.07626342773438,-77.00325012207031,-77.71981811523438,-78.55400085449219,-81.09481811523438,-83.10234069824219,-82.58666229248047,-82.99101257324219,1.0
-77.18064880371094,-78.86759948730469,-78.23516082763672,-77.97504425048828,-77.955322265625,-80.29756927490234,-77.65189361572266,-77.23655700683594,-77.22967529296875,-76.63983917236328,-78.72522735595703,-78.87142944335938,-77.08403778076172,-80.53343200683594,-80.67369842529297,-80.59227752685547,-79.46308135986328,-79.12215423583984,-79.07421112060547,-79.64362335205078,-76.92628479003906,-75.94276428222656,-75.68544006347656,-78.46650695800781,-82.26649475097656,-82.88082885742188,-82.99879455566406,-82.5578842163086,-80.77108764648438,-83.12613677978516,-84.05062866210938,-84.27777862548828,-83.78136444091797,-84.21931457519531,-81.53771209716797,-80.60112762451172,-82.11024475097656,-79.72234344482422,-79.93417358398438,-78.33039855957031,-77.7028579711914,-78.07626342773438,-77.00325012207031,-77.71981811523438,-78.55400085449219,-81.09481811523438,-83.10234069824219,-82.58666229248047,-82.99101257324219,-82.67639923095703,1.0
-78.86759948730469,-78.23516082763672,-77.97504425048828,-77.955322265625,-80.29756927490234,-77.65189361572266,-77.23655700683594,-77.22967529296875,-76.63983917236328,-78.72522735595703,-78.87142944335938,-77.08403778076172,-80.53343200683594,-80.67369842529297,-80.59227752685547,-79.46308135986328,-79.12215423583984,-79.07421112060547,-79.64362335205078,-76.92628479003906,-75.94276428222656,-75.68544006347656,-78.46650695800781,-82.26649475097656,-82.88082885742188,-82.99879455566406,-82.5578842163086,-80.77108764648438,-83.12613677978516,-84.05062866210938,-84.27777862548828,-83.78136444091797,-84.21931457519531,-81.53771209716797,-80.60112762451172,-82.11024475097656,-79.72234344482422,-79.93417358398438,-78.33039855957031,-77.7028579711914,-78.07626342773438,-77.00325012207031,-77.71981811523438,-78.55400085449219,-81.09481811523438,-83.10234069824219,-82.58666229248047,-82.99101257324219,-82.67639923095703,-82.6182861328125,0.0
-78.23516082763672,-77.97504425048828,-77.955322265625,-80.29756927490234,-77.65189361572266,-77.23655700683594,-77.22967529296875,-76.63983917236328,-78.72522735595703,-78.87142944335938,-77.08403778076172,-80.53343200683594,-80.67369842529297,-80.59227752685547,-79.46308135986328,-79.12215423583984,-79.07421112060547,-79.64362335205078,-76.92628479003906,-75.94276428222656,-75.68544006347656,-78.46650695800781,-82.26649475097656,-82.88082885742188,-82.99879455566406,-82.5578842163086,-80.77108764648438,-83.12613677978516,-84.05062866210938,-84.27777862548828,-83.78136444091797,-84.21931457519531,-81.53771209716797,-80.60112762451172,-82.11024475097656,-79.72234344482422,-79.93417358398438,-78.33039855957031,-77.7028579711914,-78.07626342773438,-77.00325012207031,-77.71981811523438,-78.55400085449219,-81.09481811523438,-83.10234069824219,-82.58666229248047,-82.99101257324219,-82.67639923095703,-82.6182861328125,-83.23599243164062,0.0
-77.97504425048828,-77.955322265625,-80.29756927490234,-77.65189361572266,-77.23655700683594,-77.22967529296875,-76.63983917236328,-78.72522735595703,-78.87142944335938,-77.08403778076172,-80.53343200683594,-80.67369842529297,-80.59227752685547,-79.46308135986328,-79.12215423583984,-79.07421112060547,-79.64362335205078,-76.92628479003906,-75.94276428222656,-75.68544006347656,-78.46650695800781,-82.26649475097656,-82.88082885742188,-82.99879455566406,-82.5578842163086,-80.77108764648438,-83.12613677978516,-84.05062866210938,-84.27777862548828,-83.78136444091797,-84.21931457519531,-81.53771209716797,-80.60112762451172,-82.11024475097656,-79.72234344482422,-79.93417358398438,-78.33039855957031,-77.7028579711914,-78.07626342773438,-77.00325012207031,-77.71981811523438,-78.55400085449219,-81.09481811523438,-83.10234069824219,-82.58666229248047,-82.99101257324219,-82.67639923095703,-82.6182861328125,-83.23599243164062,-81.16555786132812,0.0
-77.955322265625,-80.29756927490234,-77.65189361572266,-77.23655700683594,-77.22967529296875,-76.63983917236328,-78.72522735595703,-78.87142944335938,-77.08403778076172,-80.53343200683594,-80.67369842529297,-80.59227752685547,-79.46308135986328,-79.12215423583984,-79.07421112060547,-79.64362335205078,-76.92628479003906,-75.94276428222656,-75.68544006347656,-78.46650695800781,-82.26649475097656,-82.88082885742188,-82.99879455566406,-82.5578842163086,-80.77108764648438,-83.12613677978516,-84.05062866210938,-84.27777862548828,-83.78136444091797,-84.21931457519531,-81.53771209716797,-80.60112762451172,-82.11024475097656,-79.72234344482422,-79.93417358398438,-78.33039855957031,-77.7028579711914,-78.07626342773438,-77.00325012207031,-77.71981811523438,-78.55400085449219,-81.09481811523438,-83.10234069824219,-82.58666229248047,-82.99101257324219,-82.67639923095703,-82.6182861328125,-83.23599243164062,-81.16555786132812,-82.16558837890625,0.0
-80.29756927490234,-77.65189361572266,-77.23655700683594,-77.22967529296875,-76.63983917236328,-78.72522735595703,-78.87142944335938,-77.08403778076172,-80.53343200683594,-80.67369842529297,-80.59227752685547,-79.46308135986328,-79.12215423583984,-79.07421112060547,-79.64362335205078,-76.92628479003906,-75.94276428222656,-75.68544006347656,-78.46650695800781,-82.26649475097656,-82.88082885742188,-82.99879455566406,-82.5578842163086,-80.77108764648438,-83.12613677978516,-84.05062866210938,-84.27777862548828,-83.78136444091797,-84.21931457519531,-81.53771209716797,-80.60112762451172,-82.11024475097656,-79.72234344482422,-79.93417358398438,-78.33039855957031,-77.7028579711914,-78.07626342773438,-77.00325012207031,-77.71981811523438,-78.55400085449219,-81.09481811523438,-83.10234069824219,-82.58666229248047,-82.99101257324219,-82.67639923095703,-82.6182861328125,-83.23599243164062,-81.16555786132812,-82.16558837890625,-83.17576599121094,0.0
-77.65189361572266,-77.23655700683594,-77.22967529296875,-76.63983917236328,-78.72522735595703,-78.87142944335938,-77.08403778076172,-80.53343200683594,-80.67369842529297,-80.59227752685547,-79.46308135986328,-79.12215423583984,-79.07421112060547,-79.64362335205078,-76.92628479003906,-75.94276428222656,-75.68544006347656,-78.46650695800781,-82.26649475097656,-82.88082885742188,-82.99879455566406,-82.5578842163086,-80.77108764648438,-83.12613677978516,-84.05062866210938,-84.27777862548828,-83.78136444091797,-84.21931457519531,-81.53771209716797,-80.60112762451172,-82.11024475097656,-79.72234344482422,-79.93417358398438,-78.33039855957031,-77.7028579711914,-78.07626342773438,-77.00325012207031,-77.71981811523438,-78.55400085449219,-81.09481811523438,-83.10234069824219,-82.58666229248047,-82.99101257324219,-82.67639923095703,-82.6182861328125,-83.23599243164062,-81.16555786132812,-82.16558837890625,-83.17576599121094,-83.46002960205078,0.0
-77.23655700683594,-77.22967529296875,-76.63983917236328,-78.72522735595703,-78.87142944335938,-77.08403778076172,-80.53343200683594,-80.67369842529297,-80.59227752685547,-79.46308135986328,-79.12215423583984,-79.07421112060547,-79.64362335205078,-76.92628479003906,-75.94276428222656,-75.68544006347656,-78.46650695800781,-82.26649475097656,-82.88082885742188,-82.99879455566406,-82.5578842163086,-80.77108764648438,-83.12613677978516,-84.05062866210938,-84.27777862548828,-83.78136444091797,-84.21931457519531,-81.53771209716797,-80.60112762451172,-82.11024475097656,-79.72234344482422,-79.93417358398438,-78.33039855957031,-77.7028579711914,-78.07626342773438,-77.00325012207031,-77.71981811523438,-78.55400085449219,-81.09481811523438,-83.10234069824219,-82.58666229248047,-82.99101257324219,-82.67639923095703,-82.6182861328125,-83.23599243164062,-81.16555786132812,-82.16558837890625,-83.17576599121094,-83.46002960205078,-81.20671844482422,0.0
-77.22967529296875,-76.63983917236328,-78.72522735595703,-78.87142944335938,-77.08403778076172,-80.53343200683594,-80.67369842529297,-80.59227752685547,-79.46308135986328,-79.12215423583984,-79.07421112060547,-79.64362335205078,-76.92628479003906,-75.94276428222656,-75.68544006347656,-78.46650695800781,-82.26649475097656,-82.88082885742188,-82.99879455566406,-82.5578842163086,-80.77108764648438,-83.12613677978516,-84.05062866210938,-84.27777862548828,-83.78136444091797,-84.21931457519531,-81.53771209716797,-80.60112762451172,-82.11024475097656,-79.72234344482422,-79.93417358398438,-78.33039855957031,-77.7028579711914,-78.07626342773438,-77.00325012207031,-77.71981811523438,-78.55400085449219,-81.09481811523438,-83.10234069824219,-82.58666229248047,-82.99101257324219,-82.67639923095703,-82.6182861328125,-83.23599243164062,-81.16555786132812,-82.16558837890625,-83.17576599121094,-83.46002960205078,-81.20671844482422,-82.1621322631836,0.0
-76.63983917236328,-78.72522735595703,-78.87142944335938,-77.08403778076172,-80.53343200683594,-80.67369842529297,-80.59227752685547,-79.46308135986328,-79.12215423583984,-79.07421112060547,-79.64362335205078,-76.92628479003906,-75.94276428222656,-75.68544006347656,-78.46650695800781,-82.26649475097656,-82.88082885742188,-82.99879455566406,-82.5578842163086,-80.77108764648438,-83.12613677978516,-84.05062866210938,-84.27777862548828,-83.78136444091797,-84.21931457519531,-81.53771209716797,-80.60112762451172,-82.11024475097656,-79.72234344482422,-79.93417358398438,-78.33039855957031,-77.7028579711914,-78.07626342773438,-77.00325012207031,-77.71981811523438,-78.55400085449219,-81.09481811523438,-83.10234069824219,-82.58666229248047,-82.99101257324219,-82.67639923095703,-82.6182861328125,-83.23599243164062,-81.16555786132812,-82.16558837890625,-83.17576599121094,-83.46002960205078,-81.20671844482422,-82.1621322631836,-83.16847229003906,1.0
-78.72522735595703,-78.87142944335938,-77.08403778076172,-80.53343200683594,-80.67369842529297,-80.59227752685547,-79.46308135986328,-79.12215423583984,-79.07421112060547,-79.64362335205078,-76.92628479003906,-75.94276428222656,-75.68544006347656,-78.46650695800781,-82.26649475097656,-82.88082885742188,-82.99879455566406,-82.5578842163086,-80.77108764648438,-83.12613677978516,-84.05062866210938,-84.27777862548828,-83.78136444091797,-84.21931457519531,-81.53771209716797,-80.60112762451172,-82.11024475097656,-79.72234344482422,-79.93417358398438,-78.33039855957031,-77.7028579711914,-78.07626342773438,-77.00325012207031,-77.71981811523438,-78.55400085449219,-81.09481811523438,-83.10234069824219,-82.58666229248047,-82.99101257324219,-82.67639923095703,-82.6182861328125,-83.23599243164062,-81.16555786132812,-82.16558837890625,-83.17576599121094,-83.46002960205078,-81.20671844482422,-82.1621322631836,-83.16847229003906,-82.87862396240234,1.0
-78.87142944335938,-77.08403778076172,-80.53343200683594,-80.67369842529297,-80.59227752685547,-79.46308135986328,-79.12215423583984,-79.07421112060547,-79.64362335205078,-76.92628479003906,-75.94276428222656,-75.68544006347656,-78.46650695800781,-82.26649475097656,-82.88082885742188,-82.99879455566406,-82.5578842163086,-80.77108764648438,-83.12613677978516,-84.05062866210938,-84.27777862548828,-83.78136444091797,-84.21931457519531,-81.53771209716797,-80.60112762451172,-82.11024475097656,-79.72234344482422,-79.93417358398438,-78.33039855957031,-77.7028579711914,-78.07626342773438,-77.00325012207031,-77.71981811523438,-78.55400085449219,-81.09481811523438,-83.10234069824219,-82.58666229248047,-82.99101257324219,-82.67639923095703,-82.6182861328125,-83.23599243164062,-81.16555786132812,-82.16558837890625,-83.17576599121094,-83.46002960205078,-81.20671844482422,-82.1621322631836,-83.16847229003906,-82.87862396240234,-81.0029067993164,0.0
-77.08403778076172,-80.53343200683594,-80.67369842529297,-80.59227752685547,-79.46308135986328,-79.12215423583984,-79.07421112060547,-79.64362335205078,-76.92628479003906,-75.94276428222656,-75.68544006347656,-78.46650695800781,-82.26649475097656,-82.88082885742188,-82.99879455566406,-82.5578842163086,-80.77108764648438,-83.12613677978516,-84.05062866210938,-84.27777862548828,-83.78136444091797,-84.21931457519531,-81.53771209716797,-80.60112762451172,-82.11024475097656,-79.72234344482422,-79.93417358398438,-78.33039855957031,-77.7028579711914,-78.07626342773438,-77.00325012207031,-77.71981811523438,-78.55400085449219,-81.09481811523438,-83.10234069824219,-82.58666229248047,-82.99101257324219,-82.67639923095703,-82.6182861328125,-83.23599243164062,-81.16555786132812,-82.16558837890625,-83.17576599121094,-83.46002960205078,-81.20671844482422,-82.1621322631836,-83.16847229003906,-82.87862396240234,-81.0029067993164,-80.37532043457031,0.0
-80.53343200683594,-80.67369842529297,-80.59227752685547,-79.46308135986328,-79.12215423583984,-79.07421112060547,-79.64362335205078,-76.92628479003906,-75.94276428222656,-75.68544006347656,-78.46650695800781,-82.26649475097656,-82.88082885742188,-82.99879455566406,-82.5578842163086,-80.77108764648438,-83.12613677978516,-84.05062866210938,-84.27777862548828,-83.78136444091797,-84.21931457519531,-81.53771209716797,-80.60112762451172,-82.11024475097656,-79.72234344482422,-79.93417358398438,-78.33039855957031,-77.7028579711914,-78.07626342773438,-77.00325012207031,-77.71981811523438,-78.55400085449219,-81.09481811523438,-83.10234069824219,-82.58666229248047,-82.99101257324219,-82.67639923095703,-82.6182861328125,-83.23599243164062,-81.16555786132812,-82.16558837890625,-83.17576599121094,-83.46002960205078,-81.20671844482422,-82.1621322631836,-83.16847229003906,-82.87862396240234,-81.0029067993164,-80.37532043457031,-81.95935821533203,0.0
-80.67369842529297,-80.59227752685547,-79.46308135986328,-79.12215423583984,-79.07421112060547,-79.64362335205078,-76.92628479003906,-75.94276428222656,-75.68544006347656,-78.46650695800781,-82.26649475097656,-82.88082885742188,-82.99879455566406,-82.5578842163086,-80.77108764648438,-83.12613677978516,-84.05062866210938,-84.27777862548828,-83.78136444091797,-84.21931457519531,-81.53771209716797,-80.60112762451172,-82.11024475097656,-79.72234344482422,-79.93417358398438,-78.33039855957031,-77.7028579711914,-78.07626342773438,-77.00325012207031,-77.71981811523438,-78.55400085449219,-81.09481811523438,-83.10234069824219,-82.58666229248047,-82.99101257324219,-82.67639923095703,-82.6182861328125,-83.23599243164062,-81.16555786132812,-82.16558837890625,-83.17576599121094,-83.46002960205078,-81.20671844482422,-82.1621322631836,-83.16847229003906,-82.87862396240234,-81.0029067993164,-80.37532043457031,-81.95935821533203,-82.49812316894531,0.0
-80.59227752685547,-79.46308135986328,-79.12215423583984,-79.07421112060547,-79.64362335205078,-76.92628479003906,-75.94276428222656,-75.68544006347656,-78.46650695800781,-82.26649475097656,-82.88082885742188,-82.99879455566406,-82.5578842163086,-80.77108764648438,-83.12613677978516,-84.05062866210938,-84.27777862548828,-83.78136444091797,-84.21931457519531,-81.53771209716797,-80.60112762451172,-82.11024475097656,-79.72234344482422,-79.93417358398438,-78.33039855957031,-77.7028579711914,-78.07626342773438,-77.00325012207031,-77.71981811523438,-78.55400085449219,-81.09481811523438,-83.10234069824219,-82.58666229248047,-82.99101257324219,-82.67639923095703,-82.6182861328125,-83.23599243164062,-81.16555786132812,-82.16558837890625,-83.17576599121094,-83.46002960205078,-81.20671844482422,-82.1621322631836,-83.16847229003906,-82.87862396240234,-81.0029067993164,-80.37532043457031,-81.95935821533203,-82.49812316894531,-82.591552734375,0.0
-79.46308135986328,-79.12215423583984,-79.07421112060547,-79.64362335205078,-76.92628479003906,-75.94276428222656,-75.68544006347656,-78.46650695800781,-82.26649475097656,-82.88082885742188,-82.99879455566406,-82.5578842163086,-80.77108764648438,-83.12613677978516,-84.05062866210938,-84.27777862548828,-83.78136444091797,-84.21931457519531,-81.53771209716797,-80.60112762451172,-82.11024475097656,-79.72234344482422,-79.93417358398438,-78.33039855957031,-77.7028579711914,-78.07626342773438,-77.00325012207031,-77.71981811523438,-78.55400085449219,-81.09481811523438,-83.10234069824219,-82.58666229248047,-82.99101257324219,-82.67639923095703,-82.6182861328125,-83.23599243164062,-81.16555786132812,-82.16558837890625,-83.17576599121094,-83.46002960205078,-81.20671844482422,-82.1621322631836,-83.16847229003906,-82.87862396240234,-81.0029067993164,-80.37532043457031,-81.95935821533203,-82.49812316894531,-82.591552734375,-82.61018371582031,0.0
-79.12215423583984,-79.07421112060547,-79.64362335205078,-76.92628479003906,-75.94276428222656,-75.68544006347656,-78.46650695800781,-82.26649475097656,-82.88082885742188,-82.99879455566406,-82.5578842163086,-80.77108764648438,-83.12613677978516,-84.05062866210938,-84.27777862548828,-83.78136444091797,-84.21931457519531,-81.53771209716797,-80.60112762451172,-82.11024475097656,-79.72234344482422,-79.93417358398438,-78.33039855957031,-77.7028579711914,-78.07626342773438,-77.00325012207031,-77.71981811523438,-78.55400085449219,-81.09481811523438,-83.10234069824219,-82.58666229248047,-82.99101257324219,-82.67639923095703,-82.6182861328125,-83.23599243164062,-81.16555786132812,-82.16558837890625,-83.17576599121094,-83.46002960205078,-81.20671844482422,-82.1621322631836,-83.16847229003906,-82.87862396240234,-81.0029067993164,-80.37532043457031,-81.95935821533203,-82.49812316894531,-82.591552734375,-82.61018371582031,-80.8978500366211,0.0
-79.07421112060547,-79.64362335205078,-76.92628479003906,-75.94276428222656,-75.68544006347656,-78.46650695800781,-82.26649475097656,-82.88082885742188,-82.99879455566406,-82.5578842163086,-80.77108764648438,-83.12613677978516,-84.05062866210938,-84.27777862548828,-83.78136444091797,-84.21931457519531,-81.53771209716797,-80.60112762451172,-82.11024475097656,-79.72234344482422,-79.93417358398438,-78.33039855957031,-77.7028579711914,-78.07626342773438,-77.00325012207031,-77.71981811523438,-78.55400085449219,-81.09481811523438,-83.10234069824219,-82.58666229248047,-82.99101257324219,-82.67639923095703,-82.6182861328125,-83.23599243164062,-81.16555786132812,-82.16558837890625,-83.17576599121094,-83.46002960205078,-81.20671844482422,-82.1621322631836,-83.16847229003906,-82.87862396240234,-81.0029067993164,-80.37532043457031,-81.95935821533203,-82.49812316894531,-82.591552734375,-82.61018371582031,-80.8978500366211,-80.31812286376953,0.0
-79.64362335205078,-76.92628479003906,-75.94276428222656,-75.68544006347656,-78.46650695800781,-82.26649475097656,-82.88082885742188,-82.99879455566406,-82.5578842163086,-80.77108764648438,-83.12613677978516,-84.05062866210938,-84.27777862548828,-83.78136444091797,-84.21931457519531,-81.53771209716797,-80.60112762451172,-82.11024475097656,-79.72234344482422,-79.93417358398438,-78.33039855957031,-77.7028579711914,-78.07626342773438,-77.00325012207031,-77.71981811523438,-78.55400085449219,-81.09481811523438,-83.10234069824219,-82.58666229248047,-82.99101257324219,-82.67639923095703,-82.6182861328125,-83.23599243164062,-81.16555786132812,-82.16558837890625,-83.17576599121094,-83.46002960205078,-81.20671844482422,-82.1621322631836,-83.16847229003906,-82.87862396240234,-81.0029067993164,-80.37532043457031,-81.95935821533203,-82.49812316894531,-82.591552734375,-82.61018371582031,-80.8978500366211,-80.31812286376953,-80.18531036376953,0.0
-76.92628479003906,-75.94276428222656,-75.68544006347656,-78.46650695800781,-82.26649475097656,-82.88082885742188,-82.99879455566406,-82.5578842163086,-80.77108764648438,-83.12613677978516,-84.05062866210938,-84.27777862548828,-83.78136444091797,-84.21931457519531,-81.53771209716797,-80.60112762451172,-82.11024475097656,-79.72234344482422,-79.93417358398438,-78.33039855957031,-77.7028579711914,-78.07626342773438,-77.00325012207031,-77.71981811523438,-78.55400085449219,-81.09481811523438,-83.10234069824219,-82.58666229248047,-82.99101257324219,-82.67639923095703,-82.6182861328125,-83.23599243164062,-81.16555786132812,-82.16558837890625,-83.17576599121094,-83.46002960205078,-81.20671844482422,-82.1621322631836,-83.16847229003906,-82.87862396240234,-81.0029067993164,-80.37532043457031,-81.95935821533203,-82.49812316894531,-82.591552734375,-82.61018371582031,-80.8978500366211,-80.31812286376953,-80.18531036376953,-80.12783813476562,0.0
-75.94276428222656,-75.68544006347656,-78.46650695800781,-82.26649475097656,-82.88082885742188,-82.99879455566406,-82.5578842163086,-80.77108764648438,-83.12613677978516,-84.05062866210938,-84.27777862548828,-83.78136444091797,-84.21931457519531,-81.53771209716797,-80.60112762451172,-82.11024475097656,-79.72234344482422,-79.93417358398438,-78.33039855957031,-77.7028579711914,-78.07626342773438,-77.00325012207031,-77.71981811523438,-78.55400085449219,-81.09481811523438,-83.10234069824219,-82.58666229248047,-82.99101257324219,-82.67639923095703,-82.6182861328125,-83.23599243164062,-81.16555786132812,-82.16558837890625,-83.17576599121094,-83.46002960205078,-81.20671844482422,-82.1621322631836,-83.16847229003906,-82.87862396240234,-81.0029067993164,-80.37532043457031,-81.95935821533203,-82.49812316894531,-82.591552734375,-82.61018371582031,-80.8978500366211,-80.31812286376953,-80.18531036376953,-80.12783813476562,-80.07340240478516,0.0
-75.68544006347656,-78.46650695800781,-82.26649475097656,-82.88082885742188,-82.99879455566406,-82.5578842163086,-80.77108764648438,-83.12613677978516,-84.05062866210938,-84.27777862548828,-83.78136444091797,-84.21931457519531,-81.53771209716797,-80.60112762451172,-82.11024475097656,-79.72234344482422,-79.93417358398438,-78.33039855957031,-77.7028579711914,-78.07626342773438,-77.00325012207031,-77.71981811523438,-78.55400085449219,-81.09481811523438,-83.10234069824219,-82.58666229248047,-82.99101257324219,-82.67639923095703,-82.6182861328125,-83.23599243164062,-81.16555786132812,-82.16558837890625,-83.17576599121094,-83.46002960205078,-81.20671844482422,-82.1621322631836,-83.16847229003906,-82.87862396240234,-81.0029067993164,-80.37532043457031,-81.95935821533203,-82.49812316894531,-82.591552734375,-82.61018371582031,-80.8978500366211,-80.31812286376953,-80.18531036376953,-80.12783813476562,-80.07340240478516,-80.0235595703125,0.0
-78.46650695800781,-82.26649475097656,-82.88082885742188,-82.99879455566406,-82.5578842163086,-80.77108764648438,-83.12613677978516,-84.05062866210938,-84.27777862548828,-83.78136444091797,-84.21931457519531,-81.53771209716797,-80.60112762451172,-82.11024475097656,-79.72234344482422,-79.93417358398438,-78.33039855957031,-77.7028579711914,-78.07626342773438,-77.00325012207031,-77.71981811523438,-78.55400085449219,-81.09481811523438,-83.10234069824219,-82.58666229248047,-82.99101257324219,-82.67639923095703,-82.6182861328125,-83.23599243164062,-81.16555786132812,-82.16558837890625,-83.17576599121094,-83.46002960205078,-81.20671844482422,-82.1621322631836,-83.16847229003906,-82.87862396240234,-81.0029067993164,-80.37532043457031,-81.95935821533203,-82.49812316894531,-82.591552734375,-82.61018371582031,-80.8978500366211,-80.31812286376953,-80.18531036376953,-80.12783813476562,-80.07340240478516,-80.0235595703125,-79.98419189453125,0.0
-82.26649475097656,-82.88082885742188,-82.99879455566406,-82.5578842163086,-80.77108764648438,-83.12613677978516,-84.05062866210938,-84.27777862548828,-83.78136444091797,-84.21931457519531,-81.53771209716797,-80.60112762451172,-82.11024475097656,-79.72234344482422,-79.93417358398438,-78.33039855957031,-77.7028579711914,-78.07626342773438,-77.00325012207031,-77.71981811523438,-78.55400085449219,-81.09481811523438,-83.10234069824219,-82.58666229248047,-82.99101257324219,-82.67639923095703,-82.6182861328125,-83.23599243164062,-81.16555786132812,-82.16558837890625,-83.17576599121094,-83.46002960205078,-81.20671844482422,-82.1621322631836,-83.16847229003906,-82.87862396240234,-81.0029067993164,-80.37532043457031,-81.95935821533203,-82.49812316894531,-82.591552734375,-82.61018371582031,-80.8978500366211,-80.31812286376953,-80.18531036376953,-80.12783813476562,-80.07340240478516,-80.0235595703125,-79.98419189453125,-81.69026947021484,0.0
-82.88082885742188,-82.99879455566406,-82.5578842163086,-80.77108764648438,-83.12613677978516,-84.05062866210938,-84.27777862548828,-83.78136444091797,-84.21931457519531,-81.53771209716797,-80.60112762451172,-82.11024475097656,-79.72234344482422,-79.93417358398438,-78.33039855957031,-77.7028579711914,-78.07626342773438,-77.00325012207031,-77.71981811523438,-78.55400085449219,-81.09481811523438,-83.10234069824219,-82.58666229248047,-82.99101257324219,-82.67639923095703,-82.6182861328125,-83.23599243164062,-81.16555786132812,-82.16558837890625,-83.17576599121094,-83.46002960205078,-81.20671844482422,-82.1621322631836,-83.16847229003906,-82.87862396240234,-81.0029067993164,-80.37532043457031,-81.95935821533203,-82.49812316894531,-82.591552734375,-82.61018371582031,-80.8978500366211,-80.31812286376953,-80.18531036376953,-80.12783813476562,-80.07340240478516,-80.0235595703125,-79.98419189453125,-81.69026947021484,-80.54447937011719,0.0
-82.99879455566406,-82.5578842163086,-80.77108764648438,-83.12613677978516,-84.05062866210938,-84.27777862548828,-83.78136444091797,-84.21931457519531,-81.53771209716797,-80.60112762451172,-82.11024475097656,-79.72234344482422,-79.93417358398438,-78.33039855957031,-77.7028579711914,-78.07626342773438,-77.00325012207031,-77.71981811523438,-78.55400085449219,-81.09481811523438,-83.10234069824219,-82.58666229248047,-82.99101257324219,-82.67639923095703,-82.6182861328125,-83.23599243164062,-81.16555786132812,-82.16558837890625,-83.17576599121094,-83.46002960205078,-81.20671844482422,-82.1621322631836,-83.16847229003906,-82.87862396240234,-81.0029067993164,-80.37532043457031,-81.95935821533203,-82.49812316894531,-82.591552734375,-82.61018371582031,-80.8978500366211,-80.31812286376953,-80.18531036376953,-80.12783813476562,-80.07340240478516,-80.0235595703125,-79.98419189453125,-81.69026947021484,-80.54447937011719,-80.08248138427734,0.0
-82.5578842163086,-80.77108764648438,-83.12613677978516,-84.05062866210938,-84.27777862548828,-83.78136444091797,-84.21931457519531,-81.53771209716797,-80.60112762451172,-82.11024475097656,-79.72234344482422,-79.93417358398438,-78.33039855957031,-77.7028579711914,-78.07626342773438,-77.00325012207031,-77.71981811523438,-78.55400085449219,-81.09481811523438,-83.10234069824219,-82.58666229248047,-82.99101257324219,-82.67639923095703,-82.6182861328125,-83.23599243164062,-81.16555786132812,-82.16558837890625,-83.17576599121094,-83.46002960205078,-81.20671844482422,-82.1621322631836,-83.16847229003906,-82.87862396240234,-81.0029067993164,-80.37532043457031,-81.95935821533203,-82.49812316894531,-82.591552734375,-82.61018371582031,-80.8978500366211,-80.31812286376953,-80.18531036376953,-80.12783813476562,-80.07340240478516,-80.0235595703125,-79.98419189453125,-81.69026947021484,-80.54447937011719,-80.08248138427734,-79.99373626708984,0.0
-80.77108764648438,-83.12613677978516,-84.05062866210938,-84.27777862548828,-83.78136444091797,-84.21931457519531,-81.53771209716797,-80.60112762451172,-82.11024475097656,-79.72234344482422,-79.93417358398438,-78.33039855957031,-77.7028579711914,-78.07626342773438,-77.00325012207031,-77.71981811523438,-78.55400085449219,-81.09481811523438,-83.10234069824219,-82.58666229248047,-82.99101257324219,-82.67639923095703,-82.6182861328125,-83.23599243164062,-81.16555786132812,-82.16558837890625,-83.17576599121094,-83.46002960205078,-81.20671844482422,-82.1621322631836,-83.16847229003906,-82.87862396240234,-81.0029067993164,-80.37532043457031,-81.95935821533203,-82.49812316894531,-82.591552734375,-82.61018371582031,-80.8978500366211,-80.31812286376953,-80.18531036376953,-80.12783813476562,-80.07340240478516,-80.0235595703125,-79.98419189453125,-81.69026947021484,-80.54447937011719,-80.08248138427734,-79.99373626708984,-79.98054504394531,0.0
-83.12613677978516,-84.05062866210938,-84.27777862548828,-83.78136444091797,-84.21931457519531,-81.53771209716797,-80.60112762451172,-82.11024475097656,-79.72234344482422,-79.93417358398438,-78.33039855957031,-77.7028579711914,-78.07626342773438,-77.00325012207031,-77.71981811523438,-78.55400085449219,-81.09481811523438,-83.10234069824219,-82.58666229248047,-82.99101257324219,-82.67639923095703,-82.6182861328125,-83.23599243164062,-81.16555786132812,-82.16558837890625,-83.17576599121094,-83.46002960205078,-81.20671844482422,-82.1621322631836,-83.16847229003906,-82.87862396240234,-81.0029067993164,-80.37532043457031,-81.95935821533203,-82.49812316894531,-82.591552734375,-82.61018371582031,-80.8978500366211,-80.31812286376953,-80.18531036376953,-80.12783813476562,-80.07340240478516,-80.0235595703125,-79.98419189453125,-81.69026947021484,-80.54447937011719,-80.08248138427734,-79.99373626708984,-79.98054504394531,-79.96893310546875,0.0
-84.05062866210938,-84.27777862548828,-83.78136444091797,-84.21931457519531,-81.53771209716797,-80.60112762451172,-82.11024475097656,-79.72234344482422,-79.93417358398438,-78.33039855957031,-77.7028579711914,-78.07626342773438,-77.00325012207031,-77.71981811523438,-78.55400085449219,-81.09481811523438,-83.10234069824219,-82.58666229248047,-82.99101257324219,-82.67639923095703,-82.6182861328125,-83.23599243164062,-81.16555786132812,-82.16558837890625,-83.17576599121094,-83.46002960205078,-81.20671844482422,-82.1621322631836,-83.16847229003906,-82.87862396240234,-81.0029067993164,-80.37532043457031,-81.95935821533203,-82.49812316894531,-82.591552734375,-82.61018371582031,-80.8978500366211,-80.31812286376953,-80.18531036376953,-80.12783813476562,-80.07340240478516,-80.0235595703125,-79.98419189453125,-81.69026947021484,-80.54447937011719,-80.08248138427734,-79.99373626708984,-79.98054504394531,-79.96893310546875,-79.95384979248047,0.0
-84.27777862548828,-83.78136444091797,-84.21931457519531,-81.53771209716797,-80.60112762451172,-82.11024475097656,-79.72234344482422,-79.93417358398438,-78.33039855957031,-77.7028579711914,-78.07626342773438,-77.00325012207031,-77.71981811523438,-78.55400085449219,-81.09481811523438,-83.10234069824219,-82.58666229248047,-82.99101257324219,-82.67639923095703,-82.6182861328125,-83.23599243164062,-81.16555786132812,-82.16558837890625,-83.17576599121094,-83.46002960205078,-81.20671844482422,-82.1621322631836,-83.16847229003906,-82.87862396240234,-81.0029067993164,-80.37532043457031,-81.95935821533203,-82.49812316894531,-82.591552734375,-82.61018371582031,-80.8978500366211,-80.31812286376953,-80.18531036376953,-80.12783813476562,-80.07340240478516,-80.0235595703125,-79.98419189453125,-81.69026947021484,-80.54447937011719,-80.08248138427734,-79.99373626708984,-79.98054504394531,-79.96893310546875,-79.95384979248047,-79.93963623046875,0.0
-83.78136444091797,-84.21931457519531,-81.53771209716797,-80.60112762451172,-82.11024475097656,-79.72234344482422,-79.93417358398438,-78.33039855957031,-77.7028579711914,-78.07626342773438,-77.00325012207031,-77.71981811523438,-78.55400085449219,-81.09481811523438,-83.10234069824219,-82.58666229248047,-82.99101257324219,-82.67639923095703,-82.6182861328125,-83.23599243164062,-81.16555786132812,-82.16558837890625,-83.17576599121094,-83.46002960205078,-81.20671844482422,-82.1621322631836,-83.16847229003906,-82.87862396240234,-81.0029067993164,-80.37532043457031,-81.95935821533203,-82.49812316894531,-82.591552734375,-82.61018371582031,-80.8978500366211,-80.31812286376953,-80.18531036376953,-80.12783813476562,-80.07340240478516,-80.0235595703125,-79.98419189453125,-81.69026947021484,-80.54447937011719,-80.08248138427734,-79.99373626708984,-79.98054504394531,-79.96893310546875,-79.95384979248047,-79.93963623046875,-81.66265106201172,0.0
-84.21931457519531,-81.53771209716797,-80.60112762451172,-82.11024475097656,-79.72234344482422,-79.93417358398438,-78.33039855957031,-77.7028579711914,-78.07626342773438,-77.00325012207031,-77.71981811523438,-78.55400085449219,-81.09481811523438,-83.10234069824219,-82.58666229248047,-82.99101257324219,-82.67639923095703,-82.6182861328125,-83.23599243164062,-81.16555786132812,-82.16558837890625,-83.17576599121094,-83.46002960205078,-81.20671844482422,-82.1621322631836,-83.16847229003906,-82.87862396240234,-81.0029067993164,-80.37532043457031,-81.95935821533203,-82.49812316894531,-82.591552734375,-82.61018371582031,-80.8978500366211,-80.31812286376953,-80.18531036376953,-80.12783813476562,-80.07340240478516,-80.0235595703125,-79.98419189453125,-81.69026947021484,-80.54447937011719,-80.08248138427734,-79.99373626708984,-79.98054504394531,-79.96893310546875,-79.95384979248047,-79.93963623046875,-81.66265106201172,-79.94822692871094,0.0
-81.53771209716797,-80.60112762451172,-82.11024475097656,-79.72234344482422,-79.93417358398438,-78.33039855957031,-77.7028579711914,-78.07626342773438,-77.00325012207031,-77.71981811523438,-78.55400085449219,-81.09481811523438,-83.10234069824219,-82.58666229248047,-82.99101257324219,-82.67639923095703,-82.6182861328125,-83.23599243164062,-81.16555786132812,-82.16558837890625,-83.17576599121094,-83.46002960205078,-81.20671844482422,-82.1621322631836,-83.16847229003906,-82.87862396240234,-81.0029067993164,-80.37532043457031,-81.95935821533203,-82.49812316894531,-82.591552734375,-82.61018371582031,-80.8978500366211,-80.31812286376953,-80.18531036376953,-80.12783813476562,-80.07340240478516,-80.0235595703125,-79.98419189453125,-81.69026947021484,-80.54447937011719,-80.08248138427734,-79.99373626708984,-79.98054504394531,-79.96893310546875,-79.95384979248047,-79.93963623046875,-81.66265106201172,-79.94822692871094,-79.86983489990234,0.0
-80.60112762451172,-82.11024475097656,-79.72234344482422,-79.93417358398438,-78.33039855957031,-77.7028579711914,-78.07626342773438,-77.00325012207031,-77.71981811523438,-78.55400085449219,-81.09481811523438,-83.10234069824219,-82.58666229248047,-82.99101257324219,-82.67639923095703,-82.6182861328125,-83.23599243164062,-81.16555786132812,-82.16558837890625,-83.17576599121094,-83.46002960205078,-81.20671844482422,-82.1621322631836,-83.16847229003906,-82.87862396240234,-81.0029067993164,-80.37532043457031,-81.95935821533203,-82.49812316894531,-82.591552734375,-82.61018371582031,-80.8978500366211,-80.31812286376953,-80.18531036376953,-80.12783813476562,-80.07340240478516,-80.0235595703125,-79.98419189453125,-81.69026947021484,-80.54447937011719,-80.08248138427734,-79.99373626708984,-79.98054504394531,-79.96893310546875,-79.95384979248047,-79.93963623046875,-81.66265106201172,-79.94822692871094,-79.86983489990234,-78.19573974609375,0.0
-82.11024475097656,-79.72234344482422,-79.93417358398438,-78.33039855957031,-77.7028579711914,-78.07626342773438,-77.00325012207031,-77.71981811523438,-78.55400085449219,-81.09481811523438,-83.10234069824219,-82.58666229248047,-82.99101257324219,-82.67639923095703,-82.6182861328125,-83.23599243164062,-81.16555786132812,-82.16558837890625,-83.17576599121094,-83.46002960205078,-81.20671844482422,-82.1621322631836,-83.16847229003906,-82.87862396240234,-81.0029067993164,-80.37532043457031,-81.95935821533203,-82.49812316894531,-82.591552734375,-82.61018371582031,-80.8978500366211,-80.31812286376953,-80.18531036376953,-80.12783813476562,-80.07340240478516,-80.0235595703125,-79.98419189453125,-81.69026947021484,-80.54447937011719,-80.08248138427734,-79.99373626708984,-79.98054504394531,-79.96893310546875,-79.95384979248047,-79.93963623046875,-81.66265106201172,-79.94822692871094,-79.86983489990234,-78.19573974609375,-77.60418701171875,0.0
-79.72234344482422,-79.93417358398438,-78.33039855957031,-77.7028579711914,-78.07626342773438,-77.00325012207031,-77.71981811523438,-78.55400085449219,-81.09481811523438,-83.10234069824219,-82.58666229248047,-82.99101257324219,-82.67639923095703,-82.6182861328125,-83.23599243164062,-81.16555786132812,-82.16558837890625,-83.17576599121094,-83.46002960205078,-81.20671844482422,-82.1621322631836,-83.16847229003906,-82.87862396240234,-81.0029067993164,-80.37532043457031,-81.95935821533203,-82.49812316894531,-82.591552734375,-82.61018371582031,-80.8978500366211,-80.31812286376953,-80.18531036376953,-80.12783813476562,-80.07340240478516,-80.0235595703125,-79.98419189453125,-81.69026947021484,-80.54447937011719,-80.08248138427734,-79.99373626708984,-79.98054504394531,-79.96893310546875,-79.95384979248047,-79.93963623046875,-81.66265106201172,-79.94822692871094,-79.86983489990234,-78.19573974609375,-77.60418701171875,-77.43939208984375,0.0
-79.93417358398438,-78.33039855957031,-77.7028579711914,-78.07626342773438,-77.00325012207031,-77.71981811523438,-78.55400085449219,-81.09481811523438,-83.10234069824219,-82.58666229248047,-82.99101257324219,-82.67639923095703,-82.6182861328125,-83.23599243164062,-81.16555786132812,-82.16558837890625,-83.17576599121094,-83.46002960205078,-81.20671844482422,-82.1621322631836,-83.16847229003906,-82.87862396240234,-81.0029067993164,-80.37532043457031,-81.95935821533203,-82.49812316894531,-82.591552734375,-82.61018371582031,-80.8978500366211,-80.31812286376953,-80.18531036376953,-80.12783813476562,-80.07340240478516,-80.0235595703125,-79.98419189453125,-81.69026947021484,-80.54447937011719,-80.08248138427734,-79.99373626708984,-79.98054504394531,-79.96893310546875,-79.95384979248047,-79.93963623046875,-81.66265106201172,-79.94822692871094,-79.86983489990234,-78.19573974609375,-77.60418701171875,-77.43939208984375,-78.51213836669922,0.0
-78.33039855957031,-77.7028579711914,-78.07626342773438,-77.00325012207031,-77.71981811523438,-78.55400085449219,-81.09481811523438,-83.10234069824219,-82.58666229248047,-82.99101257324219,-82.67639923095703,-82.6182861328125,-83.23599243164062,-81.16555786132812,-82.16558837890625,-83.17576599121094,-83.46002960205078,-81.20671844482422,-82.1621322631836,-83.16847229003906,-82.87862396240234,-81.0029067993164,-80.37532043457031,-81.95935821533203,-82.49812316894531,-82.591552734375,-82.61018371582031,-80.8978500366211,-80.31812286376953,-80.18531036376953,-80.12783813476562,-80.07340240478516,-80.0235595703125,-79.98419189453125,-81.69026947021484,-80.54447937011719,-80.08248138427734,-79.99373626708984,-79.98054504394531,-79.96893310546875,-79.95384979248047,-79.93963623046875,-81.66265106201172,-79.94822692871094,-79.86983489990234,-78.19573974609375,-77.60418701171875,-77.43939208984375,-78.51213836669922,-76.51883697509766,0.0
-77.7028579711914,-78.07626342773438,-77.00325012207031,-77.71981811523438,-78.55400085449219,-81.09481811523438,-83.10234069824219,-82.58666229248047,-82.99101257324219,-82.67639923095703,-82.6182861328125,-83.23599243164062,-81.16555786132812,-82.16558837890625,-83.17576599121094,-83.46002960205078,-81.20671844482422,-82.1621322631836,-83.16847229003906,-82.87862396240234,-81.0029067993164,-80.37532043457031,-81.95935821533203,-82.49812316894531,-82.591552734375,-82.61018371582031,-80.8978500366211,-80.31812286376953,-80.18531036376953,-80.12783813476562,-80.07340240478516,-80.0235595703125,-79.98419189453125,-81.69026947021484,-80.54447937011719,-80.08248138427734,-79.99373626708984,-79.98054504394531,-79.96893310546875,-79.95384979248047,-79.93963623046875,-81.66265106201172,-79.94822692871094,-79.86983489990234,-78.19573974609375,-77.60418701171875,-77.43939208984375,-78.51213836669922,-76.51883697509766,-77.4898452758789,0.0
-78.07626342773438,-77.00325012207031,-77.71981811523438,-78.55400085449219,-81.09481811523438,-83.10234069824219,-82.58666229248047,-82.99101257324219,-82.67639923095703,-82.6182861328125,-83.23599243164062,-81.16555786132812,-82.16558837890625,-83.17576599121094,-83.46002960205078,-81.20671844482422,-82.1621322631836,-83.16847229003906,-82.87862396240234,-81.0029067993164,-80.37532043457031,-81.95935821533203,-82.49812316894531,-82.591552734375,-82.61018371582031,-80.8978500366211,-80.31812286376953,-80.18531036376953,-80.12783813476562,-80.07340240478516,-80.0235595703125,-79.98419189453125,-81.69026947021484,-80.54447937011719,-80.08248138427734,-79.99373626708984,-79.98054504394531,-79.96893310546875,-79.95384979248047,-79.93963623046875,-81.66265106201172,-79.94822692871094,-79.86983489990234,-78.19573974609375,-77.60418701171875,-77.43939208984375,-78.51213836669922,-76.51883697509766,-77.4898452758789,-78.47081756591797,1.0
-77.00325012207031,-77.71981811523438,-78.55400085449219,-81.09481811523438,-83.10234069824219,-82.58666229248047,-82.99101257324219,-82.67639923095703,-82.6182861328125,-83.23599243164062,-81.16555786132812,-82.16558837890625,-83.17576599121094,-83.46002960205078,-81.20671844482422,-82.1621322631836,-83.16847229003906,-82.87862396240234,-81.0029067993164,-80.37532043457031,-81.95935821533203,-82.49812316894531,-82.591552734375,-82.61018371582031,-80.8978500366211,-80.31812286376953,-80.18531036376953,-80.12783813476562,-80.07340240478516,-80.0235595703125,-79.98419189453125,-81.69026947021484,-80.54447937011719,-80.08248138427734,-79.99373626708984,-79.98054504394531,-79.96893310546875,-79.95384979248047,-79.93963623046875,-81.66265106201172,-79.94822692871094,-79.86983489990234,-78.19573974609375,-77.60418701171875,-77.43939208984375,-78.51213836669922,-76.51883697509766,-77.4898452758789,-78.47081756591797,-79.89946746826172,1.0
-77.71981811523438,-78.55400085449219,-81.09481811523438,-83.10234069824219,-82.58666229248047,-82.99101257324219,-82.67639923095703,-82.6182861328125,-83.23599243164062,-81.16555786132812,-82.16558837890625,-83.17576599121094,-83.46002960205078,-81.20671844482422,-82.1621322631836,-83.16847229003906,-82.87862396240234,-81.0029067993164,-80.37532043457031,-81.95935821533203,-82.49812316894531,-82.591552734375,-82.61018371582031,-80.8978500366211,-80.31812286376953,-80.18531036376953,-80.12783813476562,-80.07340240478516,-80.0235595703125,-79.98419189453125,-81.69026947021484,-80.54447937011719,-80.08248138427734,-79.99373626708984,-79.98054504394531,-79.96893310546875,-79.95384979248047,-79.93963623046875,-81.66265106201172,-79.94822692871094,-79.86983489990234,-78.19573974609375,-77.60418701171875,-77.43939208984375,-78.51213836669922,-76.51883697509766,-77.4898452758789,-78.47081756591797,-79.89946746826172,-78.04215240478516,0.0
-78.55400085449219,-81.09481811523438,-83.10234069824219,-82.58666229248047,-82.99101257324219,-82.67639923095703,-82.6182861328125,-83.23599243164062,-81.16555786132812,-82.16558837890625,-83.17576599121094,-83.46002960205078,-81.20671844482422,-82.1621322631836,-83.16847229003906,-82.87862396240234,-81.0029067993164,-80.37532043457031,-81.95935821533203,-82.49812316894531,-82.591552734375,-82.61018371582031,-80.8978500366211,-80.31812286376953,-80.18531036376953,-80.12783813476562,-80.07340240478516,-80.0235595703125,-79.98419189453125,-81.69026947021484,-80.54447937011719,-80.08248138427734,-79.99373626708984,-79.98054504394531,-79.96893310546875,-79.95384979248047,-79.93963623046875,-81.66265106201172,-79.94822692871094,-79.86983489990234,-78.19573974609375,-77.60418701171875,-77.43939208984375,-78.51213836669922,-76.51883697509766,-77.4898452758789,-78.47081756591797,-79.89946746826172,-78.04215240478516,-80.83890533447266,1.0
-81.09481811523438,-83.10234069824219,-82.58666229248047,-82.99101257324219,-82.67639923095703,-82.6182861328125,-83.23599243164062,-81.16555786132812,-82.16558837890625,-83.17576599121094,-83.46002960205078,-81.20671844482422,-82.1621322631836,-83.16847229003906,-82.87862396240234,-81.0029067993164,-80.37532043457031,-81.95935821533203,-82.49812316894531,-82.591552734375,-82.61018371582031,-80.8978500366211,-80.31812286376953,-80.18531036376953,-80.12783813476562,-80.07340240478516,-80.0235595703125,-79.98419189453125,-81.69026947021484,-80.54447937011719,-80.08248138427734,-79.99373626708984,-79.98054504394531,-79.96893310546875,-79.95384979248047,-79.93963623046875,-81.66265106201172,-79.94822692871094,-79.86983489990234,-78.19573974609375,-77.60418701171875,-77.43939208984375,-78.51213836669922,-76.51883697509766,-77.4898452758789,-78.47081756591797,-79.89946746826172,-78.04215240478516,-80.83890533447266,-82.50807189941406,1.0
-83.10234069824219,-82.58666229248047,-82.99101257324219,-82.67639923095703,-82.6182861328125,-83.23599243164062,-81.16555786132812,-82.16558837890625,-83.17576599121094,-83.46002960205078,-81.20671844482422,-82.1621322631836,-83.16847229003906,-82.87862396240234,-81.0029067993164,-80.37532043457031,-81.95935821533203,-82.49812316894531,-82.591552734375,-82.61018371582031,-80.8978500366211,-80.31812286376953,-80.18531036376953,-80.12783813476562,-80.07340240478516,-80.0235595703125,-79.98419189453125,-81.69026947021484,-80.54447937011719,-80.08248138427734,-79.99373626708984,-79.98054504394531,-79.96893310546875,-79.95384979248047,-79.93963623046875,-81.66265106201172,-79.94822692871094,-79.86983489990234,-78.19573974609375,-77.60418701171875,-77.43939208984375,-78.51213836669922,-76.51883697509766,-77.4898452758789,-78.47081756591797,-79.89946746826172,-78.04215240478516,-80.83890533447266,-82.50807189941406,-83.0000228881836,1.0
-82.58666229248047,-82.99101257324219,-82.67639923095703,-82.6182861328125,-83.23599243164062,-81.16555786132812,-82.16558837890625,-83.17576599121094,-83.46002960205078,-81.20671844482422,-82.1621322631836,-83.16847229003906,-82.87862396240234,-81.0029067993164,-80.37532043457031,-81.95935821533203,-82.49812316894531,-82.591552734375,-82.61018371582031,-80.8978500366211,-80.31812286376953,-80.18531036376953,-80.12783813476562,-80.07340240478516,-80.0235595703125,-79.98419189453125,-81.69026947021484,-80.54447937011719,-80.08248138427734,-79.99373626708984,-79.98054504394531,-79.96893310546875,-79.95384979248047,-79.93963623046875,-81.66265106201172,-79.94822692871094,-79.86983489990234,-78.19573974609375,-77.60418701171875,-77.43939208984375,-78.51213836669922,-76.51883697509766,-77.4898452758789,-78.47081756591797,-79.89946746826172,-78.04215240478516,-80.83890533447266,-82.50807189941406,-83.0000228881836,-82.59943389892578,1.0
-82.99101257324219,-82.67639923095703,-82.6182861328125,-83.23599243164062,-81.16555786132812,-82.16558837890625,-83.17576599121094,-83.46002960205078,-81.20671844482422,-82.1621322631836,-83.16847229003906,-82.87862396240234,-81.0029067993164,-80.37532043457031,-81.95935821533203,-82.49812316894531,-82.591552734375,-82.61018371582031,-80.8978500366211,-80.31812286376953,-80.18531036376953,-80.12783813476562,-80.07340240478516,-80.0235595703125,-79.98419189453125,-81.69026947021484,-80.54447937011719,-80.08248138427734,-79.99373626708984,-79.98054504394531,-79.96893310546875,-79.95384979248047,-79.93963623046875,-81.66265106201172,-79.94822692871094,-79.86983489990234,-78.19573974609375,-77.60418701171875,-77.43939208984375,-78.51213836669922,-76.51883697509766,-77.4898452758789,-78.47081756591797,-79.89946746826172,-78.04215240478516,-80.83890533447266,-82.50807189941406,-83.0000228881836,-82.59943389892578,-83.67774963378906,1.0
-82.67639923095703,-82.6182861328125,-83.23599243164062,-81.16555786132812,-82.16558837890625,-83.17576599121094,-83.46002960205078,-81.20671844482422,-82.1621322631836,-83.16847229003906,-82.87862396240234,-81.0029067993164,-80.37532043457031,-81.95935821533203,-82.49812316894531,-82.591552734375,-82.61018371582031,-80.8978500366211,-80.31812286376953,-80.18531036376953,-80.12783813476562,-80.07340240478516,-80.0235595703125,-79.98419189453125,-81.69026947021484,-80.54447937011719,-80.08248138427734,-79.99373626708984,-79.98054504394531,-79.96893310546875,-79.95384979248047,-79.93963623046875,-81.66265106201172,-79.94822692871094,-79.86983489990234,-78.19573974609375,-77.60418701171875,-77.43939208984375,-78.51213836669922,-76.51883697509766,-77.4898452758789,-78.47081756591797,-79.89946746826172,-78.04215240478516,-80.83890533447266,-82.50807189941406,-83.0000228881836,-82.59943389892578,-83.67774963378906,-83.56367492675781,1.0
-82.6182861328125,-83.23599243164062,-81.16555786132812,-82.16558837890625,-83.17576599121094,-83.46002960205078,-81.20671844482422,-82.1621322631836,-83.16847229003906,-82.87862396240234,-81.0029067993164,-80.37532043457031,-81.95935821533203,-82.49812316894531,-82.591552734375,-82.61018371582031,-80.8978500366211,-80.31812286376953,-80.18531036376953,-80.12783813476562,-80.07340240478516,-80.0235595703125,-79.98419189453125,-81.69026947021484,-80.54447937011719,-80.08248138427734,-79.99373626708984,-79.98054504394531,-79.96893310546875,-79.95384979248047,-79.93963623046875,-81.66265106201172,-79.94822692871094,-79.86983489990234,-78.19573974609375,-77.60418701171875,-77.43939208984375,-78.51213836669922,-76.51883697509766,-77.4898452758789,-78.47081756591797,-79.89946746826172,-78.04215240478516,-80.83890533447266,-82.50807189941406,-83.0000228881836,-82.59943389892578,-83.67774963378906,-83.56367492675781,-82.9509048461914,0.0
-83.23599243164062,-81.16555786132812,-82.16558837890625,-83.17576599121094,-83.46002960205078,-81.20671844482422,-82.1621322631836,-83.16847229003906,-82.87862396240234,-81.0029067993164,-80.37532043457031,-81.95935821533203,-82.49812316894531,-82.591552734375,-82.61018371582031,-80.8978500366211,-80.31812286376953,-80.18531036376953,-80.12783813476562,-80.07340240478516,-80.0235595703125,-79.98419189453125,-81.69026947021484,-80.54447937011719,-80.08248138427734,-79.99373626708984,-79.98054504394531,-79.96893310546875,-79.95384979248047,-79.93963623046875,-81.66265106201172,-79.94822692871094,-79.86983489990234,-78.19573974609375,-77.60418701171875,-77.43939208984375,-78.51213836669922,-76.51883697509766,-77.4898452758789,-78.47081756591797,-79.89946746826172,-78.04215240478516,-80.83890533447266,-82.50807189941406,-83.0000228881836,-82.59943389892578,-83.67774963378906,-83.56367492675781,-82.9509048461914,-80.47327423095703,1.0
-81.16555786132812,-82.16558837890625,-83.17576599121094,-83.46002960205078,-81.20671844482422,-82.1621322631836,-83.16847229003906,-82.87862396240234,-81.0029067993164,-80.37532043457031,-81.95935821533203,-82.49812316894531,-82.591552734375,-82.61018371582031,-80.8978500366211,-80.31812286376953,-80.18531036376953,-80.12783813476562,-80.07340240478516,-80.0235595703125,-79.98419189453125,-81.69026947021484,-80.54447937011719,-80.08248138427734,-79.99373626708984,-79.98054504394531,-79.96893310546875,-79.95384979248047,-79.93963623046875,-81.66265106201172,-79.94822692871094,-79.86983489990234,-78.19573974609375,-77.60418701171875,-77.43939208984375,-78.51213836669922,-76.51883697509766,-77.4898452758789,-78.47081756591797,-79.89946746826172,-78.04215240478516,-80.83890533447266,-82.50807189941406,-83.0000228881836,-82.59943389892578,-83.67774963378906,-83.56367492675781,-82.9509048461914,-80.47327423095703,-81.39094543457031,1.0
-82.16558837890625,-83.17576599121094,-83.46002960205078,-81.20671844482422,-82.1621322631836,-83.16847229003906,-82.87862396240234,-81.0029067993164,-80.37532043457031,-81.95935821533203,-82.49812316894531,-82.591552734375,-82.61018371582031,-80.8978500366211,-80.31812286376953,-80.18531036376953,-80.12783813476562,-80.07340240478516,-80.0235595703125,-79.98419189453125,-81.69026947021484,-80.54447937011719,-80.08248138427734,-79.99373626708984,-79.98054504394531,-79.96893310546875,-79.95384979248047,-79.93963623046875,-81.66265106201172,-79.94822692871094,-79.86983489990234,-78.19573974609375,-77.60418701171875,-77.43939208984375,-78.51213836669922,-76.51883697509766,-77.4898452758789,-78.47081756591797,-79.89946746826172,-78.04215240478516,-80.83890533447266,-82.50807189941406,-83.0000228881836,-82.59943389892578,-83.67774963378906,-83.56367492675781,-82.9509048461914,-80.47327423095703,-81.39094543457031,-82.94723510742188,1.0
-83.17576599121094,-83.46002960205078,-81.20671844482422,-82.1621322631836,-83.16847229003906,-82.87862396240234,-81.0029067993164,-80.37532043457031,-81.95935821533203,-82.49812316894531,-82.591552734375,-82.61018371582031,-80.8978500366211,-80.31812286376953,-80.18531036376953,-80.12783813476562,-80.07340240478516,-80.0235595703125,-79.98419189453125,-81.69026947021484,-80.54447937011719,-80.08248138427734,-79.99373626708984,-79.98054504394531,-79.96893310546875,-79.95384979248047,-79.93963623046875,-81.66265106201172,-79.94822692871094,-79.86983489990234,-78.19573974609375,-77.60418701171875,-77.43939208984375,-78.51213836669922,-76.51883697509766,-77.4898452758789,-78.47081756591797,-79.89946746826172,-78.04215240478516,-80.83890533447266,-82.50807189941406,-83.0000228881836,-82.59943389892578,-83.67774963378906,-83.56367492675781,-82.9509048461914,-80.47327423095703,-81.39094543457031,-82.94723510742188,-82.24784851074219,0.0
-83.46002960205078,-81.20671844482422,-82.1621322631836,-83.16847229003906,-82.87862396240234,-81.0029067993164,-80.37532043457031,-81.95935821533203,-82.49812316894531,-82.591552734375,-82.61018371582031,-80.8978500366211,-80.31812286376953,-80.18531036376953,-80.12783813476562,-80.07340240478516,-80.0235595703125,-79.98419189453125,-81.69026947021484,-80.54447937011719,-80.08248138427734,-79.99373626708984,-79.98054504394531,-79.96893310546875,-79.95384979248047,-79.93963623046875,-81.66265106201172,-79.94822692871094,-79.86983489990234,-78.19573974609375,-77.60418701171875,-77.43939208984375,-78.51213836669922,-76.51883697509766,-77.4898452758789,-78.47081756591797,-79.89946746826172,-78.04215240478516,-80.83890533447266,-82.50807189941406,-83.0000228881836,-82.59943389892578,-83.67774963378906,-83.56367492675781,-82.9509048461914,-80.47327423095703,-81.39094543457031,-82.94723510742188,-82.24784851074219,-81.92445373535156,0.0
-81.20671844482422,-82.1621322631836,-83.16847229003906,-82.87862396240234,-81.0029067993164,-80.37532043457031,-81.95935821533203,-82.49812316894531,-82.591552734375,-82.61018371582031,-80.8978500366211,-80.31812286376953,-80.18531036376953,-80.12783813476562,-80.07340240478516,-80.0235595703125,-79.98419189453125,-81.69026947021484,-80.54447937011719,-80.08248138427734,-79.99373626708984,-79.98054504394531,-79.96893310546875,-79.95384979248047,-79.93963623046875,-81.66265106201172,-79.94822692871094,-79.86983489990234,-78.19573974609375,-77.60418701171875,-77.43939208984375,-78.51213836669922,-76.51883697509766,-77.4898452758789,-78.47081756591797,-79.89946746826172,-78.04215240478516,-80.83890533447266,-82.50807189941406,-83.0000228881836,-82.59943389892578,-83.67774963378906,-83.56367492675781,-82.9509048461914,-80.47327423095703,-81.39094543457031,-82.94723510742188,-82.24784851074219,-81.92445373535156,-82.42770385742188,0.0
-82.1621322631836,-83.16847229003906,-82.87862396240234,-81.0029067993164,-80.37532043457031,-81.95935821533203,-82.49812316894531,-82.591552734375,-82.61018371582031,-80.8978500366211,-80.31812286376953,-80.18531036376953,-80.12783813476562,-80.07340240478516,-80.0235595703125,-79.98419189453125,-81.69026947021484,-80.54447937011719,-80.08248138427734,-79.99373626708984,-79.98054504394531,-79.96893310546875,-79.95384979248047,-79.93963623046875,-81.66265106201172,-79.94822692871094,-79.86983489990234,-78.19573974609375,-77.60418701171875,-77.43939208984375,-78.51213836669922,-76.51883697509766,-77.4898452758789,-78.47081756591797,-79.89946746826172,-78.04215240478516,-80.83890533447266,-82.50807189941406,-83.0000228881836,-82.59943389892578,-83.67774963378906,-83.56367492675781,-82.9509048461914,-80.47327423095703,-81.39094543457031,-82.94723510742188,-82.24784851074219,-81.92445373535156,-82.42770385742188,-82.03758239746094,0.0
-83.16847229003906,-82.87862396240234,-81.0029067993164,-80.37532043457031,-81.95935821533203,-82.49812316894531,-82.591552734375,-82.61018371582031,-80.8978500366211,-80.31812286376953,-80.18531036376953,-80.12783813476562,-80.07340240478516,-80.0235595703125,-79.98419189453125,-81.69026947021484,-80.54447937011719,-80.08248138427734,-79.99373626708984,-79.98054504394531,-79.96893310546875,-79.95384979248047,-79.93963623046875,-81.66265106201172,-79.94822692871094,-79.86983489990234,-78.19573974609375,-77.60418701171875,-77.43939208984375,-78.51213836669922,-76.51883697509766,-77.4898452758789,-78.47081756591797,-79.89946746826172,-78.04215240478516,-80.83890533447266,-82.50807189941406,-83.0000228881836,-82.59943389892578,-83.67774963378906,-83.56367492675781,-82.9509048461914,-80.47327423095703,-81.39094543457031,-82.94723510742188,-82.24784851074219,-81.92445373535156,-82.42770385742188,-82.03758239746094,-81.87926483154297,1.0
-82.87862396240234,-81.0029067993164,-80.37532043457031,-81.95935821533203,-82.49812316894531,-82.591552734375,-82.61018371582031,-80.8978500366211,-80.31812286376953,-80.18531036376953,-80.12783813476562,-80.07340240478516,-80.0235595703125,-79.98419189453125,-81.69026947021484,-80.54447937011719,-80.08248138427734,-79.99373626708984,-79.98054504394531,-79.96893310546875,-79.95384979248047,-79.93963623046875,-81.66265106201172,-79.94822692871094,-79.86983489990234,-78.19573974609375,-77.60418701171875,-77.43939208984375,-78.51213836669922,-76.51883697509766,-77.4898452758789,-78.47081756591797,-79.89946746826172,-78.04215240478516,-80.83890533447266,-82.50807189941406,-83.0000228881836,-82.59943389892578,-83.67774963378906,-83.56367492675781,-82.9509048461914,-80.47327423095703,-81.39094543457031,-82.94723510742188,-82.24784851074219,-81.92445373535156,-82.42770385742188,-82.03758239746094,-81.87926483154297,-82.42095947265625,1.0
-81.0029067993164,-80.37532043457031,-81.95935821533203,-82.49812316894531,-82.591552734375,-82.61018371582031,-80.8978500366211,-80.31812286376953,-80.18531036376953,-80.12783813476562,-80.07340240478516,-80.0235595703125,-79.98419189453125,-81.69026947021484,-80.54447937011719,-80.08248138427734,-79.99373626708984,-79.98054504394531,-79.96893310546875,-79.95384979248047,-79.93963623046875,-81.66265106201172,-79.94822692871094,-79.86983489990234,-78.19573974609375,-77.60418701171875,-77.43939208984375,-78.51213836669922,-76.51883697509766,-77.4898452758789,-78.47081756591797,-79.89946746826172,-78.04215240478516,-80.83890533447266,-82.50807189941406,-83.0000228881836,-82.59943389892578,-83.67774963378906,-83.56367492675781,-82.9509048461914,-80.47327423095703,-81.39094543457031,-82.94723510742188,-82.24784851074219,-81.92445373535156,-82.42770385742188,-82.03758239746094,-81.87926483154297,-82.42095947265625,-81.45646667480469,1.0
-80.37532043457031,-81.95935821533203,-82.49812316894531,-82.591552734375,-82.61018371582031,-80.8978500366211,-80.31812286376953,-80.18531036376953,-80.12783813476562,-80.07340240478516,-80.0235595703125,-79.98419189453125,-81.69026947021484,-80.54447937011719,-80.08248138427734,-79.99373626708984,-79.98054504394531,-79.96893310546875,-79.95384979248047,-79.93963623046875,-81.66265106201172,-79.94822692871094,-79.86983489990234,-78.19573974609375,-77.60418701171875,-77.43939208984375,-78.51213836669922,-76.51883697509766,-77.4898452758789,-78.47081756591797,-79.89946746826172,-78.04215240478516,-80.83890533447266,-82.50807189941406,-83.0000228881836,-82.59943389892578,-83.67774963378906,-83.56367492675781,-82.9509048461914,-80.47327423095703,-81.39094543457031,-82.94723510742188,-82.24784851074219,-81.92445373535156,-82.42770385742188,-82.03758239746094,-81.87926483154297,-82.42095947265625,-81.45646667480469,-80.5165786743164,1.0
-81.95935821533203,-82.49812316894531,-82.591552734375,-82.61018371582031,-80.8978500366211,-80.31812286376953,-80.18531036376953,-80.12783813476562,-80.07340240478516,-80.0235595703125,-79.98419189453125,-81.69026947021484,-80.54447937011719,-80.08248138427734,-79.99373626708984,-79.98054504394531,-79.96893310546875,-79.95384979248047,-79.93963623046875,-81.66265106201172,-79.94822692871094,-79.86983489990234,-78.19573974609375,-77.60418701171875,-77.43939208984375,-78.51213836669922,-76.51883697509766,-77.4898452758789,-78.47081756591797,-79.89946746826172,-78.04215240478516,-80.83890533447266,-82.50807189941406,-83.0000228881836,-82.59943389892578,-83.67774963378906,-83.56367492675781,-82.9509048461914,-80.47327423095703,-81.39094543457031,-82.94723510742188,-82.24784851074219,-81.92445373535156,-82.42770385742188,-82.03758239746094,-81.87926483154297,-82.42095947265625,-81.45646667480469,-80.5165786743164,-80.80504608154297,0.0
-82.49812316894531,-82.591552734375,-82.61018371582031,-80.8978500366211,-80.31812286376953,-80.18531036376953,-80.12783813476562,-80.07340240478516,-80.0235595703125,-79.98419189453125,-81.69026947021484,-80.54447937011719,-80.08248138427734,-79.99373626708984,-79.98054504394531,-79.96893310546875,-79.95384979248047,-79.93963623046875,-81.66265106201172,-79.94822692871094,-79.86983489990234,-78.19573974609375,-77.60418701171875,-77.43939208984375,-78.51213836669922,-76.51883697509766,-77.4898452758789,-78.47081756591797,-79.89946746826172,-78.04215240478516,-80.83890533447266,-82.50807189941406,-83.0000228881836,-82.59943389892578,-83.67774963378906,-83.56367492675781,-82.9509048461914,-80.47327423095703,-81.39094543457031,-82.94723510742188,-82.24784851074219,-81.92445373535156,-82.42770385742188,-82.03758239746094,-81.87926483154297,-82.42095947265625,-81.45646667480469,-80.5165786743164,-80.80504608154297,-82.07557678222656,0.0
-82.591552734375,-82.61018371582031,-80.8978500366211,-80.31812286376953,-80.18531036376953,-80.12783813476562,-80.07340240478516,-80.0235595703125,-79.98419189453125,-81.69026947021484,-80.54447937011719,-80.08248138427734,-79.99373626708984,-79.98054504394531,-79.96893310546875,-79.95384979248047,-79.93963623046875,-81.66265106201172,-79.94822692871094,-79.86983489990234,-78.19573974609375,-77.60418701171875,-77.43939208984375,-78.51213836669922,-76.51883697509766,-77.4898452758789,-78.47081756591797,-79.89946746826172,-78.04215240478516,-80.83890533447266,-82.50807189941406,-83.0000228881836,-82.59943389892578,-83.67774963378906,-83.56367492675781,-82.9509048461914,-80.47327423095703,-81.39094543457031,-82.94723510742188,-82.24784851074219,-81.92445373535156,-82.42770385742188,-82.03758239746094,-81.87926483154297,-82.42095947265625,-81.45646667480469,-80.5165786743164,-80.80504608154297,-82.07557678222656,-83.05393981933594,0.0
-82.61018371582031,-80.8978500366211,-80.31812286376953,-80.18531036376953,-80.12783813476562,-80.07340240478516,-80.0235595703125,-79.98419189453125,-81.69026947021484,-80.54447937011719,-80.08248138427734,-79.99373626708984,-79.98054504394531,-79.96893310546875,-79.95384979248047,-79.93963623046875,-81.66265106201172,-79.94822692871094,-79.86983489990234,-78.19573974609375,-77.60418701171875,-77.43939208984375,-78.51213836669922,-76.51883697509766,-77.4898452758789,-78.47081756591797,-79.89946746826172,-78.04215240478516,-80.83890533447266,-82.50807189941406,-83.0000228881836,-82.59943389892578,-83.67774963378906,-83.56367492675781,-82.9509048461914,-80.47327423095703,-81.39094543457031,-82.94723510742188,-82.24784851074219,-81.92445373535156,-82.42770385742188,-82.03758239746094,-81.87926483154297,-82.42095947265625,-81.45646667480469,-80.5165786743164,-80.80504608154297,-82.07557678222656,-83.05393981933594,-83.33602905273438,1.0
-80.8978500366211,-80.31812286376953,-80.18531036376953,-80.12783813476562,-80.07340240478516,-80.0235595703125,-79.98419189453125,-81.69026947021484,-80.54447937011719,-80.08248138427734,-79.99373626708984,-79.98054504394531,-79.96893310546875,-79.95384979248047,-79.93963623046875,-81.66265106201172,-79.94822692871094,-79.86983489990234,-78.19573974609375,-77.60418701171875,-77.43939208984375,-78.51213836669922,-76.51883697509766,-77.4898452758789,-78.47081756591797,-79.89946746826172,-78.04215240478516,-80.83890533447266,-82.50807189941406,-83.0000228881836,-82.59943389892578,-83.67774963378906,-83.56367492675781,-82.9509048461914,-80.47327423095703,-81.39094543457031,-82.94723510742188,-82.24784851074219,-81.92445373535156,-82.42770385742188,-82.03758239746094,-81.87926483154297,-82.42095947265625,-81.45646667480469,-80.5165786743164,-80.80504608154297,-82.07557678222656,-83.05393981933594,-83.33602905273438,-80.52813720703125,0.0
-80.31812286376953,-80.18531036376953,-80.12783813476562,-80.07340240478516,-80.0235595703125,-79.98419189453125,-81.69026947021484,-80.54447937011719,-80.08248138427734,-79.99373626708984,-79.98054504394531,-79.96893310546875,-79.95384979248047,-79.93963623046875,-81.66265106201172,-79.94822692871094,-79.86983489990234,-78.19573974609375,-77.60418701171875,-77.43939208984375,-78.51213836669922,-76.51883697509766,-77.4898452758789,-78.47081756591797,-79.89946746826172,-78.04215240478516,-80.83890533447266,-82.50807189941406,-83.0000228881836,-82.59943389892578,-83.67774963378906,-83.56367492675781,-82.9509048461914,-80.47327423095703,-81.39094543457031,-82.94723510742188,-82.24784851074219,-81.92445373535156,-82.42770385742188,-82.03758239746094,-81.87926483154297,-82.42095947265625,-81.45646667480469,-80.5165786743164,-80.80504608154297,-82.07557678222656,-83.05393981933594,-83.33602905273438,-80.52813720703125,-79.5763168334961,0.0
-80.18531036376953,-80.12783813476562,-80.07340240478516,-80.0235595703125,-79.98419189453125,-81.69026947021484,-80.54447937011719,-80.08248138427734,-79.99373626708984,-79.98054504394531,-79.96893310546875,-79.95384979248047,-79.93963623046875,-81.66265106201172,-79.94822692871094,-79.86983489990234,-78.19573974609375,-77.60418701171875,-77.43939208984375,-78.51213836669922,-76.51883697509766,-77.4898452758789,-78.47081756591797,-79.89946746826172,-78.04215240478516,-80.83890533447266,-82.50807189941406,-83.0000228881836,-82.59943389892578,-83.67774963378906,-83.56367492675781,-82.9509048461914,-80.47327423095703,-81.39094543457031,-82.94723510742188,-82.24784851074219,-81.92445373535156,-82.42770385742188,-82.03758239746094,-81.87926483154297,-82.42095947265625,-81.45646667480469,-80.5165786743164,-80.80504608154297,-82.07557678222656,-83.05393981933594,-83.33602905273438,-80.52813720703125,-79.5763168334961,-78.79052734375,0.0
-80.12783813476562,-80.07340240478516,-80.0235595703125,-79.98419189453125,-81.69026947021484,-80.54447937011719,-80.08248138427734,-79.99373626708984,-79.98054504394531,-79.96893310546875,-79.95384979248047,-79.93963623046875,-81.66265106201172,-79.94822692871094,-79.86983489990234,-78.19573974609375,-77.60418701171875,-77.43939208984375,-78.51213836669922,-76.51883697509766,-77.4898452758789,-78.47081756591797,-79.89946746826172,-78.04215240478516,-80.83890533447266,-82.50807189941406,-83.0000228881836,-82.59943389892578,-83.67774963378906,-83.56367492675781,-82.9509048461914,-80.47327423095703,-81.39094543457031,-82.94723510742188,-82.24784851074219,-81.92445373535156,-82.42770385742188,-82.03758239746094,-81.87926483154297,-82.42095947265625,-81.45646667480469,-80.5165786743164,-80.80504608154297,-82.07557678222656,-83.05393981933594,-83.33602905273438,-80.52813720703125,-79.5763168334961,-78.79052734375,-79.66690063476562,0.0
-80.07340240478516,-80.0235595703125,-79.98419189453125,-81.69026947021484,-80.54447937011719,-80.08248138427734,-79.99373626708984,-79.98054504394531,-79.96893310546875,-79.95384979248047,-79.93963623046875,-81.66265106201172,-79.94822692871094,-79.86983489990234,-78.19573974609375,-77.60418701171875,-77.43939208984375,-78.51213836669922,-76.51883697509766,-77.4898452758789,-78.47081756591797,-79.89946746826172,-78.04215240478516,-80.83890533447266,-82.50807189941406,-83.0000228881836,-82.59943389892578,-83.67774963378906,-83.56367492675781,-82.9509048461914,-80.47327423095703,-81.39094543457031,-82.94723510742188,-82.24784851074219,-81.92445373535156,-82.42770385742188,-82.03758239746094,-81.87926483154297,-82.42095947265625,-81.45646667480469,-80.5165786743164,-80.80504608154297,-82.07557678222656,-83.05393981933594,-83.33602905273438,-80.52813720703125,-79.5763168334961,-78.79052734375,-79.66690063476562,-79.94234466552734,0.0
-80.0235595703125,-79.98419189453125,-81.69026947021484,-80.54447937011719,-80.08248138427734,-79.99373626708984,-79.98054504394531,-79.96893310546875,-79.95384979248047,-79.93963623046875,-81.66265106201172,-79.94822692871094,-79.86983489990234,-78.19573974609375,-77.60418701171875,-77.43939208984375,-78.51213836669922,-76.51883697509766,-77.4898452758789,-78.47081756591797,-79.89946746826172,-78.04215240478516,-80.83890533447266,-82.50807189941406,-83.0000228881836,-82.59943389892578,-83.67774963378906,-83.56367492675781,-82.9509048461914,-80.47327423095703,-81.39094543457031,-82.94723510742188,-82.24784851074219,-81.92445373535156,-82.42770385742188,-82.03758239746094,-81.87926483154297,-82.42095947265625,-81.45646667480469,-80.5165786743164,-80.80504608154297,-82.07557678222656,-83.05393981933594,-83.33602905273438,-80.52813720703125,-79.5763168334961,-78.79052734375,-79.66690063476562,-79.94234466552734,-78.20868682861328,0.0
-79.98419189453125,-81.69026947021484,-80.54447937011719,-80.08248138427734,-79.99373626708984,-79.98054504394531,-79.96893310546875,-79.95384979248047,-79.93963623046875,-81.66265106201172,-79.94822692871094,-79.86983489990234,-78.19573974609375,-77.60418701171875,-77.43939208984375,-78.51213836669922,-76.51883697509766,-77.4898452758789,-78.47081756591797,-79.89946746826172,-78.04215240478516,-80.83890533447266,-82.50807189941406,-83.0000228881836,-82.59943389892578,-83.67774963378906,-83.56367492675781,-82.9509048461914,-80.47327423095703,-81.39094543457031,-82.94723510742188,-82.24784851074219,-81.92445373535156,-82.42770385742188,-82.03758239746094,-81.87926483154297,-82.42095947265625,-81.45646667480469,-80.5165786743164,-80.80504608154297,-82.07557678222656,-83.05393981933594,-83.33602905273438,-80.52813720703125,-79.5763168334961,-78.79052734375,-79.66690063476562,-79.94234466552734,-78.20868682861328,-77.56977081298828,0.0
-81.69026947021484,-80.54447937011719,-80.08248138427734,-79.99373626708984,-79.98054504394531,-79.96893310546875,-79.95384979248047,-79.93963623046875,-81.66265106201172,-79.94822692871094,-79.86983489990234,-78.19573974609375,-77.60418701171875,-77.43939208984375,-78.51213836669922,-76.51883697509766,-77.4898452758789,-78.47081756591797,-79.89946746826172,-78.04215240478516,-80.83890533447266,-82.50807189941406,-83.0000228881836,-82.59943389892578,-83.67774963378906,-83.56367492675781,-82.9509048461914,-80.47327423095703,-81.39094543457031,-82.94723510742188,-82.24784851074219,-81.92445373535156,-82.42770385742188,-82.03758239746094,-81.87926483154297,-82.42095947265625,-81.45646667480469,-80.5165786743164,-80.80504608154297,-82.07557678222656,-83.05393981933594,-83.33602905273438,-80.52813720703125,-79.5763168334961,-78.79052734375,-79.66690063476562,-79.94234466552734,-78.20868682861328,-77.56977081298828,-79.13431549072266,0.0
-80.54447937011719,-80.08248138427734,-79.99373626708984,-79.98054504394531,-79.96893310546875,-79.95384979248047,-79.93963623046875,-81.66265106201172,-79.94822692871094,-79.86983489990234,-78.19573974609375,-77.60418701171875,-77.43939208984375,-78.51213836669922,-76.51883697509766,-77.4898452758789,-78.47081756591797,-79.89946746826172,-78.04215240478516,-80.83890533447266,-82.50807189941406,-83.0000228881836,-82.59943389892578,-83.67774963378906,-83.56367492675781,-82.9509048461914,-80.47327423095703,-81.39094543457031,-82.94723510742188,-82.24784851074219,-81.92445373535156,-82.42770385742188,-82.03758239746094,-81.87926483154297,-82.42095947265625,-81.45646667480469,-80.5165786743164,-80.80504608154297,-82.07557678222656,-83.05393981933594,-83.33602905273438,-80.52813720703125,-79.5763168334961,-78.79052734375,-79.66690063476562,-79.94234466552734,-78.20868682861328,-77.56977081298828,-79.13431549072266,-79.66262817382812,0.0
-80.08248138427734,-79.99373626708984,-79.98054504394531,-79.96893310546875,-79.95384979248047,-79.93963623046875,-81.66265106201172,-79.94822692871094,-79.86983489990234,-78.19573974609375,-77.60418701171875,-77.43939208984375,-78.51213836669922,-76.51883697509766,-77.4898452758789,-78.47081756591797,-79.89946746826172,-78.04215240478516,-80.83890533447266,-82.50807189941406,-83.0000228881836,-82.59943389892578,-83.67774963378906,-83.56367492675781,-82.9509048461914,-80.47327423095703,-81.39094543457031,-82.94723510742188,-82.24784851074219,-81.92445373535156,-82.42770385742188,-82.03758239746094,-81.87926483154297,-82.42095947265625,-81.45646667480469,-80.5165786743164,-80.80504608154297,-82.07557678222656,-83.05393981933594,-83.33602905273438,-80.52813720703125,-79.5763168334961,-78.79052734375,-79.66690063476562,-79.94234466552734,-78.20868682861328,-77.56977081298828,-79.13431549072266,-79.66262817382812,-79.75416564941406,0.0
-79.99373626708984,-79.98054504394531,-79.96893310546875,-79.95384979248047,-79.93963623046875,-81.66265106201172,-79.94822692871094,-79.86983489990234,-78.19573974609375,-77.60418701171875,-77.43939208984375,-78.51213836669922,-76.51883697509766,-77.4898452758789,-78.47081756591797,-79.89946746826172,-78.04215240478516,-80.83890533447266,-82.50807189941406,-83.0000228881836,-82.59943389892578,-83.67774963378906,-83.56367492675781,-82.9509048461914,-80.47327423095703,-81.39094543457031,-82.94723510742188,-82.24784851074219,-81.92445373535156,-82.42770385742188,-82.03758239746094,-81.87926483154297,-82.42095947265625,-81.45646667480469,-80.5165786743164,-80.80504608154297,-82.07557678222656,-83.05393981933594,-83.33602905273438,-80.52813720703125,-79.5763168334961,-78.79052734375,-79.66690063476562,-79.94234466552734,-78.20868682861328,-77.56977081298828,-79.13431549072266,-79.66262817382812,-79.75416564941406,-79.19510650634766,1.0
-79.98054504394531,-79.96893310546875,-79.95384979248047,-79.93963623046875,-81.66265106201172,-79.94822692871094,-79.86983489990234,-78.19573974609375,-77.60418701171875,-77.43939208984375,-78.51213836669922,-76.51883697509766,-77.4898452758789,-78.47081756591797,-79.89946746826172,-78.04215240478516,-80.83890533447266,-82.50807189941406,-83.0000228881836,-82.59943389892578,-83.67774963378906,-83.56367492675781,-82.9509048461914,-80.47327423095703,-81.39094543457031,-82.94723510742188,-82.24784851074219,-81.92445373535156,-82.42770385742188,-82.03758239746094,-81.87926483154297,-82.42095947265625,-81.45646667480469,-80.5165786743164,-80.80504608154297,-82.07557678222656,-83.05393981933594,-83.33602905273438,-80.52813720703125,-79.5763168334961,-78.79052734375,-79.66690063476562,-79.94234466552734,-78.20868682861328,-77.56977081298828,-79.13431549072266,-79.66262817382812,-79.75416564941406,-79.19510650634766,-80.17533874511719,1.0
-79.96893310546875,-79.95384979248047,-79.93963623046875,-81.66265106201172,-79.94822692871094,-79.86983489990234,-78.19573974609375,-77.60418701171875,-77.43939208984375,-78.51213836669922,-76.51883697509766,-77.4898452758789,-78.47081756591797,-79.89946746826172,-78.04215240478516,-80.83890533447266,-82.50807189941406,-83.0000228881836,-82.59943389892578,-83.67774963378906,-83.56367492675781,-82.9509048461914,-80.47327423095703,-81.39094543457031,-82.94723510742188,-82.24784851074219,-81.92445373535156,-82.42770385742188,-82.03758239746094,-81.87926483154297,-82.42095947265625,-81.45646667480469,-80.5165786743164,-80.80504608154297,-82.07557678222656,-83.05393981933594,-83.33602905273438,-80.52813720703125,-79.5763168334961,-78.79052734375,-79.66690063476562,-79.94234466552734,-78.20868682861328,-77.56977081298828,-79.13431549072266,-79.66262817382812,-79.75416564941406,-79.19510650634766,-80.17533874511719,-76.49485778808594,1.0
-79.95384979248047,-79.93963623046875,-81.66265106201172,-79.94822692871094,-79.86983489990234,-78.19573974609375,-77.60418701171875,-77.43939208984375,-78.51213836669922,-76.51883697509766,-77.4898452758789,-78.47081756591797,-79.89946746826172,-78.04215240478516,-80.83890533447266,-82.50807189941406,-83.0000228881836,-82.59943389892578,-83.67774963378906,-83.56367492675781,-82.9509048461914,-80.47327423095703,-81.39094543457031,-82.94723510742188,-82.24784851074219,-81.92445373535156,-82.42770385742188,-82.03758239746094,-81.87926483154297,-82.42095947265625,-81.45646667480469,-80.5165786743164,-80.80504608154297,-82.07557678222656,-83.05393981933594,-83.33602905273438,-80.52813720703125,-79.5763168334961,-78.79052734375,-79.66690063476562,-79.94234466552734,-78.20868682861328,-77.56977081298828,-79.13431549072266,-79.66262817382812,-79.75416564941406,-79.19510650634766,-80.17533874511719,-76.49485778808594,-79.23977661132812,0.0
-79.93963623046875,-81.66265106201172,-79.94822692871094,-79.86983489990234,-78.19573974609375,-77.60418701171875,-77.43939208984375,-78.51213836669922,-76.51883697509766,-77.4898452758789,-78.47081756591797,-79.89946746826172,-78.04215240478516,-80.83890533447266,-82.50807189941406,-83.0000228881836,-82.59943389892578,-83.67774963378906,-83.56367492675781,-82.9509048461914,-80.47327423095703,-81.39094543457031,-82.94723510742188,-82.24784851074219,-81.92445373535156,-82.42770385742188,-82.03758239746094,-81.87926483154297,-82.42095947265625,-81.45646667480469,-80.5165786743164,-80.80504608154297,-82.07557678222656,-83.05393981933594,-83.33602905273438,-80.52813720703125,-79.5763168334961,-78.79052734375,-79.66690063476562,-79.94234466552734,-78.20868682861328,-77.56977081298828,-79.13431549072266,-79.66262817382812,-79.75416564941406,-79.19510650634766,-80.17533874511719,-76.49485778808594,-79.23977661132812,-81.49717712402344,0.0
-81.66265106201172,-79.94822692871094,-79.86983489990234,-78.19573974609375,-77.60418701171875,-77.43939208984375,-78.51213836669922,-76.51883697509766,-77.4898452758789,-78.47081756591797,-79.89946746826172,-78.04215240478516,-80.83890533447266,-82.50807189941406,-83.0000228881836,-82.59943389892578,-83.67774963378906,-83.56367492675781,-82.9509048461914,-80.47327423095703,-81.39094543457031,-82.94723510742188,-82.24784851074219,-81.92445373535156,-82.42770385742188,-82.03758239746094,-81.87926483154297,-82.42095947265625,-81.45646667480469,-80.5165786743164,-80.80504608154297,-82.07557678222656,-83.05393981933594,-83.33602905273438,-80.52813720703125,-79.5763168334961,-78.79052734375,-79.66690063476562,-79.94234466552734,-78.20868682861328,-77.56977081298828,-79.13431549072266,-79.66262817382812,-79.75416564941406,-79.19510650634766,-80.17533874511719,-76.49485778808594,-79.23977661132812,-81.49717712402344,-82.7093276977539,0.0
-79.94822692871094,-79.86983489990234,-78.19573974609375,-77.60418701171875,-77.43939208984375,-78.51213836669922,-76.51883697509766,-77.4898452758789,-78.47081756591797,-79.89946746826172,-78.04215240478516,-80.83890533447266,-82.50807189941406,-83.0000228881836,-82.59943389892578,-83.67774963378906,-83.56367492675781,-82.9509048461914,-80.47327423095703,-81.39094543457031,-82.94723510742188,-82.24784851074219,-81.92445373535156,-82.42770385742188,-82.03758239746094,-81.87926483154297,-82.42095947265625,-81.45646667480469,-80.5165786743164,-80.80504608154297,-82.07557678222656,-83.05393981933594,-83.33602905273438,-80.52813720703125,-79.5763168334961,-78.79052734375,-79.66690063476562,-79.94234466552734,-78.20868682861328,-77.56977081298828,-79.13431549072266,-79.66262817382812,-79.75416564941406,-79.19510650634766,-80.17533874511719,-76.49485778808594,-79.23977661132812,-81.49717712402344,-82.7093276977539,-83.64546966552734,0.0
-79.86983489990234,-78.19573974609375,-77.60418701171875,-77.43939208984375,-78.51213836669922,-76.51883697509766,-77.4898452758789,-78.47081756591797,-79.89946746826172,-78.04215240478516,-80.83890533447266,-82.50807189941406,-83.0000228881836,-82.59943389892578,-83.67774963378906,-83.56367492675781,-82.9509048461914,-80.47327423095703,-81.39094543457031,-82.94723510742188,-82.24784851074219,-81.92445373535156,-82.42770385742188,-82.03758239746094,-81.87926483154297,-82.42095947265625,-81.45646667480469,-80.5165786743164,-80.80504608154297,-82.07557678222656,-83.05393981933594,-83.33602905273438,-80.52813720703125,-79.5763168334961,-78.79052734375,-79.66690063476562,-79.94234466552734,-78.20868682861328,-77.56977081298828,-79.13431549072266,-79.66262817382812,-79.75416564941406,-79.19510650634766,-80.17533874511719,-76.49485778808594,-79.23977661132812,-81.49717712402344,-82.7093276977539,-83.64546966552734,-83.99484252929688,1.0
-78.19573974609375,-77.60418701171875,-77.43939208984375,-78.51213836669922,-76.51883697509766,-77.4898452758789,-78.47081756591797,-79.89946746826172,-78.04215240478516,-80.83890533447266,-82.50807189941406,-83.0000228881836,-82.59943389892578,-83.67774963378906,-83.56367492675781,-82.9509048461914,-80.47327423095703,-81.39094543457031,-82.94723510742188,-82.24784851074219,-81.92445373535156,-82.42770385742188,-82.03758239746094,-81.87926483154297,-82.42095947265625,-81.45646667480469,-80.5165786743164,-80.80504608154297,-82.07557678222656,-83.05393981933594,-83.33602905273438,-80.52813720703125,-79.5763168334961,-78.79052734375,-79.66690063476562,-79.94234466552734,-78.20868682861328,-77.56977081298828,-79.13431549072266,-79.66262817382812,-79.75416564941406,-79.19510650634766,-80.17533874511719,-76.49485778808594,-79.23977661132812,-81.49717712402344,-82.7093276977539,-83.64546966552734,-83.99484252929688,-84.73958587646484,0.0
-77.60418701171875,-77.43939208984375,-78.51213836669922,-76.51883697509766,-77.4898452758789,-78.47081756591797,-79.89946746826172,-78.04215240478516,-80.83890533447266,-82.50807189941406,-83.0000228881836,-82.59943389892578,-83.67774963378906,-83.56367492675781,-82.9509048461914,-80.47327423095703,-81.39094543457031,-82.94723510742188,-82.24784851074219,-81.92445373535156,-82.42770385742188,-82.03758239746094,-81.87926483154297,-82.42095947265625,-81.45646667480469,-80.5165786743164,-80.80504608154297,-82.07557678222656,-83.05393981933594,-83.33602905273438,-80.52813720703125,-79.5763168334961,-78.79052734375,-79.66690063476562,-79.94234466552734,-78.20868682861328,-77.56977081298828,-79.13431549072266,-79.66262817382812,-79.75416564941406,-79.19510650634766,-80.17533874511719,-76.49485778808594,-79.23977661132812,-81.49717712402344,-82.7093276977539,-83.64546966552734,-83.99484252929688,-84.73958587646484,-85.06829833984375,0.0
-77.43939208984375,-78.51213836669922,-76.51883697509766,-77.4898452758789,-78.47081756591797,-79.89946746826172,-78.04215240478516,-80.83890533447266,-82.50807189941406,-83.0000228881836,-82.59943389892578,-83.67774963378906,-83.56367492675781,-82.9509048461914,-80.47327423095703,-81.39094543457031,-82.94723510742188,-82.24784851074219,-81.92445373535156,-82.42770385742188,-82.03758239746094,-81.87926483154297,-82.42095947265625,-81.45646667480469,-80.5165786743164,-80.80504608154297,-82.07557678222656,-83.05393981933594,-83.33602905273438,-80.52813720703125,-79.5763168334961,-78.79052734375,-79.66690063476562,-79.94234466552734,-78.20868682861328,-77.56977081298828,-79.13431549072266,-79.66262817382812,-79.75416564941406,-79.19510650634766,-80.17533874511719,-76.49485778808594,-79.23977661132812,-81.49717712402344,-82.7093276977539,-83.64546966552734,-83.99484252929688,-84.73958587646484,-85.06829833984375,-84.06999206542969,0.0
-78.51213836669922,-76.51883697509766,-77.4898452758789,-78.47081756591797,-79.89946746826172,-78.04215240478516,-80.83890533447266,-82.50807189941406,-83.0000228881836,-82.59943389892578,-83.67774963378906,-83.56367492675781,-82.9509048461914,-80.47327423095703,-81.39094543457031,-82.94723510742188,-82.24784851074219,-81.92445373535156,-82.42770385742188,-82.03758239746094,-81.87926483154297,-82.42095947265625,-81.45646667480469,-80.5165786743164,-80.80504608154297,-82.07557678222656,-83.05393981933594,-83.33602905273438,-80.52813720703125,-79.5763168334961,-78.79052734375,-79.66690063476562,-79.94234466552734,-78.20868682861328,-77.56977081298828,-79.13431549072266,-79.66262817382812,-79.75416564941406,-79.19510650634766,-80.17533874511719,-76.49485778808594,-79.23977661132812,-81.49717712402344,-82.7093276977539,-83.64546966552734,-83.99484252929688,-84.73958587646484,-85.06829833984375,-84.06999206542969,-83.76787567138672,0.0
-76.51883697509766,-77.4898452758789,-78.47081756591797,-79.89946746826172,-78.04215240478516,-80.83890533447266,-82.50807189941406,-83.0000228881836,-82.59943389892578,-83.67774963378906,-83.56367492675781,-82.9509048461914,-80.47327423095703,-81.39094543457031,-82.94723510742188,-82.24784851074219,-81.92445373535156,-82.42770385742188,-82.03758239746094,-81.87926483154297,-82.42095947265625,-81.45646667480469,-80.5165786743164,-80.80504608154297,-82.07557678222656,-83.05393981933594,-83.33602905273438,-80.52813720703125,-79.5763168334961,-78.79052734375,-79.66690063476562,-79.94234466552734,-78.20868682861328,-77.56977081298828,-79.13431549072266,-79.66262817382812,-79.75416564941406,-79.19510650634766,-80.17533874511719,-76.49485778808594,-79.23977661132812,-81.49717712402344,-82.7093276977539,-83.64546966552734,-83.99484252929688,-84.73958587646484,-85.06829833984375,-84.06999206542969,-83.76787567138672,-84.89059448242188,0.0
-77.4898452758789,-78.47081756591797,-79.89946746826172,-78.04215240478516,-80.83890533447266,-82.50807189941406,-83.0000228881836,-82.59943389892578,-83.67774963378906,-83.56367492675781,-82.9509048461914,-80.47327423095703,-81.39094543457031,-82.94723510742188,-82.24784851074219,-81.92445373535156,-82.42770385742188,-82.03758239746094,-81.87926483154297,-82.42095947265625,-81.45646667480469,-80.5165786743164,-80.80504608154297,-82.07557678222656,-83.05393981933594,-83.33602905273438,-80.52813720703125,-79.5763168334961,-78.79052734375,-79.66690063476562,-79.94234466552734,-78.20868682861328,-77.56977081298828,-79.13431549072266,-79.66262817382812,-79.75416564941406,-79.19510650634766,-80.17533874511719,-76.49485778808594,-79.23977661132812,-81.49717712402344,-82.7093276977539,-83.64546966552734,-83.99484252929688,-84.73958587646484,-85.06829833984375,-84.06999206542969,-83.76787567138672,-84.89059448242188,-84.14616394042969,1.0
-78.47081756591797,-79.89946746826172,-78.04215240478516,-80.83890533447266,-82.50807189941406,-83.0000228881836,-82.59943389892578,-83.67774963378906,-83.56367492675781,-82.9509048461914,-80.47327423095703,-81.39094543457031,-82.94723510742188,-82.24784851074219,-81.92445373535156,-82.42770385742188,-82.03758239746094,-81.87926483154297,-82.42095947265625,-81.45646667480469,-80.5165786743164,-80.80504608154297,-82.07557678222656,-83.05393981933594,-83.33602905273438,-80.52813720703125,-79.5763168334961,-78.79052734375,-79.66690063476562,-79.94234466552734,-78.20868682861328,-77.56977081298828,-79.13431549072266,-79.66262817382812,-79.75416564941406,-79.19510650634766,-80.17533874511719,-76.49485778808594,-79.23977661132812,-81.49717712402344,-82.7093276977539,-83.64546966552734,-83.99484252929688,-84.73958587646484,-85.06829833984375,-84.06999206542969,-83.76787567138672,-84.89059448242188,-84.14616394042969,-83.26245880126953,1.0
-79.89946746826172,-78.04215240478516,-80.83890533447266,-82.50807189941406,-83.0000228881836,-82.59943389892578,-83.67774963378906,-83.56367492675781,-82.9509048461914,-80.47327423095703,-81.39094543457031,-82.94723510742188,-82.24784851074219,-81.92445373535156,-82.42770385742188,-82.03758239746094,-81.87926483154297,-82.42095947265625,-81.45646667480469,-80.5165786743164,-80.80504608154297,-82.07557678222656,-83.05393981933594,-83.33602905273438,-80.52813720703125,-79.5763168334961,-78.79052734375,-79.66690063476562,-79.94234466552734,-78.20868682861328,-77.56977081298828,-79.13431549072266,-79.66262817382812,-79.75416564941406,-79.19510650634766,-80.17533874511719,-76.49485778808594,-79.23977661132812,-81.49717712402344,-82.7093276977539,-83.64546966552734,-83.99484252929688,-84.73958587646484,-85.06829833984375,-84.06999206542969,-83.76787567138672,-84.89059448242188,-84.14616394042969,-83.26245880126953,-85.29462432861328,0.0
-78.04215240478516,-80.83890533447266,-82.50807189941406,-83.0000228881836,-82.59943389892578,-83.67774963378906,-83.56367492675781,-82.9509048461914,-80.47327423095703,-81.39094543457031,-82.94723510742188,-82.24784851074219,-81.92445373535156,-82.42770385742188,-82.03758239746094,-81.87926483154297,-82.42095947265625,-81.45646667480469,-80.5165786743164,-80.80504608154297,-82.07557678222656,-83.05393981933594,-83.33602905273438,-80.52813720703125,-79.5763168334961,-78.79052734375,-79.66690063476562,-79.94234466552734,-78.20868682861328,-77.56977081298828,-79.13431549072266,-79.66262817382812,-79.75416564941406,-79.19510650634766,-80.17533874511719,-76.49485778808594,-79.23977661132812,-81.49717712402344,-82.7093276977539,-83.64546966552734,-83.99484252929688,-84.73958587646484,-85.06829833984375,-84.06999206542969,-83.76787567138672,-84.89059448242188,-84.14616394042969,-83.26245880126953,-85.29462432861328,-84.30294799804688,0.0
-80.83890533447266,-82.50807189941406,-83.0000228881836,-82.59943389892578,-83.67774963378906,-83.56367492675781,-82.9509048461914,-80.47327423095703,-81.39094543457031,-82.94723510742188,-82.24784851074219,-81.92445373535156,-82.42770385742188,-82.03758239746094,-81.87926483154297,-82.42095947265625,-81.45646667480469,-80.5165786743164,-80.80504608154297,-82.07557678222656,-83.05393981933594,-83.33602905273438,-80.52813720703125,-79.5763168334961,-78.79052734375,-79.66690063476562,-79.94234466552734,-78.20868682861328,-77.56977081298828,-79.13431549072266,-79.66262817382812,-79.75416564941406,-79.19510650634766,-80.17533874511719,-76.49485778808594,-79.23977661132812,-81.49717712402344,-82.7093276977539,-83.64546966552734,-83.99484252929688,-84.73958587646484,-85.06829833984375,-84.06999206542969,-83.76787567138672,-84.89059448242188,-84.14616394042969,-83.26245880126953,-85.29462432861328,-84.30294799804688,-83.28711700439453,0.0
-82.50807189941406,-83.0000228881836,-82.59943389892578,-83.67774963378906,-83.56367492675781,-82.9509048461914,-80.47327423095703,-81.39094543457031,-82.94723510742188,-82.24784851074219,-81.92445373535156,-82.42770385742188,-82.03758239746094,-81.87926483154297,-82.42095947265625,-81.45646667480469,-80.5165786743164,-80.80504608154297,-82.07557678222656,-83.05393981933594,-83.33602905273438,-80.52813720703125,-79.5763168334961,-78.79052734375,-79.66690063476562,-79.94234466552734,-78.20868682861328,-77.56977081298828,-79.13431549072266,-79.66262817382812,-79.75416564941406,-79.19510650634766,-80.17533874511719,-76.49485778808594,-79.23977661132812,-81.49717712402344,-82.7093276977539,-83.64546966552734,-83.99484252929688,-84.73958587646484,-85.06829833984375,-84.06999206542969,-83.76787567138672,-84.89059448242188,-84.14616394042969,-83.26245880126953,-85.29462432861328,-84.30294799804688,-83.28711700439453,-83.56730651855469,0.0
-83.0000228881836,-82.59943389892578,-83.67774963378906,-83.56367492675781,-82.9509048461914,-80.47327423095703,-81.39094543457031,-82.94723510742188,-82.24784851074219,-81.92445373535156,-82.42770385742188,-82.03758239746094,-81.87926483154297,-82.42095947265625,-81.45646667480469,-80.5165786743164,-80.80504608154297,-82.07557678222656,-83.05393981933594,-83.33602905273438,-80.52813720703125,-79.5763168334961,-78.79052734375,-79.66690063476562,-79.94234466552734,-78.20868682861328,-77.56977081298828,-79.13431549072266,-79.66262817382812,-79.75416564941406,-79.19510650634766,-80.17533874511719,-76.49485778808594,-79.23977661132812,-81.49717712402344,-82.7093276977539,-83.64546966552734,-83.99484252929688,-84.73958587646484,-85.06829833984375,-84.06999206542969,-83.76787567138672,-84.89059448242188,-84.14616394042969,-83.26245880126953,-85.29462432861328,-84.30294799804688,-83.28711700439453,-83.56730651855469,-84.27383422851562,0.0
-82.59943389892578,-83.67774963378906,-83.56367492675781,-82.9509048461914,-80.47327423095703,-81.39094543457031,-82.94723510742188,-82.24784851074219,-81.92445373535156,-82.42770385742188,-82.03758239746094,-81.87926483154297,-82.42095947265625,-81.45646667480469,-80.5165786743164,-80.80504608154297,-82.07557678222656,-83.05393981933594,-83.33602905273438,-80.52813720703125,-79.5763168334961,-78.79052734375,-79.66690063476562,-79.94234466552734,-78.20868682861328,-77.56977081298828,-79.13431549072266,-79.66262817382812,-79.75416564941406,-79.19510650634766,-80.17533874511719,-76.49485778808594,-79.23977661132812,-81.49717712402344,-82.7093276977539,-83.64546966552734,-83.99484252929688,-84.73958587646484,-85.06829833984375,-84.06999206542969,-83.76787567138672,-84.89059448242188,-84.14616394042969,-83.26245880126953,-85.29462432861328,-84.30294799804688,-83.28711700439453,-83.56730651855469,-84.27383422851562,-84.48796081542969,0.0
-83.67774963378906,-83.56367492675781,-82.9509048461914,-80.47327423095703,-81.39094543457031,-82.94723510742188,-82.24784851074219,-81.92445373535156,-82.42770385742188,-82.03758239746094,-81.87926483154297,-82.42095947265625,-81.45646667480469,-80.5165786743164,-80.80504608154297,-82.07557678222656,-83.05393981933594,-83.33602905273438,-80.52813720703125,-79.5763168334961,-78.79052734375,-79.66690063476562,-79.94234466552734,-78.20868682861328,-77.56977081298828,-79.13431549072266,-79.66262817382812,-79.75416564941406,-79.19510650634766,-80.17533874511719,-76.49485778808594,-79.23977661132812,-81.49717712402344,-82.7093276977539,-83.64546966552734,-83.99484252929688,-84.73958587646484,-85.06829833984375,-84.06999206542969,-83.76787567138672,-84.89059448242188,-84.14616394042969,-83.26245880126953,-85.29462432861328,-84.30294799804688,-83.28711700439453,-83.56730651855469,-84.27383422851562,-84.48796081542969,-83.37320709228516,0.0
-83.56367492675781,-82.9509048461914,-80.47327423095703,-81.39094543457031,-82.94723510742188,-82.24784851074219,-81.92445373535156,-82.42770385742188,-82.03758239746094,-81.87926483154297,-82.42095947265625,-81.45646667480469,-80.5165786743164,-80.80504608154297,-82.07557678222656,-83.05393981933594,-83.33602905273438,-80.52813720703125,-79.5763168334961,-78.79052734375,-79.66690063476562,-79.94234466552734,-78.20868682861328,-77.56977081298828,-79.13431549072266,-79.66262817382812,-79.75416564941406,-79.19510650634766,-80.17533874511719,-76.49485778808594,-79.23977661132812,-81.49717712402344,-82.7093276977539,-83.64546966552734,-83.99484252929688,-84.73958587646484,-85.06829833984375,-84.06999206542969,-83.76787567138672,-84.89059448242188,-84.14616394042969,-83.26245880126953,-85.29462432861328,-84.30294799804688,-83.28711700439453,-83.56730651855469,-84.27383422851562,-84.48796081542969,-83.37320709228516,-84.71151733398438,0.0
-82.9509048461914,-80.47327423095703,-81.39094543457031,-82.94723510742188,-82.24784851074219,-81.92445373535156,-82.42770385742188,-82.03758239746094,-81.87926483154297,-82.42095947265625,-81.45646667480469,-80.5165786743164,-80.80504608154297,-82.07557678222656,-83.05393981933594,-83.33602905273438,-80.52813720703125,-79.5763168334961,-78.79052734375,-79.66690063476562,-79.94234466552734,-78.20868682861328,-77.56977081298828,-79.13431549072266,-79.66262817382812,-79.75416564941406,-79.19510650634766,-80.17533874511719,-76.49485778808594,-79.23977661132812,-81.49717712402344,-82.7093276977539,-83.64546966552734,-83.99484252929688,-84.73958587646484,-85.06829833984375,-84.06999206542969,-83.76787567138672,-84.89059448242188,-84.14616394042969,-83.26245880126953,-85.29462432861328,-84.30294799804688,-83.28711700439453,-83.56730651855469,-84.27383422851562,-84.48796081542969,-83.37320709228516,-84.71151733398438,-84.65324401855469,0.0
-80.47327423095703,-81.39094543457031,-82.94723510742188,-82.24784851074219,-81.92445373535156,-82.42770385742188,-82.03758239746094,-81.87926483154297,-82.42095947265625,-81.45646667480469,-80.5165786743164,-80.80504608154297,-82.07557678222656,-83.05393981933594,-83.33602905273438,-80.52813720703125,-79.5763168334961,-78.79052734375,-79.66690063476562,-79.94234466552734,-78.20868682861328,-77.56977081298828,-79.13431549072266,-79.66262817382812,-79.75416564941406,-79.19510650634766,-80.17533874511719,-76.49485778808594,-79.23977661132812,-81.49717712402344,-82.7093276977539,-83.64546966552734,-83.99484252929688,-84.73958587646484,-85.06829833984375,-84.06999206542969,-83.76787567138672,-84.89059448242188,-84.14616394042969,-83.26245880126953,-85.29462432861328,-84.30294799804688,-83.28711700439453,-83.56730651855469,-84.27383422851562,-84.48796081542969,-83.37320709228516,-84.71151733398438,-84.65324401855469,-85.14910888671875,1.0
-81.39094543457031,-82.94723510742188,-82.24784851074219,-81.92445373535156,-82.42770385742188,-82.03758239746094,-81.87926483154297,-82.42095947265625,-81.45646667480469,-80.5165786743164,-80.80504608154297,-82.07557678222656,-83.05393981933594,-83.33602905273438,-80.52813720703125,-79.5763168334961,-78.79052734375,-79.66690063476562,-79.94234466552734,-78.20868682861328,-77.56977081298828,-79.13431549072266,-79.66262817382812,-79.75416564941406,-79.19510650634766,-80.17533874511719,-76.49485778808594,-79.23977661132812,-81.49717712402344,-82.7093276977539,-83.64546966552734,-83.99484252929688,-84.73958587646484,-85.06829833984375,-84.06999206542969,-83.76787567138672,-84.89059448242188,-84.14616394042969,-83.26245880126953,-85.29462432861328,-84.30294799804688,-83.28711700439453,-83.56730651855469,-84.27383422851562,-84.48796081542969,-83.37320709228516,-84.71151733398438,-84.65324401855469,-85.14910888671875,-83.03557586669922,1.0
-82.94723510742188,-82.24784851074219,-81.92445373535156,-82.42770385742188,-82.03758239746094,-81.87926483154297,-82.42095947265625,-81.45646667480469,-80.5165786743164,-80.80504608154297,-82.07557678222656,-83.05393981933594,-83.33602905273438,-80.52813720703125,-79.5763168334961,-78.79052734375,-79.66690063476562,-79.94234466552734,-78.20868682861328,-77.56977081298828,-79.13431549072266,-79.66262817382812,-79.75416564941406,-79.19510650634766,-80.17533874511719,-76.49485778808594,-79.23977661132812,-81.49717712402344,-82.7093276977539,-83.64546966552734,-83.99484252929688,-84.73958587646484,-85.06829833984375,-84.06999206542969,-83.76787567138672,-84.89059448242188,-84.14616394042969,-83.26245880126953,-85.29462432861328,-84.30294799804688,-83.28711700439453,-83.56730651855469,-84.27383422851562,-84.48796081542969,-83.37320709228516,-84.71151733398438,-84.65324401855469,-85.14910888671875,-83.03557586669922,-83.44828033447266,1.0
-82.24784851074219,-81.92445373535156,-82.42770385742188,-82.03758239746094,-81.87926483154297,-82.42095947265625,-81.45646667480469,-80.5165786743164,-80.80504608154297,-82.07557678222656,-83.05393981933594,-83.33602905273438,-80.52813720703125,-79.5763168334961,-78.79052734375,-79.66690063476562,-79.94234466552734,-78.20868682861328,-77.56977081298828,-79.13431549072266,-79.66262817382812,-79.75416564941406,-79.19510650634766,-80.17533874511719,-76.49485778808594,-79.23977661132812,-81.49717712402344,-82.7093276977539,-83.64546966552734,-83.99484252929688,-84.73958587646484,-85.06829833984375,-84.06999206542969,-83.76787567138672,-84.89059448242188,-84.14616394042969,-83.26245880126953,-85.29462432861328,-84.30294799804688,-83.28711700439453,-83.56730651855469,-84.27383422851562,-84.48796081542969,-83.37320709228516,-84.71151733398438,-84.65324401855469,-85.14910888671875,-83.03557586669922,-83.44828033447266,-84.83356475830078,0.0
-81.92445373535156,-82.42770385742188,-82.03758239746094,-81.87926483154297,-82.42095947265625,-81.45646667480469,-80.5165786743164,-80.80504608154297,-82.07557678222656,-83.05393981933594,-83.33602905273438,-80.52813720703125,-79.5763168334961,-78.79052734375,-79.66690063476562,-79.94234466552734,-78.20868682861328,-77.56977081298828,-79.13431549072266,-79.66262817382812,-79.75416564941406,-79.19510650634766,-80.17533874511719,-76.49485778808594,-79.23977661132812,-81.49717712402344,-82.7093276977539,-83.64546966552734,-83.99484252929688,-84.73958587646484,-85.06829833984375,-84.06999206542969,-83.76787567138672,-84.89059448242188,-84.14616394042969,-83.26245880126953,-85.29462432861328,-84.30294799804688,-83.28711700439453,-83.56730651855469,-84.27383422851562,-84.48796081542969,-83.37320709228516,-84.71151733398438,-84.65324401855469,-85.14910888671875,-83.03557586669922,-83.44828033447266,-84.83356475830078,-86.42066192626953,0.0
-82.42770385742188,-82.03758239746094,-81.87926483154297,-82.42095947265625,-81.45646667480469,-80.5165786743164,-80.80504608154297,-82.07557678222656,-83.05393981933594,-83.33602905273438,-80.52813720703125,-79.5763168334961,-78.79052734375,-79.66690063476562,-79.94234466552734,-78.20868682861328,-77.56977081298828,-79.13431549072266,-79.66262817382812,-79.75416564941406,-79.19510650634766,-80.17533874511719,-76.49485778808594,-79.23977661132812,-81.49717712402344,-82.7093276977539,-83.64546966552734,-83.99484252929688,-84.73958587646484,-85.06829833984375,-84.06999206542969,-83.76787567138672,-84.89059448242188,-84.14616394042969,-83.26245880126953,-85.29462432861328,-84.30294799804688,-83.28711700439453,-83.56730651855469,-84.27383422851562,-84.48796081542969,-83.37320709228516,-84.71151733398438,-84.65324401855469,-85.14910888671875,-83.03557586669922,-83.44828033447266,-84.83356475830078,-86.42066192626953,-85.76384735107422,1.0
-82.03758239746094,-81.87926483154297,-82.42095947265625,-81.45646667480469,-80.5165786743164,-80.80504608154297,-82.07557678222656,-83.05393981933594,-83.33602905273438,-80.52813720703125,-79.5763168334961,-78.79052734375,-79.66690063476562,-79.94234466552734,-78.20868682861328,-77.56977081298828,-79.13431549072266,-79.66262817382812,-79.75416564941406,-79.19510650634766,-80.17533874511719,-76.49485778808594,-79.23977661132812,-81.49717712402344,-82.7093276977539,-83.64546966552734,-83.99484252929688,-84.73958587646484,-85.06829833984375,-84.06999206542969,-83.76787567138672,-84.89059448242188,-84.14616394042969,-83.26245880126953,-85.29462432861328,-84.30294799804688,-83.28711700439453,-83.56730651855469,-84.27383422851562,-84.48796081542969,-83.37320709228516,-84.71151733398438,-84.65324401855469,-85.14910888671875,-83.03557586669922,-83.44828033447266,-84.83356475830078,-86.42066192626953,-85.76384735107422,-84.92376708984375,1.0
-81.87926483154297,-82.42095947265625,-81.45646667480469,-80.5165786743164,-80.80504608154297,-82.07557678222656,-83.05393981933594,-83.33602905273438,-80.52813720703125,-79.5763168334961,-78.79052734375,-79.66690063476562,-79.94234466552734,-78.20868682861328,-77.56977081298828,-79.13431549072266,-79.66262817382812,-79.75416564941406,-79.19510650634766,-80.17533874511719,-76.49485778808594,-79.23977661132812,-81.49717712402344,-82.7093276977539,-83.64546966552734,-83.99484252929688,-84.73958587646484,-85.06829833984375,-84.06999206542969,-83.76787567138672,-84.89059448242188,-84.14616394042969,-83.26245880126953,-85.29462432861328,-84.30294799804688,-83.28711700439453,-83.56730651855469,-84.27383422851562,-84.48796081542969,-83.37320709228516,-84.71151733398438,-84.65324401855469,-85.14910888671875,-83.03557586669922,-83.44828033447266,-84.83356475830078,-86.42066192626953,-85.76384735107422,-84.92376708984375,-82.97312927246094,1.0
-82.42095947265625,-81.45646667480469,-80.5165786743164,-80.80504608154297,-82.07557678222656,-83.05393981933594,-83.33602905273438,-80.52813720703125,-79.5763168334961,-78.79052734375,-79.66690063476562,-79.94234466552734,-78.20868682861328,-77.56977081298828,-79.13431549072266,-79.66262817382812,-79.75416564941406,-79.19510650634766,-80.17533874511719,-76.49485778808594,-79.23977661132812,-81.49717712402344,-82.7093276977539,-83.64546966552734,-83.99484252929688,-84.73958587646484,-85.06829833984375,-84.06999206542969,-83.76787567138672,-84.89059448242188,-84.14616394042969,-83.26245880126953,-85.29462432861328,-84.30294799804688,-83.28711700439453,-83.56730651855469,-84.27383422851562,-84.48796081542969,-83.37320709228516,-84.71151733398438,-84.65324401855469,-85.14910888671875,-83.03557586669922,-83.44828033447266,-84.83356475830078,-86.42066192626953,-85.76384735107422,-84.92376708984375,-82.97312927246094,-84.6507797241211,0.0
-81.45646667480469,-80.5165786743164,-80.80504608154297,-82.07557678222656,-83.05393981933594,-83.33602905273438,-80.52813720703125,-79.5763168334961,-78.79052734375,-79.66690063476562,-79.94234466552734,-78.20868682861328,-77.56977081298828,-79.13431549072266,-79.66262817382812,-79.75416564941406,-79.19510650634766,-80.17533874511719,-76.49485778808594,-79.23977661132812,-81.49717712402344,-82.7093276977539,-83.64546966552734,-83.99484252929688,-84.73958587646484,-85.06829833984375,-84.06999206542969,-83.76787567138672,-84.89059448242188,-84.14616394042969,-83.26245880126953,-85.29462432861328,-84.30294799804688,-83.28711700439453,-83.56730651855469,-84.27383422851562,-84.48796081542969,-83.37320709228516,-84.71151733398438,-84.65324401855469,-85.14910888671875,-83.03557586669922,-83.44828033447266,-84.83356475830078,-86.42066192626953,-85.76384735107422,-84.92376708984375,-82.97312927246094,-84.6507797241211,-85.29987335205078,0.0
-80.5165786743164,-80.80504608154297,-82.07557678222656,-83.05393981933594,-83.33602905273438,-80.52813720703125,-79.5763168334961,-78.79052734375,-79.66690063476562,-79.94234466552734,-78.20868682861328,-77.56977081298828,-79.13431549072266,-79.66262817382812,-79.75416564941406,-79.19510650634766,-80.17533874511719,-76.49485778808594,-79.23977661132812,-81.49717712402344,-82.7093276977539,-83.64546966552734,-83.99484252929688,-84.73958587646484,-85.06829833984375,-84.06999206542969,-83.76787567138672,-84.89059448242188,-84.14616394042969,-83.26245880126953,-85.29462432861328,-84.30294799804688,-83.28711700439453,-83.56730651855469,-84.27383422851562,-84.48796081542969,-83.37320709228516,-84.71151733398438,-84.65324401855469,-85.14910888671875,-83.03557586669922,-83.44828033447266,-84.83356475830078,-86.42066192626953,-85.76384735107422,-84.92376708984375,-82.97312927246094,-84.6507797241211,-85.29987335205078,-84.26992797851562,1.0
-80.80504608154297,-82.07557678222656,-83.05393981933594,-83.33602905273438,-80.52813720703125,-79.5763168334961,-78.79052734375,-79.66690063476562,-79.94234466552734,-78.20868682861328,-77.56977081298828,-79.13431549072266,-79.66262817382812,-79.75416564941406,-79.19510650634766,-80.17533874511719,-76.49485778808594,-79.23977661132812,-81.49717712402344,-82.7093276977539,-83.64546966552734,-83.99484252929688,-84.73958587646484,-85.06829833984375,-84.06999206542969,-83.76787567138672,-84.89059448242188,-84.14616394042969,-83.26245880126953,-85.29462432861328,-84.30294799804688,-83.28711700439453,-83.56730651855469,-84.27383422851562,-84.48796081542969,-83.37320709228516,-84.71151733398438,-84.65324401855469,-85.14910888671875,-83.03557586669922,-83.44828033447266,-84.83356475830078,-86.42066192626953,-85.76384735107422,-84.92376708984375,-82.97312927246094,-84.6507797241211,-85.29987335205078,-84.26992797851562,-83.88568878173828,1.0
-82.07557678222656,-83.05393981933594,-83.33602905273438,-80.52813720703125,-79.5763168334961,-78.79052734375,-79.66690063476562,-79.94234466552734,-78.20868682861328,-77.56977081298828,-79.13431549072266,-79.66262817382812,-79.75416564941406,-79.19510650634766,-80.17533874511719,-76.49485778808594,-79.23977661132812,-81.49717712402344,-82.7093276977539,-83.64546966552734,-83.99484252929688,-84.73958587646484,-85.06829833984375,-84.06999206542969,-83.76787567138672,-84.89059448242188,-84.14616394042969,-83.26245880126953,-85.29462432861328,-84.30294799804688,-83.28711700439453,-83.56730651855469,-84.27383422851562,-84.48796081542969,-83.37320709228516,-84.71151733398438,-84.65324401855469,-85.14910888671875,-83.03557586669922,-83.44828033447266,-84.83356475830078,-86.42066192626953,-85.76384735107422,-84.92376708984375,-82.97312927246094,-84.6507797241211,-85.29987335205078,-84.26992797851562,-83.88568878173828,-84.37593841552734,1.0
-83.05393981933594,-83.33602905273438,-80.52813720703125,-79.5763168334961,-78.79052734375,-79.66690063476562,-79.94234466552734,-78.20868682861328,-77.56977081298828,-79.13431549072266,-79.66262817382812,-79.75416564941406,-79.19510650634766,-80.17533874511719,-76.49485778808594,-79.23977661132812,-81.49717712402344,-82.7093276977539,-83.64546966552734,-83.99484252929688,-84.73958587646484,-85.06829833984375,-84.06999206542969,-83.76787567138672,-84.89059448242188,-84.14616394042969,-83.26245880126953,-85.29462432861328,-84.30294799804688,-83.28711700439453,-83.56730651855469,-84.27383422851562,-84.48796081542969,-83.37320709228516,-84.71151733398438,-84.65324401855469,-85.14910888671875,-83.03557586669922,-83.44828033447266,-84.83356475830078,-86.42066192626953,-85.76384735107422,-84.92376708984375,-82.97312927246094,-84.6507797241211,-85.29987335205078,-84.26992797851562,-83.88568878173828,-84.37593841552734,-85.70052337646484,1.0
-83.33602905273438,-80.52813720703125,-79.5763168334961,-78.79052734375,-79.66690063476562,-79.94234466552734,-78.20868682861328,-77.56977081298828,-79.13431549072266,-79.66262817382812,-79.75416564941406,-79.19510650634766,-80.17533874511719,-76.49485778808594,-79.23977661132812,-81.49717712402344,-82.7093276977539,-83.64546966552734,-83.99484252929688,-84.73958587646484,-85.06829833984375,-84.06999206542969,-83.76787567138672,-84.89059448242188,-84.14616394042969,-83.26245880126953,-85.29462432861328,-84.30294799804688,-83.28711700439453,-83.56730651855469,-84.27383422851562,-84.48796081542969,-83.37320709228516,-84.71151733398438,-84.65324401855469,-85.14910888671875,-83.03557586669922,-83.44828033447266,-84.83356475830078,-86.42066192626953,-85.76384735107422,-84.92376708984375,-82.97312927246094,-84.6507797241211,-85.29987335205078,-84.26992797851562,-83.88568878173828,-84.37593841552734,-85.70052337646484,-84.98175048828125,1.0
-80.52813720703125,-79.5763168334961,-78.79052734375,-79.66690063476562,-79.94234466552734,-78.20868682861328,-77.56977081298828,-79.13431549072266,-79.66262817382812,-79.75416564941406,-79.19510650634766,-80.17533874511719,-76.49485778808594,-79.23977661132812,-81.49717712402344,-82.7093276977539,-83.64546966552734,-83.99484252929688,-84.73958587646484,-85.06829833984375,-84.06999206542969,-83.76787567138672,-84.89059448242188,-84.14616394042969,-83.26245880126953,-85.29462432861328,-84.30294799804688,-83.28711700439453,-83.56730651855469,-84.27383422851562,-84.48796081542969,-83.37320709228516,-84.71151733398438,-84.65324401855469,-85.14910888671875,-83.03557586669922,-83.44828033447266,-84.83356475830078,-86.42066192626953,-85.76384735107422,-84.92376708984375,-82.97312927246094,-84.6507797241211,-85.29987335205078,-84.26992797851562,-83.88568878173828,-84.37593841552734,-85.70052337646484,-84.98175048828125,-84.10907745361328,0.0
-79.5763168334961,-78.79052734375,-79.66690063476562,-79.94234466552734,-78.20868682861328,-77.56977081298828,-79.13431549072266,-79.66262817382812,-79.75416564941406,-79.19510650634766,-80.17533874511719,-76.49485778808594,-79.23977661132812,-81.49717712402344,-82.7093276977539,-83.64546966552734,-83.99484252929688,-84.73958587646484,-85.06829833984375,-84.06999206542969,-83.76787567138672,-84.89059448242188,-84.14616394042969,-83.26245880126953,-85.29462432861328,-84.30294799804688,-83.28711700439453,-83.56730651855469,-84.27383422851562,-84.48796081542969,-83.37320709228516,-84.71151733398438,-84.65324401855469,-85.14910888671875,-83.03557586669922,-83.44828033447266,-84.83356475830078,-86.42066192626953,-85.76384735107422,-84.92376708984375,-82.97312927246094,-84.6507797241211,-85.29987335205078,-84.26992797851562,-83.88568878173828,-84.37593841552734,-85.70052337646484,-84.98175048828125,-84.10907745361328,-85.58367156982422,1.0
-78.79052734375,-79.66690063476562,-79.94234466552734,-78.20868682861328,-77.56977081298828,-79.13431549072266,-79.66262817382812,-79.75416564941406,-79.19510650634766,-80.17533874511719,-76.49485778808594,-79.23977661132812,-81.49717712402344,-82.7093276977539,-83.64546966552734,-83.99484252929688,-84.73958587646484,-85.06829833984375,-84.06999206542969,-83.76787567138672,-84.89059448242188,-84.14616394042969,-83.26245880126953,-85.29462432861328,-84.30294799804688,-83.28711700439453,-83.56730651855469,-84.27383422851562,-84.48796081542969,-83.37320709228516,-84.71151733398438,-84.65324401855469,-85.14910888671875,-83.03557586669922,-83.44828033447266,-84.83356475830078,-86.42066192626953,-85.76384735107422,-84.92376708984375,-82.97312927246094,-84.6507797241211,-85.29987335205078,-84.26992797851562,-83.88568878173828,-84.37593841552734,-85.70052337646484,-84.98175048828125,-84.10907745361328,-85.58367156982422,-84.41024017333984,1.0
-79.66690063476562,-79.94234466552734,-78.20868682861328,-77.56977081298828,-79.13431549072266,-79.66262817382812,-79.75416564941406,-79.19510650634766,-80.17533874511719,-76.49485778808594,-79.23977661132812,-81.49717712402344,-82.7093276977539,-83.64546966552734,-83.99484252929688,-84.73958587646484,-85.06829833984375,-84.06999206542969,-83.76787567138672,-84.89059448242188,-84.14616394042969,-83.26245880126953,-85.29462432861328,-84.30294799804688,-83.28711700439453,-83.56730651855469,-84.27383422851562,-84.48796081542969,-83.37320709228516,-84.71151733398438,-84.65324401855469,-85.14910888671875,-83.03557586669922,-83.44828033447266,-84.83356475830078,-86.42066192626953,-85.76384735107422,-84.92376708984375,-82.97312927246094,-84.6507797241211,-85.29987335205078,-84.26992797851562,-83.88568878173828,-84.37593841552734,-85.70052337646484,-84.98175048828125,-84.10907745361328,-85.58367156982422,-84.41024017333984,-85.6629409790039,0.0
-79.94234466552734,-78.20868682861328,-77.56977081298828,-79.13431549072266,-79.66262817382812,-79.75416564941406,-79.19510650634766,-80.17533874511719,-76.49485778808594,-79.23977661132812,-81.49717712402344,-82.7093276977539,-83.64546966552734,-83.99484252929688,-84.73958587646484,-85.06829833984375,-84.06999206542969,-83.76787567138672,-84.89059448242188,-84.14616394042969,-83.26245880126953,-85.29462432861328,-84.30294799804688,-83.28711700439453,-83.56730651855469,-84.27383422851562,-84.48796081542969,-83.37320709228516,-84.71151733398438,-84.65324401855469,-85.14910888671875,-83.03557586669922,-83.44828033447266,-84.83356475830078,-86.42066192626953,-85.76384735107422,-84.92376708984375,-82.97312927246094,-84.6507797241211,-85.29987335205078,-84.26992797851562,-83.88568878173828,-84.37593841552734,-85.70052337646484,-84.98175048828125,-84.10907745361328,-85.58367156982422,-84.41024017333984,-85.6629409790039,-86.73445129394531,1.0
-78.20868682861328,-77.56977081298828,-79.13431549072266,-79.66262817382812,-79.75416564941406,-79.19510650634766,-80.17533874511719,-76.49485778808594,-79.23977661132812,-81.49717712402344,-82.7093276977539,-83.64546966552734,-83.99484252929688,-84.73958587646484,-85.06829833984375,-84.06999206542969,-83.76787567138672,-84.89059448242188,-84.14616394042969,-83.26245880126953,-85.29462432861328,-84.30294799804688,-83.28711700439453,-83.56730651855469,-84.27383422851562,-84.48796081542969,-83.37320709228516,-84.71151733398438,-84.65324401855469,-85.14910888671875,-83.03557586669922,-83.44828033447266,-84.83356475830078,-86.42066192626953,-85.76384735107422,-84.92376708984375,-82.97312927246094,-84.6507797241211,-85.29987335205078,-84.26992797851562,-83.88568878173828,-84.37593841552734,-85.70052337646484,-84.98175048828125,-84.10907745361328,-85.58367156982422,-84.41024017333984,-85.6629409790039,-86.73445129394531,-86.48368835449219,1.0
-77.56977081298828,-79.13431549072266,-79.66262817382812,-79.75416564941406,-79.19510650634766,-80.17533874511719,-76.49485778808594,-79.23977661132812,-81.49717712402344,-82.7093276977539,-83.64546966552734,-83.99484252929688,-84.73958587646484,-85.06829833984375,-84.06999206542969,-83.76787567138672,-84.89059448242188,-84.14616394042969,-83.26245880126953,-85.29462432861328,-84.30294799804688,-83.28711700439453,-83.56730651855469,-84.27383422851562,-84.48796081542969,-83.37320709228516,-84.71151733398438,-84.65324401855469,-85.14910888671875,-83.03557586669922,-83.44828033447266,-84.83356475830078,-86.42066192626953,-85.76384735107422,-84.92376708984375,-82.97312927246094,-84.6507797241211,-85.29987335205078,-84.26992797851562,-83.88568878173828,-84.37593841552734,-85.70052337646484,-84.98175048828125,-84.10907745361328,-85.58367156982422,-84.41024017333984,-85.6629409790039,-86.73445129394531,-86.48368835449219,-86.37991333007812,0.0
-79.13431549072266,-79.66262817382812,-79.75416564941406,-79.19510650634766,-80.17533874511719,-76.49485778808594,-79.23977661132812,-81.49717712402344,-82.7093276977539,-83.64546966552734,-83.99484252929688,-84.73958587646484,-85.06829833984375,-84.06999206542969,-83.76787567138672,-84.89059448242188,-84.14616394042969,-83.26245880126953,-85.29462432861328,-84.30294799804688,-83.28711700439453,-83.56730651855469,-84.27383422851562,-84.48796081542969,-83.37320709228516,-84.71151733398438,-84.65324401855469,-85.14910888671875,-83.03557586669922,-83.44828033447266,-84.83356475830078,-86.42066192626953,-85.76384735107422,-84.92376708984375,-82.97312927246094,-84.6507797241211,-85.29987335205078,-84.26992797851562,-83.88568878173828,-84.37593841552734,-85.70052337646484,-84.98175048828125,-84.10907745361328,-85.58367156982422,-84.41024017333984,-85.6629409790039,-86.73445129394531,-86.48368835449219,-86.37991333007812,-85.81654357910156,0.0
-79.66262817382812,-79.75416564941406,-79.19510650634766,-80.17533874511719,-76.49485778808594,-79.23977661132812,-81.49717712402344,-82.7093276977539,-83.64546966552734,-83.99484252929688,-84.73958587646484,-85.06829833984375,-84.06999206542969,-83.76787567138672,-84.89059448242188,-84.14616394042969,-83.26245880126953,-85.29462432861328,-84.30294799804688,-83.28711700439453,-83.56730651855469,-84.27383422851562,-84.48796081542969,-83.37320709228516,-84.71151733398438,-84.65324401855469,-85.14910888671875,-83.03557586669922,-83.44828033447266,-84.83356475830078,-86.42066192626953,-85.76384735107422,-84.92376708984375,-82.97312927246094,-84.6507797241211,-85.29987335205078,-84.26992797851562,-83.88568878173828,-84.37593841552734,-85.70052337646484,-84.98175048828125,-84.10907745361328,-85.58367156982422,-84.41024017333984,-85.6629409790039,-86.73445129394531,-86.48368835449219,-86.37991333007812,-85.81654357910156,-86.22225189208984,1.0
-79.75416564941406,-79.19510650634766,-80.17533874511719,-76.49485778808594,-79.23977661132812,-81.49717712402344,-82.7093276977539,-83.64546966552734,-83.99484252929688,-84.73958587646484,-85.06829833984375,-84.06999206542969,-83.76787567138672,-84.89059448242188,-84.14616394042969,-83.26245880126953,-85.29462432861328,-84.30294799804688,-83.28711700439453,-83.56730651855469,-84.27383422851562,-84.48796081542969,-83.37320709228516,-84.71151733398438,-84.65324401855469,-85.14910888671875,-83.03557586669922,-83.44828033447266,-84.83356475830078,-86.42066192626953,-85.76384735107422,-84.92376708984375,-82.97312927246094,-84.6507797241211,-85.29987335205078,-84.26992797851562,-83.88568878173828,-84.37593841552734,-85.70052337646484,-84.98175048828125,-84.10907745361328,-85.58367156982422,-84.41024017333984,-85.6629409790039,-86.73445129394531,-86.48368835449219,-86.37991333007812,-85.81654357910156,-86.22225189208984,-85.24610900878906,0.0
-79.19510650634766,-80.17533874511719,-76.49485778808594,-79.23977661132812,-81.49717712402344,-82.7093276977539,-83.64546966552734,-83.99484252929688,-84.73958587646484,-85.06829833984375,-84.06999206542969,-83.76787567138672,-84.89059448242188,-84.14616394042969,-83.26245880126953,-85.29462432861328,-84.30294799804688,-83.28711700439453,-83.56730651855469,-84.27383422851562,-84.48796081542969,-83.37320709228516,-84.71151733398438,-84.65324401855469,-85.14910888671875,-83.03557586669922,-83.44828033447266,-84.83356475830078,-86.42066192626953,-85.76384735107422,-84.92376708984375,-82.97312927246094,-84.6507797241211,-85.29987335205078,-84.26992797851562,-83.88568878173828,-84.37593841552734,-85.70052337646484,-84.98175048828125,-84.10907745361328,-85.58367156982422,-84.41024017333984,-85.6629409790039,-86.73445129394531,-86.48368835449219,-86.37991333007812,-85.81654357910156,-86.22225189208984,-85.24610900878906,-83.73307800292969,0.0
-80.17533874511719,-76.49485778808594,-79.23977661132812,-81.49717712402344,-82.7093276977539,-83.64546966552734,-83.99484252929688,-84.73958587646484,-85.06829833984375,-84.06999206542969,-83.76787567138672,-84.89059448242188,-84.14616394042969,-83.26245880126953,-85.29462432861328,-84.30294799804688,-83.28711700439453,-83.56730651855469,-84.27383422851562,-84.48796081542969,-83.37320709228516,-84.71151733398438,-84.65324401855469,-85.14910888671875,-83.03557586669922,-83.44828033447266,-84.83356475830078,-86.42066192626953,-85.76384735107422,-84.92376708984375,-82.97312927246094,-84.6507797241211,-85.29987335205078,-84.26992797851562,-83.88568878173828,-84.37593841552734,-85.70052337646484,-84.98175048828125,-84.10907745361328,-85.58367156982422,-84.41024017333984,-85.6629409790039,-86.73445129394531,-86.48368835449219,-86.37991333007812,-85.81654357910156,-86.22225189208984,-85.24610900878906,-83.73307800292969,-78.60477447509766,0.0
-76.49485778808594,-79.23977661132812,-81.49717712402344,-82.7093276977539,-83.64546966552734,-83.99484252929688,-84.73958587646484,-85.06829833984375,-84.06999206542969,-83.76787567138672,-84.89059448242188,-84.14616394042969,-83.26245880126953,-85.29462432861328,-84.30294799804688,-83.28711700439453,-83.56730651855469,-84.27383422851562,-84.48796081542969,-83.37320709228516,-84.71151733398438,-84.65324401855469,-85.14910888671875,-83.03557586669922,-83.44828033447266,-84.83356475830078,-86.42066192626953,-85.76384735107422,-84.92376708984375,-82.97312927246094,-84.6507797241211,-85.29987335205078,-84.26992797851562,-83.88568878173828,-84.37593841552734,-85.70052337646484,-84.98175048828125,-84.10907745361328,-85.58367156982422,-84.41024017333984,-85.6629409790039,-86.73445129394531,-86.48368835449219,-86.37991333007812,-85.81654357910156,-86.22225189208984,-85.24610900878906,-83.73307800292969,-78.60477447509766,-76.84376525878906,1.0
-79.23977661132812,-81.49717712402344,-82.7093276977539,-83.64546966552734,-83.99484252929688,-84.73958587646484,-85.06829833984375,-84.06999206542969,-83.76787567138672,-84.89059448242188,-84.14616394042969,-83.26245880126953,-85.29462432861328,-84.30294799804688,-83.28711700439453,-83.56730651855469,-84.27383422851562,-84.48796081542969,-83.37320709228516,-84.71151733398438,-84.65324401855469,-85.14910888671875,-83.03557586669922,-83.44828033447266,-84.83356475830078,-86.42066192626953,-85.76384735107422,-84.92376708984375,-82.97312927246094,-84.6507797241211,-85.29987335205078,-84.26992797851562,-83.88568878173828,-84.37593841552734,-85.70052337646484,-84.98175048828125,-84.10907745361328,-85.58367156982422,-84.41024017333984,-85.6629409790039,-86.73445129394531,-86.48368835449219,-86.37991333007812,-85.81654357910156,-86.22225189208984,-85.24610900878906,-83.73307800292969,-78.60477447509766,-76.84376525878906,-79.238525390625,0.0
-81.49717712402344,-82.7093276977539,-83.64546966552734,-83.99484252929688,-84.73958587646484,-85.06829833984375,-84.06999206542969,-83.76787567138672,-84.89059448242188,-84.14616394042969,-83.26245880126953,-85.29462432861328,-84.30294799804688,-83.28711700439453,-83.56730651855469,-84.27383422851562,-84.48796081542969,-83.37320709228516,-84.71151733398438,-84.65324401855469,-85.14910888671875,-83.03557586669922,-83.44828033447266,-84.83356475830078,-86.42066192626953,-85.76384735107422,-84.92376708984375,-82.97312927246094,-84.6507797241211,-85.29987335205078,-84.26992797851562,-83.88568878173828,-84.37593841552734,-85.70052337646484,-84.98175048828125,-84.10907745361328,-85.58367156982422,-84.41024017333984,-85.6629409790039,-86.73445129394531,-86.48368835449219,-86.37991333007812,-85.81654357910156,-86.22225189208984,-85.24610900878906,-83.73307800292969,-78.60477447509766,-76.84376525878906,-79.238525390625,-78.2327880859375,0.0
-82.7093276977539,-83.64546966552734,-83.99484252929688,-84.73958587646484,-85.06829833984375,-84.06999206542969,-83.76787567138672,-84.89059448242188,-84.14616394042969,-83.26245880126953,-85.29462432861328,-84.30294799804688,-83.28711700439453,-83.56730651855469,-84.27383422851562,-84.48796081542969,-83.37320709228516,-84.71151733398438,-84.65324401855469,-85.14910888671875,-83.03557586669922,-83.44828033447266,-84.83356475830078,-86.42066192626953,-85.76384735107422,-84.92376708984375,-82.97312927246094,-84.6507797241211,-85.29987335205078,-84.26992797851562,-83.88568878173828,-84.37593841552734,-85.70052337646484,-84.98175048828125,-84.10907745361328,-85.58367156982422,-84.41024017333984,-85.6629409790039,-86.73445129394531,-86.48368835449219,-86.37991333007812,-85.81654357910156,-86.22225189208984,-85.24610900878906,-83.73307800292969,-78.60477447509766,-76.84376525878906,-79.238525390625,-78.2327880859375,-77.64379119873047,0.0
-83.64546966552734,-83.99484252929688,-84.73958587646484,-85.06829833984375,-84.06999206542969,-83.76787567138672,-84.89059448242188,-84.14616394042969,-83.26245880126953,-85.29462432861328,-84.30294799804688,-83.28711700439453,-83.56730651855469,-84.27383422851562,-84.48796081542969,-83.37320709228516,-84.71151733398438,-84.65324401855469,-85.14910888671875,-83.03557586669922,-83.44828033447266,-84.83356475830078,-86.42066192626953,-85.76384735107422,-84.92376708984375,-82.97312927246094,-84.6507797241211,-85.29987335205078,-84.26992797851562,-83.88568878173828,-84.37593841552734,-85.70052337646484,-84.98175048828125,-84.10907745361328,-85.58367156982422,-84.41024017333984,-85.6629409790039,-86.73445129394531,-86.48368835449219,-86.37991333007812,-85.81654357910156,-86.22225189208984,-85.24610900878906,-83.73307800292969,-78.60477447509766,-76.84376525878906,-79.238525390625,-78.2327880859375,-77.64379119873047,-77.4101791381836,1.0
-83.99484252929688,-84.73958587646484,-85.06829833984375,-84.06999206542969,-83.76787567138672,-84.89059448242188,-84.14616394042969,-83.26245880126953,-85.29462432861328,-84.30294799804688,-83.28711700439453,-83.56730651855469,-84.27383422851562,-84.48796081542969,-83.37320709228516,-84.71151733398438,-84.65324401855469,-85.14910888671875,-83.03557586669922,-83.44828033447266,-84.83356475830078,-86.42066192626953,-85.76384735107422,-84.92376708984375,-82.97312927246094,-84.6507797241211,-85.29987335205078,-84.26992797851562,-83.88568878173828,-84.37593841552734,-85.70052337646484,-84.98175048828125,-84.10907745361328,-85.58367156982422,-84.41024017333984,-85.6629409790039,-86.73445129394531,-86.48368835449219,-86.37991333007812,-85.81654357910156,-86.22225189208984,-85.24610900878906,-83.73307800292969,-78.60477447509766,-76.84376525878906,-79.238525390625,-78.2327880859375,-77.64379119873047,-77.4101791381836,-74.96826171875,0.0
-84.73958587646484,-85.06829833984375,-84.06999206542969,-83.76787567138672,-84.89059448242188,-84.14616394042969,-83.26245880126953,-85.29462432861328,-84.30294799804688,-83.28711700439453,-83.56730651855469,-84.27383422851562,-84.48796081542969,-83.37320709228516,-84.71151733398438,-84.65324401855469,-85.14910888671875,-83.03557586669922,-83.44828033447266,-84.83356475830078,-86.42066192626953,-85.76384735107422,-84.92376708984375,-82.97312927246094,-84.6507797241211,-85.29987335205078,-84.26992797851562,-83.88568878173828,-84.37593841552734,-85.70052337646484,-84.98175048828125,-84.10907745361328,-85.58367156982422,-84.41024017333984,-85.6629409790039,-86.73445129394531,-86.48368835449219,-86.37991333007812,-85.81654357910156,-86.22225189208984,-85.24610900878906,-83.73307800292969,-78.60477447509766,-76.84376525878906,-79.238525390625,-78.2327880859375,-77.64379119873047,-77.4101791381836,-74.96826171875,-74.6626205444336,0.0
-85.06829833984375,-84.06999206542969,-83.76787567138672,-84.89059448242188,-84.14616394042969,-83.26245880126953,-85.29462432861328,-84.30294799804688,-83.28711700439453,-83.56730651855469,-84.27383422851562,-84.48796081542969,-83.37320709228516,-84.71151733398438,-84.65324401855469,-85.14910888671875,-83.03557586669922,-83.44828033447266,-84.83356475830078,-86.42066192626953,-85.76384735107422,-84.92376708984375,-82.97312927246094,-84.6507797241211,-85.29987335205078,-84.26992797851562,-83.88568878173828,-84.37593841552734,-85.70052337646484,-84.98175048828125,-84.10907745361328,-85.58367156982422,-84.41024017333984,-85.6629409790039,-86.73445129394531,-86.48368835449219,-86.37991333007812,-85.81654357910156,-86.22225189208984,-85.24610900878906,-83.73307800292969,-78.60477447509766,-76.84376525878906,-79.238525390625,-78.2327880859375,-77.64379119873047,-77.4101791381836,-74.96826171875,-74.6626205444336,-74.60220336914062,1.0
-84.06999206542969,-83.76787567138672,-84.89059448242188,-84.14616394042969,-83.26245880126953,-85.29462432861328,-84.30294799804688,-83.28711700439453,-83.56730651855469,-84.27383422851562,-84.48796081542969,-83.37320709228516,-84.71151733398438,-84.65324401855469,-85.14910888671875,-83.03557586669922,-83.44828033447266,-84.83356475830078,-86.42066192626953,-85.76384735107422,-84.92376708984375,-82.97312927246094,-84.6507797241211,-85.29987335205078,-84.26992797851562,-83.88568878173828,-84.37593841552734,-85.70052337646484,-84.98175048828125,-84.10907745361328,-85.58367156982422,-84.41024017333984,-85.6629409790039,-86.73445129394531,-86.48368835449219,-86.37991333007812,-85.81654357910156,-86.22225189208984,-85.24610900878906,-83.73307800292969,-78.60477447509766,-76.84376525878906,-79.238525390625,-78.2327880859375,-77.64379119873047,-77.4101791381836,-74.96826171875,-74.6626205444336,-74.60220336914062,-73.93465423583984,0.0
-83.76787567138672,-84.89059448242188,-84.14616394042969,-83.26245880126953,-85.29462432861328,-84.30294799804688,-83.28711700439453,-83.56730651855469,-84.27383422851562,-84.48796081542969,-83.37320709228516,-84.71151733398438,-84.65324401855469,-85.14910888671875,-83.03557586669922,-83.44828033447266,-84.83356475830078,-86.42066192626953,-85.76384735107422,-84.92376708984375,-82.97312927246094,-84.6507797241211,-85.29987335205078,-84.26992797851562,-83.88568878173828,-84.37593841552734,-85.70052337646484,-84.98175048828125,-84.10907745361328,-85.58367156982422,-84.41024017333984,-85.6629409790039,-86.73445129394531,-86.48368835449219,-86.37991333007812,-85.81654357910156,-86.22225189208984,-85.24610900878906,-83.73307800292969,-78.60477447509766,-76.84376525878906,-79.238525390625,-78.2327880859375,-77.64379119873047,-77.4101791381836,-74.96826171875,-74.6626205444336,-74.60220336914062,-73.93465423583984,-73.64312744140625,1.0
-84.89059448242188,-84.14616394042969,-83.26245880126953,-85.29462432861328,-84.30294799804688,-83.28711700439453,-83.56730651855469,-84.27383422851562,-84.48796081542969,-83.37320709228516,-84.71151733398438,-84.65324401855469,-85.14910888671875,-83.03557586669922,-83.44828033447266,-84.83356475830078,-86.42066192626953,-85.76384735107422,-84.92376708984375,-82.97312927246094,-84.6507797241211,-85.29987335205078,-84.26992797851562,-83.88568878173828,-84.37593841552734,-85.70052337646484,-84.98175048828125,-84.10907745361328,-85.58367156982422,-84.41024017333984,-85.6629409790039,-86.73445129394531,-86.48368835449219,-86.37991333007812,-85.81654357910156,-86.22225189208984,-85.24610900878906,-83.73307800292969,-78.60477447509766,-76.84376525878906,-79.238525390625,-78.2327880859375,-77.64379119873047,-77.4101791381836,-74.96826171875,-74.6626205444336,-74.60220336914062,-73.93465423583984,-73.64312744140625,-74.10222625732422,0.0
-84.14616394042969,-83.26245880126953,-85.29462432861328,-84.30294799804688,-83.28711700439453,-83.56730651855469,-84.27383422851562,-84.48796081542969,-83.37320709228516,-84.71151733398438,-84.65324401855469,-85.14910888671875,-83.03557586669922,-83.44828033447266,-84.83356475830078,-86.42066192626953,-85.76384735107422,-84.92376708984375,-82.97312927246094,-84.6507797241211,-85.29987335205078,-84.26992797851562,-83.88568878173828,-84.37593841552734,-85.70052337646484,-84.98175048828125,-84.10907745361328,-85.58367156982422,-84.41024017333984,-85.6629409790039,-86.73445129394531,-86.48368835449219,-86.37991333007812,-85.81654357910156,-86.22225189208984,-85.24610900878906,-83.73307800292969,-78.60477447509766,-76.84376525878906,-79.238525390625,-78.2327880859375,-77.64379119873047,-77.4101791381836,-74.96826171875,-74.6626205444336,-74.60220336914062,-73.93465423583984,-73.64312744140625,-74.10222625732422,-74.23089599609375,0.0
-83.26245880126953,-85.29462432861328,-84.30294799804688,-83.28711700439453,-83.56730651855469,-84.27383422851562,-84.48796081542969,-83.37320709228516,-84.71151733398438,-84.65324401855469,-85.14910888671875,-83.03557586669922,-83.44828033447266,-84.83356475830078,-86.42066192626953,-85.76384735107422,-84.92376708984375,-82.97312927246094,-84.6507797241211,-85.29987335205078,-84.26992797851562,-83.88568878173828,-84.37593841552734,-85.70052337646484,-84.98175048828125,-84.10907745361328,-85.58367156982422,-84.41024017333984,-85.6629409790039,-86.73445129394531,-86.48368835449219,-86.37991333007812,-85.81654357910156,-86.22225189208984,-85.24610900878906,-83.73307800292969,-78.60477447509766,-76.84376525878906,-79.238525390625,-78.2327880859375,-77.64379119873047,-77.4101791381836,-74.96826171875,-74.6626205444336,-74.60220336914062,-73.93465423583984,-73.64312744140625,-74.10222625732422,-74.23089599609375,-73.64669799804688,0.0
-85.29462432861328,-84.30294799804688,-83.28711700439453,-83.56730651855469,-84.27383422851562,-84.48796081542969,-83.37320709228516,-84.71151733398438,-84.65324401855469,-85.14910888671875,-83.03557586669922,-83.44828033447266,-84.83356475830078,-86.42066192626953,-85.76384735107422,-84.92376708984375,-82.97312927246094,-84.6507797241211,-85.29987335205078,-84.26992797851562,-83.88568878173828,-84.37593841552734,-85.70052337646484,-84.98175048828125,-84.10907745361328,-85.58367156982422,-84.41024017333984,-85.6629409790039,-86.73445129394531,-86.48368835449219,-86.37991333007812,-85.81654357910156,-86.22225189208984,-85.24610900878906,-83.73307800292969,-78.60477447509766,-76.84376525878906,-79.238525390625,-78.2327880859375,-77.64379119873047,-77.4101791381836,-74.96826171875,-74.6626205444336,-74.60220336914062,-73.93465423583984,-73.64312744140625,-74.10222625732422,-74.23089599609375,-73.64669799804688,-76.33479309082031,0.0
-84.30294799804688,-83.28711700439453,-83.56730651855469,-84.27383422851562,-84.48796081542969,-83.37320709228516,-84.71151733398438,-84.65324401855469,-85.14910888671875,-83.03557586669922,-83.44828033447266,-84.83356475830078,-86.42066192626953,-85.76384735107422,-84.92376708984375,-82.97312927246094,-84.6507797241211,-85.29987335205078,-84.26992797851562,-83.88568878173828,-84.37593841552734,-85.70052337646484,-84.98175048828125,-84.10907745361328,-85.58367156982422,-84.41024017333984,-85.6629409790039,-86.73445129394531,-86.48368835449219,-86.37991333007812,-85.81654357910156,-86.22225189208984,-85.24610900878906,-83.73307800292969,-78.60477447509766,-76.84376525878906,-79.238525390625,-78.2327880859375,-77.64379119873047,-77.4101791381836,-74.96826171875,-74.6626205444336,-74.60220336914062,-73.93465423583984,-73.64312744140625,-74.10222625732422,-74.23089599609375,-73.64669799804688,-76.33479309082031,-76.71530151367188,0.0
-83.28711700439453,-83.56730651855469,-84.27383422851562,-84.48796081542969,-83.37320709228516,-84.71151733398438,-84.65324401855469,-85.14910888671875,-83.03557586669922,-83.44828033447266,-84.83356475830078,-86.42066192626953,-85.76384735107422,-84.92376708984375,-82.97312927246094,-84.6507797241211,-85.29987335205078,-84.26992797851562,-83.88568878173828,-84.37593841552734,-85.70052337646484,-84.98175048828125,-84.10907745361328,-85.58367156982422,-84.41024017333984,-85.6629409790039,-86.73445129394531,-86.48368835449219,-86.37991333007812,-85.81654357910156,-86.22225189208984,-85.24610900878906,-83.73307800292969,-78.60477447509766,-76.84376525878906,-79.238525390625,-78.2327880859375,-77.64379119873047,-77.4101791381836,-74.96826171875,-74.6626205444336,-74.60220336914062,-73.93465423583984,-73.64312744140625,-74.10222625732422,-74.23089599609375,-73.64669799804688,-76.33479309082031,-76.71530151367188,-76.1714859008789,0.0
-83.56730651855469,-84.27383422851562,-84.48796081542969,-83.37320709228516,-84.71151733398438,-84.65324401855469,-85.14910888671875,-83.03557586669922,-83.44828033447266,-84.83356475830078,-86.42066192626953,-85.76384735107422,-84.92376708984375,-82.97312927246094,-84.6507797241211,-85.29987335205078,-84.26992797851562,-83.88568878173828,-84.37593841552734,-85.70052337646484,-84.98175048828125,-84.10907745361328,-85.58367156982422,-84.41024017333984,-85.6629409790039,-86.73445129394531,-86.48368835449219,-86.37991333007812,-85.81654357910156,-86.22225189208984,-85.24610900878906,-83.73307800292969,-78.60477447509766,-76.84376525878906,-79.238525390625,-78.2327880859375,-77.64379119873047,-77.4101791381836,-74.96826171875,-74.6626205444336,-74.60220336914062,-73.93465423583984,-73.64312744140625,-74.10222625732422,-74.23089599609375,-73.64669799804688,-76.33479309082031,-76.71530151367188,-76.1714859008789,-76.02372741699219,0.0
-84.27383422851562,-84.48796081542969,-83.37320709228516,-84.71151733398438,-84.65324401855469,-85.14910888671875,-83.03557586669922,-83.44828033447266,-84.83356475830078,-86.42066192626953,-85.76384735107422,-84.92376708984375,-82.97312927246094,-84.6507797241211,-85.29987335205078,-84.26992797851562,-83.88568878173828,-84.37593841552734,-85.70052337646484,-84.98175048828125,-84.10907745361328,-85.58367156982422,-84.41024017333984,-85.6629409790039,-86.73445129394531,-86.48368835449219,-86.37991333007812,-85.81654357910156,-86.22225189208984,-85.24610900878906,-83.73307800292969,-78.60477447509766,-76.84376525878906,-79.238525390625,-78.2327880859375,-77.64379119873047,-77.4101791381836,-74.96826171875,-74.6626205444336,-74.60220336914062,-73.93465423583984,-73.64312744140625,-74.10222625732422,-74.23089599609375,-73.64669799804688,-76.33479309082031,-76.71530151367188,-76.1714859008789,-76.02372741699219,-76.62244415283203,0.0
-84.48796081542969,-83.37320709228516,-84.71151733398438,-84.65324401855469,-85.14910888671875,-83.03557586669922,-83.44828033447266,-84.83356475830078,-86.42066192626953,-85.76384735107422,-84.92376708984375,-82.97312927246094,-84.6507797241211,-85.29987335205078,-84.26992797851562,-83.88568878173828,-84.37593841552734,-85.70052337646484,-84.98175048828125,-84.10907745361328,-85.58367156982422,-84.41024017333984,-85.6629409790039,-86.73445129394531,-86.48368835449219,-86.37991333007812,-85.81654357910156,-86.22225189208984,-85.24610900878906,-83.73307800292969,-78.60477447509766,-76.84376525878906,-79.238525390625,-78.2327880859375,-77.64379119873047,-77.4101791381836,-74.96826171875,-74.6626205444336,-74.60220336914062,-73.93465423583984,-73.64312744140625,-74.10222625732422,-74.23089599609375,-73.64669799804688,-76.33479309082031,-76.71530151367188,-76.1714859008789,-76.02372741699219,-76.62244415283203,-77.4429931640625,0.0
-83.37320709228516,-84.71151733398438,-84.65324401855469,-85.14910888671875,-83.03557586669922,-83.44828033447266,-84.83356475830078,-86.42066192626953,-85.76384735107422,-84.92376708984375,-82.97312927246094,-84.6507797241211,-85.29987335205078,-84.26992797851562,-83.88568878173828,-84.37593841552734,-85.70052337646484,-84.98175048828125,-84.10907745361328,-85.58367156982422,-84.41024017333984,-85.6629409790039,-86.73445129394531,-86.48368835449219,-86.37991333007812,-85.81654357910156,-86.22225189208984,-85.24610900878906,-83.73307800292969,-78.60477447509766,-76.84376525878906,-79.238525390625,-78.2327880859375,-77.64379119873047,-77.4101791381836,-74.96826171875,-74.6626205444336,-74.60220336914062,-73.93465423583984,-73.64312744140625,-74.10222625732422,-74.23089599609375,-73.64669799804688,-76.33479309082031,-76.71530151367188,-76.1714859008789,-76.02372741699219,-76.62244415283203,-77.4429931640625,-77.72291564941406,0.0
-84.71151733398438,-84.65324401855469,-85.14910888671875,-83.03557586669922,-83.44828033447266,-84.83356475830078,-86.42066192626953,-85.76384735107422,-84.92376708984375,-82.97312927246094,-84.6507797241211,-85.29987335205078,-84.26992797851562,-83.88568878173828,-84.37593841552734,-85.70052337646484,-84.98175048828125,-84.10907745361328,-85.58367156982422,-84.41024017333984,-85.6629409790039,-86.73445129394531,-86.48368835449219,-86.37991333007812,-85.81654357910156,-86.22225189208984,-85.24610900878906,-83.73307800292969,-78.60477447509766,-76.84376525878906,-79.238525390625,-78.2327880859375,-77.64379119873047,-77.4101791381836,-74.96826171875,-74.6626205444336,-74.60220336914062,-73.93465423583984,-73.64312744140625,-74.10222625732422,-74.23089599609375,-73.64669799804688,-76.33479309082031,-76.71530151367188,-76.1714859008789,-76.02372741699219,-76.62244415283203,-77.4429931640625,-77.72291564941406,-77.81318664550781,0.0
-84.65324401855469,-85.14910888671875,-83.03557586669922,-83.44828033447266,-84.83356475830078,-86.42066192626953,-85.76384735107422,-84.92376708984375,-82.97312927246094,-84.6507797241211,-85.29987335205078,-84.26992797851562,-83.88568878173828,-84.37593841552734,-85.70052337646484,-84.98175048828125,-84.10907745361328,-85.58367156982422,-84.41024017333984,-85.6629409790039,-86.73445129394531,-86.48368835449219,-86.37991333007812,-85.81654357910156,-86.22225189208984,-85.24610900878906,-83.73307800292969,-78.60477447509766,-76.84376525878906,-79.238525390625,-78.2327880859375,-77.64379119873047,-77.4101791381836,-74.96826171875,-74.6626205444336,-74.60220336914062,-73.93465423583984,-73.64312744140625,-74.10222625732422,-74.23089599609375,-73.64669799804688,-76.33479309082031,-76.71530151367188,-76.1714859008789,-76.02372741699219,-76.62244415283203,-77.4429931640625,-77.72291564941406,-77.81318664550781,-76.7050552368164,0.0
-85.14910888671875,-83.03557586669922,-83.44828033447266,-84.83356475830078,-86.42066192626953,-85.76384735107422,-84.92376708984375,-82.97312927246094,-84.6507797241211,-85.29987335205078,-84.26992797851562,-83.88568878173828,-84.37593841552734,-85.70052337646484,-84.98175048828125,-84.10907745361328,-85.58367156982422,-84.41024017333984,-85.6629409790039,-86.73445129394531,-86.48368835449219,-86.37991333007812,-85.81654357910156,-86.22225189208984,-85.24610900878906,-83.73307800292969,-78.60477447509766,-76.84376525878906,-79.238525390625,-78.2327880859375,-77.64379119873047,-77.4101791381836,-74.96826171875,-74.6626205444336,-74.60220336914062,-73.93465423583984,-73.64312744140625,-74.10222625732422,-74.23089599609375,-73.64669799804688,-76.33479309082031,-76.71530151367188,-76.1714859008789,-76.02372741699219,-76.62244415283203,-77.4429931640625,-77.72291564941406,-77.81318664550781,-76.7050552368164,-76.34285736083984,0.0
-83.03557586669922,-83.44828033447266,-84.83356475830078,-86.42066192626953,-85.76384735107422,-84.92376708984375,-82.97312927246094,-84.6507797241211,-85.29987335205078,-84.26992797851562,-83.88568878173828,-84.37593841552734,-85.70052337646484,-84.98175048828125,-84.10907745361328,-85.58367156982422,-84.41024017333984,-85.6629409790039,-86.73445129394531,-86.48368835449219,-86.37991333007812,-85.81654357910156,-86.22225189208984,-85.24610900878906,-83.73307800292969,-78.60477447509766,-76.84376525878906,-79.238525390625,-78.2327880859375,-77.64379119873047,-77.4101791381836,-74.96826171875,-74.6626205444336,-74.60220336914062,-73.93465423583984,-73.64312744140625,-74.10222625732422,-74.23089599609375,-73.64669799804688,-76.33479309082031,-76.71530151367188,-76.1714859008789,-76.02372741699219,-76.62244415283203,-77.4429931640625,-77.72291564941406,-77.81318664550781,-76.7050552368164,-76.34285736083984,-78.01343536376953,0.0
-83.44828033447266,-84.83356475830078,-86.42066192626953,-85.76384735107422,-84.92376708984375,-82.97312927246094,-84.6507797241211,-85.29987335205078,-84.26992797851562,-83.88568878173828,-84.37593841552734,-85.70052337646484,-84.98175048828125,-84.10907745361328,-85.58367156982422,-84.41024017333984,-85.6629409790039,-86.73445129394531,-86.48368835449219,-86.37991333007812,-85.81654357910156,-86.22225189208984,-85.24610900878906,-83.73307800292969,-78.60477447509766,-76.84376525878906,-79.238525390625,-78.2327880859375,-77.64379119873047,-77.4101791381836,-74.96826171875,-74.6626205444336,-74.60220336914062,-73.93465423583984,-73.64312744140625,-74.10222625732422,-74.23089599609375,-73.64669799804688,-76.33479309082031,-76.71530151367188,-76.1714859008789,-76.02372741699219,-76.62244415283203,-77.4429931640625,-77.72291564941406,-77.81318664550781,-76.7050552368164,-76.34285736083984,-78.01343536376953,-78.59794616699219,0.0
-84.83356475830078,-86.42066192626953,-85.76384735107422,-84.92376708984375,-82.97312927246094,-84.6507797241211,-85.29987335205078,-84.26992797851562,-83.88568878173828,-84.37593841552734,-85.70052337646484,-84.98175048828125,-84.10907745361328,-85.58367156982422,-84.41024017333984,-85.6629409790039,-86.73445129394531,-86.48368835449219,-86.37991333007812,-85.81654357910156,-86.22225189208984,-85.24610900878906,-83.73307800292969,-78.60477447509766,-76.84376525878906,-79.238525390625,-78.2327880859375,-77.64379119873047,-77.4101791381836,-74.96826171875,-74.6626205444336,-74.60220336914062,-73.93465423583984,-73.64312744140625,-74.10222625732422,-74.23089599609375,-73.64669799804688,-76.33479309082031,-76.71530151367188,-76.1714859008789,-76.02372741699219,-76.62244415283203,-77.4429931640625,-77.72291564941406,-77.81318664550781,-76.7050552368164,-76.34285736083984,-78.01343536376953,-78.59794616699219,-78.72856140136719,0.0
-86.42066192626953,-85.76384735107422,-84.92376708984375,-82.97312927246094,-84.6507797241211,-85.29987335205078,-84.26992797851562,-83.88568878173828,-84.37593841552734,-85.70052337646484,-84.98175048828125,-84.10907745361328,-85.58367156982422,-84.41024017333984,-85.6629409790039,-86.73445129394531,-86.48368835449219,-86.37991333007812,-85.81654357910156,-86.22225189208984,-85.24610900878906,-83.73307800292969,-78.60477447509766,-76.84376525878906,-79.238525390625,-78.2327880859375,-77.64379119873047,-77.4101791381836,-74.96826171875,-74.6626205444336,-74.60220336914062,-73.93465423583984,-73.64312744140625,-74.10222625732422,-74.23089599609375,-73.64669799804688,-76.33479309082031,-76.71530151367188,-76.1714859008789,-76.02372741699219,-76.62244415283203,-77.4429931640625,-77.72291564941406,-77.81318664550781,-76.7050552368164,-76.34285736083984,-78.01343536376953,-78.59794616699219,-78.72856140136719,-78.77711486816406,0.0
-85.76384735107422,-84.92376708984375,-82.97312927246094,-84.6507797241211,-85.29987335205078,-84.26992797851562,-83.88568878173828,-84.37593841552734,-85.70052337646484,-84.98175048828125,-84.10907745361328,-85.58367156982422,-84.41024017333984,-85.6629409790039,-86.73445129394531,-86.48368835449219,-86.37991333007812,-85.81654357910156,-86.22225189208984,-85.24610900878906,-83.73307800292969,-78.60477447509766,-76.84376525878906,-79.238525390625,-78.2327880859375,-77.64379119873047,-77.4101791381836,-74.96826171875,-74.6626205444336,-74.60220336914062,-73.93465423583984,-73.64312744140625,-74.10222625732422,-74.23089599609375,-73.64669799804688,-76.33479309082031,-76.71530151367188,-76.1714859008789,-76.02372741699219,-76.62244415283203,-77.4429931640625,-77.72291564941406,-77.81318664550781,-76.7050552368164,-76.34285736083984,-78.01343536376953,-78.59794616699219,-78.72856140136719,-78.77711486816406,-77.08018493652344,0.0
-84.92376708984375,-82.97312927246094,-84.6507797241211,-85.29987335205078,-84.26992797851562,-83.88568878173828,-84.37593841552734,-85.70052337646484,-84.98175048828125,-84.10907745361328,-85.58367156982422,-84.41024017333984,-85.6629409790039,-86.73445129394531,-86.48368835449219,-86.37991333007812,-85.81654357910156,-86.22225189208984,-85.24610900878906,-83.73307800292969,-78.60477447509766,-76.84376525878906,-79.238525390625,-78.2327880859375,-77.64379119873047,-77.4101791381836,-74.96826171875,-74.6626205444336,-74.60220336914062,-73.93465423583984,-73.64312744140625,-74.10222625732422,-74.23089599609375,-73.64669799804688,-76.33479309082031,-76.71530151367188,-76.1714859008789,-76.02372741699219,-76.62244415283203,-77.4429931640625,-77.72291564941406,-77.81318664550781,-76.7050552368164,-76.34285736083984,-78.01343536376953,-78.59794616699219,-78.72856140136719,-78.77711486816406,-77.08018493652344,-76.51284790039062,0.0
-82.97312927246094,-84.6507797241211,-85.29987335205078,-84.26992797851562,-83.88568878173828,-84.37593841552734,-85.70052337646484,-84.98175048828125,-84.10907745361328,-85.58367156982422,-84.41024017333984,-85.6629409790039,-86.73445129394531,-86.48368835449219,-86.37991333007812,-85.81654357910156,-86.22225189208984,-85.24610900878906,-83.73307800292969,-78.60477447509766,-76.84376525878906,-79.238525390625,-78.2327880859375,-77.64379119873047,-77.4101791381836,-74.96826171875,-74.6626205444336,-74.60220336914062,-73.93465423583984,-73.64312744140625,-74.10222625732422,-74.23089599609375,-73.64669799804688,-76.33479309082031,-76.71530151367188,-76.1714859008789,-76.02372741699219,-76.62244415283203,-77.4429931640625,-77.72291564941406,-77.81318664550781,-76.7050552368164,-76.34285736083984,-78.01343536376953,-78.59794616699219,-78.72856140136719,-78.77711486816406,-77.08018493652344,-76.51284790039062,-75.806884765625,0.0
-84.6507797241211,-85.29987335205078,-84.26992797851562,-83.88568878173828,-84.37593841552734,-85.70052337646484,-84.98175048828125,-84.10907745361328,-85.58367156982422,-84.41024017333984,-85.6629409790039,-86.73445129394531,-86.48368835449219,-86.37991333007812,-85.81654357910156,-86.22225189208984,-85.24610900878906,-83.73307800292969,-78.60477447509766,-76.84376525878906,-79.238525390625,-78.2327880859375,-77.64379119873047,-77.4101791381836,-74.96826171875,-74.6626205444336,-74.60220336914062,-73.93465423583984,-73.64312744140625,-74.10222625732422,-74.23089599609375,-73.64669799804688,-76.33479309082031,-76.71530151367188,-76.1714859008789,-76.02372741699219,-76.62244415283203,-77.4429931640625,-77.72291564941406,-77.81318664550781,-76.7050552368164,-76.34285736083984,-78.01343536376953,-78.59794616699219,-78.72856140136719,-78.77711486816406,-77.08018493652344,-76.51284790039062,-75.806884765625,-76.71345520019531,0.0
-85.29987335205078,-84.26992797851562,-83.88568878173828,-84.37593841552734,-85.70052337646484,-84.98175048828125,-84.10907745361328,-85.58367156982422,-84.41024017333984,-85.6629409790039,-86.73445129394531,-86.48368835449219,-86.37991333007812,-85.81654357910156,-86.22225189208984,-85.24610900878906,-83.73307800292969,-78.60477447509766,-76.84376525878906,-79.238525390625,-78.2327880859375,-77.64379119873047,-77.4101791381836,-74.96826171875,-74.6626205444336,-74.60220336914062,-73.93465423583984,-73.64312744140625,-74.10222625732422,-74.23089599609375,-73.64669799804688,-76.33479309082031,-76.71530151367188,-76.1714859008789,-76.02372741699219,-76.62244415283203,-77.4429931640625,-77.72291564941406,-77.81318664550781,-76.7050552368164,-76.34285736083984,-78.01343536376953,-78.59794616699219,-78.72856140136719,-78.77711486816406,-77.08018493652344,-76.51284790039062,-75.806884765625,-76.71345520019531,-76.43502807617188,0.0
-84.26992797851562,-83.88568878173828,-84.37593841552734,-85.70052337646484,-84.98175048828125,-84.10907745361328,-85.58367156982422,-84.41024017333984,-85.6629409790039,-86.73445129394531,-86.48368835449219,-86.37991333007812,-85.81654357910156,-86.22225189208984,-85.24610900878906,-83.73307800292969,-78.60477447509766,-76.84376525878906,-79.238525390625,-78.2327880859375,-77.64379119873047,-77.4101791381836,-74.96826171875,-74.6626205444336,-74.60220336914062,-73.93465423583984,-73.64312744140625,-74.10222625732422,-74.23089599609375,-73.64669799804688,-76.33479309082031,-76.71530151367188,-76.1714859008789,-76.02372741699219,-76.62244415283203,-77.4429931640625,-77.72291564941406,-77.81318664550781,-76.7050552368164,-76.34285736083984,-78.01343536376953,-78.59794616699219,-78.72856140136719,-78.77711486816406,-77.08018493652344,-76.51284790039062,-75.806884765625,-76.71345520019531,-76.43502807617188,-76.26395416259766,0.0
-83.88568878173828,-84.37593841552734,-85.70052337646484,-84.98175048828125,-84.10907745361328,-85.58367156982422,-84.41024017333984,-85.6629409790039,-86.73445129394531,-86.48368835449219,-86.37991333007812,-85.81654357910156,-86.22225189208984,-85.24610900878906,-83.73307800292969,-78.60477447509766,-76.84376525878906,-79.238525390625,-78.2327880859375,-77.64379119873047,-77.4101791381836,-74.96826171875,-74.6626205444336,-74.60220336914062,-73.93465423583984,-73.64312744140625,-74.10222625732422,-74.23089599609375,-73.64669799804688,-76.33479309082031,-76.71530151367188,-76.1714859008789,-76.02372741699219,-76.62244415283203,-77.4429931640625,-77.72291564941406,-77.81318664550781,-76.7050552368164,-76.34285736083984,-78.01343536376953,-78.59794616699219,-78.72856140136719,-78.77711486816406,-77.08018493652344,-76.51284790039062,-75.806884765625,-76.71345520019531,-76.43502807617188,-76.26395416259766,-76.20149230957031,0.0
-84.37593841552734,-85.70052337646484,-84.98175048828125,-84.10907745361328,-85.58367156982422,-84.41024017333984,-85.6629409790039,-86.73445129394531,-86.48368835449219,-86.37991333007812,-85.81654357910156,-86.22225189208984,-85.24610900878906,-83.73307800292969,-78.60477447509766,-76.84376525878906,-79.238525390625,-78.2327880859375,-77.64379119873047,-77.4101791381836,-74.96826171875,-74.6626205444336,-74.60220336914062,-73.93465423583984,-73.64312744140625,-74.10222625732422,-74.23089599609375,-73.64669799804688,-76.33479309082031,-76.71530151367188,-76.1714859008789,-76.02372741699219,-76.62244415283203,-77.4429931640625,-77.72291564941406,-77.81318664550781,-76.7050552368164,-76.34285736083984,-78.01343536376953,-78.59794616699219,-78.72856140136719,-78.77711486816406,-77.08018493652344,-76.51284790039062,-75.806884765625,-76.71345520019531,-76.43502807617188,-76.26395416259766,-76.20149230957031,-76.75503540039062,0.0
-85.70052337646484,-84.98175048828125,-84.10907745361328,-85.58367156982422,-84.41024017333984,-85.6629409790039,-86.73445129394531,-86.48368835449219,-86.37991333007812,-85.81654357910156,-86.22225189208984,-85.24610900878906,-83.73307800292969,-78.60477447509766,-76.84376525878906,-79.238525390625,-78.2327880859375,-77.64379119873047,-77.4101791381836,-74.96826171875,-74.6626205444336,-74.60220336914062,-73.93465423583984,-73.64312744140625,-74.10222625732422,-74.23089599609375,-73.64669799804688,-76.33479309082031,-76.71530151367188,-76.1714859008789,-76.02372741699219,-76.62244415283203,-77.4429931640625,-77.72291564941406,-77.81318664550781,-76.7050552368164,-76.34285736083984,-78.01343536376953,-78.59794616699219,-78.72856140136719,-78.77711486816406,-77.08018493652344,-76.51284790039062,-75.806884765625,-76.71345520019531,-76.43502807617188,-76.26395416259766,-76.20149230957031,-76.75503540039062,-77.52197265625,0.0
-84.98175048828125,-84.10907745361328,-85.58367156982422,-84.41024017333984,-85.6629409790039,-86.73445129394531,-86.48368835449219,-86.37991333007812,-85.81654357910156,-86.22225189208984,-85.24610900878906,-83.73307800292969,-78.60477447509766,-76.84376525878906,-79.238525390625,-78.2327880859375,-77.64379119873047,-77.4101791381836,-74.96826171875,-74.6626205444336,-74.60220336914062,-73.93465423583984,-73.64312744140625,-74.10222625732422,-74.23089599609375,-73.64669799804688,-76.33479309082031,-76.71530151367188,-76.1714859008789,-76.02372741699219,-76.62244415283203,-77.4429931640625,-77.72291564941406,-77.81318664550781,-76.7050552368164,-76.34285736083984,-78.01343536376953,-78.59794616699219,-78.72856140136719,-78.77711486816406,-77.08018493652344,-76.51284790039062,-75.806884765625,-76.71345520019531,-76.43502807617188,-76.26395416259766,-76.20149230957031,-76.75503540039062,-77.52197265625,-76.6047134399414,0.0
-84.10907745361328,-85.58367156982422,-84.41024017333984,-85.6629409790039,-86.73445129394531,-86.48368835449219,-86.37991333007812,-85.81654357910156,-86.22225189208984,-85.24610900878906,-83.73307800292969,-78.60477447509766,-76.84376525878906,-79.238525390625,-78.2327880859375,-77.64379119873047,-77.4101791381836,-74.96826171875,-74.6626205444336,-74.60220336914062,-73.93465423583984,-73.64312744140625,-74.10222625732422,-74.23089599609375,-73.64669799804688,-76.33479309082031,-76.71530151367188,-76.1714859008789,-76.02372741699219,-76.62244415283203,-77.4429931640625,-77.72291564941406,-77.81318664550781,-76.7050552368164,-76.34285736083984,-78.01343536376953,-78.59794616699219,-78.72856140136719,-78.77711486816406,-77.08018493652344,-76.51284790039062,-75.806884765625,-76.71345520019531,-76.43502807617188,-76.26395416259766,-76.20149230957031,-76.75503540039062,-77.52197265625,-76.6047134399414,-76.84923553466797,0.0
-85.58367156982422,-84.41024017333984,-85.6629409790039,-86.73445129394531,-86.48368835449219,-86.37991333007812,-85.81654357910156,-86.22225189208984,-85.24610900878906,-83.73307800292969,-78.60477447509766,-76.84376525878906,-79.238525390625,-78.2327880859375,-77.64379119873047,-77.4101791381836,-74.96826171875,-74.6626205444336,-74.60220336914062,-73.93465423583984,-73.64312744140625,-74.10222625732422,-74.23089599609375,-73.64669799804688,-76.33479309082031,-76.71530151367188,-76.1714859008789,-76.02372741699219,-76.62244415283203,-77.4429931640625,-77.72291564941406,-77.81318664550781,-76.7050552368164,-76.34285736083984,-78.01343536376953,-78.59794616699219,-78.72856140136719,-78.77711486816406,-77.08018493652344,-76.51284790039062,-75.806884765625,-76.71345520019531,-76.43502807617188,-76.26395416259766,-76.20149230957031,-76.75503540039062,-77.52197265625,-76.6047134399414,-76.84923553466797,-76.40852355957031,0.0
-84.41024017333984,-85.6629409790039,-86.73445129394531,-86.48368835449219,-86.37991333007812,-85.81654357910156,-86.22225189208984,-85.24610900878906,-83.73307800292969,-78.60477447509766,-76.84376525878906,-79.238525390625,-78.2327880859375,-77.64379119873047,-77.4101791381836,-74.96826171875,-74.6626205444336,-74.60220336914062,-73.93465423583984,-73.64312744140625,-74.10222625732422,-74.23089599609375,-73.64669799804688,-76.33479309082031,-76.71530151367188,-76.1714859008789,-76.02372741699219,-76.62244415283203,-77.4429931640625,-77.72291564941406,-77.81318664550781,-76.7050552368164,-76.34285736083984,-78.01343536376953,-78.59794616699219,-78.72856140136719,-78.77711486816406,-77.08018493652344,-76.51284790039062,-75.806884765625,-76.71345520019531,-76.43502807617188,-76.26395416259766,-76.20149230957031,-76.75503540039062,-77.52197265625,-76.6047134399414,-76.84923553466797,-76.40852355957031,-76.82637786865234,0.0
-85.6629409790039,-86.73445129394531,-86.48368835449219,-86.37991333007812,-85.81654357910156,-86.22225189208984,-85.24610900878906,-83.73307800292969,-78.60477447509766,-76.84376525878906,-79.238525390625,-78.2327880859375,-77.64379119873047,-77.4101791381836,-74.96826171875,-74.6626205444336,-74.60220336914062,-73.93465423583984,-73.64312744140625,-74.10222625732422,-74.23089599609375,-73.64669799804688,-76.33479309082031,-76.71530151367188,-76.1714859008789,-76.02372741699219,-76.62244415283203,-77.4429931640625,-77.72291564941406,-77.81318664550781,-76.7050552368164,-76.34285736083984,-78.01343536376953,-78.59794616699219,-78.72856140136719,-78.77711486816406,-77.08018493652344,-76.51284790039062,-75.806884765625,-76.71345520019531,-76.43502807617188,-76.26395416259766,-76.20149230957031,-76.75503540039062,-77.52197265625,-76.6047134399414,-76.84923553466797,-76.40852355957031,-76.82637786865234,-76.98957061767578,0.0
-86.73445129394531,-86.48368835449219,-86.37991333007812,-85.81654357910156,-86.22225189208984,-85.24610900878906,-83.73307800292969,-78.60477447509766,-76.84376525878906,-79.238525390625,-78.2327880859375,-77.64379119873047,-77.4101791381836,-74.96826171875,-74.6626205444336,-74.60220336914062,-73.93465423583984,-73.64312744140625,-74.10222625732422,-74.23089599609375,-73.64669799804688,-76.33479309082031,-76.71530151367188,-76.1714859008789,-76.02372741699219,-76.62244415283203,-77.4429931640625,-77.72291564941406,-77.81318664550781,-76.7050552368164,-76.34285736083984,-78.01343536376953,-78.59794616699219,-78.72856140136719,-78.77711486816406,-77.08018493652344,-76.51284790039062,-75.806884765625,-76.71345520019531,-76.43502807617188,-76.26395416259766,-76.20149230957031,-76.75503540039062,-77.52197265625,-76.6047134399414,-76.84923553466797,-76.40852355957031,-76.82637786865234,-76.98957061767578,-76.44352722167969,0.0
-86.48368835449219,-86.37991333007812,-85.81654357910156,-86.22225189208984,-85.24610900878906,-83.73307800292969,-78.60477447509766,-76.84376525878906,-79.238525390625,-78.2327880859375,-77.64379119873047,-77.4101791381836,-74.96826171875,-74.6626205444336,-74.60220336914062,-73.93465423583984,-73.64312744140625,-74.10222625732422,-74.23089599609375,-73.64669799804688,-76.33479309082031,-76.71530151367188,-76.1714859008789,-76.02372741699219,-76.62244415283203,-77.4429931640625,-77.72291564941406,-77.81318664550781,-76.7050552368164,-76.34285736083984,-78.01343536376953,-78.59794616699219,-78.72856140136719,-78.77711486816406,-77.08018493652344,-76.51284790039062,-75.806884765625,-76.71345520019531,-76.43502807617188,-76.26395416259766,-76.20149230957031,-76.75503540039062,-77.52197265625,-76.6047134399414,-76.84923553466797,-76.40852355957031,-76.82637786865234,-76.98957061767578,-76.44352722167969,-76.24950408935547,0.0
-86.37991333007812,-85.81654357910156,-86.22225189208984,-85.24610900878906,-83.73307800292969,-78.60477447509766,-76.84376525878906,-79.238525390625,-78.2327880859375,-77.64379119873047,-77.4101791381836,-74.96826171875,-74.6626205444336,-74.60220336914062,-73.93465423583984,-73.64312744140625,-74.10222625732422,-74.23089599609375,-73.64669799804688,-76.33479309082031,-76.71530151367188,-76.1714859008789,-76.02372741699219,-76.62244415283203,-77.4429931640625,-77.72291564941406,-77.81318664550781,-76.7050552368164,-76.34285736083984,-78.01343536376953,-78.59794616699219,-78.72856140136719,-78.77711486816406,-77.08018493652344,-76.51284790039062,-75.806884765625,-76.71345520019531,-76.43502807617188,-76.26395416259766,-76.20149230957031,-76.75503540039062,-77.52197265625,-76.6047134399414,-76.84923553466797,-76.40852355957031,-76.82637786865234,-76.98957061767578,-76.44352722167969,-76.24950408935547,-76.20458984375,0.0
-85.81654357910156,-86.22225189208984,-85.24610900878906,-83.73307800292969,-78.60477447509766,-76.84376525878906,-79.238525390625,-78.2327880859375,-77.64379119873047,-77.4101791381836,-74.96826171875,-74.6626205444336,-74.60220336914062,-73.93465423583984,-73.64312744140625,-74.10222625732422,-74.23089599609375,-73.64669799804688,-76.33479309082031,-76.71530151367188,-76.1714859008789,-76.02372741699219,-76.62244415283203,-77.4429931640625,-77.72291564941406,-77.81318664550781,-76.7050552368164,-76.34285736083984,-78.01343536376953,-78.59794616699219,-78.72856140136719,-78.77711486816406,-77.08018493652344,-76.51284790039062,-75.806884765625,-76.71345520019531,-76.43502807617188,-76.26395416259766,-76.20149230957031,-76.75503540039062,-77.52197265625,-76.6047134399414,-76.84923553466797,-76.40852355957031,-76.82637786865234,-76.98957061767578,-76.44352722167969,-76.24950408935547,-76.20458984375,-75.60566711425781,0.0
-86.22225189208984,-85.24610900878906,-83.73307800292969,-78.60477447509766,-76.84376525878906,-79.238525390625,-78.2327880859375,-77.64379119873047,-77.4101791381836,-74.96826171875,-74.6626205444336,-74.60220336914062,-73.93465423583984,-73.64312744140625,-74.10222625732422,-74.23089599609375,-73.64669799804688,-76.33479309082031,-76.71530151367188,-76.1714859008789,-76.02372741699219,-76.62244415283203,-77.4429931640625,-77.72291564941406,-77.81318664550781,-76.7050552368164,-76.34285736083984,-78.01343536376953,-78.59794616699219,-78.72856140136719,-78.77711486816406,-77.08018493652344,-76.51284790039062,-75.806884765625,-76.71345520019531,-76.43502807617188,-76.26395416259766,-76.20149230957031,-76.75503540039062,-77.52197265625,-76.6047134399414,-76.84923553466797,-76.40852355957031,-76.82637786865234,-76.98957061767578,-76.44352722167969,-76.24950408935547,-76.20458984375,-75.60566711425781,-76.54883575439453,0.0
-85.24610900878906,-83.73307800292969,-78.60477447509766,-76.84376525878906,-79.238525390625,-78.2327880859375,-77.64379119873047,-77.4101791381836,-74.96826171875,-74.6626205444336,-74.60220336914062,-73.93465423583984,-73.64312744140625,-74.10222625732422,-74.23089599609375,-73.64669799804688,-76.33479309082031,-76.71530151367188,-76.1714859008789,-76.02372741699219,-76.62244415283203,-77.4429931640625,-77.72291564941406,-77.81318664550781,-76.7050552368164,-76.34285736083984,-78.01343536376953,-78.59794616699219,-78.72856140136719,-78.77711486816406,-77.08018493652344,-76.51284790039062,-75.806884765625,-76.71345520019531,-76.43502807617188,-76.26395416259766,-76.20149230957031,-76.75503540039062,-77.52197265625,-76.6047134399414,-76.84923553466797,-76.40852355957031,-76.82637786865234,-76.98957061767578,-76.44352722167969,-76.24950408935547,-76.20458984375,-75.60566711425781,-76.54883575439453,-76.30744171142578,0.0
-83.73307800292969,-78.60477447509766,-76.84376525878906,-79.238525390625,-78.2327880859375,-77.64379119873047,-77.4101791381836,-74.96826171875,-74.6626205444336,-74.60220336914062,-73.93465423583984,-73.64312744140625,-74.10222625732422,-74.23089599609375,-73.64669799804688,-76.33479309082031,-76.71530151367188,-76.1714859008789,-76.02372741699219,-76.62244415283203,-77.4429931640625,-77.72291564941406,-77.81318664550781,-76.7050552368164,-76.34285736083984,-78.01343536376953,-78.59794616699219,-78.72856140136719,-78.77711486816406,-77.08018493652344,-76.51284790039062,-75.806884765625,-76.71345520019531,-76.43502807617188,-76.26395416259766,-76.20149230957031,-76.75503540039062,-77.52197265625,-76.6047134399414,-76.84923553466797,-76.40852355957031,-76.82637786865234,-76.98957061767578,-76.44352722167969,-76.24950408935547,-76.20458984375,-75.60566711425781,-76.54883575439453,-76.30744171142578,-76.1728515625,0.0
-78.60477447509766,-76.84376525878906,-79.238525390625,-78.2327880859375,-77.64379119873047,-77.4101791381836,-74.96826171875,-74.6626205444336,-74.60220336914062,-73.93465423583984,-73.64312744140625,-74.10222625732422,-74.23089599609375,-73.64669799804688,-76.33479309082031,-76.71530151367188,-76.1714859008789,-76.02372741699219,-76.62244415283203,-77.4429931640625,-77.72291564941406,-77.81318664550781,-76.7050552368164,-76.34285736083984,-78.01343536376953,-78.59794616699219,-78.72856140136719,-78.77711486816406,-77.08018493652344,-76.51284790039062,-75.806884765625,-76.71345520019531,-76.43502807617188,-76.26395416259766,-76.20149230957031,-76.75503540039062,-77.52197265625,-76.6047134399414,-76.84923553466797,-76.40852355957031,-76.82637786865234,-76.98957061767578,-76.44352722167969,-76.24950408935547,-76.20458984375,-75.60566711425781,-76.54883575439453,-76.30744171142578,-76.1728515625,-76.14039611816406,0.0
-76.84376525878906,-79.238525390625,-78.2327880859375,-77.64379119873047,-77.4101791381836,-74.96826171875,-74.6626205444336,-74.60220336914062,-73.93465423583984,-73.64312744140625,-74.10222625732422,-74.23089599609375,-73.64669799804688,-76.33479309082031,-76.71530151367188,-76.1714859008789,-76.02372741699219,-76.62244415283203,-77.4429931640625,-77.72291564941406,-77.81318664550781,-76.7050552368164,-76.34285736083984,-78.01343536376953,-78.59794616699219,-78.72856140136719,-78.77711486816406,-77.08018493652344,-76.51284790039062,-75.806884765625,-76.71345520019531,-76.43502807617188,-76.26395416259766,-76.20149230957031,-76.75503540039062,-77.52197265625,-76.6047134399414,-76.84923553466797,-76.40852355957031,-76.82637786865234,-76.98957061767578,-76.44352722167969,-76.24950408935547,-76.20458984375,-75.60566711425781,-76.54883575439453,-76.30744171142578,-76.1728515625,-76.14039611816406,-76.13494110107422,0.0
-79.238525390625,-78.2327880859375,-77.64379119873047,-77.4101791381836,-74.96826171875,-74.6626205444336,-74.60220336914062,-73.93465423583984,-73.64312744140625,-74.10222625732422,-74.23089599609375,-73.64669799804688,-76.33479309082031,-76.71530151367188,-76.1714859008789,-76.02372741699219,-76.62244415283203,-77.4429931640625,-77.72291564941406,-77.81318664550781,-76.7050552368164,-76.34285736083984,-78.01343536376953,-78.59794616699219,-78.72856140136719,-78.77711486816406,-77.08018493652344,-76.51284790039062,-75.806884765625,-76.71345520019531,-76.43502807617188,-76.26395416259766,-76.20149230957031,-76.75503540039062,-77.52197265625,-76.6047134399414,-76.84923553466797,-76.40852355957031,-76.82637786865234,-76.98957061767578,-76.44352722167969,-76.24950408935547,-76.20458984375,-75.60566711425781,-76.54883575439453,-76.30744171142578,-76.1728515625,-76.14039611816406,-76.13494110107422,-75.55150604248047,0.0
-78.2327880859375,-77.64379119873047,-77.4101791381836,-74.96826171875,-74.6626205444336,-74.60220336914062,-73.93465423583984,-73.64312744140625,-74.10222625732422,-74.23089599609375,-73.64669799804688,-76.33479309082031,-76.71530151367188,-76.1714859008789,-76.02372741699219,-76.62244415283203,-77.4429931640625,-77.72291564941406,-77.81318664550781,-76.7050552368164,-76.34285736083984,-78.01343536376953,-78.59794616699219,-78.72856140136719,-78.77711486816406,-77.08018493652344,-76.51284790039062,-75.806884765625,-76.71345520019531,-76.43502807617188,-76.26395416259766,-76.20149230957031,-76.75503540039062,-77.52197265625,-76.6047134399414,-76.84923553466797,-76.40852355957031,-76.82637786865234,-76.98957061767578,-76.44352722167969,-76.24950408935547,-76.20458984375,-75.60566711425781,-76.54883575439453,-76.30744171142578,-76.1728515625,-76.14039611816406,-76.13494110107422,-75.55150604248047,-75.34588623046875,0.0
-77.64379119873047,-77.4101791381836,-74.96826171875,-74.6626205444336,-74.60220336914062,-73.93465423583984,-73.64312744140625,-74.10222625732422,-74.23089599609375,-73.64669799804688,-76.33479309082031,-76.71530151367188,-76.1714859008789,-76.02372741699219,-76.62244415283203,-77.4429931640625,-77.72291564941406,-77.81318664550781,-76.7050552368164,-76.34285736083984,-78.01343536376953,-78.59794616699219,-78.72856140136719,-78.77711486816406,-77.08018493652344,-76.51284790039062,-75.806884765625,-76.71345520019531,-76.43502807617188,-76.26395416259766,-76.20149230957031,-76.75503540039062,-77.52197265625,-76.6047134399414,-76.84923553466797,-76.40852355957031,-76.82637786865234,-76.98957061767578,-76.44352722167969,-76.24950408935547,-76.20458984375,-75.60566711425781,-76.54883575439453,-76.30744171142578,-76.1728515625,-76.14039611816406,-76.13494110107422,-75.55150604248047,-75.34588623046875,-75.29080200195312,0.0
-77.4101791381836,-74.96826171875,-74.6626205444336,-74.60220336914062,-73.93465423583984,-73.64312744140625,-74.10222625732422,-74.23089599609375,-73.64669799804688,-76.33479309082031,-76.71530151367188,-76.1714859008789,-76.02372741699219,-76.62244415283203,-77.4429931640625,-77.72291564941406,-77.81318664550781,-76.7050552368164,-76.34285736083984,-78.01343536376953,-78.59794616699219,-78.72856140136719,-78.77711486816406,-77.08018493652344,-76.51284790039062,-75.806884765625,-76.71345520019531,-76.43502807617188,-76.26395416259766,-76.20149230957031,-76.75503540039062,-77.52197265625,-76.6047134399414,-76.84923553466797,-76.40852355957031,-76.82637786865234,-76.98957061767578,-76.44352722167969,-76.24950408935547,-76.20458984375,-75.60566711425781,-76.54883575439453,-76.30744171142578,-76.1728515625,-76.14039611816406,-76.13494110107422,-75.55150604248047,-75.34588623046875,-75.29080200195312,-75.26343536376953,0.0
-74.96826171875,-74.6626205444336,-74.60220336914062,-73.93465423583984,-73.64312744140625,-74.10222625732422,-74.23089599609375,-73.64669799804688,-76.33479309082031,-76.71530151367188,-76.1714859008789,-76.02372741699219,-76.62244415283203,-77.4429931640625,-77.72291564941406,-77.81318664550781,-76.7050552368164,-76.34285736083984,-78.01343536376953,-78.59794616699219,-78.72856140136719,-78.77711486816406,-77.08018493652344,-76.51284790039062,-75.806884765625,-76.71345520019531,-76.43502807617188,-76.26395416259766,-76.20149230957031,-76.75503540039062,-77.52197265625,-76.6047134399414,-76.84923553466797,-76.40852355957031,-76.82637786865234,-76.98957061767578,-76.44352722167969,-76.24950408935547,-76.20458984375,-75.60566711425781,-76.54883575439453,-76.30744171142578,-76.1728515625,-76.14039611816406,-76.13494110107422,-75.55150604248047,-75.34588623046875,-75.29080200195312,-75.26343536376953,-75.2396240234375,1.0
-74.6626205444336,-74.60220336914062,-73.93465423583984,-73.64312744140625,-74.10222625732422,-74.23089599609375,-73.64669799804688,-76.33479309082031,-76.71530151367188,-76.1714859008789,-76.02372741699219,-76.62244415283203,-77.4429931640625,-77.72291564941406,-77.81318664550781,-76.7050552368164,-76.34285736083984,-78.01343536376953,-78.59794616699219,-78.72856140136719,-78.77711486816406,-77.08018493652344,-76.51284790039062,-75.806884765625,-76.71345520019531,-76.43502807617188,-76.26395416259766,-76.20149230957031,-76.75503540039062,-77.52197265625,-76.6047134399414,-76.84923553466797,-76.40852355957031,-76.82637786865234,-76.98957061767578,-76.44352722167969,-76.24950408935547,-76.20458984375,-75.60566711425781,-76.54883575439453,-76.30744171142578,-76.1728515625,-76.14039611816406,-76.13494110107422,-75.55150604248047,-75.34588623046875,-75.29080200195312,-75.26343536376953,-75.2396240234375,-76.38158416748047,1.0
-74.60220336914062,-73.93465423583984,-73.64312744140625,-74.10222625732422,-74.23089599609375,-73.64669799804688,-76.33479309082031,-76.71530151367188,-76.1714859008789,-76.02372741699219,-76.62244415283203,-77.4429931640625,-77.72291564941406,-77.81318664550781,-76.7050552368164,-76.34285736083984,-78.01343536376953,-78.59794616699219,-78.72856140136719,-78.77711486816406,-77.08018493652344,-76.51284790039062,-75.806884765625,-76.71345520019531,-76.43502807617188,-76.26395416259766,-76.20149230957031,-76.75503540039062,-77.52197265625,-76.6047134399414,-76.84923553466797,-76.40852355957031,-76.82637786865234,-76.98957061767578,-76.44352722167969,-76.24950408935547,-76.20458984375,-75.60566711425781,-76.54883575439453,-76.30744171142578,-76.1728515625,-76.14039611816406,-76.13494110107422,-75.55150604248047,-75.34588623046875,-75.29080200195312,-75.26343536376953,-75.2396240234375,-76.38158416748047,-74.44667053222656,1.0
-73.93465423583984,-73.64312744140625,-74.10222625732422,-74.23089599609375,-73.64669799804688,-76.33479309082031,-76.71530151367188,-76.1714859008789,-76.02372741699219,-76.62244415283203,-77.4429931640625,-77.72291564941406,-77.81318664550781,-76.7050552368164,-76.34285736083984,-78.01343536376953,-78.59794616699219,-78.72856140136719,-78.77711486816406,-77.08018493652344,-76.51284790039062,-75.806884765625,-76.71345520019531,-76.43502807617188,-76.26395416259766,-76.20149230957031,-76.75503540039062,-77.52197265625,-76.6047134399414,-76.84923553466797,-76.40852355957031,-76.82637786865234,-76.98957061767578,-76.44352722167969,-76.24950408935547,-76.20458984375,-75.60566711425781,-76.54883575439453,-76.30744171142578,-76.1728515625,-76.14039611816406,-76.13494110107422,-75.55150604248047,-75.34588623046875,-75.29080200195312,-75.26343536376953,-75.2396240234375,-76.38158416748047,-74.44667053222656,-74.89190673828125,0.0
-73.64312744140625,-74.10222625732422,-74.23089599609375,-73.64669799804688,-76.33479309082031,-76.71530151367188,-76.1714859008789,-76.02372741699219,-76.62244415283203,-77.4429931640625,-77.72291564941406,-77.81318664550781,-76.7050552368164,-76.34285736083984,-78.01343536376953,-78.59794616699219,-78.72856140136719,-78.77711486816406,-77.08018493652344,-76.51284790039062,-75.806884765625,-76.71345520019531,-76.43502807617188,-76.26395416259766,-76.20149230957031,-76.75503540039062,-77.52197265625,-76.6047134399414,-76.84923553466797,-76.40852355957031,-76.82637786865234,-76.98957061767578,-76.44352722167969,-76.24950408935547,-76.20458984375,-75.60566711425781,-76.54883575439453,-76.30744171142578,-76.1728515625,-76.14039611816406,-76.13494110107422,-75.55150604248047,-75.34588623046875,-75.29080200195312,-75.26343536376953,-75.2396240234375,-76.38158416748047,-74.44667053222656,-74.89190673828125,-76.29369354248047,1.0
-74.10222625732422,-74.23089599609375,-73.64669799804688,-76.33479309082031,-76.71530151367188,-76.1714859008789,-76.02372741699219,-76.62244415283203,-77.4429931640625,-77.72291564941406,-77.81318664550781,-76.7050552368164,-76.34285736083984,-78.01343536376953,-78.59794616699219,-78.72856140136719,-78.77711486816406,-77.08018493652344,-76.51284790039062,-75.806884765625,-76.71345520019531,-76.43502807617188,-76.26395416259766,-76.20149230957031,-76.75503540039062,-77.52197265625,-76.6047134399414,-76.84923553466797,-76.40852355957031,-76.82637786865234,-76.98957061767578,-76.44352722167969,-76.24950408935547,-76.20458984375,-75.60566711425781,-76.54883575439453,-76.30744171142578,-76.1728515625,-76.14039611816406,-76.13494110107422,-75.55150604248047,-75.34588623046875,-75.29080200195312,-75.26343536376953,-75.2396240234375,-76.38158416748047,-74.44667053222656,-74.89190673828125,-76.29369354248047,-76.16381072998047,0.0
-74.23089599609375,-73.64669799804688,-76.33479309082031,-76.71530151367188,-76.1714859008789,-76.02372741699219,-76.62244415283203,-77.4429931640625,-77.72291564941406,-77.81318664550781,-76.7050552368164,-76.34285736083984,-78.01343536376953,-78.59794616699219,-78.72856140136719,-78.77711486816406,-77.08018493652344,-76.51284790039062,-75.806884765625,-76.71345520019531,-76.43502807617188,-76.26395416259766,-76.20149230957031,-76.75503540039062,-77.52197265625,-76.6047134399414,-76.84923553466797,-76.40852355957031,-76.82637786865234,-76.98957061767578,-76.44352722167969,-76.24950408935547,-76.20458984375,-75.60566711425781,-76.54883575439453,-76.30744171142578,-76.1728515625,-76.14039611816406,-76.13494110107422,-75.55150604248047,-75.34588623046875,-75.29080200195312,-75.26343536376953,-75.2396240234375,-76.38158416748047,-74.44667053222656,-74.89190673828125,-76.29369354248047,-76.16381072998047,-76.64427947998047,1.0
-73.64669799804688,-76.33479309082031,-76.71530151367188,-76.1714859008789,-76.02372741699219,-76.62244415283203,-77.4429931640625,-77.72291564941406,-77.81318664550781,-76.7050552368164,-76.34285736083984,-78.01343536376953,-78.59794616699219,-78.72856140136719,-78.77711486816406,-77.08018493652344,-76.51284790039062,-75.806884765625,-76.71345520019531,-76.43502807617188,-76.26395416259766,-76.20149230957031,-76.75503540039062,-77.52197265625,-76.6047134399414,-76.84923553466797,-76.40852355957031,-76.82637786865234,-76.98957061767578,-76.44352722167969,-76.24950408935547,-76.20458984375,-75.60566711425781,-76.54883575439453,-76.30744171142578,-76.1728515625,-76.14039611816406,-76.13494110107422,-75.55150604248047,-75.34588623046875,-75.29080200195312,-75.26343536376953,-75.2396240234375,-76.38158416748047,-74.44667053222656,-74.89190673828125,-76.29369354248047,-76.16381072998047,-76.64427947998047,-75.6788101196289,1.0
-76.33479309082031,-76.71530151367188,-76.1714859008789,-76.02372741699219,-76.62244415283203,-77.4429931640625,-77.72291564941406,-77.81318664550781,-76.7050552368164,-76.34285736083984,-78.01343536376953,-78.59794616699219,-78.72856140136719,-78.77711486816406,-77.08018493652344,-76.51284790039062,-75.806884765625,-76.71345520019531,-76.43502807617188,-76.26395416259766,-76.20149230957031,-76.75503540039062,-77.52197265625,-76.6047134399414,-76.84923553466797,-76.40852355957031,-76.82637786865234,-76.98957061767578,-76.44352722167969,-76.24950408935547,-76.20458984375,-75.60566711425781,-76.54883575439453,-76.30744171142578,-76.1728515625,-76.14039611816406,-76.13494110107422,-75.55150604248047,-75.34588623046875,-75.29080200195312,-75.26343536376953,-75.2396240234375,-76.38158416748047,-74.44667053222656,-74.89190673828125,-76.29369354248047,-76.16381072998047,-76.64427947998047,-75.6788101196289,-74.76179504394531,1.0
-76.71530151367188,-76.1714859008789,-76.02372741699219,-76.62244415283203,-77.4429931640625,-77.72291564941406,-77.81318664550781,-76.7050552368164,-76.34285736083984,-78.01343536376953,-78.59794616699219,-78.72856140136719,-78.77711486816406,-77.08018493652344,-76.51284790039062,-75.806884765625,-76.71345520019531,-76.43502807617188,-76.26395416259766,-76.20149230957031,-76.75503540039062,-77.52197265625,-76.6047134399414,-76.84923553466797,-76.40852355957031,-76.82637786865234,-76.98957061767578,-76.44352722167969,-76.24950408935547,-76.20458984375,-75.60566711425781,-76.54883575439453,-76.30744171142578,-76.1728515625,-76.14039611816406,-76.13494110107422,-75.55150604248047,-75.34588623046875,-75.29080200195312,-75.26343536376953,-75.2396240234375,-76.38158416748047,-74.44667053222656,-74.89190673828125,-76.29369354248047,-76.16381072998047,-76.64427947998047,-75.6788101196289,-74.76179504394531,-75.07752227783203,1.0
-76.1714859008789,-76.02372741699219,-76.62244415283203,-77.4429931640625,-77.72291564941406,-77.81318664550781,-76.7050552368164,-76.34285736083984,-78.01343536376953,-78.59794616699219,-78.72856140136719,-78.77711486816406,-77.08018493652344,-76.51284790039062,-75.806884765625,-76.71345520019531,-76.43502807617188,-76.26395416259766,-76.20149230957031,-76.75503540039062,-77.52197265625,-76.6047134399414,-76.84923553466797,-76.40852355957031,-76.82637786865234,-76.98957061767578,-76.44352722167969,-76.24950408935547,-76.20458984375,-75.60566711425781,-76.54883575439453,-76.30744171142578,-76.1728515625,-76.14039611816406,-76.13494110107422,-75.55150604248047,-75.34588623046875,-75.29080200195312,-75.26343536376953,-75.2396240234375,-76.38158416748047,-74.44667053222656,-74.89190673828125,-76.29369354248047,-76.16381072998047,-76.64427947998047,-75.6788101196289,-74.76179504394531,-75.07752227783203,-74.629638671875,0.0
-76.02372741699219,-76.62244415283203,-77.4429931640625,-77.72291564941406,-77.81318664550781,-76.7050552368164,-76.34285736083984,-78.01343536376953,-78.59794616699219,-78.72856140136719,-78.77711486816406,-77.08018493652344,-76.51284790039062,-75.806884765625,-76.71345520019531,-76.43502807617188,-76.26395416259766,-76.20149230957031,-76.75503540039062,-77.52197265625,-76.6047134399414,-76.84923553466797,-76.40852355957031,-76.82637786865234,-76.98957061767578,-76.44352722167969,-76.24950408935547,-76.20458984375,-75.60566711425781,-76.54883575439453,-76.30744171142578,-76.1728515625,-76.14039611816406,-76.13494110107422,-75.55150604248047,-75.34588623046875,-75.29080200195312,-75.26343536376953,-75.2396240234375,-76.38158416748047,-74.44667053222656,-74.89190673828125,-76.29369354248047,-76.16381072998047,-76.64427947998047,-75.6788101196289,-74.76179504394531,-75.07752227783203,-74.629638671875,-73.27066802978516,0.0
-76.62244415283203,-77.4429931640625,-77.72291564941406,-77.81318664550781,-76.7050552368164,-76.34285736083984,-78.01343536376953,-78.59794616699219,-78.72856140136719,-78.77711486816406,-77.08018493652344,-76.51284790039062,-75.806884765625,-76.71345520019531,-76.43502807617188,-76.26395416259766,-76.20149230957031,-76.75503540039062,-77.52197265625,-76.6047134399414,-76.84923553466797,-76.40852355957031,-76.82637786865234,-76.98957061767578,-76.44352722167969,-76.24950408935547,-76.20458984375,-75.60566711425781,-76.54883575439453,-76.30744171142578,-76.1728515625,-76.14039611816406,-76.13494110107422,-75.55150604248047,-75.34588623046875,-75.29080200195312,-75.26343536376953,-75.2396240234375,-76.38158416748047,-74.44667053222656,-74.89190673828125,-76.29369354248047,-76.16381072998047,-76.64427947998047,-75.6788101196289,-74.76179504394531,-75.07752227783203,-74.629638671875,-73.27066802978516,-73.37672424316406,1.0
-77.4429931640625,-77.72291564941406,-77.81318664550781,-76.7050552368164,-76.34285736083984,-78.01343536376953,-78.59794616699219,-78.72856140136719,-78.77711486816406,-77.08018493652344,-76.51284790039062,-75.806884765625,-76.71345520019531,-76.43502807617188,-76.26395416259766,-76.20149230957031,-76.75503540039062,-77.52197265625,-76.6047134399414,-76.84923553466797,-76.40852355957031,-76.82637786865234,-76.98957061767578,-76.44352722167969,-76.24950408935547,-76.20458984375,-75.60566711425781,-76.54883575439453,-76.30744171142578,-76.1728515625,-76.14039611816406,-76.13494110107422,-75.55150604248047,-75.34588623046875,-75.29080200195312,-75.26343536376953,-75.2396240234375,-76.38158416748047,-74.44667053222656,-74.89190673828125,-76.29369354248047,-76.16381072998047,-76.64427947998047,-75.6788101196289,-74.76179504394531,-75.07752227783203,-74.629638671875,-73.27066802978516,-73.37672424316406,-74.59908294677734,1.0
-77.72291564941406,-77.81318664550781,-76.7050552368164,-76.34285736083984,-78.01343536376953,-78.59794616699219,-78.72856140136719,-78.77711486816406,-77.08018493652344,-76.51284790039062,-75.806884765625,-76.71345520019531,-76.43502807617188,-76.26395416259766,-76.20149230957031,-76.75503540039062,-77.52197265625,-76.6047134399414,-76.84923553466797,-76.40852355957031,-76.82637786865234,-76.98957061767578,-76.44352722167969,-76.24950408935547,-76.20458984375,-75.60566711425781,-76.54883575439453,-76.30744171142578,-76.1728515625,-76.14039611816406,-76.13494110107422,-75.55150604248047,-75.34588623046875,-75.29080200195312,-75.26343536376953,-75.2396240234375,-76.38158416748047,-74.44667053222656,-74.89190673828125,-76.29369354248047,-76.16381072998047,-76.64427947998047,-75.6788101196289,-74.76179504394531,-75.07752227783203,-74.629638671875,-73.27066802978516,-73.37672424316406,-74.59908294677734,-74.97771453857422,1.0
-77.81318664550781,-76.7050552368164,-76.34285736083984,-78.01343536376953,-78.59794616699219,-78.72856140136719,-78.77711486816406,-77.08018493652344,-76.51284790039062,-75.806884765625,-76.71345520019531,-76.43502807617188,-76.26395416259766,-76.20149230957031,-76.75503540039062,-77.52197265625,-76.6047134399414,-76.84923553466797,-76.40852355957031,-76.82637786865234,-76.98957061767578,-76.44352722167969,-76.24950408935547,-76.20458984375,-75.60566711425781,-76.54883575439453,-76.30744171142578,-76.1728515625,-76.14039611816406,-76.13494110107422,-75.55150604248047,-75.34588623046875,-75.29080200195312,-75.26343536376953,-75.2396240234375,-76.38158416748047,-74.44667053222656,-74.89190673828125,-76.29369354248047,-76.16381072998047,-76.64427947998047,-75.6788101196289,-74.76179504394531,-75.07752227783203,-74.629638671875,-73.27066802978516,-73.37672424316406,-74.59908294677734,-74.97771453857422,-75.04071807861328,1.0
-76.7050552368164,-76.34285736083984,-78.01343536376953,-78.59794616699219,-78.72856140136719,-78.77711486816406,-77.08018493652344,-76.51284790039062,-75.806884765625,-76.71345520019531,-76.43502807617188,-76.26395416259766,-76.20149230957031,-76.75503540039062,-77.52197265625,-76.6047134399414,-76.84923553466797,-76.40852355957031,-76.82637786865234,-76.98957061767578,-76.44352722167969,-76.24950408935547,-76.20458984375,-75.60566711425781,-76.54883575439453,-76.30744171142578,-76.1728515625,-76.14039611816406,-76.13494110107422,-75.55150604248047,-75.34588623046875,-75.29080200195312,-75.26343536376953,-75.2396240234375,-76.38158416748047,-74.44667053222656,-74.89190673828125,-76.29369354248047,-76.16381072998047,-76.64427947998047,-75.6788101196289,-74.76179504394531,-75.07752227783203,-74.629638671875,-73.27066802978516,-73.37672424316406,-74.59908294677734,-74.97771453857422,-75.04071807861328,-73.3121109008789,0.0
-76.34285736083984,-78.01343536376953,-78.59794616699219,-78.72856140136719,-78.77711486816406,-77.08018493652344,-76.51284790039062,-75.806884765625,-76.71345520019531,-76.43502807617188,-76.26395416259766,-76.20149230957031,-76.75503540039062,-77.52197265625,-76.6047134399414,-76.84923553466797,-76.40852355957031,-76.82637786865234,-76.98957061767578,-76.44352722167969,-76.24950408935547,-76.20458984375,-75.60566711425781,-76.54883575439453,-76.30744171142578,-76.1728515625,-76.14039611816406,-76.13494110107422,-75.55150604248047,-75.34588623046875,-75.29080200195312,-75.26343536376953,-75.2396240234375,-76.38158416748047,-74.44667053222656,-74.89190673828125,-76.29369354248047,-76.16381072998047,-76.64427947998047,-75.6788101196289,-74.76179504394531,-75.07752227783203,-74.629638671875,-73.27066802978516,-73.37672424316406,-74.59908294677734,-74.97771453857422,-75.04071807861328,-73.3121109008789,-73.88925170898438,0.0
-78.01343536376953,-78.59794616699219,-78.72856140136719,-78.77711486816406,-77.08018493652344,-76.51284790039062,-75.806884765625,-76.71345520019531,-76.43502807617188,-76.26395416259766,-76.20149230957031,-76.75503540039062,-77.52197265625,-76.6047134399414,-76.84923553466797,-76.40852355957031,-76.82637786865234,-76.98957061767578,-76.44352722167969,-76.24950408935547,-76.20458984375,-75.60566711425781,-76.54883575439453,-76.30744171142578,-76.1728515625,-76.14039611816406,-76.13494110107422,-75.55150604248047,-75.34588623046875,-75.29080200195312,-75.26343536376953,-75.2396240234375,-76.38158416748047,-74.44667053222656,-74.89190673828125,-76.29369354248047,-76.16381072998047,-76.64427947998047,-75.6788101196289,-74.76179504394531,-75.07752227783203,-74.629638671875,-73.27066802978516,-73.37672424316406,-74.59908294677734,-74.97771453857422,-75.04071807861328,-73.3121109008789,-73.88925170898438,-77.06676483154297,0.0
-78.59794616699219,-78.72856140136719,-78.77711486816406,-77.08018493652344,-76.51284790039062,-75.806884765625,-76.71345520019531,-76.43502807617188,-76.26395416259766,-76.20149230957031,-76.75503540039062,-77.52197265625,-76.6047134399414,-76.84923553466797,-76.40852355957031,-76.82637786865234,-76.98957061767578,-76.44352722167969,-76.24950408935547,-76.20458984375,-75.60566711425781,-76.54883575439453,-76.30744171142578,-76.1728515625,-76.14039611816406,-76.13494110107422,-75.55150604248047,-75.34588623046875,-75.29080200195312,-75.26343536376953,-75.2396240234375,-76.38158416748047,-74.44667053222656,-74.89190673828125,-76.29369354248047,-76.16381072998047,-76.64427947998047,-75.6788101196289,-74.76179504394531,-75.07752227783203,-74.629638671875,-73.27066802978516,-73.37672424316406,-74.59908294677734,-74.97771453857422,-75.04071807861328,-73.3121109008789,-73.88925170898438,-77.06676483154297,-75.81324768066406,0.0
-78.72856140136719,-78.77711486816406,-77.08018493652344,-76.51284790039062,-75.806884765625,-76.71345520019531,-76.43502807617188,-76.26395416259766,-76.20149230957031,-76.75503540039062,-77.52197265625,-76.6047134399414,-76.84923553466797,-76.40852355957031,-76.82637786865234,-76.98957061767578,-76.44352722167969,-76.24950408935547,-76.20458984375,-75.60566711425781,-76.54883575439453,-76.30744171142578,-76.1728515625,-76.14039611816406,-76.13494110107422,-75.55150604248047,-75.34588623046875,-75.29080200195312,-75.26343536376953,-75.2396240234375,-76.38158416748047,-74.44667053222656,-74.89190673828125,-76.29369354248047,-76.16381072998047,-76.64427947998047,-75.6788101196289,-74.76179504394531,-75.07752227783203,-74.629638671875,-73.27066802978516,-73.37672424316406,-74.59908294677734,-74.97771453857422,-75.04071807861328,-73.3121109008789,-73.88925170898438,-77.06676483154297,-75.81324768066406,-74.10050201416016,0.0
-78.77711486816406,-77.08018493652344,-76.51284790039062,-75.806884765625,-76.71345520019531,-76.43502807617188,-76.26395416259766,-76.20149230957031,-76.75503540039062,-77.52197265625,-76.6047134399414,-76.84923553466797,-76.40852355957031,-76.82637786865234,-76.98957061767578,-76.44352722167969,-76.24950408935547,-76.20458984375,-75.60566711425781,-76.54883575439453,-76.30744171142578,-76.1728515625,-76.14039611816406,-76.13494110107422,-75.55150604248047,-75.34588623046875,-75.29080200195312,-75.26343536376953,-75.2396240234375,-76.38158416748047,-74.44667053222656,-74.89190673828125,-76.29369354248047,-76.16381072998047,-76.64427947998047,-75.6788101196289,-74.76179504394531,-75.07752227783203,-74.629638671875,-73.27066802978516,-73.37672424316406,-74.59908294677734,-74.97771453857422,-75.04071807861328,-73.3121109008789,-73.88925170898438,-77.06676483154297,-75.81324768066406,-74.10050201416016,-73.607421875,0.0
-77.08018493652344,-76.51284790039062,-75.806884765625,-76.71345520019531,-76.43502807617188,-76.26395416259766,-76.20149230957031,-76.75503540039062,-77.52197265625,-76.6047134399414,-76.84923553466797,-76.40852355957031,-76.82637786865234,-76.98957061767578,-76.44352722167969,-76.24950408935547,-76.20458984375,-75.60566711425781,-76.54883575439453,-76.30744171142578,-76.1728515625,-76.14039611816406,-76.13494110107422,-75.55150604248047,-75.34588623046875,-75.29080200195312,-75.26343536376953,-75.2396240234375,-76.38158416748047,-74.44667053222656,-74.89190673828125,-76.29369354248047,-76.16381072998047,-76.64427947998047,-75.6788101196289,-74.76179504394531,-75.07752227783203,-74.629638671875,-73.27066802978516,-73.37672424316406,-74.59908294677734,-74.97771453857422,-75.04071807861328,-73.3121109008789,-73.88925170898438,-77.06676483154297,-75.81324768066406,-74.10050201416016,-73.607421875,-74.67686462402344,0.0
-76.51284790039062,-75.806884765625,-76.71345520019531,-76.43502807617188,-76.26395416259766,-76.20149230957031,-76.75503540039062,-77.52197265625,-76.6047134399414,-76.84923553466797,-76.40852355957031,-76.82637786865234,-76.98957061767578,-76.44352722167969,-76.24950408935547,-76.20458984375,-75.60566711425781,-76.54883575439453,-76.30744171142578,-76.1728515625,-76.14039611816406,-76.13494110107422,-75.55150604248047,-75.34588623046875,-75.29080200195312,-75.26343536376953,-75.2396240234375,-76.38158416748047,-74.44667053222656,-74.89190673828125,-76.29369354248047,-76.16381072998047,-76.64427947998047,-75.6788101196289,-74.76179504394531,-75.07752227783203,-74.629638671875,-73.27066802978516,-73.37672424316406,-74.59908294677734,-74.97771453857422,-75.04071807861328,-73.3121109008789,-73.88925170898438,-77.06676483154297,-75.81324768066406,-74.10050201416016,-73.607421875,-74.67686462402344,-76.78549194335938,0.0
-75.806884765625,-76.71345520019531,-76.43502807617188,-76.26395416259766,-76.20149230957031,-76.75503540039062,-77.52197265625,-76.6047134399414,-76.84923553466797,-76.40852355957031,-76.82637786865234,-76.98957061767578,-76.44352722167969,-76.24950408935547,-76.20458984375,-75.60566711425781,-76.54883575439453,-76.30744171142578,-76.1728515625,-76.14039611816406,-76.13494110107422,-75.55150604248047,-75.34588623046875,-75.29080200195312,-75.26343536376953,-75.2396240234375,-76.38158416748047,-74.44667053222656,-74.89190673828125,-76.29369354248047,-76.16381072998047,-76.64427947998047,-75.6788101196289,-74.76179504394531,-75.07752227783203,-74.629638671875,-73.27066802978516,-73.37672424316406,-74.59908294677734,-74.97771453857422,-75.04071807861328,-73.3121109008789,-73.88925170898438,-77.06676483154297,-75.81324768066406,-74.10050201416016,-73.607421875,-74.67686462402344,-76.78549194335938,-76.87626647949219,1.0
-76.71345520019531,-76.43502807617188,-76.26395416259766,-76.20149230957031,-76.75503540039062,-77.52197265625,-76.6047134399414,-76.84923553466797,-76.40852355957031,-76.82637786865234,-76.98957061767578,-76.44352722167969,-76.24950408935547,-76.20458984375,-75.60566711425781,-76.54883575439453,-76.30744171142578,-76.1728515625,-76.14039611816406,-76.13494110107422,-75.55150604248047,-75.34588623046875,-75.29080200195312,-75.26343536376953,-75.2396240234375,-76.38158416748047,-74.44667053222656,-74.89190673828125,-76.29369354248047,-76.16381072998047,-76.64427947998047,-75.6788101196289,-74.76179504394531,-75.07752227783203,-74.629638671875,-73.27066802978516,-73.37672424316406,-74.59908294677734,-74.97771453857422,-75.04071807861328,-73.3121109008789,-73.88925170898438,-77.06676483154297,-75.81324768066406,-74.10050201416016,-73.607421875,-74.67686462402344,-76.78549194335938,-76.87626647949219,-75.0945053100586,0.0
-76.43502807617188,-76.26395416259766,-76.20149230957031,-76.75503540039062,-77.52197265625,-76.6047134399414,-76.84923553466797,-76.40852355957031,-76.82637786865234,-76.98957061767578,-76.44352722167969,-76.24950408935547,-76.20458984375,-75.60566711425781,-76.54883575439453,-76.30744171142578,-76.1728515625,-76.14039611816406,-76.13494110107422,-75.55150604248047,-75.34588623046875,-75.29080200195312,-75.26343536376953,-75.2396240234375,-76.38158416748047,-74.44667053222656,-74.89190673828125,-76.29369354248047,-76.16381072998047,-76.64427947998047,-75.6788101196289,-74.76179504394531,-75.07752227783203,-74.629638671875,-73.27066802978516,-73.37672424316406,-74.59908294677734,-74.97771453857422,-75.04071807861328,-73.3121109008789,-73.88925170898438,-77.06676483154297,-75.81324768066406,-74.10050201416016,-73.607421875,-74.67686462402344,-76.78549194335938,-76.87626647949219,-75.0945053100586,-75.09921264648438,1.0
-76.26395416259766,-76.20149230957031,-76.75503540039062,-77.52197265625,-76.6047134399414,-76.84923553466797,-76.40852355957031,-76.82637786865234,-76.98957061767578,-76.44352722167969,-76.24950408935547,-76.20458984375,-75.60566711425781,-76.54883575439453,-76.30744171142578,-76.1728515625,-76.14039611816406,-76.13494110107422,-75.55150604248047,-75.34588623046875,-75.29080200195312,-75.26343536376953,-75.2396240234375,-76.38158416748047,-74.44667053222656,-74.89190673828125,-76.29369354248047,-76.16381072998047,-76.64427947998047,-75.6788101196289,-74.76179504394531,-75.07752227783203,-74.629638671875,-73.27066802978516,-73.37672424316406,-74.59908294677734,-74.97771453857422,-75.04071807861328,-73.3121109008789,-73.88925170898438,-77.06676483154297,-75.81324768066406,-74.10050201416016,-73.607421875,-74.67686462402344,-76.78549194335938,-76.87626647949219,-75.0945053100586,-75.09921264648438,-76.94166564941406,1.0
-76.20149230957031,-76.75503540039062,-77.52197265625,-76.6047134399414,-76.84923553466797,-76.40852355957031,-76.82637786865234,-76.98957061767578,-76.44352722167969,-76.24950408935547,-76.20458984375,-75.60566711425781,-76.54883575439453,-76.30744171142578,-76.1728515625,-76.14039611816406,-76.13494110107422,-75.55150604248047,-75.34588623046875,-75.29080200195312,-75.26343536376953,-75.2396240234375,-76.38158416748047,-74.44667053222656,-74.89190673828125,-76.29369354248047,-76.16381072998047,-76.64427947998047,-75.6788101196289,-74.76179504394531,-75.07752227783203,-74.629638671875,-73.27066802978516,-73.37672424316406,-74.59908294677734,-74.97771453857422,-75.04071807861328,-73.3121109008789,-73.88925170898438,-77.06676483154297,-75.81324768066406,-74.10050201416016,-73.607421875,-74.67686462402344,-76.78549194335938,-76.87626647949219,-75.0945053100586,-75.09921264648438,-76.94166564941406,-75.83369445800781,1.0
-76.75503540039062,-77.52197265625,-76.6047134399414,-76.84923553466797,-76.40852355957031,-76.82637786865234,-76.98957061767578,-76.44352722167969,-76.24950408935547,-76.20458984375,-75.60566711425781,-76.54883575439453,-76.30744171142578,-76.1728515625,-76.14039611816406,-76.13494110107422,-75.55150604248047,-75.34588623046875,-75.29080200195312,-75.26343536376953,-75.2396240234375,-76.38158416748047,-74.44667053222656,-74.89190673828125,-76.29369354248047,-76.16381072998047,-76.64427947998047,-75.6788101196289,-74.76179504394531,-75.07752227783203,-74.629638671875,-73.27066802978516,-73.37672424316406,-74.59908294677734,-74.97771453857422,-75.04071807861328,-73.3121109008789,-73.88925170898438,-77.06676483154297,-75.81324768066406,-74.10050201416016,-73.607421875,-74.67686462402344,-76.78549194335938,-76.87626647949219,-75.0945053100586,-75.09921264648438,-76.94166564941406,-75.83369445800781,-72.46415710449219,0.0
-77.52197265625,-76.6047134399414,-76.84923553466797,-76.40852355957031,-76.82637786865234,-76.98957061767578,-76.44352722167969,-76.24950408935547,-76.20458984375,-75.60566711425781,-76.54883575439453,-76.30744171142578,-76.1728515625,-76.14039611816406,-76.13494110107422,-75.55150604248047,-75.34588623046875,-75.29080200195312,-75.26343536376953,-75.2396240234375,-76.38158416748047,-74.44667053222656,-74.89190673828125,-76.29369354248047,-76.16381072998047,-76.64427947998047,-75.6788101196289,-74.76179504394531,-75.07752227783203,-74.629638671875,-73.27066802978516,-73.37672424316406,-74.59908294677734,-74.97771453857422,-75.04071807861328,-73.3121109008789,-73.88925170898438,-77.06676483154297,-75.81324768066406,-74.10050201416016,-73.607421875,-74.67686462402344,-76.78549194335938,-76.87626647949219,-75.0945053100586,-75.09921264648438,-76.94166564941406,-75.83369445800781,-72.46415710449219,-74.26374816894531,0.0
-76.6047134399414,-76.84923553466797,-76.40852355957031,-76.82637786865234,-76.98957061767578,-76.44352722167969,-76.24950408935547,-76.20458984375,-75.60566711425781,-76.54883575439453,-76.30744171142578,-76.1728515625,-76.14039611816406,-76.13494110107422,-75.55150604248047,-75.34588623046875,-75.29080200195312,-75.26343536376953,-75.2396240234375,-76.38158416748047,-74.44667053222656,-74.89190673828125,-76.29369354248047,-76.16381072998047,-76.64427947998047,-75.6788101196289,-74.76179504394531,-75.07752227783203,-74.629638671875,-73.27066802978516,-73.37672424316406,-74.59908294677734,-74.97771453857422,-75.04071807861328,-73.3121109008789,-73.88925170898438,-77.06676483154297,-75.81324768066406,-74.10050201416016,-73.607421875,-74.67686462402344,-76.78549194335938,-76.87626647949219,-75.0945053100586,-75.09921264648438,-76.94166564941406,-75.83369445800781,-72.46415710449219,-74.26374816894531,-73.83324432373047,0.0
-76.84923553466797,-76.40852355957031,-76.82637786865234,-76.98957061767578,-76.44352722167969,-76.24950408935547,-76.20458984375,-75.60566711425781,-76.54883575439453,-76.30744171142578,-76.1728515625,-76.14039611816406,-76.13494110107422,-75.55150604248047,-75.34588623046875,-75.29080200195312,-75.26343536376953,-75.2396240234375,-76.38158416748047,-74.44667053222656,-74.89190673828125,-76.29369354248047,-76.16381072998047,-76.64427947998047,-75.6788101196289,-74.76179504394531,-75.07752227783203,-74.629638671875,-73.27066802978516,-73.37672424316406,-74.59908294677734,-74.97771453857422,-75.04071807861328,-73.3121109008789,-73.88925170898438,-77.06676483154297,-75.81324768066406,-74.10050201416016,-73.607421875,-74.67686462402344,-76.78549194335938,-76.87626647949219,-75.0945053100586,-75.09921264648438,-76.94166564941406,-75.83369445800781,-72.46415710449219,-74.26374816894531,-73.83324432373047,-76.4523696899414,0.0
-76.40852355957031,-76.82637786865234,-76.98957061767578,-76.44352722167969,-76.24950408935547,-76.20458984375,-75.60566711425781,-76.54883575439453,-76.30744171142578,-76.1728515625,-76.14039611816406,-76.13494110107422,-75.55150604248047,-75.34588623046875,-75.29080200195312,-75.26343536376953,-75.2396240234375,-76.38158416748047,-74.44667053222656,-74.89190673828125,-76.29369354248047,-76.16381072998047,-76.64427947998047,-75.6788101196289,-74.76179504394531,-75.07752227783203,-74.629638671875,-73.27066802978516,-73.37672424316406,-74.59908294677734,-74.97771453857422,-75.04071807861328,-73.3121109008789,-73.88925170898438,-77.06676483154297,-75.81324768066406,-74.10050201416016,-73.607421875,-74.67686462402344,-76.78549194335938,-76.87626647949219,-75.0945053100586,-75.09921264648438,-76.94166564941406,-75.83369445800781,-72.46415710449219,-74.26374816894531,-73.83324432373047,-76.4523696899414,-76.2005615234375,1.0
-76.82637786865234,-76.98957061767578,-76.44352722167969,-76.24950408935547,-76.20458984375,-75.60566711425781,-76.54883575439453,-76.30744171142578,-76.1728515625,-76.14039611816406,-76.13494110107422,-75.55150604248047,-75.34588623046875,-75.29080200195312,-75.26343536376953,-75.2396240234375,-76.38158416748047,-74.44667053222656,-74.89190673828125,-76.29369354248047,-76.16381072998047,-76.64427947998047,-75.6788101196289,-74.76179504394531,-75.07752227783203,-74.629638671875,-73.27066802978516,-73.37672424316406,-74.59908294677734,-74.97771453857422,-75.04071807861328,-73.3121109008789,-73.88925170898438,-77.06676483154297,-75.81324768066406,-74.10050201416016,-73.607421875,-74.67686462402344,-76.78549194335938,-76.87626647949219,-75.0945053100586,-75.09921264648438,-76.94166564941406,-75.83369445800781,-72.46415710449219,-74.26374816894531,-73.83324432373047,-76.4523696899414,-76.2005615234375,-73.67874145507812,0.0
-76.98957061767578,-76.44352722167969,-76.24950408935547,-76.20458984375,-75.60566711425781,-76.54883575439453,-76.30744171142578,-76.1728515625,-76.14039611816406,-76.13494110107422,-75.55150604248047,-75.34588623046875,-75.29080200195312,-75.26343536376953,-75.2396240234375,-76.38158416748047,-74.44667053222656,-74.89190673828125,-76.29369354248047,-76.16381072998047,-76.64427947998047,-75.6788101196289,-74.76179504394531,-75.07752227783203,-74.629638671875,-73.27066802978516,-73.37672424316406,-74.59908294677734,-74.97771453857422,-75.04071807861328,-73.3121109008789,-73.88925170898438,-77.06676483154297,-75.81324768066406,-74.10050201416016,-73.607421875,-74.67686462402344,-76.78549194335938,-76.87626647949219,-75.0945053100586,-75.09921264648438,-76.94166564941406,-75.83369445800781,-72.46415710449219,-74.26374816894531,-73.83324432373047,-76.4523696899414,-76.2005615234375,-73.67874145507812,-72.85198211669922,1.0
-76.44352722167969,-76.24950408935547,-76.20458984375,-75.60566711425781,-76.54883575439453,-76.30744171142578,-76.1728515625,-76.14039611816406,-76.13494110107422,-75.55150604248047,-75.34588623046875,-75.29080200195312,-75.26343536376953,-75.2396240234375,-76.38158416748047,-74.44667053222656,-74.89190673828125,-76.29369354248047,-76.16381072998047,-76.64427947998047,-75.6788101196289,-74.76179504394531,-75.07752227783203,-74.629638671875,-73.27066802978516,-73.37672424316406,-74.59908294677734,-74.97771453857422,-75.04071807861328,-73.3121109008789,-73.88925170898438,-77.06676483154297,-75.81324768066406,-74.10050201416016,-73.607421875,-74.67686462402344,-76.78549194335938,-76.87626647949219,-75.0945053100586,-75.09921264648438,-76.94166564941406,-75.83369445800781,-72.46415710449219,-74.26374816894531,-73.83324432373047,-76.4523696899414,-76.2005615234375,-73.67874145507812,-72.85198211669922,-70.34337615966797,0.0
-76.24950408935547,-76.20458984375,-75.60566711425781,-76.54883575439453,-76.30744171142578,-76.1728515625,-76.14039611816406,-76.13494110107422,-75.55150604248047,-75.34588623046875,-75.29080200195312,-75.26343536376953,-75.2396240234375,-76.38158416748047,-74.44667053222656,-74.89190673828125,-76.29369354248047,-76.16381072998047,-76.64427947998047,-75.6788101196289,-74.76179504394531,-75.07752227783203,-74.629638671875,-73.27066802978516,-73.37672424316406,-74.59908294677734,-74.97771453857422,-75.04071807861328,-73.3121109008789,-73.88925170898438,-77.06676483154297,-75.81324768066406,-74.10050201416016,-73.607421875,-74.67686462402344,-76.78549194335938,-76.87626647949219,-75.0945053100586,-75.09921264648438,-76.94166564941406,-75.83369445800781,-72.46415710449219,-74.26374816894531,-73.83324432373047,-76.4523696899414,-76.2005615234375,-73.67874145507812,-72.85198211669922,-70.34337615966797,-68.87640380859375,0.0
-76.20458984375,-75.60566711425781,-76.54883575439453,-76.30744171142578,-76.1728515625,-76.14039611816406,-76.13494110107422,-75.55150604248047,-75.34588623046875,-75.29080200195312,-75.26343536376953,-75.2396240234375,-76.38158416748047,-74.44667053222656,-74.89190673828125,-76.29369354248047,-76.16381072998047,-76.64427947998047,-75.6788101196289,-74.76179504394531,-75.07752227783203,-74.629638671875,-73.27066802978516,-73.37672424316406,-74.59908294677734,-74.97771453857422,-75.04071807861328,-73.3121109008789,-73.88925170898438,-77.06676483154297,-75.81324768066406,-74.10050201416016,-73.607421875,-74.67686462402344,-76.78549194335938,-76.87626647949219,-75.0945053100586,-75.09921264648438,-76.94166564941406,-75.83369445800781,-72.46415710449219,-74.26374816894531,-73.83324432373047,-76.4523696899414,-76.2005615234375,-73.67874145507812,-72.85198211669922,-70.34337615966797,-68.87640380859375,-68.3930892944336,0.0
-75.60566711425781,-76.54883575439453,-76.30744171142578,-76.1728515625,-76.14039611816406,-76.13494110107422,-75.55150604248047,-75.34588623046875,-75.29080200195312,-75.26343536376953,-75.2396240234375,-76.38158416748047,-74.44667053222656,-74.89190673828125,-76.29369354248047,-76.16381072998047,-76.64427947998047,-75.6788101196289,-74.76179504394531,-75.07752227783203,-74.629638671875,-73.27066802978516,-73.37672424316406,-74.59908294677734,-74.97771453857422,-75.04071807861328,-73.3121109008789,-73.88925170898438,-77.06676483154297,-75.81324768066406,-74.10050201416016,-73.607421875,-74.67686462402344,-76.78549194335938,-76.87626647949219,-75.0945053100586,-75.09921264648438,-76.94166564941406,-75.83369445800781,-72.46415710449219,-74.26374816894531,-73.83324432373047,-76.4523696899414,-76.2005615234375,-73.67874145507812,-72.85198211669922,-70.34337615966797,-68.87640380859375,-68.3930892944336,-68.1733169555664,0.0
-76.54883575439453,-76.30744171142578,-76.1728515625,-76.14039611816406,-76.13494110107422,-75.55150604248047,-75.34588623046875,-75.29080200195312,-75.26343536376953,-75.2396240234375,-76.38158416748047,-74.44667053222656,-74.89190673828125,-76.29369354248047,-76.16381072998047,-76.64427947998047,-75.6788101196289,-74.76179504394531,-75.07752227783203,-74.629638671875,-73.27066802978516,-73.37672424316406,-74.59908294677734,-74.97771453857422,-75.04071807861328,-73.3121109008789,-73.88925170898438,-77.06676483154297,-75.81324768066406,-74.10050201416016,-73.607421875,-74.67686462402344,-76.78549194335938,-76.87626647949219,-75.0945053100586,-75.09921264648438,-76.94166564941406,-75.83369445800781,-72.46415710449219,-74.26374816894531,-73.83324432373047,-76.4523696899414,-76.2005615234375,-73.67874145507812,-72.85198211669922,-70.34337615966797,-68.87640380859375,-68.3930892944336,-68.1733169555664,-68.0062026977539,0.0
-76.30744171142578,-76.1728515625,-76.14039611816406,-76.13494110107422,-75.55150604248047,-75.34588623046875,-75.29080200195312,-75.26343536376953,-75.2396240234375,-76.38158416748047,-74.44667053222656,-74.89190673828125,-76.29369354248047,-76.16381072998047,-76.64427947998047,-75.6788101196289,-74.76179504394531,-75.07752227783203,-74.629638671875,-73.27066802978516,-73.37672424316406,-74.59908294677734,-74.97771453857422,-75.04071807861328,-73.3121109008789,-73.88925170898438,-77.06676483154297,-75.81324768066406,-74.10050201416016,-73.607421875,-74.67686462402344,-76.78549194335938,-76.87626647949219,-75.0945053100586,-75.09921264648438,-76.94166564941406,-75.83369445800781,-72.46415710449219,-74.26374816894531,-73.83324432373047,-76.4523696899414,-76.2005615234375,-73.67874145507812,-72.85198211669922,-70.34337615966797,-68.87640380859375,-68.3930892944336,-68.1733169555664,-68.0062026977539,-67.8692626953125,0.0
-76.1728515625,-76.14039611816406,-76.13494110107422,-75.55150604248047,-75.34588623046875,-75.29080200195312,-75.26343536376953,-75.2396240234375,-76.38158416748047,-74.44667053222656,-74.89190673828125,-76.29369354248047,-76.16381072998047,-76.64427947998047,-75.6788101196289,-74.76179504394531,-75.07752227783203,-74.629638671875,-73.27066802978516,-73.37672424316406,-74.59908294677734,-74.97771453857422,-75.04071807861328,-73.3121109008789,-73.88925170898438,-77.06676483154297,-75.81324768066406,-74.10050201416016,-73.607421875,-74.67686462402344,-76.78549194335938,-76.87626647949219,-75.0945053100586,-75.09921264648438,-76.94166564941406,-75.83369445800781,-72.46415710449219,-74.26374816894531,-73.83324432373047,-76.4523696899414,-76.2005615234375,-73.67874145507812,-72.85198211669922,-70.34337615966797,-68.87640380859375,-68.3930892944336,-68.1733169555664,-68.0062026977539,-67.8692626953125,-67.76581573486328,0.0
-76.14039611816406,-76.13494110107422,-75.55150604248047,-75.34588623046875,-75.29080200195312,-75.26343536376953,-75.2396240234375,-76.38158416748047,-74.44667053222656,-74.89190673828125,-76.29369354248047,-76.16381072998047,-76.64427947998047,-75.6788101196289,-74.76179504394531,-75.07752227783203,-74.629638671875,-73.27066802978516,-73.37672424316406,-74.59908294677734,-74.97771453857422,-75.04071807861328,-73.3121109008789,-73.88925170898438,-77.06676483154297,-75.81324768066406,-74.10050201416016,-73.607421875,-74.67686462402344,-76.78549194335938,-76.87626647949219,-75.0945053100586,-75.09921264648438,-76.94166564941406,-75.83369445800781,-72.46415710449219,-74.26374816894531,-73.83324432373047,-76.4523696899414,-76.2005615234375,-73.67874145507812,-72.85198211669922,-70.34337615966797,-68.87640380859375,-68.3930892944336,-68.1733169555664,-68.0062026977539,-67.8692626953125,-67.76581573486328,-67.69356536865234,0.0
-76.13494110107422,-75.55150604248047,-75.34588623046875,-75.29080200195312,-75.26343536376953,-75.2396240234375,-76.38158416748047,-74.44667053222656,-74.89190673828125,-76.29369354248047,-76.16381072998047,-76.64427947998047,-75.6788101196289,-74.76179504394531,-75.07752227783203,-74.629638671875,-73.27066802978516,-73.37672424316406,-74.59908294677734,-74.97771453857422,-75.04071807861328,-73.3121109008789,-73.88925170898438,-77.06676483154297,-75.81324768066406,-74.10050201416016,-73.607421875,-74.67686462402344,-76.78549194335938,-76.87626647949219,-75.0945053100586,-75.09921264648438,-76.94166564941406,-75.83369445800781,-72.46415710449219,-74.26374816894531,-73.83324432373047,-76.4523696899414,-76.2005615234375,-73.67874145507812,-72.85198211669922,-70.34337615966797,-68.87640380859375,-68.3930892944336,-68.1733169555664,-68.0062026977539,-67.8692626953125,-67.76581573486328,-67.69356536865234,-67.64585876464844,0.0
-75.55150604248047,-75.34588623046875,-75.29080200195312,-75.26343536376953,-75.2396240234375,-76.38158416748047,-74.44667053222656,-74.89190673828125,-76.29369354248047,-76.16381072998047,-76.64427947998047,-75.6788101196289,-74.76179504394531,-75.07752227783203,-74.629638671875,-73.27066802978516,-73.37672424316406,-74.59908294677734,-74.97771453857422,-75.04071807861328,-73.3121109008789,-73.88925170898438,-77.06676483154297,-75.81324768066406,-74.10050201416016,-73.607421875,-74.67686462402344,-76.78549194335938,-76.87626647949219,-75.0945053100586,-75.09921264648438,-76.94166564941406,-75.83369445800781,-72.46415710449219,-74.26374816894531,-73.83324432373047,-76.4523696899414,-76.2005615234375,-73.67874145507812,-72.85198211669922,-70.34337615966797,-68.87640380859375,-68.3930892944336,-68.1733169555664,-68.0062026977539,-67.8692626953125,-67.76581573486328,-67.69356536865234,-67.64585876464844,-67.61557006835938,0.0
-75.34588623046875,-75.29080200195312,-75.26343536376953,-75.2396240234375,-76.38158416748047,-74.44667053222656,-74.89190673828125,-76.29369354248047,-76.16381072998047,-76.64427947998047,-75.6788101196289,-74.76179504394531,-75.07752227783203,-74.629638671875,-73.27066802978516,-73.37672424316406,-74.59908294677734,-74.97771453857422,-75.04071807861328,-73.3121109008789,-73.88925170898438,-77.06676483154297,-75.81324768066406,-74.10050201416016,-73.607421875,-74.67686462402344,-76.78549194335938,-76.87626647949219,-75.0945053100586,-75.09921264648438,-76.94166564941406,-75.83369445800781,-72.46415710449219,-74.26374816894531,-73.83324432373047,-76.4523696899414,-76.2005615234375,-73.67874145507812,-72.85198211669922,-70.34337615966797,-68.87640380859375,-68.3930892944336,-68.1733169555664,-68.0062026977539,-67.8692626953125,-67.76581573486328,-67.69356536865234,-67.64585876464844,-67.61557006835938,-67.59687042236328,0.0
-75.29080200195312,-75.26343536376953,-75.2396240234375,-76.38158416748047,-74.44667053222656,-74.89190673828125,-76.29369354248047,-76.16381072998047,-76.64427947998047,-75.6788101196289,-74.76179504394531,-75.07752227783203,-74.629638671875,-73.27066802978516,-73.37672424316406,-74.59908294677734,-74.97771453857422,-75.04071807861328,-73.3121109008789,-73.88925170898438,-77.06676483154297,-75.81324768066406,-74.10050201416016,-73.607421875,-74.67686462402344,-76.78549194335938,-76.87626647949219,-75.0945053100586,-75.09921264648438,-76.94166564941406,-75.83369445800781,-72.46415710449219,-74.26374816894531,-73.83324432373047,-76.4523696899414,-76.2005615234375,-73.67874145507812,-72.85198211669922,-70.34337615966797,-68.87640380859375,-68.3930892944336,-68.1733169555664,-68.0062026977539,-67.8692626953125,-67.76581573486328,-67.69356536865234,-67.64585876464844,-67.61557006835938,-67.59687042236328,-67.5855484008789,0.0
-75.26343536376953,-75.2396240234375,-76.38158416748047,-74.44667053222656,-74.89190673828125,-76.29369354248047,-76.16381072998047,-76.64427947998047,-75.6788101196289,-74.76179504394531,-75.07752227783203,-74.629638671875,-73.27066802978516,-73.37672424316406,-74.59908294677734,-74.97771453857422,-75.04071807861328,-73.3121109008789,-73.88925170898438,-77.06676483154297,-75.81324768066406,-74.10050201416016,-73.607421875,-74.67686462402344,-76.78549194335938,-76.87626647949219,-75.0945053100586,-75.09921264648438,-76.94166564941406,-75.83369445800781,-72.46415710449219,-74.26374816894531,-73.83324432373047,-76.4523696899414,-76.2005615234375,-73.67874145507812,-72.85198211669922,-70.34337615966797,-68.87640380859375,-68.3930892944336,-68.1733169555664,-68.0062026977539,-67.8692626953125,-67.76581573486328,-67.69356536865234,-67.64585876464844,-67.61557006835938,-67.59687042236328,-67.5855484008789,-67.57881164550781,0.0
-75.2396240234375,-76.38158416748047,-74.44667053222656,-74.89190673828125,-76.29369354248047,-76.16381072998047,-76.64427947998047,-75.6788101196289,-74.76179504394531,-75.07752227783203,-74.629638671875,-73.27066802978516,-73.37672424316406,-74.59908294677734,-74.97771453857422,-75.04071807861328,-73.3121109008789,-73.88925170898438,-77.06676483154297,-75.81324768066406,-74.10050201416016,-73.607421875,-74.67686462402344,-76.78549194335938,-76.87626647949219,-75.0945053100586,-75.09921264648438,-76.94166564941406,-75.83369445800781,-72.46415710449219,-74.26374816894531,-73.83324432373047,-76.4523696899414,-76.2005615234375,-73.67874145507812,-72.85198211669922,-70.34337615966797,-68.87640380859375,-68.3930892944336,-68.1733169555664,-68.0062026977539,-67.8692626953125,-67.76581573486328,-67.69356536865234,-67.64585876464844,-67.61557006835938,-67.59687042236328,-67.5855484008789,-67.57881164550781,-67.57483673095703,0.0
-76.38158416748047,-74.44667053222656,-74.89190673828125,-76.29369354248047,-76.16381072998047,-76.64427947998047,-75.6788101196289,-74.76179504394531,-75.07752227783203,-74.629638671875,-73.27066802978516,-73.37672424316406,-74.59908294677734,-74.97771453857422,-75.04071807861328,-73.3121109008789,-73.88925170898438,-77.06676483154297,-75.81324768066406,-74.10050201416016,-73.607421875,-74.67686462402344,-76.78549194335938,-76.87626647949219,-75.0945053100586,-75.09921264648438,-76.94166564941406,-75.83369445800781,-72.46415710449219,-74.26374816894531,-73.83324432373047,-76.4523696899414,-76.2005615234375,-73.67874145507812,-72.85198211669922,-70.34337615966797,-68.87640380859375,-68.3930892944336,-68.1733169555664,-68.0062026977539,-67.8692626953125,-67.76581573486328,-67.69356536865234,-67.64585876464844,-67.61557006835938,-67.59687042236328,-67.5855484008789,-67.57881164550781,-67.57483673095703,-65.81981658935547,1.0
-74.44667053222656,-74.89190673828125,-76.29369354248047,-76.16381072998047,-76.64427947998047,-75.6788101196289,-74.76179504394531,-75.07752227783203,-74.629638671875,-73.27066802978516,-73.37672424316406,-74.59908294677734,-74.97771453857422,-75.04071807861328,-73.3121109008789,-73.88925170898438,-77.06676483154297,-75.81324768066406,-74.10050201416016,-73.607421875,-74.67686462402344,-76.78549194335938,-76.87626647949219,-75.0945053100586,-75.09921264648438,-76.94166564941406,-75.83369445800781,-72.46415710449219,-74.26374816894531,-73.83324432373047,-76.4523696899414,-76.2005615234375,-73.67874145507812,-72.85198211669922,-70.34337615966797,-68.87640380859375,-68.3930892944336,-68.1733169555664,-68.0062026977539,-67.8692626953125,-67.76581573486328,-67.69356536865234,-67.64585876464844,-67.61557006835938,-67.59687042236328,-67.5855484008789,-67.57881164550781,-67.57483673095703,-65.81981658935547,-64.62171173095703,0.0
-74.89190673828125,-76.29369354248047,-76.16381072998047,-76.64427947998047,-75.6788101196289,-74.76179504394531,-75.07752227783203,-74.629638671875,-73.27066802978516,-73.37672424316406,-74.59908294677734,-74.97771453857422,-75.04071807861328,-73.3121109008789,-73.88925170898438,-77.06676483154297,-75.81324768066406,-74.10050201416016,-73.607421875,-74.67686462402344,-76.78549194335938,-76.87626647949219,-75.0945053100586,-75.09921264648438,-76.94166564941406,-75.83369445800781,-72.46415710449219,-74.26374816894531,-73.83324432373047,-76.4523696899414,-76.2005615234375,-73.67874145507812,-72.85198211669922,-70.34337615966797,-68.87640380859375,-68.3930892944336,-68.1733169555664,-68.0062026977539,-67.8692626953125,-67.76581573486328,-67.69356536865234,-67.64585876464844,-67.61557006835938,-67.59687042236328,-67.5855484008789,-67.57881164550781,-67.57483673095703,-65.81981658935547,-64.62171173095703,-67.17894744873047,0.0
-76.29369354248047,-76.16381072998047,-76.64427947998047,-75.6788101196289,-74.76179504394531,-75.07752227783203,-74.629638671875,-73.27066802978516,-73.37672424316406,-74.59908294677734,-74.97771453857422,-75.04071807861328,-73.3121109008789,-73.88925170898438,-77.06676483154297,-75.81324768066406,-74.10050201416016,-73.607421875,-74.67686462402344,-76.78549194335938,-76.87626647949219,-75.0945053100586,-75.09921264648438,-76.94166564941406,-75.83369445800781,-72.46415710449219,-74.26374816894531,-73.83324432373047,-76.4523696899414,-76.2005615234375,-73.67874145507812,-72.85198211669922,-70.34337615966797,-68.87640380859375,-68.3930892944336,-68.1733169555664,-68.0062026977539,-67.8692626953125,-67.76581573486328,-67.69356536865234,-67.64585876464844,-67.61557006835938,-67.59687042236328,-67.5855484008789,-67.57881164550781,-67.57483673095703,-65.81981658935547,-64.62171173095703,-67.17894744873047,-61.06591033935547,0.0
-76.16381072998047,-76.64427947998047,-75.6788101196289,-74.76179504394531,-75.07752227783203,-74.629638671875,-73.27066802978516,-73.37672424316406,-74.59908294677734,-74.97771453857422,-75.04071807861328,-73.3121109008789,-73.88925170898438,-77.06676483154297,-75.81324768066406,-74.10050201416016,-73.607421875,-74.67686462402344,-76.78549194335938,-76.87626647949219,-75.0945053100586,-75.09921264648438,-76.94166564941406,-75.83369445800781,-72.46415710449219,-74.26374816894531,-73.83324432373047,-76.4523696899414,-76.2005615234375,-73.67874145507812,-72.85198211669922,-70.34337615966797,-68.87640380859375,-68.3930892944336,-68.1733169555664,-68.0062026977539,-67.8692626953125,-67.76581573486328,-67.69356536865234,-67.64585876464844,-67.61557006835938,-67.59687042236328,-67.5855484008789,-67.57881164550781,-67.57483673095703,-65.81981658935547,-64.62171173095703,-67.17894744873047,-61.06591033935547,-59.95578384399414,0.0
-76.64427947998047,-75.6788101196289,-74.76179504394531,-75.07752227783203,-74.629638671875,-73.27066802978516,-73.37672424316406,-74.59908294677734,-74.97771453857422,-75.04071807861328,-73.3121109008789,-73.88925170898438,-77.06676483154297,-75.81324768066406,-74.10050201416016,-73.607421875,-74.67686462402344,-76.78549194335938,-76.87626647949219,-75.0945053100586,-75.09921264648438,-76.94166564941406,-75.83369445800781,-72.46415710449219,-74.26374816894531,-73.83324432373047,-76.4523696899414,-76.2005615234375,-73.67874145507812,-72.85198211669922,-70.34337615966797,-68.87640380859375,-68.3930892944336,-68.1733169555664,-68.0062026977539,-67.8692626953125,-67.76581573486328,-67.69356536865234,-67.64585876464844,-67.61557006835938,-67.59687042236328,-67.5855484008789,-67.57881164550781,-67.57483673095703,-65.81981658935547,-64.62171173095703,-67.17894744873047,-61.06591033935547,-59.95578384399414,-61.523983001708984,0.0
-75.6788101196289,-74.76179504394531,-75.07752227783203,-74.629638671875,-73.27066802978516,-73.37672424316406,-74.59908294677734,-74.97771453857422,-75.04071807861328,-73.3121109008789,-73.88925170898438,-77.06676483154297,-75.81324768066406,-74.10050201416016,-73.607421875,-74.67686462402344,-76.78549194335938,-76.87626647949219,-75.0945053100586,-75.09921264648438,-76.94166564941406,-75.83369445800781,-72.46415710449219,-74.26374816894531,-73.83324432373047,-76.4523696899414,-76.2005615234375,-73.67874145507812,-72.85198211669922,-70.34337615966797,-68.87640380859375,-68.3930892944336,-68.1733169555664,-68.0062026977539,-67.8692626953125,-67.76581573486328,-67.69356536865234,-67.64585876464844,-67.61557006835938,-67.59687042236328,-67.5855484008789,-67.57881164550781,-67.57483673095703,-65.81981658935547,-64.62171173095703,-67.17894744873047,-61.06591033935547,-59.95578384399414,-61.523983001708984,-61.98103332519531,0.0
-74.76179504394531,-75.07752227783203,-74.629638671875,-73.27066802978516,-73.37672424316406,-74.59908294677734,-74.97771453857422,-75.04071807861328,-73.3121109008789,-73.88925170898438,-77.06676483154297,-75.81324768066406,-74.10050201416016,-73.607421875,-74.67686462402344,-76.78549194335938,-76.87626647949219,-75.0945053100586,-75.09921264648438,-76.94166564941406,-75.83369445800781,-72.46415710449219,-74.26374816894531,-73.83324432373047,-76.4523696899414,-76.2005615234375,-73.67874145507812,-72.85198211669922,-70.34337615966797,-68.87640380859375,-68.3930892944336,-68.1733169555664,-68.0062026977539,-67.8692626953125,-67.76581573486328,-67.69356536865234,-67.64585876464844,-67.61557006835938,-67.59687042236328,-67.5855484008789,-67.57881164550781,-67.57483673095703,-65.81981658935547,-64.62171173095703,-67.17894744873047,-61.06591033935547,-59.95578384399414,-61.523983001708984,-61.98103332519531,-62.55912399291992,0.0
-75.07752227783203,-74.629638671875,-73.27066802978516,-73.37672424316406,-74.59908294677734,-74.97771453857422,-75.04071807861328,-73.3121109008789,-73.88925170898438,-77.06676483154297,-75.81324768066406,-74.10050201416016,-73.607421875,-74.67686462402344,-76.78549194335938,-76.87626647949219,-75.0945053100586,-75.09921264648438,-76.94166564941406,-75.83369445800781,-72.46415710449219,-74.26374816894531,-73.83324432373047,-76.4523696899414,-76.2005615234375,-73.67874145507812,-72.85198211669922,-70.34337615966797,-68.87640380859375,-68.3930892944336,-68.1733169555664,-68.0062026977539,-67.8692626953125,-67.76581573486328,-67.69356536865234,-67.64585876464844,-67.61557006835938,-67.59687042236328,-67.5855484008789,-67.57881164550781,-67.57483673095703,-65.81981658935547,-64.62171173095703,-67.17894744873047,-61.06591033935547,-59.95578384399414,-61.523983001708984,-61.98103332519531,-62.55912399291992,-62.11243438720703,0.0
-74.629638671875,-73.27066802978516,-73.37672424316406,-74.59908294677734,-74.97771453857422,-75.04071807861328,-73.3121109008789,-73.88925170898438,-77.06676483154297,-75.81324768066406,-74.10050201416016,-73.607421875,-74.67686462402344,-76.78549194335938,-76.87626647949219,-75.0945053100586,-75.09921264648438,-76.94166564941406,-75.83369445800781,-72.46415710449219,-74.26374816894531,-73.83324432373047,-76.4523696899414,-76.2005615234375,-73.67874145507812,-72.85198211669922,-70.34337615966797,-68.87640380859375,-68.3930892944336,-68.1733169555664,-68.0062026977539,-67.8692626953125,-67.76581573486328,-67.69356536865234,-67.64585876464844,-67.61557006835938,-67.59687042236328,-67.5855484008789,-67.57881164550781,-67.57483673095703,-65.81981658935547,-64.62171173095703,-67.17894744873047,-61.06591033935547,-59.95578384399414,-61.523983001708984,-61.98103332519531,-62.55912399291992,-62.11243438720703,-61.92219924926758,0.0
-73.27066802978516,-73.37672424316406,-74.59908294677734,-74.97771453857422,-75.04071807861328,-73.3121109008789,-73.88925170898438,-77.06676483154297,-75.81324768066406,-74.10050201416016,-73.607421875,-74.67686462402344,-76.78549194335938,-76.87626647949219,-75.0945053100586,-75.09921264648438,-76.94166564941406,-75.83369445800781,-72.46415710449219,-74.26374816894531,-73.83324432373047,-76.4523696899414,-76.2005615234375,-73.67874145507812,-72.85198211669922,-70.34337615966797,-68.87640380859375,-68.3930892944336,-68.1733169555664,-68.0062026977539,-67.8692626953125,-67.76581573486328,-67.69356536865234,-67.64585876464844,-67.61557006835938,-67.59687042236328,-67.5855484008789,-67.57881164550781,-67.57483673095703,-65.81981658935547,-64.62171173095703,-67.17894744873047,-61.06591033935547,-59.95578384399414,-61.523983001708984,-61.98103332519531,-62.55912399291992,-62.11243438720703,-61.92219924926758,-61.879150390625,0.0
-73.37672424316406,-74.59908294677734,-74.97771453857422,-75.04071807861328,-73.3121109008789,-73.88925170898438,-77.06676483154297,-75.81324768066406,-74.10050201416016,-73.607421875,-74.67686462402344,-76.78549194335938,-76.87626647949219,-75.0945053100586,-75.09921264648438,-76.94166564941406,-75.83369445800781,-72.46415710449219,-74.26374816894531,-73.83324432373047,-76.4523696899414,-76.2005615234375,-73.67874145507812,-72.85198211669922,-70.34337615966797,-68.87640380859375,-68.3930892944336,-68.1733169555664,-68.0062026977539,-67.8692626953125,-67.76581573486328,-67.69356536865234,-67.64585876464844,-67.61557006835938,-67.59687042236328,-67.5855484008789,-67.57881164550781,-67.57483673095703,-65.81981658935547,-64.62171173095703,-67.17894744873047,-61.06591033935547,-59.95578384399414,-61.523983001708984,-61.98103332519531,-62.55912399291992,-62.11243438720703,-61.92219924926758,-61.879150390625,-65.38085174560547,0.0
-74.59908294677734,-74.97771453857422,-75.04071807861328,-73.3121109008789,-73.88925170898438,-77.06676483154297,-75.81324768066406,-74.10050201416016,-73.607421875,-74.67686462402344,-76.78549194335938,-76.87626647949219,-75.0945053100586,-75.09921264648438,-76.94166564941406,-75.83369445800781,-72.46415710449219,-74.26374816894531,-73.83324432373047,-76.4523696899414,-76.2005615234375,-73.67874145507812,-72.85198211669922,-70.34337615966797,-68.87640380859375,-68.3930892944336,-68.1733169555664,-68.0062026977539,-67.8692626953125,-67.76581573486328,-67.69356536865234,-67.64585876464844,-67.61557006835938,-67.59687042236328,-67.5855484008789,-67.57881164550781,-67.57483673095703,-65.81981658935547,-64.62171173095703,-67.17894744873047,-61.06591033935547,-59.95578384399414,-61.523983001708984,-61.98103332519531,-62.55912399291992,-62.11243438720703,-61.92219924926758,-61.879150390625,-65.38085174560547,-64.85160827636719,0.0
-74.97771453857422,-75.04071807861328,-73.3121109008789,-73.88925170898438,-77.06676483154297,-75.81324768066406,-74.10050201416016,-73.607421875,-74.67686462402344,-76.78549194335938,-76.87626647949219,-75.0945053100586,-75.09921264648438,-76.94166564941406,-75.83369445800781,-72.46415710449219,-74.26374816894531,-73.83324432373047,-76.4523696899414,-76.2005615234375,-73.67874145507812,-72.85198211669922,-70.34337615966797,-68.87640380859375,-68.3930892944336,-68.1733169555664,-68.0062026977539,-67.8692626953125,-67.76581573486328,-67.69356536865234,-67.64585876464844,-67.61557006835938,-67.59687042236328,-67.5855484008789,-67.57881164550781,-67.57483673095703,-65.81981658935547,-64.62171173095703,-67.17894744873047,-61.06591033935547,-59.95578384399414,-61.523983001708984,-61.98103332519531,-62.55912399291992,-62.11243438720703,-61.92219924926758,-61.879150390625,-65.38085174560547,-64.85160827636719,-64.55589294433594,0.0
-75.04071807861328,-73.3121109008789,-73.88925170898438,-77.06676483154297,-75.81324768066406,-74.10050201416016,-73.607421875,-74.67686462402344,-76.78549194335938,-76.87626647949219,-75.0945053100586,-75.09921264648438,-76.94166564941406,-75.83369445800781,-72.46415710449219,-74.26374816894531,-73.83324432373047,-76.4523696899414,-76.2005615234375,-73.67874145507812,-72.85198211669922,-70.34337615966797,-68.87640380859375,-68.3930892944336,-68.1733169555664,-68.0062026977539,-67.8692626953125,-67.76581573486328,-67.69356536865234,-67.64585876464844,-67.61557006835938,-67.59687042236328,-67.5855484008789,-67.57881164550781,-67.57483673095703,-65.81981658935547,-64.62171173095703,-67.17894744873047,-61.06591033935547,-59.95578384399414,-61.523983001708984,-61.98103332519531,-62.55912399291992,-62.11243438720703,-61.92219924926758,-61.879150390625,-65.38085174560547,-64.85160827636719,-64.55589294433594,-64.54655456542969,0.0
-73.3121109008789,-73.88925170898438,-77.06676483154297,-75.81324768066406,-74.10050201416016,-73.607421875,-74.67686462402344,-76.78549194335938,-76.87626647949219,-75.0945053100586,-75.09921264648438,-76.94166564941406,-75.83369445800781,-72.46415710449219,-74.26374816894531,-73.83324432373047,-76.4523696899414,-76.2005615234375,-73.67874145507812,-72.85198211669922,-70.34337615966797,-68.87640380859375,-68.3930892944336,-68.1733169555664,-68.0062026977539,-67.8692626953125,-67.76581573486328,-67.69356536865234,-67.64585876464844,-67.61557006835938,-67.59687042236328,-67.5855484008789,-67.57881164550781,-67.57483673095703,-65.81981658935547,-64.62171173095703,-67.17894744873047,-61.06591033935547,-59.95578384399414,-61.523983001708984,-61.98103332519531,-62.55912399291992,-62.11243438720703,-61.92219924926758,-61.879150390625,-65.38085174560547,-64.85160827636719,-64.55589294433594,-64.54655456542969,-64.0162582397461,0.0
-73.88925170898438,-77.06676483154297,-75.81324768066406,-74.10050201416016,-73.607421875,-74.67686462402344,-76.78549194335938,-76.87626647949219,-75.0945053100586,-75.09921264648438,-76.94166564941406,-75.83369445800781,-72.46415710449219,-74.26374816894531,-73.83324432373047,-76.4523696899414,-76.2005615234375,-73.67874145507812,-72.85198211669922,-70.34337615966797,-68.87640380859375,-68.3930892944336,-68.1733169555664,-68.0062026977539,-67.8692626953125,-67.76581573486328,-67.69356536865234,-67.64585876464844,-67.61557006835938,-67.59687042236328,-67.5855484008789,-67.57881164550781,-67.57483673095703,-65.81981658935547,-64.62171173095703,-67.17894744873047,-61.06591033935547,-59.95578384399414,-61.523983001708984,-61.98103332519531,-62.55912399291992,-62.11243438720703,-61.92219924926758,-61.879150390625,-65.38085174560547,-64.85160827636719,-64.55589294433594,-64.54655456542969,-64.0162582397461,-66.78047180175781,0.0
-77.06676483154297,-75.81324768066406,-74.10050201416016,-73.607421875,-74.67686462402344,-76.78549194335938,-76.87626647949219,-75.0945053100586,-75.09921264648438,-76.94166564941406,-75.83369445800781,-72.46415710449219,-74.26374816894531,-73.83324432373047,-76.4523696899414,-76.2005615234375,-73.67874145507812,-72.85198211669922,-70.34337615966797,-68.87640380859375,-68.3930892944336,-68.1733169555664,-68.0062026977539,-67.8692626953125,-67.76581573486328,-67.69356536865234,-67.64585876464844,-67.61557006835938,-67.59687042236328,-67.5855484008789,-67.57881164550781,-67.57483673095703,-65.81981658935547,-64.62171173095703,-67.17894744873047,-61.06591033935547,-59.95578384399414,-61.523983001708984,-61.98103332519531,-62.55912399291992,-62.11243438720703,-61.92219924926758,-61.879150390625,-65.38085174560547,-64.85160827636719,-64.55589294433594,-64.54655456542969,-64.0162582397461,-66.78047180175781,-66.60961151123047,0.0
-75.81324768066406,-74.10050201416016,-73.607421875,-74.67686462402344,-76.78549194335938,-76.87626647949219,-75.0945053100586,-75.09921264648438,-76.94166564941406,-75.83369445800781,-72.46415710449219,-74.26374816894531,-73.83324432373047,-76.4523696899414,-76.2005615234375,-73.67874145507812,-72.85198211669922,-70.34337615966797,-68.87640380859375,-68.3930892944336,-68.1733169555664,-68.0062026977539,-67.8692626953125,-67.76581573486328,-67.69356536865234,-67.64585876464844,-67.61557006835938,-67.59687042236328,-67.5855484008789,-67.57881164550781,-67.57483673095703,-65.81981658935547,-64.62171173095703,-67.17894744873047,-61.06591033935547,-59.95578384399414,-61.523983001708984,-61.98103332519531,-62.55912399291992,-62.11243438720703,-61.92219924926758,-61.879150390625,-65.38085174560547,-64.85160827636719,-64.55589294433594,-64.54655456542969,-64.0162582397461,-66.78047180175781,-66.60961151123047,-66.45870208740234,0.0
-74.10050201416016,-73.607421875,-74.67686462402344,-76.78549194335938,-76.87626647949219,-75.0945053100586,-75.09921264648438,-76.94166564941406,-75.83369445800781,-72.46415710449219,-74.26374816894531,-73.83324432373047,-76.4523696899414,-76.2005615234375,-73.67874145507812,-72.85198211669922,-70.34337615966797,-68.87640380859375,-68.3930892944336,-68.1733169555664,-68.0062026977539,-67.8692626953125,-67.76581573486328,-67.69356536865234,-67.64585876464844,-67.61557006835938,-67.59687042236328,-67.5855484008789,-67.57881164550781,-67.57483673095703,-65.81981658935547,-64.62171173095703,-67.17894744873047,-61.06591033935547,-59.95578384399414,-61.523983001708984,-61.98103332519531,-62.55912399291992,-62.11243438720703,-61.92219924926758,-61.879150390625,-65.38085174560547,-64.85160827636719,-64.55589294433594,-64.54655456542969,-64.0162582397461,-66.78047180175781,-66.60961151123047,-66.45870208740234,-66.46710968017578,1.0
-73.607421875,-74.67686462402344,-76.78549194335938,-76.87626647949219,-75.0945053100586,-75.09921264648438,-76.94166564941406,-75.83369445800781,-72.46415710449219,-74.26374816894531,-73.83324432373047,-76.4523696899414,-76.2005615234375,-73.67874145507812,-72.85198211669922,-70.34337615966797,-68.87640380859375,-68.3930892944336,-68.1733169555664,-68.0062026977539,-67.8692626953125,-67.76581573486328,-67.69356536865234,-67.64585876464844,-67.61557006835938,-67.59687042236328,-67.5855484008789,-67.57881164550781,-67.57483673095703,-65.81981658935547,-64.62171173095703,-67.17894744873047,-61.06591033935547,-59.95578384399414,-61.523983001708984,-61.98103332519531,-62.55912399291992,-62.11243438720703,-61.92219924926758,-61.879150390625,-65.38085174560547,-64.85160827636719,-64.55589294433594,-64.54655456542969,-64.0162582397461,-66.78047180175781,-66.60961151123047,-66.45870208740234,-66.46710968017578,-78.08515167236328,0.0
-74.67686462402344,-76.78549194335938,-76.87626647949219,-75.0945053100586,-75.09921264648438,-76.94166564941406,-75.83369445800781,-72.46415710449219,-74.26374816894531,-73.83324432373047,-76.4523696899414,-76.2005615234375,-73.67874145507812,-72.85198211669922,-70.34337615966797,-68.87640380859375,-68.3930892944336,-68.1733169555664,-68.0062026977539,-67.8692626953125,-67.76581573486328,-67.69356536865234,-67.64585876464844,-67.61557006835938,-67.59687042236328,-67.5855484008789,-67.57881164550781,-67.57483673095703,-65.81981658935547,-64.62171173095703,-67.17894744873047,-61.06591033935547,-59.95578384399414,-61.523983001708984,-61.98103332519531,-62.55912399291992,-62.11243438720703,-61.92219924926758,-61.879150390625,-65.38085174560547,-64.85160827636719,-64.55589294433594,-64.54655456542969,-64.0162582397461,-66.78047180175781,-66.60961151123047,-66.45870208740234,-66.46710968017578,-78.08515167236328,-81.67085266113281,0.0
-76.78549194335938,-76.87626647949219,-75.0945053100586,-75.09921264648438,-76.94166564941406,-75.83369445800781,-72.46415710449219,-74.26374816894531,-73.83324432373047,-76.4523696899414,-76.2005615234375,-73.67874145507812,-72.85198211669922,-70.34337615966797,-68.87640380859375,-68.3930892944336,-68.1733169555664,-68.0062026977539,-67.8692626953125,-67.76581573486328,-67.69356536865234,-67.64585876464844,-67.61557006835938,-67.59687042236328,-67.5855484008789,-67.57881164550781,-67.57483673095703,-65.81981658935547,-64.62171173095703,-67.17894744873047,-61.06591033935547,-59.95578384399414,-61.523983001708984,-61.98103332519531,-62.55912399291992,-62.11243438720703,-61.92219924926758,-61.879150390625,-65.38085174560547,-64.85160827636719,-64.55589294433594,-64.54655456542969,-64.0162582397461,-66.78047180175781,-66.60961151123047,-66.45870208740234,-66.46710968017578,-78.08515167236328,-81.67085266113281,-82.56485748291016,0.0
-76.87626647949219,-75.0945053100586,-75.09921264648438,-76.94166564941406,-75.83369445800781,-72.46415710449219,-74.26374816894531,-73.83324432373047,-76.4523696899414,-76.2005615234375,-73.67874145507812,-72.85198211669922,-70.34337615966797,-68.87640380859375,-68.3930892944336,-68.1733169555664,-68.0062026977539,-67.8692626953125,-67.76581573486328,-67.69356536865234,-67.64585876464844,-67.61557006835938,-67.59687042236328,-67.5855484008789,-67.57881164550781,-67.57483673095703,-65.81981658935547,-64.62171173095703,-67.17894744873047,-61.06591033935547,-59.95578384399414,-61.523983001708984,-61.98103332519531,-62.55912399291992,-62.11243438720703,-61.92219924926758,-61.879150390625,-65.38085174560547,-64.85160827636719,-64.55589294433594,-64.54655456542969,-64.0162582397461,-66.78047180175781,-66.60961151123047,-66.45870208740234,-66.46710968017578,-78.08515167236328,-81.67085266113281,-82.56485748291016,-83.03182220458984,0.0
-75.0945053100586,-75.09921264648438,-76.94166564941406,-75.83369445800781,-72.46415710449219,-74.26374816894531,-73.83324432373047,-76.4523696899414,-76.2005615234375,-73.67874145507812,-72.85198211669922,-70.34337615966797,-68.87640380859375,-68.3930892944336,-68.1733169555664,-68.0062026977539,-67.8692626953125,-67.76581573486328,-67.69356536865234,-67.64585876464844,-67.61557006835938,-67.59687042236328,-67.5855484008789,-67.57881164550781,-67.57483673095703,-65.81981658935547,-64.62171173095703,-67.17894744873047,-61.06591033935547,-59.95578384399414,-61.523983001708984,-61.98103332519531,-62.55912399291992,-62.11243438720703,-61.92219924926758,-61.879150390625,-65.38085174560547,-64.85160827636719,-64.55589294433594,-64.54655456542969,-64.0162582397461,-66.78047180175781,-66.60961151123047,-66.45870208740234,-66.46710968017578,-78.08515167236328,-81.67085266113281,-82.56485748291016,-83.03182220458984,-82.87920379638672,0.0
-75.09921264648438,-76.94166564941406,-75.83369445800781,-72.46415710449219,-74.26374816894531,-73.83324432373047,-76.4523696899414,-76.2005615234375,-73.67874145507812,-72.85198211669922,-70.34337615966797,-68.87640380859375,-68.3930892944336,-68.1733169555664,-68.0062026977539,-67.8692626953125,-67.76581573486328,-67.69356536865234,-67.64585876464844,-67.61557006835938,-67.59687042236328,-67.5855484008789,-67.57881164550781,-67.57483673095703,-65.81981658935547,-64.62171173095703,-67.17894744873047,-61.06591033935547,-59.95578384399414,-61.523983001708984,-61.98103332519531,-62.55912399291992,-62.11243438720703,-61.92219924926758,-61.879150390625,-65.38085174560547,-64.85160827636719,-64.55589294433594,-64.54655456542969,-64.0162582397461,-66.78047180175781,-66.60961151123047,-66.45870208740234,-66.46710968017578,-78.08515167236328,-81.67085266113281,-82.56485748291016,-83.03182220458984,-82.87920379638672,-83.61688995361328,0.0
-76.94166564941406,-75.83369445800781,-72.46415710449219,-74.26374816894531,-73.83324432373047,-76.4523696899414,-76.2005615234375,-73.67874145507812,-72.85198211669922,-70.34337615966797,-68.87640380859375,-68.3930892944336,-68.1733169555664,-68.0062026977539,-67.8692626953125,-67.76581573486328,-67.69356536865234,-67.64585876464844,-67.61557006835938,-67.59687042236328,-67.5855484008789,-67.57881164550781,-67.57483673095703,-65.81981658935547,-64.62171173095703,-67.17894744873047,-61.06591033935547,-59.95578384399414,-61.523983001708984,-61.98103332519531,-62.55912399291992,-62.11243438720703,-61.92219924926758,-61.879150390625,-65.38085174560547,-64.85160827636719,-64.55589294433594,-64.54655456542969,-64.0162582397461,-66.78047180175781,-66.60961151123047,-66.45870208740234,-66.46710968017578,-78.08515167236328,-81.67085266113281,-82.56485748291016,-83.03182220458984,-82.87920379638672,-83.61688995361328,-83.46639251708984,0.0
-75.83369445800781,-72.46415710449219,-74.26374816894531,-73.83324432373047,-76.4523696899414,-76.2005615234375,-73.67874145507812,-72.85198211669922,-70.34337615966797,-68.87640380859375,-68.3930892944336,-68.1733169555664,-68.0062026977539,-67.8692626953125,-67.76581573486328,-67.69356536865234,-67.64585876464844,-67.61557006835938,-67.59687042236328,-67.5855484008789,-67.57881164550781,-67.57483673095703,-65.81981658935547,-64.62171173095703,-67.17894744873047,-61.06591033935547,-59.95578384399414,-61.523983001708984,-61.98103332519531,-62.55912399291992,-62.11243438720703,-61.92219924926758,-61.879150390625,-65.38085174560547,-64.85160827636719,-64.55589294433594,-64.54655456542969,-64.0162582397461,-66.78047180175781,-66.60961151123047,-66.45870208740234,-66.46710968017578,-78.08515167236328,-81.67085266113281,-82.56485748291016,-83.03182220458984,-82.87920379638672,-83.61688995361328,-83.46639251708984,-83.48347473144531,0.0
-72.46415710449219,-74.26374816894531,-73.83324432373047,-76.4523696899414,-76.2005615234375,-73.67874145507812,-72.85198211669922,-70.34337615966797,-68.87640380859375,-68.3930892944336,-68.1733169555664,-68.0062026977539,-67.8692626953125,-67.76581573486328,-67.69356536865234,-67.64585876464844,-67.61557006835938,-67.59687042236328,-67.5855484008789,-67.57881164550781,-67.57483673095703,-65.81981658935547,-64.62171173095703,-67.17894744873047,-61.06591033935547,-59.95578384399414,-61.523983001708984,-61.98103332519531,-62.55912399291992,-62.11243438720703,-61.92219924926758,-61.879150390625,-65.38085174560547,-64.85160827636719,-64.55589294433594,-64.54655456542969,-64.0162582397461,-66.78047180175781,-66.60961151123047,-66.45870208740234,-66.46710968017578,-78.08515167236328,-81.67085266113281,-82.56485748291016,-83.03182220458984,-82.87920379638672,-83.61688995361328,-83.46639251708984,-83.48347473144531,-84.71179962158203,0.0
-74.26374816894531,-73.83324432373047,-76.4523696899414,-76.2005615234375,-73.67874145507812,-72.85198211669922,-70.34337615966797,-68.87640380859375,-68.3930892944336,-68.1733169555664,-68.0062026977539,-67.8692626953125,-67.76581573486328,-67.69356536865234,-67.64585876464844,-67.61557006835938,-67.59687042236328,-67.5855484008789,-67.57881164550781,-67.57483673095703,-65.81981658935547,-64.62171173095703,-67.17894744873047,-61.06591033935547,-59.95578384399414,-61.523983001708984,-61.98103332519531,-62.55912399291992,-62.11243438720703,-61.92219924926758,-61.879150390625,-65.38085174560547,-64.85160827636719,-64.55589294433594,-64.54655456542969,-64.0162582397461,-66.78047180175781,-66.60961151123047,-66.45870208740234,-66.46710968017578,-78.08515167236328,-81.67085266113281,-82.56485748291016,-83.03182220458984,-82.87920379638672,-83.61688995361328,-83.46639251708984,-83.48347473144531,-84.71179962158203,-84.5973129272461,0.0
-73.83324432373047,-76.4523696899414,-76.2005615234375,-73.67874145507812,-72.85198211669922,-70.34337615966797,-68.87640380859375,-68.3930892944336,-68.1733169555664,-68.0062026977539,-67.8692626953125,-67.76581573486328,-67.69356536865234,-67.64585876464844,-67.61557006835938,-67.59687042236328,-67.5855484008789,-67.57881164550781,-67.57483673095703,-65.81981658935547,-64.62171173095703,-67.17894744873047,-61.06591033935547,-59.95578384399414,-61.523983001708984,-61.98103332519531,-62.55912399291992,-62.11243438720703,-61.92219924926758,-61.879150390625,-65.38085174560547,-64.85160827636719,-64.55589294433594,-64.54655456542969,-64.0162582397461,-66.78047180175781,-66.60961151123047,-66.45870208740234,-66.46710968017578,-78.08515167236328,-81.67085266113281,-82.56485748291016,-83.03182220458984,-82.87920379638672,-83.61688995361328,-83.46639251708984,-83.48347473144531,-84.71179962158203,-84.5973129272461,-83.9543685913086,0.0
-76.4523696899414,-76.2005615234375,-73.67874145507812,-72.85198211669922,-70.34337615966797,-68.87640380859375,-68.3930892944336,-68.1733169555664,-68.0062026977539,-67.8692626953125,-67.76581573486328,-67.69356536865234,-67.64585876464844,-67.61557006835938,-67.59687042236328,-67.5855484008789,-67.57881164550781,-67.57483673095703,-65.81981658935547,-64.62171173095703,-67.17894744873047,-61.06591033935547,-59.95578384399414,-61.523983001708984,-61.98103332519531,-62.55912399291992,-62.11243438720703,-61.92219924926758,-61.879150390625,-65.38085174560547,-64.85160827636719,-64.55589294433594,-64.54655456542969,-64.0162582397461,-66.78047180175781,-66.60961151123047,-66.45870208740234,-66.46710968017578,-78.08515167236328,-81.67085266113281,-82.56485748291016,-83.03182220458984,-82.87920379638672,-83.61688995361328,-83.46639251708984,-83.48347473144531,-84.71179962158203,-84.5973129272461,-83.9543685913086,-83.76526641845703,0.0
-76.2005615234375,-73.67874145507812,-72.85198211669922,-70.34337615966797,-68.87640380859375,-68.3930892944336,-68.1733169555664,-68.0062026977539,-67.8692626953125,-67.76581573486328,-67.69356536865234,-67.64585876464844,-67.61557006835938,-67.59687042236328,-67.5855484008789,-67.57881164550781,-67.57483673095703,-65.81981658935547,-64.62171173095703,-67.17894744873047,-61.06591033935547,-59.95578384399414,-61.523983001708984,-61.98103332519531,-62.55912399291992,-62.11243438720703,-61.92219924926758,-61.879150390625,-65.38085174560547,-64.85160827636719,-64.55589294433594,-64.54655456542969,-64.0162582397461,-66.78047180175781,-66.60961151123047,-66.45870208740234,-66.46710968017578,-78.08515167236328,-81.67085266113281,-82.56485748291016,-83.03182220458984,-82.87920379638672,-83.61688995361328,-83.46639251708984,-83.48347473144531,-84.71179962158203,-84.5973129272461,-83.9543685913086,-83.76526641845703,-84.89047241210938,0.0
-73.67874145507812,-72.85198211669922,-70.34337615966797,-68.87640380859375,-68.3930892944336,-68.1733169555664,-68.0062026977539,-67.8692626953125,-67.76581573486328,-67.69356536865234,-67.64585876464844,-67.61557006835938,-67.59687042236328,-67.5855484008789,-67.57881164550781,-67.57483673095703,-65.81981658935547,-64.62171173095703,-67.17894744873047,-61.06591033935547,-59.95578384399414,-61.523983001708984,-61.98103332519531,-62.55912399291992,-62.11243438720703,-61.92219924926758,-61.879150390625,-65.38085174560547,-64.85160827636719,-64.55589294433594,-64.54655456542969,-64.0162582397461,-66.78047180175781,-66.60961151123047,-66.45870208740234,-66.46710968017578,-78.08515167236328,-81.67085266113281,-82.56485748291016,-83.03182220458984,-82.87920379638672,-83.61688995361328,-83.46639251708984,-83.48347473144531,-84.71179962158203,-84.5973129272461,-83.9543685913086,-83.76526641845703,-84.89047241210938,-85.28773498535156,0.0
-72.85198211669922,-70.34337615966797,-68.87640380859375,-68.3930892944336,-68.1733169555664,-68.0062026977539,-67.8692626953125,-67.76581573486328,-67.69356536865234,-67.64585876464844,-67.61557006835938,-67.59687042236328,-67.5855484008789,-67.57881164550781,-67.57483673095703,-65.81981658935547,-64.62171173095703,-67.17894744873047,-61.06591033935547,-59.95578384399414,-61.523983001708984,-61.98103332519531,-62.55912399291992,-62.11243438720703,-61.92219924926758,-61.879150390625,-65.38085174560547,-64.85160827636719,-64.55589294433594,-64.54655456542969,-64.0162582397461,-66.78047180175781,-66.60961151123047,-66.45870208740234,-66.46710968017578,-78.08515167236328,-81.67085266113281,-82.56485748291016,-83.03182220458984,-82.87920379638672,-83.61688995361328,-83.46639251708984,-83.48347473144531,-84.71179962158203,-84.5973129272461,-83.9543685913086,-83.76526641845703,-84.89047241210938,-85.28773498535156,-83.65125274658203,0.0
-70.34337615966797,-68.87640380859375,-68.3930892944336,-68.1733169555664,-68.0062026977539,-67.8692626953125,-67.76581573486328,-67.69356536865234,-67.64585876464844,-67.61557006835938,-67.59687042236328,-67.5855484008789,-67.57881164550781,-67.57483673095703,-65.81981658935547,-64.62171173095703,-67.17894744873047,-61.06591033935547,-59.95578384399414,-61.523983001708984,-61.98103332519531,-62.55912399291992,-62.11243438720703,-61.92219924926758,-61.879150390625,-65.38085174560547,-64.85160827636719,-64.55589294433594,-64.54655456542969,-64.0162582397461,-66.78047180175781,-66.60961151123047,-66.45870208740234,-66.46710968017578,-78.08515167236328,-81.67085266113281,-82.56485748291016,-83.03182220458984,-82.87920379638672,-83.61688995361328,-83.46639251708984,-83.48347473144531,-84.71179962158203,-84.5973129272461,-83.9543685913086,-83.76526641845703,-84.89047241210938,-85.28773498535156,-83.65125274658203,-83.66028594970703,0.0
-68.87640380859375,-68.3930892944336,-68.1733169555664,-68.0062026977539,-67.8692626953125,-67.76581573486328,-67.69356536865234,-67.64585876464844,-67.61557006835938,-67.59687042236328,-67.5855484008789,-67.57881164550781,-67.57483673095703,-65.81981658935547,-64.62171173095703,-67.17894744873047,-61.06591033935547,-59.95578384399414,-61.523983001708984,-61.98103332519531,-62.55912399291992,-62.11243438720703,-61.92219924926758,-61.879150390625,-65.38085174560547,-64.85160827636719,-64.55589294433594,-64.54655456542969,-64.0162582397461,-66.78047180175781,-66.60961151123047,-66.45870208740234,-66.46710968017578,-78.08515167236328,-81.67085266113281,-82.56485748291016,-83.03182220458984,-82.87920379638672,-83.61688995361328,-83.46639251708984,-83.48347473144531,-84.71179962158203,-84.5973129272461,-83.9543685913086,-83.76526641845703,-84.89047241210938,-85.28773498535156,-83.65125274658203,-83.66028594970703,-83.73937225341797,0.0
-68.3930892944336,-68.1733169555664,-68.0062026977539,-67.8692626953125,-67.76581573486328,-67.69356536865234,-67.64585876464844,-67.61557006835938,-67.59687042236328,-67.5855484008789,-67.57881164550781,-67.57483673095703,-65.81981658935547,-64.62171173095703,-67.17894744873047,-61.06591033935547,-59.95578384399414,-61.523983001708984,-61.98103332519531,-62.55912399291992,-62.11243438720703,-61.92219924926758,-61.879150390625,-65.38085174560547,-64.85160827636719,-64.55589294433594,-64.54655456542969,-64.0162582397461,-66.78047180175781,-66.60961151123047,-66.45870208740234,-66.46710968017578,-78.08515167236328,-81.67085266113281,-82.56485748291016,-83.03182220458984,-82.87920379638672,-83.61688995361328,-83.46639251708984,-83.48347473144531,-84.71179962158203,-84.5973129272461,-83.9543685913086,-83.76526641845703,-84.89047241210938,-85.28773498535156,-83.65125274658203,-83.66028594970703,-83.73937225341797,-83.74653625488281,0.0
-68.1733169555664,-68.0062026977539,-67.8692626953125,-67.76581573486328,-67.69356536865234,-67.64585876464844,-67.61557006835938,-67.59687042236328,-67.5855484008789,-67.57881164550781,-67.57483673095703,-65.81981658935547,-64.62171173095703,-67.17894744873047,-61.06591033935547,-59.95578384399414,-61.523983001708984,-61.98103332519531,-62.55912399291992,-62.11243438720703,-61.92219924926758,-61.879150390625,-65.38085174560547,-64.85160827636719,-64.55589294433594,-64.54655456542969,-64.0162582397461,-66.78047180175781,-66.60961151123047,-66.45870208740234,-66.46710968017578,-78.08515167236328,-81.67085266113281,-82.56485748291016,-83.03182220458984,-82.87920379638672,-83.61688995361328,-83.46639251708984,-83.48347473144531,-84.71179962158203,-84.5973129272461,-83.9543685913086,-83.76526641845703,-84.89047241210938,-85.28773498535156,-83.65125274658203,-83.66028594970703,-83.73937225341797,-83.74653625488281,-83.15185546875,0.0
-68.0062026977539,-67.8692626953125,-67.76581573486328,-67.69356536865234,-67.64585876464844,-67.61557006835938,-67.59687042236328,-67.5855484008789,-67.57881164550781,-67.57483673095703,-65.81981658935547,-64.62171173095703,-67.17894744873047,-61.06591033935547,-59.95578384399414,-61.523983001708984,-61.98103332519531,-62.55912399291992,-62.11243438720703,-61.92219924926758,-61.879150390625,-65.38085174560547,-64.85160827636719,-64.55589294433594,-64.54655456542969,-64.0162582397461,-66.78047180175781,-66.60961151123047,-66.45870208740234,-66.46710968017578,-78.08515167236328,-81.67085266113281,-82.56485748291016,-83.03182220458984,-82.87920379638672,-83.61688995361328,-83.46639251708984,-83.48347473144531,-84.71179962158203,-84.5973129272461,-83.9543685913086,-83.76526641845703,-84.89047241210938,-85.28773498535156,-83.65125274658203,-83.66028594970703,-83.73937225341797,-83.74653625488281,-83.15185546875,-82.93154907226562,0.0
-67.8692626953125,-67.76581573486328,-67.69356536865234,-67.64585876464844,-67.61557006835938,-67.59687042236328,-67.5855484008789,-67.57881164550781,-67.57483673095703,-65.81981658935547,-64.62171173095703,-67.17894744873047,-61.06591033935547,-59.95578384399414,-61.523983001708984,-61.98103332519531,-62.55912399291992,-62.11243438720703,-61.92219924926758,-61.879150390625,-65.38085174560547,-64.85160827636719,-64.55589294433594,-64.54655456542969,-64.0162582397461,-66.78047180175781,-66.60961151123047,-66.45870208740234,-66.46710968017578,-78.08515167236328,-81.67085266113281,-82.56485748291016,-83.03182220458984,-82.87920379638672,-83.61688995361328,-83.46639251708984,-83.48347473144531,-84.71179962158203,-84.5973129272461,-83.9543685913086,-83.76526641845703,-84.89047241210938,-85.28773498535156,-83.65125274658203,-83.66028594970703,-83.73937225341797,-83.74653625488281,-83.15185546875,-82.93154907226562,-82.86592102050781,0.0
-67.76581573486328,-67.69356536865234,-67.64585876464844,-67.61557006835938,-67.59687042236328,-67.5855484008789,-67.57881164550781,-67.57483673095703,-65.81981658935547,-64.62171173095703,-67.17894744873047,-61.06591033935547,-59.95578384399414,-61.523983001708984,-61.98103332519531,-62.55912399291992,-62.11243438720703,-61.92219924926758,-61.879150390625,-65.38085174560547,-64.85160827636719,-64.55589294433594,-64.54655456542969,-64.0162582397461,-66.78047180175781,-66.60961151123047,-66.45870208740234,-66.46710968017578,-78.08515167236328,-81.67085266113281,-82.56485748291016,-83.03182220458984,-82.87920379638672,-83.61688995361328,-83.46639251708984,-83.48347473144531,-84.71179962158203,-84.5973129272461,-83.9543685913086,-83.76526641845703,-84.89047241210938,-85.28773498535156,-83.65125274658203,-83.66028594970703,-83.73937225341797,-83.74653625488281,-83.15185546875,-82.93154907226562,-82.86592102050781,-82.83195495605469,0.0
-67.69356536865234,-67.64585876464844,-67.61557006835938,-67.59687042236328,-67.5855484008789,-67.57881164550781,-67.57483673095703,-65.81981658935547,-64.62171173095703,-67.17894744873047,-61.06591033935547,-59.95578384399414,-61.523983001708984,-61.98103332519531,-62.55912399291992,-62.11243438720703,-61.92219924926758,-61.879150390625,-65.38085174560547,-64.85160827636719,-64.55589294433594,-64.54655456542969,-64.0162582397461,-66.78047180175781,-66.60961151123047,-66.45870208740234,-66.46710968017578,-78.08515167236328,-81.67085266113281,-82.56485748291016,-83.03182220458984,-82.87920379638672,-83.61688995361328,-83.46639251708984,-83.48347473144531,-84.71179962158203,-84.5973129272461,-83.9543685913086,-83.76526641845703,-84.89047241210938,-85.28773498535156,-83.65125274658203,-83.66028594970703,-83.73937225341797,-83.74653625488281,-83.15185546875,-82.93154907226562,-82.86592102050781,-82.83195495605469,-82.80418395996094,0.0
-67.64585876464844,-67.61557006835938,-67.59687042236328,-67.5855484008789,-67.57881164550781,-67.57483673095703,-65.81981658935547,-64.62171173095703,-67.17894744873047,-61.06591033935547,-59.95578384399414,-61.523983001708984,-61.98103332519531,-62.55912399291992,-62.11243438720703,-61.92219924926758,-61.879150390625,-65.38085174560547,-64.85160827636719,-64.55589294433594,-64.54655456542969,-64.0162582397461,-66.78047180175781,-66.60961151123047,-66.45870208740234,-66.46710968017578,-78.08515167236328,-81.67085266113281,-82.56485748291016,-83.03182220458984,-82.87920379638672,-83.61688995361328,-83.46639251708984,-83.48347473144531,-84.71179962158203,-84.5973129272461,-83.9543685913086,-83.76526641845703,-84.89047241210938,-85.28773498535156,-83.65125274658203,-83.66028594970703,-83.73937225341797,-83.74653625488281,-83.15185546875,-82.93154907226562,-82.86592102050781,-82.83195495605469,-82.80418395996094,-83.3583984375,0.0
-67.61557006835938,-67.59687042236328,-67.5855484008789,-67.57881164550781,-67.57483673095703,-65.81981658935547,-64.62171173095703,-67.17894744873047,-61.06591033935547,-59.95578384399414,-61.523983001708984,-61.98103332519531,-62.55912399291992,-62.11243438720703,-61.92219924926758,-61.879150390625,-65.38085174560547,-64.85160827636719,-64.55589294433594,-64.54655456542969,-64.0162582397461,-66.78047180175781,-66.60961151123047,-66.45870208740234,-66.46710968017578,-78.08515167236328,-81.67085266113281,-82.56485748291016,-83.03182220458984,-82.87920379638672,-83.61688995361328,-83.46639251708984,-83.48347473144531,-84.71179962158203,-84.5973129272461,-83.9543685913086,-83.76526641845703,-84.89047241210938,-85.28773498535156,-83.65125274658203,-83.66028594970703,-83.73937225341797,-83.74653625488281,-83.15185546875,-82.93154907226562,-82.86592102050781,-82.83195495605469,-82.80418395996094,-83.3583984375,-82.96658325195312,0.0
-67.59687042236328,-67.5855484008789,-67.57881164550781,-67.57483673095703,-65.81981658935547,-64.62171173095703,-67.17894744873047,-61.06591033935547,-59.95578384399414,-61.523983001708984,-61.98103332519531,-62.55912399291992,-62.11243438720703,-61.92219924926758,-61.879150390625,-65.38085174560547,-64.85160827636719,-64.55589294433594,-64.54655456542969,-64.0162582397461,-66.78047180175781,-66.60961151123047,-66.45870208740234,-66.46710968017578,-78.08515167236328,-81.67085266113281,-82.56485748291016,-83.03182220458984,-82.87920379638672,-83.61688995361328,-83.46639251708984,-83.48347473144531,-84.71179962158203,-84.5973129272461,-83.9543685913086,-83.76526641845703,-84.89047241210938,-85.28773498535156,-83.65125274658203,-83.66028594970703,-83.73937225341797,-83.74653625488281,-83.15185546875,-82.93154907226562,-82.86592102050781,-82.83195495605469,-82.80418395996094,-83.3583984375,-82.96658325195312,-82.80513763427734,0.0
-67.5855484008789,-67.57881164550781,-67.57483673095703,-65.81981658935547,-64.62171173095703,-67.17894744873047,-61.06591033935547,-59.95578384399414,-61.523983001708984,-61.98103332519531,-62.55912399291992,-62.11243438720703,-61.92219924926758,-61.879150390625,-65.38085174560547,-64.85160827636719,-64.55589294433594,-64.54655456542969,-64.0162582397461,-66.78047180175781,-66.60961151123047,-66.45870208740234,-66.46710968017578,-78.08515167236328,-81.67085266113281,-82.56485748291016,-83.03182220458984,-82.87920379638672,-83.61688995361328,-83.46639251708984,-83.48347473144531,-84.71179962158203,-84.5973129272461,-83.9543685913086,-83.76526641845703,-84.89047241210938,-85.28773498535156,-83.65125274658203,-83.66028594970703,-83.73937225341797,-83.74653625488281,-83.15185546875,-82.93154907226562,-82.86592102050781,-82.83195495605469,-82.80418395996094,-83.3583984375,-82.96658325195312,-82.80513763427734,-80.45648193359375,0.0
-67.57881164550781,-67.57483673095703,-65.81981658935547,-64.62171173095703,-67.17894744873047,-61.06591033935547,-59.95578384399414,-61.523983001708984,-61.98103332519531,-62.55912399291992,-62.11243438720703,-61.92219924926758,-61.879150390625,-65.38085174560547,-64.85160827636719,-64.55589294433594,-64.54655456542969,-64.0162582397461,-66.78047180175781,-66.60961151123047,-66.45870208740234,-66.46710968017578,-78.08515167236328,-81.67085266113281,-82.56485748291016,-83.03182220458984,-82.87920379638672,-83.61688995361328,-83.46639251708984,-83.48347473144531,-84.71179962158203,-84.5973129272461,-83.9543685913086,-83.76526641845703,-84.89047241210938,-85.28773498535156,-83.65125274658203,-83.66028594970703,-83.73937225341797,-83.74653625488281,-83.15185546875,-82.93154907226562,-82.86592102050781,-82.83195495605469,-82.80418395996094,-83.3583984375,-82.96658325195312,-82.80513763427734,-80.45648193359375,-79.6407699584961,0.0
-67.57483673095703,-65.81981658935547,-64.62171173095703,-67.17894744873047,-61.06591033935547,-59.95578384399414,-61.523983001708984,-61.98103332519531,-62.55912399291992,-62.11243438720703,-61.92219924926758,-61.879150390625,-65.38085174560547,-64.85160827636719,-64.55589294433594,-64.54655456542969,-64.0162582397461,-66.78047180175781,-66.60961151123047,-66.45870208740234,-66.46710968017578,-78.08515167236328,-81.67085266113281,-82.56485748291016,-83.03182220458984,-82.87920379638672,-83.61688995361328,-83.46639251708984,-83.48347473144531,-84.71179962158203,-84.5973129272461,-83.9543685913086,-83.76526641845703,-84.89047241210938,-85.28773498535156,-83.65125274658203,-83.66028594970703,-83.73937225341797,-83.74653625488281,-83.15185546875,-82.93154907226562,-82.86592102050781,-82.83195495605469,-82.80418395996094,-83.3583984375,-82.96658325195312,-82.80513763427734,-80.45648193359375,-79.6407699584961,-80.00552368164062,0.0
-65.81981658935547,-64.62171173095703,-67.17894744873047,-61.06591033935547,-59.95578384399414,-61.523983001708984,-61.98103332519531,-62.55912399291992,-62.11243438720703,-61.92219924926758,-61.879150390625,-65.38085174560547,-64.85160827636719,-64.55589294433594,-64.54655456542969,-64.0162582397461,-66.78047180175781,-66.60961151123047,-66.45870208740234,-66.46710968017578,-78.08515167236328,-81.67085266113281,-82.56485748291016,-83.03182220458984,-82.87920379638672,-83.61688995361328,-83.46639251708984,-83.48347473144531,-84.71179962158203,-84.5973129272461,-83.9543685913086,-83.76526641845703,-84.89047241210938,-85.28773498535156,-83.65125274658203,-83.66028594970703,-83.73937225341797,-83.74653625488281,-83.15185546875,-82.93154907226562,-82.86592102050781,-82.83195495605469,-82.80418395996094,-83.3583984375,-82.96658325195312,-82.80513763427734,-80.45648193359375,-79.6407699584961,-80.00552368164062,-80.67984008789062,0.0
-64.62171173095703,-67.17894744873047,-61.06591033935547,-59.95578384399414,-61.523983001708984,-61.98103332519531,-62.55912399291992,-62.11243438720703,-61.92219924926758,-61.879150390625,-65.38085174560547,-64.85160827636719,-64.55589294433594,-64.54655456542969,-64.0162582397461,-66.78047180175781,-66.60961151123047,-66.45870208740234,-66.46710968017578,-78.08515167236328,-81.67085266113281,-82.56485748291016,-83.03182220458984,-82.87920379638672,-83.61688995361328,-83.46639251708984,-83.48347473144531,-84.71179962158203,-84.5973129272461,-83.9543685913086,-83.76526641845703,-84.89047241210938,-85.28773498535156,-83.65125274658203,-83.66028594970703,-83.73937225341797,-83.74653625488281,-83.15185546875,-82.93154907226562,-82.86592102050781,-82.83195495605469,-82.80418395996094,-83.3583984375,-82.96658325195312,-82.80513763427734,-80.45648193359375,-79.6407699584961,-80.00552368164062,-80.67984008789062,-81.4182357788086,0.0
-67.17894744873047,-61.06591033935547,-59.95578384399414,-61.523983001708984,-61.98103332519531,-62.55912399291992,-62.11243438720703,-61.92219924926758,-61.879150390625,-65.38085174560547,-64.85160827636719,-64.55589294433594,-64.54655456542969,-64.0162582397461,-66.78047180175781,-66.60961151123047,-66.45870208740234,-66.46710968017578,-78.08515167236328,-81.67085266113281,-82.56485748291016,-83.03182220458984,-82.87920379638672,-83.61688995361328,-83.46639251708984,-83.48347473144531,-84.71179962158203,-84.5973129272461,-83.9543685913086,-83.76526641845703,-84.89047241210938,-85.28773498535156,-83.65125274658203,-83.66028594970703,-83.73937225341797,-83.74653625488281,-83.15185546875,-82.93154907226562,-82.86592102050781,-82.83195495605469,-82.80418395996094,-83.3583984375,-82.96658325195312,-82.80513763427734,-80.45648193359375,-79.6407699584961,-80.00552368164062,-80.67984008789062,-81.4182357788086,-78.71977233886719,0.0
-61.06591033935547,-59.95578384399414,-61.523983001708984,-61.98103332519531,-62.55912399291992,-62.11243438720703,-61.92219924926758,-61.879150390625,-65.38085174560547,-64.85160827636719,-64.55589294433594,-64.54655456542969,-64.0162582397461,-66.78047180175781,-66.60961151123047,-66.45870208740234,-66.46710968017578,-78.08515167236328,-81.67085266113281,-82.56485748291016,-83.03182220458984,-82.87920379638672,-83.61688995361328,-83.46639251708984,-83.48347473144531,-84.71179962158203,-84.5973129272461,-83.9543685913086,-83.76526641845703,-84.89047241210938,-85.28773498535156,-83.65125274658203,-83.66028594970703,-83.73937225341797,-83.74653625488281,-83.15185546875,-82.93154907226562,-82.86592102050781,-82.83195495605469,-82.80418395996094,-83.3583984375,-82.96658325195312,-82.80513763427734,-80.45648193359375,-79.6407699584961,-80.00552368164062,-80.67984008789062,-81.4182357788086,-78.71977233886719,-77.7450942993164,0.0
-59.95578384399414,-61.523983001708984,-61.98103332519531,-62.55912399291992,-62.11243438720703,-61.92219924926758,-61.879150390625,-65.38085174560547,-64.85160827636719,-64.55589294433594,-64.54655456542969,-64.0162582397461,-66.78047180175781,-66.60961151123047,-66.45870208740234,-66.46710968017578,-78.08515167236328,-81.67085266113281,-82.56485748291016,-83.03182220458984,-82.87920379638672,-83.61688995361328,-83.46639251708984,-83.48347473144531,-84.71179962158203,-84.5973129272461,-83.9543685913086,-83.76526641845703,-84.89047241210938,-85.28773498535156,-83.65125274658203,-83.66028594970703,-83.73937225341797,-83.74653625488281,-83.15185546875,-82.93154907226562,-82.86592102050781,-82.83195495605469,-82.80418395996094,-83.3583984375,-82.96658325195312,-82.80513763427734,-80.45648193359375,-79.6407699584961,-80.00552368164062,-80.67984008789062,-81.4182357788086,-78.71977233886719,-77.7450942993164,-75.76264953613281,0.0
-61.523983001708984,-61.98103332519531,-62.55912399291992,-62.11243438720703,-61.92219924926758,-61.879150390625,-65.38085174560547,-64.85160827636719,-64.55589294433594,-64.54655456542969,-64.0162582397461,-66.78047180175781,-66.60961151123047,-66.45870208740234,-66.46710968017578,-78.08515167236328,-81.67085266113281,-82.56485748291016,-83.03182220458984,-82.87920379638672,-83.61688995361328,-83.46639251708984,-83.48347473144531,-84.71179962158203,-84.5973129272461,-83.9543685913086,-83.76526641845703,-84.89047241210938,-85.28773498535156,-83.65125274658203,-83.66028594970703,-83.73937225341797,-83.74653625488281,-83.15185546875,-82.93154907226562,-82.86592102050781,-82.83195495605469,-82.80418395996094,-83.3583984375,-82.96658325195312,-82.80513763427734,-80.45648193359375,-79.6407699584961,-80.00552368164062,-80.67984008789062,-81.4182357788086,-78.71977233886719,-77.7450942993164,-75.76264953613281,-75.05475616455078,0.0
-61.98103332519531,-62.55912399291992,-62.11243438720703,-61.92219924926758,-61.879150390625,-65.38085174560547,-64.85160827636719,-64.55589294433594,-64.54655456542969,-64.0162582397461,-66.78047180175781,-66.60961151123047,-66.45870208740234,-66.46710968017578,-78.08515167236328,-81.67085266113281,-82.56485748291016,-83.03182220458984,-82.87920379638672,-83.61688995361328,-83.46639251708984,-83.48347473144531,-84.71179962158203,-84.5973129272461,-83.9543685913086,-83.76526641845703,-84.89047241210938,-85.28773498535156,-83.65125274658203,-83.66028594970703,-83.73937225341797,-83.74653625488281,-83.15185546875,-82.93154907226562,-82.86592102050781,-82.83195495605469,-82.80418395996094,-83.3583984375,-82.96658325195312,-82.80513763427734,-80.45648193359375,-79.6407699584961,-80.00552368164062,-80.67984008789062,-81.4182357788086,-78.71977233886719,-77.7450942993164,-75.76264953613281,-75.05475616455078,-76.55443572998047,0.0
-62.55912399291992,-62.11243438720703,-61.92219924926758,-61.879150390625,-65.38085174560547,-64.85160827636719,-64.55589294433594,-64.54655456542969,-64.0162582397461,-66.78047180175781,-66.60961151123047,-66.45870208740234,-66.46710968017578,-78.08515167236328,-81.67085266113281,-82.56485748291016,-83.03182220458984,-82.87920379638672,-83.61688995361328,-83.46639251708984,-83.48347473144531,-84.71179962158203,-84.5973129272461,-83.9543685913086,-83.76526641845703,-84.89047241210938,-85.28773498535156,-83.65125274658203,-83.66028594970703,-83.73937225341797,-83.74653625488281,-83.15185546875,-82.93154907226562,-82.86592102050781,-82.83195495605469,-82.80418395996094,-83.3583984375,-82.96658325195312,-82.80513763427734,-80.45648193359375,-79.6407699584961,-80.00552368164062,-80.67984008789062,-81.4182357788086,-78.71977233886719,-77.7450942993164,-75.76264953613281,-75.05475616455078,-76.55443572998047,-77.0115966796875,0.0
-62.11243438720703,-61.92219924926758,-61.879150390625,-65.38085174560547,-64.85160827636719,-64.55589294433594,-64.54655456542969,-64.0162582397461,-66.78047180175781,-66.60961151123047,-66.45870208740234,-66.46710968017578,-78.08515167236328,-81.67085266113281,-82.56485748291016,-83.03182220458984,-82.87920379638672,-83.61688995361328,-83.46639251708984,-83.48347473144531,-84.71179962158203,-84.5973129272461,-83.9543685913086,-83.76526641845703,-84.89047241210938,-85.28773498535156,-83.65125274658203,-83.66028594970703,-83.73937225341797,-83.74653625488281,-83.15185546875,-82.93154907226562,-82.86592102050781,-82.83195495605469,-82.80418395996094,-83.3583984375,-82.96658325195312,-82.80513763427734,-80.45648193359375,-79.6407699584961,-80.00552368164062,-80.67984008789062,-81.4182357788086,-78.71977233886719,-77.7450942993164,-75.76264953613281,-75.05475616455078,-76.55443572998047,-77.0115966796875,-77.04287719726562,0.0
-61.92219924926758,-61.879150390625,-65.38085174560547,-64.85160827636719,-64.55589294433594,-64.54655456542969,-64.0162582397461,-66.78047180175781,-66.60961151123047,-66.45870208740234,-66.46710968017578,-78.08515167236328,-81.67085266113281,-82.56485748291016,-83.03182220458984,-82.87920379638672,-83.61688995361328,-83.46639251708984,-83.48347473144531,-84.71179962158203,-84.5973129272461,-83.9543685913086,-83.76526641845703,-84.89047241210938,-85.28773498535156,-83.65125274658203,-83.66028594970703,-83.73937225341797,-83.74653625488281,-83.15185546875,-82.93154907226562,-82.86592102050781,-82.83195495605469,-82.80418395996094,-83.3583984375,-82.96658325195312,-82.80513763427734,-80.45648193359375,-79.6407699584961,-80.00552368164062,-80.67984008789062,-81.4182357788086,-78.71977233886719,-77.7450942993164,-75.76264953613281,-75.05475616455078,-76.55443572998047,-77.0115966796875,-77.04287719726562,-80.49114227294922,0.0
-61.879150390625,-65.38085174560547,-64.85160827636719,-64.55589294433594,-64.54655456542969,-64.0162582397461,-66.78047180175781,-66.60961151123047,-66.45870208740234,-66.46710968017578,-78.08515167236328,-81.67085266113281,-82.56485748291016,-83.03182220458984,-82.87920379638672,-83.61688995361328,-83.46639251708984,-83.48347473144531,-84.71179962158203,-84.5973129272461,-83.9543685913086,-83.76526641845703,-84.89047241210938,-85.28773498535156,-83.65125274658203,-83.66028594970703,-83.73937225341797,-83.74653625488281,-83.15185546875,-82.93154907226562,-82.86592102050781,-82.83195495605469,-82.80418395996094,-83.3583984375,-82.96658325195312,-82.80513763427734,-80.45648193359375,-79.6407699584961,-80.00552368164062,-80.67984008789062,-81.4182357788086,-78.71977233886719,-77.7450942993164,-75.76264953613281,-75.05475616455078,-76.55443572998047,-77.0115966796875,-77.04287719726562,-80.49114227294922,-78.81083679199219,0.0
-65.38085174560547,-64.85160827636719,-64.55589294433594,-64.54655456542969,-64.0162582397461,-66.78047180175781,-66.60961151123047,-66.45870208740234,-66.46710968017578,-78.08515167236328,-81.67085266113281,-82.56485748291016,-83.03182220458984,-82.87920379638672,-83.61688995361328,-83.46639251708984,-83.48347473144531,-84.71179962158203,-84.5973129272461,-83.9543685913086,-83.76526641845703,-84.89047241210938,-85.28773498535156,-83.65125274658203,-83.66028594970703,-83.73937225341797,-83.74653625488281,-83.15185546875,-82.93154907226562,-82.86592102050781,-82.83195495605469,-82.80418395996094,-83.3583984375,-82.96658325195312,-82.80513763427734,-80.45648193359375,-79.6407699584961,-80.00552368164062,-80.67984008789062,-81.4182357788086,-78.71977233886719,-77.7450942993164,-75.76264953613281,-75.05475616455078,-76.55443572998047,-77.0115966796875,-77.04287719726562,-80.49114227294922,-78.81083679199219,-76.3795166015625,0.0
-64.85160827636719,-64.55589294433594,-64.54655456542969,-64.0162582397461,-66.78047180175781,-66.60961151123047,-66.45870208740234,-66.46710968017578,-78.08515167236328,-81.67085266113281,-82.56485748291016,-83.03182220458984,-82.87920379638672,-83.61688995361328,-83.46639251708984,-83.48347473144531,-84.71179962158203,-84.5973129272461,-83.9543685913086,-83.76526641845703,-84.89047241210938,-85.28773498535156,-83.65125274658203,-83.66028594970703,-83.73937225341797,-83.74653625488281,-83.15185546875,-82.93154907226562,-82.86592102050781,-82.83195495605469,-82.80418395996094,-83.3583984375,-82.96658325195312,-82.80513763427734,-80.45648193359375,-79.6407699584961,-80.00552368164062,-80.67984008789062,-81.4182357788086,-78.71977233886719,-77.7450942993164,-75.76264953613281,-75.05475616455078,-76.55443572998047,-77.0115966796875,-77.04287719726562,-80.49114227294922,-78.81083679199219,-76.3795166015625,-75.09086608886719,0.0
-64.55589294433594,-64.54655456542969,-64.0162582397461,-66.78047180175781,-66.60961151123047,-66.45870208740234,-66.46710968017578,-78.08515167236328,-81.67085266113281,-82.56485748291016,-83.03182220458984,-82.87920379638672,-83.61688995361328,-83.46639251708984,-83.48347473144531,-84.71179962158203,-84.5973129272461,-83.9543685913086,-83.76526641845703,-84.89047241210938,-85.28773498535156,-83.65125274658203,-83.66028594970703,-83.73937225341797,-83.74653625488281,-83.15185546875,-82.93154907226562,-82.86592102050781,-82.83195495605469,-82.80418395996094,-83.3583984375,-82.96658325195312,-82.80513763427734,-80.45648193359375,-79.6407699584961,-80.00552368164062,-80.67984008789062,-81.4182357788086,-78.71977233886719,-77.7450942993164,-75.76264953613281,-75.05475616455078,-76.55443572998047,-77.0115966796875,-77.04287719726562,-80.49114227294922,-78.81083679199219,-76.3795166015625,-75.09086608886719,-75.32986450195312,0.0
-64.54655456542969,-64.0162582397461,-66.78047180175781,-66.60961151123047,-66.45870208740234,-66.46710968017578,-78.08515167236328,-81.67085266113281,-82.56485748291016,-83.03182220458984,-82.87920379638672,-83.61688995361328,-83.46639251708984,-83.48347473144531,-84.71179962158203,-84.5973129272461,-83.9543685913086,-83.76526641845703,-84.89047241210938,-85.28773498535156,-83.65125274658203,-83.66028594970703,-83.73937225341797,-83.74653625488281,-83.15185546875,-82.93154907226562,-82.86592102050781,-82.83195495605469,-82.80418395996094,-83.3583984375,-82.96658325195312,-82.80513763427734,-80.45648193359375,-79.6407699584961,-80.00552368164062,-80.67984008789062,-81.4182357788086,-78.71977233886719,-77.7450942993164,-75.76264953613281,-75.05475616455078,-76.55443572998047,-77.0115966796875,-77.04287719726562,-80.49114227294922,-78.81083679199219,-76.3795166015625,-75.09086608886719,-75.32986450195312,-74.83447265625,0.0
-64.0162582397461,-66.78047180175781,-66.60961151123047,-66.45870208740234,-66.46710968017578,-78.08515167236328,-81.67085266113281,-82.56485748291016,-83.03182220458984,-82.87920379638672,-83.61688995361328,-83.46639251708984,-83.48347473144531,-84.71179962158203,-84.5973129272461,-83.9543685913086,-83.76526641845703,-84.89047241210938,-85.28773498535156,-83.65125274658203,-83.66028594970703,-83.73937225341797,-83.74653625488281,-83.15185546875,-82.93154907226562,-82.86592102050781,-82.83195495605469,-82.80418395996094,-83.3583984375,-82.96658325195312,-82.80513763427734,-80.45648193359375,-79.6407699584961,-80.00552368164062,-80.67984008789062,-81.4182357788086,-78.71977233886719,-77.7450942993164,-75.76264953613281,-75.05475616455078,-76.55443572998047,-77.0115966796875,-77.04287719726562,-80.49114227294922,-78.81083679199219,-76.3795166015625,-75.09086608886719,-75.32986450195312,-74.83447265625,-76.3326187133789,0.0
-66.78047180175781,-66.60961151123047,-66.45870208740234,-66.46710968017578,-78.08515167236328,-81.67085266113281,-82.56485748291016,-83.03182220458984,-82.87920379638672,-83.61688995361328,-83.46639251708984,-83.48347473144531,-84.71179962158203,-84.5973129272461,-83.9543685913086,-83.76526641845703,-84.89047241210938,-85.28773498535156,-83.65125274658203,-83.66028594970703,-83.73937225341797,-83.74653625488281,-83.15185546875,-82.93154907226562,-82.86592102050781,-82.83195495605469,-82.80418395996094,-83.3583984375,-82.96658325195312,-82.80513763427734,-80.45648193359375,-79.6407699584961,-80.00552368164062,-80.67984008789062,-81.4182357788086,-78.71977233886719,-77.7450942993164,-75.76264953613281,-75.05475616455078,-76.55443572998047,-77.0115966796875,-77.04287719726562,-80.49114227294922,-78.81083679199219,-76.3795166015625,-75.09086608886719,-75.32986450195312,-74.83447265625,-76.3326187133789,-77.40735626220703,0.0
-66.60961151123047,-66.45870208740234,-66.46710968017578,-78.08515167236328,-81.67085266113281,-82.56485748291016,-83.03182220458984,-82.87920379638672,-83.61688995361328,-83.46639251708984,-83.48347473144531,-84.71179962158203,-84.5973129272461,-83.9543685913086,-83.76526641845703,-84.89047241210938,-85.28773498535156,-83.65125274658203,-83.66028594970703,-83.73937225341797,-83.74653625488281,-83.15185546875,-82.93154907226562,-82.86592102050781,-82.83195495605469,-82.80418395996094,-83.3583984375,-82.96658325195312,-82.80513763427734,-80.45648193359375,-79.6407699584961,-80.00552368164062,-80.67984008789062,-81.4182357788086,-78.71977233886719,-77.7450942993164,-75.76264953613281,-75.05475616455078,-76.55443572998047,-77.0115966796875,-77.04287719726562,-80.49114227294922,-78.81083679199219,-76.3795166015625,-75.09086608886719,-75.32986450195312,-74.83447265625,-76.3326187133789,-77.40735626220703,-75.9506607055664,0.0
-66.45870208740234,-66.46710968017578,-78.08515167236328,-81.67085266113281,-82.56485748291016,-83.03182220458984,-82.87920379638672,-83.61688995361328,-83.46639251708984,-83.48347473144531,-84.71179962158203,-84.5973129272461,-83.9543685913086,-83.76526641845703,-84.89047241210938,-85.28773498535156,-83.65125274658203,-83.66028594970703,-83.73937225341797,-83.74653625488281,-83.15185546875,-82.93154907226562,-82.86592102050781,-82.83195495605469,-82.80418395996094,-83.3583984375,-82.96658325195312,-82.80513763427734,-80.45648193359375,-79.6407699584961,-80.00552368164062,-80.67984008789062,-81.4182357788086,-78.71977233886719,-77.7450942993164,-75.76264953613281,-75.05475616455078,-76.55443572998047,-77.0115966796875,-77.04287719726562,-80.49114227294922,-78.81083679199219,-76.3795166015625,-75.09086608886719,-75.32986450195312,-74.83447265625,-76.3326187133789,-77.40735626220703,-75.9506607055664,-74.83238220214844,0.0
-66.46710968017578,-78.08515167236328,-81.67085266113281,-82.56485748291016,-83.03182220458984,-82.87920379638672,-83.61688995361328,-83.46639251708984,-83.48347473144531,-84.71179962158203,-84.5973129272461,-83.9543685913086,-83.76526641845703,-84.89047241210938,-85.28773498535156,-83.65125274658203,-83.66028594970703,-83.73937225341797,-83.74653625488281,-83.15185546875,-82.93154907226562,-82.86592102050781,-82.83195495605469,-82.80418395996094,-83.3583984375,-82.96658325195312,-82.80513763427734,-80.45648193359375,-79.6407699584961,-80.00552368164062,-80.67984008789062,-81.4182357788086,-78.71977233886719,-77.7450942993164,-75.76264953613281,-75.05475616455078,-76.55443572998047,-77.0115966796875,-77.04287719726562,-80.49114227294922,-78.81083679199219,-76.3795166015625,-75.09086608886719,-75.32986450195312,-74.83447265625,-76.3326187133789,-77.40735626220703,-75.9506607055664,-74.83238220214844,-74.52293395996094,0.0
-78.08515167236328,-81.67085266113281,-82.56485748291016,-83.03182220458984,-82.87920379638672,-83.61688995361328,-83.46639251708984,-83.48347473144531,-84.71179962158203,-84.5973129272461,-83.9543685913086,-83.76526641845703,-84.89047241210938,-85.28773498535156,-83.65125274658203,-83.66028594970703,-83.73937225341797,-83.74653625488281,-83.15185546875,-82.93154907226562,-82.86592102050781,-82.83195495605469,-82.80418395996094,-83.3583984375,-82.96658325195312,-82.80513763427734,-80.45648193359375,-79.6407699584961,-80.00552368164062,-80.67984008789062,-81.4182357788086,-78.71977233886719,-77.7450942993164,-75.76264953613281,-75.05475616455078,-76.55443572998047,-77.0115966796875,-77.04287719726562,-80.49114227294922,-78.81083679199219,-76.3795166015625,-75.09086608886719,-75.32986450195312,-74.83447265625,-76.3326187133789,-77.40735626220703,-75.9506607055664,-74.83238220214844,-74.52293395996094,-73.86419677734375,0.0
-81.67085266113281,-82.56485748291016,-83.03182220458984,-82.87920379638672,-83.61688995361328,-83.46639251708984,-83.48347473144531,-84.71179962158203,-84.5973129272461,-83.9543685913086,-83.76526641845703,-84.89047241210938,-85.28773498535156,-83.65125274658203,-83.66028594970703,-83.73937225341797,-83.74653625488281,-83.15185546875,-82.93154907226562,-82.86592102050781,-82.83195495605469,-82.80418395996094,-83.3583984375,-82.96658325195312,-82.80513763427734,-80.45648193359375,-79.6407699584961,-80.00552368164062,-80.67984008789062,-81.4182357788086,-78.71977233886719,-77.7450942993164,-75.76264953613281,-75.05475616455078,-76.55443572998047,-77.0115966796875,-77.04287719726562,-80.49114227294922,-78.81083679199219,-76.3795166015625,-75.09086608886719,-75.32986450195312,-74.83447265625,-76.3326187133789,-77.40735626220703,-75.9506607055664,-74.83238220214844,-74.52293395996094,-73.86419677734375,-72.44818115234375,0.0
-82.56485748291016,-83.03182220458984,-82.87920379638672,-83.61688995361328,-83.46639251708984,-83.48347473144531,-84.71179962158203,-84.5973129272461,-83.9543685913086,-83.76526641845703,-84.89047241210938,-85.28773498535156,-83.65125274658203,-83.66028594970703,-83.73937225341797,-83.74653625488281,-83.15185546875,-82.93154907226562,-82.86592102050781,-82.83195495605469,-82.80418395996094,-83.3583984375,-82.96658325195312,-82.80513763427734,-80.45648193359375,-79.6407699584961,-80.00552368164062,-80.67984008789062,-81.4182357788086,-78.71977233886719,-77.7450942993164,-75.76264953613281,-75.05475616455078,-76.55443572998047,-77.0115966796875,-77.04287719726562,-80.49114227294922,-78.81083679199219,-76.3795166015625,-75.09086608886719,-75.32986450195312,-74.83447265625,-76.3326187133789,-77.40735626220703,-75.9506607055664,-74.83238220214844,-74.52293395996094,-73.86419677734375,-72.44818115234375,-73.1073226928711,0.0
-83.03182220458984,-82.87920379638672,-83.61688995361328,-83.46639251708984,-83.48347473144531,-84.71179962158203,-84.5973129272461,-83.9543685913086,-83.76526641845703,-84.89047241210938,-85.28773498535156,-83.65125274658203,-83.66028594970703,-83.73937225341797,-83.74653625488281,-83.15185546875,-82.93154907226562,-82.86592102050781,-82.83195495605469,-82.80418395996094,-83.3583984375,-82.96658325195312,-82.80513763427734,-80.45648193359375,-79.6407699584961,-80.00552368164062,-80.67984008789062,-81.4182357788086,-78.71977233886719,-77.7450942993164,-75.76264953613281,-75.05475616455078,-76.55443572998047,-77.0115966796875,-77.04287719726562,-80.49114227294922,-78.81083679199219,-76.3795166015625,-75.09086608886719,-75.32986450195312,-74.83447265625,-76.3326187133789,-77.40735626220703,-75.9506607055664,-74.83238220214844,-74.52293395996094,-73.86419677734375,-72.44818115234375,-73.1073226928711,-73.92523193359375,0.0
-82.87920379638672,-83.61688995361328,-83.46639251708984,-83.48347473144531,-84.71179962158203,-84.5973129272461,-83.9543685913086,-83.76526641845703,-84.89047241210938,-85.28773498535156,-83.65125274658203,-83.66028594970703,-83.73937225341797,-83.74653625488281,-83.15185546875,-82.93154907226562,-82.86592102050781,-82.83195495605469,-82.80418395996094,-83.3583984375,-82.96658325195312,-82.80513763427734,-80.45648193359375,-79.6407699584961,-80.00552368164062,-80.67984008789062,-81.4182357788086,-78.71977233886719,-77.7450942993164,-75.76264953613281,-75.05475616455078,-76.55443572998047,-77.0115966796875,-77.04287719726562,-80.49114227294922,-78.81083679199219,-76.3795166015625,-75.09086608886719,-75.32986450195312,-74.83447265625,-76.3326187133789,-77.40735626220703,-75.9506607055664,-74.83238220214844,-74.52293395996094,-73.86419677734375,-72.44818115234375,-73.1073226928711,-73.92523193359375,-74.1307144165039,0.0
-83.61688995361328,-83.46639251708984,-83.48347473144531,-84.71179962158203,-84.5973129272461,-83.9543685913086,-83.76526641845703,-84.89047241210938,-85.28773498535156,-83.65125274658203,-83.66028594970703,-83.73937225341797,-83.74653625488281,-83.15185546875,-82.93154907226562,-82.86592102050781,-82.83195495605469,-82.80418395996094,-83.3583984375,-82.96658325195312,-82.80513763427734,-80.45648193359375,-79.6407699584961,-80.00552368164062,-80.67984008789062,-81.4182357788086,-78.71977233886719,-77.7450942993164,-75.76264953613281,-75.05475616455078,-76.55443572998047,-77.0115966796875,-77.04287719726562,-80.49114227294922,-78.81083679199219,-76.3795166015625,-75.09086608886719,-75.32986450195312,-74.83447265625,-76.3326187133789,-77.40735626220703,-75.9506607055664,-74.83238220214844,-74.52293395996094,-73.86419677734375,-72.44818115234375,-73.1073226928711,-73.92523193359375,-74.1307144165039,-74.14933013916016,0.0
-83.46639251708984,-83.48347473144531,-84.71179962158203,-84.5973129272461,-83.9543685913086,-83.76526641845703,-84.89047241210938,-85.28773498535156,-83.65125274658203,-83.66028594970703,-83.73937225341797,-83.74653625488281,-83.15185546875,-82.93154907226562,-82.86592102050781,-82.83195495605469,-82.80418395996094,-83.3583984375,-82.96658325195312,-82.80513763427734,-80.45648193359375,-79.6407699584961,-80.00552368164062,-80.67984008789062,-81.4182357788086,-78.71977233886719,-77.7450942993164,-75.76264953613281,-75.05475616455078,-76.55443572998047,-77.0115966796875,-77.04287719726562,-80.49114227294922,-78.81083679199219,-76.3795166015625,-75.09086608886719,-75.32986450195312,-74.83447265625,-76.3326187133789,-77.40735626220703,-75.9506607055664,-74.83238220214844,-74.52293395996094,-73.86419677734375,-72.44818115234375,-73.1073226928711,-73.92523193359375,-74.1307144165039,-74.14933013916016,-72.98754119873047,0.0
-83.48347473144531,-84.71179962158203,-84.5973129272461,-83.9543685913086,-83.76526641845703,-84.89047241210938,-85.28773498535156,-83.65125274658203,-83.66028594970703,-83.73937225341797,-83.74653625488281,-83.15185546875,-82.93154907226562,-82.86592102050781,-82.83195495605469,-82.80418395996094,-83.3583984375,-82.96658325195312,-82.80513763427734,-80.45648193359375,-79.6407699584961,-80.00552368164062,-80.67984008789062,-81.4182357788086,-78.71977233886719,-77.7450942993164,-75.76264953613281,-75.05475616455078,-76.55443572998047,-77.0115966796875,-77.04287719726562,-80.49114227294922,-78.81083679199219,-76.3795166015625,-75.09086608886719,-75.32986450195312,-74.83447265625,-76.3326187133789,-77.40735626220703,-75.9506607055664,-74.83238220214844,-74.52293395996094,-73.86419677734375,-72.44818115234375,-73.1073226928711,-73.92523193359375,-74.1307144165039,-74.14933013916016,-72.98754119873047,-78.967529296875,0.0
-84.71179962158203,-84.5973129272461,-83.9543685913086,-83.76526641845703,-84.89047241210938,-85.28773498535156,-83.65125274658203,-83.66028594970703,-83.73937225341797,-83.74653625488281,-83.15185546875,-82.93154907226562,-82.86592102050781,-82.83195495605469,-82.80418395996094,-83.3583984375,-82.96658325195312,-82.80513763427734,-80.45648193359375,-79.6407699584961,-80.00552368164062,-80.67984008789062,-81.4182357788086,-78.71977233886719,-77.7450942993164,-75.76264953613281,-75.05475616455078,-76.55443572998047,-77.0115966796875,-77.04287719726562,-80.49114227294922,-78.81083679199219,-76.3795166015625,-75.09086608886719,-75.32986450195312,-74.83447265625,-76.3326187133789,-77.40735626220703,-75.9506607055664,-74.83238220214844,-74.52293395996094,-73.86419677734375,-72.44818115234375,-73.1073226928711,-73.92523193359375,-74.1307144165039,-74.14933013916016,-72.98754119873047,-78.967529296875,-82.27689361572266,0.0
-84.5973129272461,-83.9543685913086,-83.76526641845703,-84.89047241210938,-85.28773498535156,-83.65125274658203,-83.66028594970703,-83.73937225341797,-83.74653625488281,-83.15185546875,-82.93154907226562,-82.86592102050781,-82.83195495605469,-82.80418395996094,-83.3583984375,-82.96658325195312,-82.80513763427734,-80.45648193359375,-79.6407699584961,-80.00552368164062,-80.67984008789062,-81.4182357788086,-78.71977233886719,-77.7450942993164,-75.76264953613281,-75.05475616455078,-76.55443572998047,-77.0115966796875,-77.04287719726562,-80.49114227294922,-78.81083679199219,-76.3795166015625,-75.09086608886719,-75.32986450195312,-74.83447265625,-76.3326187133789,-77.40735626220703,-75.9506607055664,-74.83238220214844,-74.52293395996094,-73.86419677734375,-72.44818115234375,-73.1073226928711,-73.92523193359375,-74.1307144165039,-74.14933013916016,-72.98754119873047,-78.967529296875,-82.27689361572266,-80.91896057128906,0.0
-83.9543685913086,-83.76526641845703,-84.89047241210938,-85.28773498535156,-83.65125274658203,-83.66028594970703,-83.73937225341797,-83.74653625488281,-83.15185546875,-82.93154907226562,-82.86592102050781,-82.83195495605469,-82.80418395996094,-83.3583984375,-82.96658325195312,-82.80513763427734,-80.45648193359375,-79.6407699584961,-80.00552368164062,-80.67984008789062,-81.4182357788086,-78.71977233886719,-77.7450942993164,-75.76264953613281,-75.05475616455078,-76.55443572998047,-77.0115966796875,-77.04287719726562,-80.49114227294922,-78.81083679199219,-76.3795166015625,-75.09086608886719,-75.32986450195312,-74.83447265625,-76.3326187133789,-77.40735626220703,-75.9506607055664,-74.83238220214844,-74.52293395996094,-73.86419677734375,-72.44818115234375,-73.1073226928711,-73.92523193359375,-74.1307144165039,-74.14933013916016,-72.98754119873047,-78.967529296875,-82.27689361572266,-80.91896057128906,-87.33405303955078,0.0
-83.76526641845703,-84.89047241210938,-85.28773498535156,-83.65125274658203,-83.66028594970703,-83.73937225341797,-83.74653625488281,-83.15185546875,-82.93154907226562,-82.86592102050781,-82.83195495605469,-82.80418395996094,-83.3583984375,-82.96658325195312,-82.80513763427734,-80.45648193359375,-79.6407699584961,-80.00552368164062,-80.67984008789062,-81.4182357788086,-78.71977233886719,-77.7450942993164,-75.76264953613281,-75.05475616455078,-76.55443572998047,-77.0115966796875,-77.04287719726562,-80.49114227294922,-78.81083679199219,-76.3795166015625,-75.09086608886719,-75.32986450195312,-74.83447265625,-76.3326187133789,-77.40735626220703,-75.9506607055664,-74.83238220214844,-74.52293395996094,-73.86419677734375,-72.44818115234375,-73.1073226928711,-73.92523193359375,-74.1307144165039,-74.14933013916016,-72.98754119873047,-78.967529296875,-82.27689361572266,-80.91896057128906,-87.33405303955078,-87.53642272949219,0.0
-84.89047241210938,-85.28773498535156,-83.65125274658203,-83.66028594970703,-83.73937225341797,-83.74653625488281,-83.15185546875,-82.93154907226562,-82.86592102050781,-82.83195495605469,-82.80418395996094,-83.3583984375,-82.96658325195312,-82.80513763427734,-80.45648193359375,-79.6407699584961,-80.00552368164062,-80.67984008789062,-81.4182357788086,-78.71977233886719,-77.7450942993164,-75.76264953613281,-75.05475616455078,-76.55443572998047,-77.0115966796875,-77.04287719726562,-80.49114227294922,-78.81083679199219,-76.3795166015625,-75.09086608886719,-75.32986450195312,-74.83447265625,-76.3326187133789,-77.40735626220703,-75.9506607055664,-74.83238220214844,-74.52293395996094,-73.86419677734375,-72.44818115234375,-73.1073226928711,-73.92523193359375,-74.1307144165039,-74.14933013916016,-72.98754119873047,-78.967529296875,-82.27689361572266,-80.91896057128906,-87.33405303955078,-87.53642272949219,-87.48759460449219,0.0
-85.28773498535156,-83.65125274658203,-83.66028594970703,-83.73937225341797,-83.74653625488281,-83.15185546875,-82.93154907226562,-82.86592102050781,-82.83195495605469,-82.80418395996094,-83.3583984375,-82.96658325195312,-82.80513763427734,-80.45648193359375,-79.6407699584961,-80.00552368164062,-80.67984008789062,-81.4182357788086,-78.71977233886719,-77.7450942993164,-75.76264953613281,-75.05475616455078,-76.55443572998047,-77.0115966796875,-77.04287719726562,-80.49114227294922,-78.81083679199219,-76.3795166015625,-75.09086608886719,-75.32986450195312,-74.83447265625,-76.3326187133789,-77.40735626220703,-75.9506607055664,-74.83238220214844,-74.52293395996094,-73.86419677734375,-72.44818115234375,-73.1073226928711,-73.92523193359375,-74.1307144165039,-74.14933013916016,-72.98754119873047,-78.967529296875,-82.27689361572266,-80.91896057128906,-87.33405303955078,-87.53642272949219,-87.48759460449219,-89.3840560913086,0.0
-83.65125274658203,-83.66028594970703,-83.73937225341797,-83.74653625488281,-83.15185546875,-82.93154907226562,-82.86592102050781,-82.83195495605469,-82.80418395996094,-83.3583984375,-82.96658325195312,-82.80513763427734,-80.45648193359375,-79.6407699584961,-80.00552368164062,-80.67984008789062,-81.4182357788086,-78.71977233886719,-77.7450942993164,-75.76264953613281,-75.05475616455078,-76.55443572998047,-77.0115966796875,-77.04287719726562,-80.49114227294922,-78.81083679199219,-76.3795166015625,-75.09086608886719,-75.32986450195312,-74.83447265625,-76.3326187133789,-77.40735626220703,-75.9506607055664,-74.83238220214844,-74.52293395996094,-73.86419677734375,-72.44818115234375,-73.1073226928711,-73.92523193359375,-74.1307144165039,-74.14933013916016,-72.98754119873047,-78.967529296875,-82.27689361572266,-80.91896057128906,-87.33405303955078,-87.53642272949219,-87.48759460449219,-89.3840560913086,-90.20266723632812,0.0
-83.66028594970703,-83.73937225341797,-83.74653625488281,-83.15185546875,-82.93154907226562,-82.86592102050781,-82.83195495605469,-82.80418395996094,-83.3583984375,-82.96658325195312,-82.80513763427734,-80.45648193359375,-79.6407699584961,-80.00552368164062,-80.67984008789062,-81.4182357788086,-78.71977233886719,-77.7450942993164,-75.76264953613281,-75.05475616455078,-76.55443572998047,-77.0115966796875,-77.04287719726562,-80.49114227294922,-78.81083679199219,-76.3795166015625,-75.09086608886719,-75.32986450195312,-74.83447265625,-76.3326187133789,-77.40735626220703,-75.9506607055664,-74.83238220214844,-74.52293395996094,-73.86419677734375,-72.44818115234375,-73.1073226928711,-73.92523193359375,-74.1307144165039,-74.14933013916016,-72.98754119873047,-78.967529296875,-82.27689361572266,-80.91896057128906,-87.33405303955078,-87.53642272949219,-87.48759460449219,-89.3840560913086,-90.20266723632812,-90.52412414550781,0.0
-83.73937225341797,-83.74653625488281,-83.15185546875,-82.93154907226562,-82.86592102050781,-82.83195495605469,-82.80418395996094,-83.3583984375,-82.96658325195312,-82.80513763427734,-80.45648193359375,-79.6407699584961,-80.00552368164062,-80.67984008789062,-81.4182357788086,-78.71977233886719,-77.7450942993164,-75.76264953613281,-75.05475616455078,-76.55443572998047,-77.0115966796875,-77.04287719726562,-80.49114227294922,-78.81083679199219,-76.3795166015625,-75.09086608886719,-75.32986450195312,-74.83447265625,-76.3326187133789,-77.40735626220703,-75.9506607055664,-74.83238220214844,-74.52293395996094,-73.86419677734375,-72.44818115234375,-73.1073226928711,-73.92523193359375,-74.1307144165039,-74.14933013916016,-72.98754119873047,-78.967529296875,-82.27689361572266,-80.91896057128906,-87.33405303955078,-87.53642272949219,-87.48759460449219,-89.3840560913086,-90.20266723632812,-90.52412414550781,-89.56654357910156,0.0
-83.74653625488281,-83.15185546875,-82.93154907226562,-82.86592102050781,-82.83195495605469,-82.80418395996094,-83.3583984375,-82.96658325195312,-82.80513763427734,-80.45648193359375,-79.6407699584961,-80.00552368164062,-80.67984008789062,-81.4182357788086,-78.71977233886719,-77.7450942993164,-75.76264953613281,-75.05475616455078,-76.55443572998047,-77.0115966796875,-77.04287719726562,-80.49114227294922,-78.81083679199219,-76.3795166015625,-75.09086608886719,-75.32986450195312,-74.83447265625,-76.3326187133789,-77.40735626220703,-75.9506607055664,-74.83238220214844,-74.52293395996094,-73.86419677734375,-72.44818115234375,-73.1073226928711,-73.92523193359375,-74.1307144165039,-74.14933013916016,-72.98754119873047,-78.967529296875,-82.27689361572266,-80.91896057128906,-87.33405303955078,-87.53642272949219,-87.48759460449219,-89.3840560913086,-90.20266723632812,-90.52412414550781,-89.56654357910156,-88.15685272216797,0.0
-83.15185546875,-82.93154907226562,-82.86592102050781,-82.83195495605469,-82.80418395996094,-83.3583984375,-82.96658325195312,-82.80513763427734,-80.45648193359375,-79.6407699584961,-80.00552368164062,-80.67984008789062,-81.4182357788086,-78.71977233886719,-77.7450942993164,-75.76264953613281,-75.05475616455078,-76.55443572998047,-77.0115966796875,-77.04287719726562,-80.49114227294922,-78.81083679199219,-76.3795166015625,-75.09086608886719,-75.32986450195312,-74.83447265625,-76.3326187133789,-77.40735626220703,-75.9506607055664,-74.83238220214844,-74.52293395996094,-73.86419677734375,-72.44818115234375,-73.1073226928711,-73.92523193359375,-74.1307144165039,-74.14933013916016,-72.98754119873047,-78.967529296875,-82.27689361572266,-80.91896057128906,-87.33405303955078,-87.53642272949219,-87.48759460449219,-89.3840560913086,-90.20266723632812,-90.52412414550781,-89.56654357910156,-88.15685272216797,-87.7553939819336,0.0
-82.93154907226562,-82.86592102050781,-82.83195495605469,-82.80418395996094,-83.3583984375,-82.96658325195312,-82.80513763427734,-80.45648193359375,-79.6407699584961,-80.00552368164062,-80.67984008789062,-81.4182357788086,-78.71977233886719,-77.7450942993164,-75.76264953613281,-75.05475616455078,-76.55443572998047,-77.0115966796875,-77.04287719726562,-80.49114227294922,-78.81083679199219,-76.3795166015625,-75.09086608886719,-75.32986450195312,-74.83447265625,-76.3326187133789,-77.40735626220703,-75.9506607055664,-74.83238220214844,-74.52293395996094,-73.86419677734375,-72.44818115234375,-73.1073226928711,-73.92523193359375,-74.1307144165039,-74.14933013916016,-72.98754119873047,-78.967529296875,-82.27689361572266,-80.91896057128906,-87.33405303955078,-87.53642272949219,-87.48759460449219,-89.3840560913086,-90.20266723632812,-90.52412414550781,-89.56654357910156,-88.15685272216797,-87.7553939819336,-83.06328582763672,0.0
-82.86592102050781,-82.83195495605469,-82.80418395996094,-83.3583984375,-82.96658325195312,-82.80513763427734,-80.45648193359375,-79.6407699584961,-80.00552368164062,-80.67984008789062,-81.4182357788086,-78.71977233886719,-77.7450942993164,-75.76264953613281,-75.05475616455078,-76.55443572998047,-77.0115966796875,-77.04287719726562,-80.49114227294922,-78.81083679199219,-76.3795166015625,-75.09086608886719,-75.32986450195312,-74.83447265625,-76.3326187133789,-77.40735626220703,-75.9506607055664,-74.83238220214844,-74.52293395996094,-73.86419677734375,-72.44818115234375,-73.1073226928711,-73.92523193359375,-74.1307144165039,-74.14933013916016,-72.98754119873047,-78.967529296875,-82.27689361572266,-80.91896057128906,-87.33405303955078,-87.53642272949219,-87.48759460449219,-89.3840560913086,-90.20266723632812,-90.52412414550781,-89.56654357910156,-88.15685272216797,-87.7553939819336,-83.06328582763672,-83.14478302001953,0.0
-82.83195495605469,-82.80418395996094,-83.3583984375,-82.96658325195312,-82.80513763427734,-80.45648193359375,-79.6407699584961,-80.00552368164062,-80.67984008789062,-81.4182357788086,-78.71977233886719,-77.7450942993164,-75.76264953613281,-75.05475616455078,-76.55443572998047,-77.0115966796875,-77.04287719726562,-80.49114227294922,-78.81083679199219,-76.3795166015625,-75.09086608886719,-75.32986450195312,-74.83447265625,-76.3326187133789,-77.40735626220703,-75.9506607055664,-74.83238220214844,-74.52293395996094,-73.86419677734375,-72.44818115234375,-73.1073226928711,-73.92523193359375,-74.1307144165039,-74.14933013916016,-72.98754119873047,-78.967529296875,-82.27689361572266,-80.91896057128906,-87.33405303955078,-87.53642272949219,-87.48759460449219,-89.3840560913086,-90.20266723632812,-90.52412414550781,-89.56654357910156,-88.15685272216797,-87.7553939819336,-83.06328582763672,-83.14478302001953,-83.28547668457031,0.0
-82.80418395996094,-83.3583984375,-82.96658325195312,-82.80513763427734,-80.45648193359375,-79.6407699584961,-80.00552368164062,-80.67984008789062,-81.4182357788086,-78.71977233886719,-77.7450942993164,-75.76264953613281,-75.05475616455078,-76.55443572998047,-77.0115966796875,-77.04287719726562,-80.49114227294922,-78.81083679199219,-76.3795166015625,-75.09086608886719,-75.32986450195312,-74.83447265625,-76.3326187133789,-77.40735626220703,-75.9506607055664,-74.83238220214844,-74.52293395996094,-73.86419677734375,-72.44818115234375,-73.1073226928711,-73.92523193359375,-74.1307144165039,-74.14933013916016,-72.98754119873047,-78.967529296875,-82.27689361572266,-80.91896057128906,-87.33405303955078,-87.53642272949219,-87.48759460449219,-89.3840560913086,-90.20266723632812,-90.52412414550781,-89.56654357910156,-88.15685272216797,-87.7553939819336,-83.06328582763672,-83.14478302001953,-83.28547668457031,-83.1934585571289,0.0
-83.3583984375,-82.96658325195312,-82.80513763427734,-80.45648193359375,-79.6407699584961,-80.00552368164062,-80.67984008789062,-81.4182357788086,-78.71977233886719,-77.7450942993164,-75.76264953613281,-75.05475616455078,-76.55443572998047,-77.0115966796875,-77.04287719726562,-80.49114227294922,-78.81083679199219,-76.3795166015625,-75.09086608886719,-75.32986450195312,-74.83447265625,-76.3326187133789,-77.40735626220703,-75.9506607055664,-74.83238220214844,-74.52293395996094,-73.86419677734375,-72.44818115234375,-73.1073226928711,-73.92523193359375,-74.1307144165039,-74.14933013916016,-72.98754119873047,-78.967529296875,-82.27689361572266,-80.91896057128906,-87.33405303955078,-87.53642272949219,-87.48759460449219,-89.3840560913086,-90.20266723632812,-90.52412414550781,-89.56654357910156,-88.15685272216797,-87.7553939819336,-83.06328582763672,-83.14478302001953,-83.28547668457031,-83.1934585571289,-84.20555877685547,0.0
-82.96658325195312,-82.80513763427734,-80.45648193359375,-79.6407699584961,-80.00552368164062,-80.67984008789062,-81.4182357788086,-78.71977233886719,-77.7450942993164,-75.76264953613281,-75.05475616455078,-76.55443572998047,-77.0115966796875,-77.04287719726562,-80.49114227294922,-78.81083679199219,-76.3795166015625,-75.09086608886719,-75.32986450195312,-74.83447265625,-76.3326187133789,-77.40735626220703,-75.9506607055664,-74.83238220214844,-74.52293395996094,-73.86419677734375,-72.44818115234375,-73.1073226928711,-73.92523193359375,-74.1307144165039,-74.14933013916016,-72.98754119873047,-78.967529296875,-82.27689361572266,-80.91896057128906,-87.33405303955078,-87.53642272949219,-87.48759460449219,-89.3840560913086,-90.20266723632812,-90.52412414550781,-89.56654357910156,-88.15685272216797,-87.7553939819336,-83.06328582763672,-83.14478302001953,-83.28547668457031,-83.1934585571289,-84.20555877685547,-86.2181396484375,0.0
-82.80513763427734,-80.45648193359375,-79.6407699584961,-80.00552368164062,-80.67984008789062,-81.4182357788086,-78.71977233886719,-77.7450942993164,-75.76264953613281,-75.05475616455078,-76.55443572998047,-77.0115966796875,-77.04287719726562,-80.49114227294922,-78.81083679199219,-76.3795166015625,-75.09086608886719,-75.32986450195312,-74.83447265625,-76.3326187133789,-77.40735626220703,-75.9506607055664,-74.83238220214844,-74.52293395996094,-73.86419677734375,-72.44818115234375,-73.1073226928711,-73.92523193359375,-74.1307144165039,-74.14933013916016,-72.98754119873047,-78.967529296875,-82.27689361572266,-80.91896057128906,-87.33405303955078,-87.53642272949219,-87.48759460449219,-89.3840560913086,-90.20266723632812,-90.52412414550781,-89.56654357910156,-88.15685272216797,-87.7553939819336,-83.06328582763672,-83.14478302001953,-83.28547668457031,-83.1934585571289,-84.20555877685547,-86.2181396484375,-87.9936294555664,0.0
-80.45648193359375,-79.6407699584961,-80.00552368164062,-80.67984008789062,-81.4182357788086,-78.71977233886719,-77.7450942993164,-75.76264953613281,-75.05475616455078,-76.55443572998047,-77.0115966796875,-77.04287719726562,-80.49114227294922,-78.81083679199219,-76.3795166015625,-75.09086608886719,-75.32986450195312,-74.83447265625,-76.3326187133789,-77.40735626220703,-75.9506607055664,-74.83238220214844,-74.52293395996094,-73.86419677734375,-72.44818115234375,-73.1073226928711,-73.92523193359375,-74.1307144165039,-74.14933013916016,-72.98754119873047,-78.967529296875,-82.27689361572266,-80.91896057128906,-87.33405303955078,-87.53642272949219,-87.48759460449219,-89.3840560913086,-90.20266723632812,-90.52412414550781,-89.56654357910156,-88.15685272216797,-87.7553939819336,-83.06328582763672,-83.14478302001953,-83.28547668457031,-83.1934585571289,-84.20555877685547,-86.2181396484375,-87.9936294555664,-88.55021667480469,0.0
-79.6407699584961,-80.00552368164062,-80.67984008789062,-81.4182357788086,-78.71977233886719,-77.7450942993164,-75.76264953613281,-75.05475616455078,-76.55443572998047,-77.0115966796875,-77.04287719726562,-80.49114227294922,-78.81083679199219,-76.3795166015625,-75.09086608886719,-75.32986450195312,-74.83447265625,-76.3326187133789,-77.40735626220703,-75.9506607055664,-74.83238220214844,-74.52293395996094,-73.86419677734375,-72.44818115234375,-73.1073226928711,-73.92523193359375,-74.1307144165039,-74.14933013916016,-72.98754119873047,-78.967529296875,-82.27689361572266,-80.91896057128906,-87.33405303955078,-87.53642272949219,-87.48759460449219,-89.3840560913086,-90.20266723632812,-90.52412414550781,-89.56654357910156,-88.15685272216797,-87.7553939819336,-83.06328582763672,-83.14478302001953,-83.28547668457031,-83.1934585571289,-84.20555877685547,-86.2181396484375,-87.9936294555664,-88.55021667480469,-87.01873779296875,0.0
-80.00552368164062,-80.67984008789062,-81.4182357788086,-78.71977233886719,-77.7450942993164,-75.76264953613281,-75.05475616455078,-76.55443572998047,-77.0115966796875,-77.04287719726562,-80.49114227294922,-78.81083679199219,-76.3795166015625,-75.09086608886719,-75.32986450195312,-74.83447265625,-76.3326187133789,-77.40735626220703,-75.9506607055664,-74.83238220214844,-74.52293395996094,-73.86419677734375,-72.44818115234375,-73.1073226928711,-73.92523193359375,-74.1307144165039,-74.14933013916016,-72.98754119873047,-78.967529296875,-82.27689361572266,-80.91896057128906,-87.33405303955078,-87.53642272949219,-87.48759460449219,-89.3840560913086,-90.20266723632812,-90.52412414550781,-89.56654357910156,-88.15685272216797,-87.7553939819336,-83.06328582763672,-83.14478302001953,-83.28547668457031,-83.1934585571289,-84.20555877685547,-86.2181396484375,-87.9936294555664,-88.55021667480469,-87.01873779296875,-86.55044555664062,0.0
-80.67984008789062,-81.4182357788086,-78.71977233886719,-77.7450942993164,-75.76264953613281,-75.05475616455078,-76.55443572998047,-77.0115966796875,-77.04287719726562,-80.49114227294922,-78.81083679199219,-76.3795166015625,-75.09086608886719,-75.32986450195312,-74.83447265625,-76.3326187133789,-77.40735626220703,-75.9506607055664,-74.83238220214844,-74.52293395996094,-73.86419677734375,-72.44818115234375,-73.1073226928711,-73.92523193359375,-74.1307144165039,-74.14933013916016,-72.98754119873047,-78.967529296875,-82.27689361572266,-80.91896057128906,-87.33405303955078,-87.53642272949219,-87.48759460449219,-89.3840560913086,-90.20266723632812,-90.52412414550781,-89.56654357910156,-88.15685272216797,-87.7553939819336,-83.06328582763672,-83.14478302001953,-83.28547668457031,-83.1934585571289,-84.20555877685547,-86.2181396484375,-87.9936294555664,-88.55021667480469,-87.01873779296875,-86.55044555664062,-86.5152816772461,0.0
-81.4182357788086,-78.71977233886719,-77.7450942993164,-75.76264953613281,-75.05475616455078,-76.55443572998047,-77.0115966796875,-77.04287719726562,-80.49114227294922,-78.81083679199219,-76.3795166015625,-75.09086608886719,-75.32986450195312,-74.83447265625,-76.3326187133789,-77.40735626220703,-75.9506607055664,-74.83238220214844,-74.52293395996094,-73.86419677734375,-72.44818115234375,-73.1073226928711,-73.92523193359375,-74.1307144165039,-74.14933013916016,-72.98754119873047,-78.967529296875,-82.27689361572266,-80.91896057128906,-87.33405303955078,-87.53642272949219,-87.48759460449219,-89.3840560913086,-90.20266723632812,-90.52412414550781,-89.56654357910156,-88.15685272216797,-87.7553939819336,-83.06328582763672,-83.14478302001953,-83.28547668457031,-83.1934585571289,-84.20555877685547,-86.2181396484375,-87.9936294555664,-88.55021667480469,-87.01873779296875,-86.55044555664062,-86.5152816772461,-87.11175537109375,0.0
-78.71977233886719,-77.7450942993164,-75.76264953613281,-75.05475616455078,-76.55443572998047,-77.0115966796875,-77.04287719726562,-80.49114227294922,-78.81083679199219,-76.3795166015625,-75.09086608886719,-75.32986450195312,-74.83447265625,-76.3326187133789,-77.40735626220703,-75.9506607055664,-74.83238220214844,-74.52293395996094,-73.86419677734375,-72.44818115234375,-73.1073226928711,-73.92523193359375,-74.1307144165039,-74.14933013916016,-72.98754119873047,-78.967529296875,-82.27689361572266,-80.91896057128906,-87.33405303955078,-87.53642272949219,-87.48759460449219,-89.3840560913086,-90.20266723632812,-90.52412414550781,-89.56654357910156,-88.15685272216797,-87.7553939819336,-83.06328582763672,-83.14478302001953,-83.28547668457031,-83.1934585571289,-84.20555877685547,-86.2181396484375,-87.9936294555664,-88.55021667480469,-87.01873779296875,-86.55044555664062,-86.5152816772461,-87.11175537109375,-87.31707000732422,0.0
-77.7450942993164,-75.76264953613281,-75.05475616455078,-76.55443572998047,-77.0115966796875,-77.04287719726562,-80.49114227294922,-78.81083679199219,-76.3795166015625,-75.09086608886719,-75.32986450195312,-74.83447265625,-76.3326187133789,-77.40735626220703,-75.9506607055664,-74.83238220214844,-74.52293395996094,-73.86419677734375,-72.44818115234375,-73.1073226928711,-73.92523193359375,-74.1307144165039,-74.14933013916016,-72.98754119873047,-78.967529296875,-82.27689361572266,-80.91896057128906,-87.33405303955078,-87.53642272949219,-87.48759460449219,-89.3840560913086,-90.20266723632812,-90.52412414550781,-89.56654357910156,-88.15685272216797,-87.7553939819336,-83.06328582763672,-83.14478302001953,-83.28547668457031,-83.1934585571289,-84.20555877685547,-86.2181396484375,-87.9936294555664,-88.55021667480469,-87.01873779296875,-86.55044555664062,-86.5152816772461,-87.11175537109375,-87.31707000732422,-87.35868072509766,0.0
-75.76264953613281,-75.05475616455078,-76.55443572998047,-77.0115966796875,-77.04287719726562,-80.49114227294922,-78.81083679199219,-76.3795166015625,-75.09086608886719,-75.32986450195312,-74.83447265625,-76.3326187133789,-77.40735626220703,-75.9506607055664,-74.83238220214844,-74.52293395996094,-73.86419677734375,-72.44818115234375,-73.1073226928711,-73.92523193359375,-74.1307144165039,-74.14933013916016,-72.98754119873047,-78.967529296875,-82.27689361572266,-80.91896057128906,-87.33405303955078,-87.53642272949219,-87.48759460449219,-89.3840560913086,-90.20266723632812,-90.52412414550781,-89.56654357910156,-88.15685272216797,-87.7553939819336,-83.06328582763672,-83.14478302001953,-83.28547668457031,-83.1934585571289,-84.20555877685547,-86.2181396484375,-87.9936294555664,-88.55021667480469,-87.01873779296875,-86.55044555664062,-86.5152816772461,-87.11175537109375,-87.31707000732422,-87.35868072509766,-87.36972045898438,0.0
-75.05475616455078,-76.55443572998047,-77.0115966796875,-77.04287719726562,-80.49114227294922,-78.81083679199219,-76.3795166015625,-75.09086608886719,-75.32986450195312,-74.83447265625,-76.3326187133789,-77.40735626220703,-75.9506607055664,-74.83238220214844,-74.52293395996094,-73.86419677734375,-72.44818115234375,-73.1073226928711,-73.92523193359375,-74.1307144165039,-74.14933013916016,-72.98754119873047,-78.967529296875,-82.27689361572266,-80.91896057128906,-87.33405303955078,-87.53642272949219,-87.48759460449219,-89.3840560913086,-90.20266723632812,-90.52412414550781,-89.56654357910156,-88.15685272216797,-87.7553939819336,-83.06328582763672,-83.14478302001953,-83.28547668457031,-83.1934585571289,-84.20555877685547,-86.2181396484375,-87.9936294555664,-88.55021667480469,-87.01873779296875,-86.55044555664062,-86.5152816772461,-87.11175537109375,-87.31707000732422,-87.35868072509766,-87.36972045898438,-87.37969207763672,0.0
-76.55443572998047,-77.0115966796875,-77.04287719726562,-80.49114227294922,-78.81083679199219,-76.3795166015625,-75.09086608886719,-75.32986450195312,-74.83447265625,-76.3326187133789,-77.40735626220703,-75.9506607055664,-74.83238220214844,-74.52293395996094,-73.86419677734375,-72.44818115234375,-73.1073226928711,-73.92523193359375,-74.1307144165039,-74.14933013916016,-72.98754119873047,-78.967529296875,-82.27689361572266,-80.91896057128906,-87.33405303955078,-87.53642272949219,-87.48759460449219,-89.3840560913086,-90.20266723632812,-90.52412414550781,-89.56654357910156,-88.15685272216797,-87.7553939819336,-83.06328582763672,-83.14478302001953,-83.28547668457031,-83.1934585571289,-84.20555877685547,-86.2181396484375,-87.9936294555664,-88.55021667480469,-87.01873779296875,-86.55044555664062,-86.5152816772461,-87.11175537109375,-87.31707000732422,-87.35868072509766,-87.36972045898438,-87.37969207763672,-88.53521728515625,0.0
-77.0115966796875,-77.04287719726562,-80.49114227294922,-78.81083679199219,-76.3795166015625,-75.09086608886719,-75.32986450195312,-74.83447265625,-76.3326187133789,-77.40735626220703,-75.9506607055664,-74.83238220214844,-74.52293395996094,-73.86419677734375,-72.44818115234375,-73.1073226928711,-73.92523193359375,-74.1307144165039,-74.14933013916016,-72.98754119873047,-78.967529296875,-82.27689361572266,-80.91896057128906,-87.33405303955078,-87.53642272949219,-87.48759460449219,-89.3840560913086,-90.20266723632812,-90.52412414550781,-89.56654357910156,-88.15685272216797,-87.7553939819336,-83.06328582763672,-83.14478302001953,-83.28547668457031,-83.1934585571289,-84.20555877685547,-86.2181396484375,-87.9936294555664,-88.55021667480469,-87.01873779296875,-86.55044555664062,-86.5152816772461,-87.11175537109375,-87.31707000732422,-87.35868072509766,-87.36972045898438,-87.37969207763672,-88.53521728515625,-88.9450454711914,0.0
-77.04287719726562,-80.49114227294922,-78.81083679199219,-76.3795166015625,-75.09086608886719,-75.32986450195312,-74.83447265625,-76.3326187133789,-77.40735626220703,-75.9506607055664,-74.83238220214844,-74.52293395996094,-73.86419677734375,-72.44818115234375,-73.1073226928711,-73.92523193359375,-74.1307144165039,-74.14933013916016,-72.98754119873047,-78.967529296875,-82.27689361572266,-80.91896057128906,-87.33405303955078,-87.53642272949219,-87.48759460449219,-89.3840560913086,-90.20266723632812,-90.52412414550781,-89.56654357910156,-88.15685272216797,-87.7553939819336,-83.06328582763672,-83.14478302001953,-83.28547668457031,-83.1934585571289,-84.20555877685547,-86.2181396484375,-87.9936294555664,-88.55021667480469,-87.01873779296875,-86.55044555664062,-86.5152816772461,-87.11175537109375,-87.31707000732422,-87.35868072509766,-87.36972045898438,-87.37969207763672,-88.53521728515625,-88.9450454711914,-89.05360412597656,0.0
-80.49114227294922,-78.81083679199219,-76.3795166015625,-75.09086608886719,-75.32986450195312,-74.83447265625,-76.3326187133789,-77.40735626220703,-75.9506607055664,-74.83238220214844,-74.52293395996094,-73.86419677734375,-72.44818115234375,-73.1073226928711,-73.92523193359375,-74.1307144165039,-74.14933013916016,-72.98754119873047,-78.967529296875,-82.27689361572266,-80.91896057128906,-87.33405303955078,-87.53642272949219,-87.48759460449219,-89.3840560913086,-90.20266723632812,-90.52412414550781,-89.56654357910156,-88.15685272216797,-87.7553939819336,-83.06328582763672,-83.14478302001953,-83.28547668457031,-83.1934585571289,-84.20555877685547,-86.2181396484375,-87.9936294555664,-88.55021667480469,-87.01873779296875,-86.55044555664062,-86.5152816772461,-87.11175537109375,-87.31707000732422,-87.35868072509766,-87.36972045898438,-87.37969207763672,-88.53521728515625,-88.9450454711914,-89.05360412597656,-88.53370666503906,1.0
-78.81083679199219,-76.3795166015625,-75.09086608886719,-75.32986450195312,-74.83447265625,-76.3326187133789,-77.40735626220703,-75.9506607055664,-74.83238220214844,-74.52293395996094,-73.86419677734375,-72.44818115234375,-73.1073226928711,-73.92523193359375,-74.1307144165039,-74.14933013916016,-72.98754119873047,-78.967529296875,-82.27689361572266,-80.91896057128906,-87.33405303955078,-87.53642272949219,-87.48759460449219,-89.3840560913086,-90.20266723632812,-90.52412414550781,-89.56654357910156,-88.15685272216797,-87.7553939819336,-83.06328582763672,-83.14478302001953,-83.28547668457031,-83.1934585571289,-84.20555877685547,-86.2181396484375,-87.9936294555664,-88.55021667480469,-87.01873779296875,-86.55044555664062,-86.5152816772461,-87.11175537109375,-87.31707000732422,-87.35868072509766,-87.36972045898438,-87.37969207763672,-88.53521728515625,-88.9450454711914,-89.05360412597656,-88.53370666503906,-87.80609893798828,0.0
-76.3795166015625,-75.09086608886719,-75.32986450195312,-74.83447265625,-76.3326187133789,-77.40735626220703,-75.9506607055664,-74.83238220214844,-74.52293395996094,-73.86419677734375,-72.44818115234375,-73.1073226928711,-73.92523193359375,-74.1307144165039,-74.14933013916016,-72.98754119873047,-78.967529296875,-82.27689361572266,-80.91896057128906,-87.33405303955078,-87.53642272949219,-87.48759460449219,-89.3840560913086,-90.20266723632812,-90.52412414550781,-89.56654357910156,-88.15685272216797,-87.7553939819336,-83.06328582763672,-83.14478302001953,-83.28547668457031,-83.1934585571289,-84.20555877685547,-86.2181396484375,-87.9936294555664,-88.55021667480469,-87.01873779296875,-86.55044555664062,-86.5152816772461,-87.11175537109375,-87.31707000732422,-87.35868072509766,-87.36972045898438,-87.37969207763672,-88.53521728515625,-88.9450454711914,-89.05360412597656,-88.53370666503906,-87.80609893798828,-87.5942611694336,1.0
-75.09086608886719,-75.32986450195312,-74.83447265625,-76.3326187133789,-77.40735626220703,-75.9506607055664,-74.83238220214844,-74.52293395996094,-73.86419677734375,-72.44818115234375,-73.1073226928711,-73.92523193359375,-74.1307144165039,-74.14933013916016,-72.98754119873047,-78.967529296875,-82.27689361572266,-80.91896057128906,-87.33405303955078,-87.53642272949219,-87.48759460449219,-89.3840560913086,-90.20266723632812,-90.52412414550781,-89.56654357910156,-88.15685272216797,-87.7553939819336,-83.06328582763672,-83.14478302001953,-83.28547668457031,-83.1934585571289,-84.20555877685547,-86.2181396484375,-87.9936294555664,-88.55021667480469,-87.01873779296875,-86.55044555664062,-86.5152816772461,-87.11175537109375,-87.31707000732422,-87.35868072509766,-87.36972045898438,-87.37969207763672,-88.53521728515625,-88.9450454711914,-89.05360412597656,-88.53370666503906,-87.80609893798828,-87.5942611694336,-88.12225341796875,0.0
-75.32986450195312,-74.83447265625,-76.3326187133789,-77.40735626220703,-75.9506607055664,-74.83238220214844,-74.52293395996094,-73.86419677734375,-72.44818115234375,-73.1073226928711,-73.92523193359375,-74.1307144165039,-74.14933013916016,-72.98754119873047,-78.967529296875,-82.27689361572266,-80.91896057128906,-87.33405303955078,-87.53642272949219,-87.48759460449219,-89.3840560913086,-90.20266723632812,-90.52412414550781,-89.56654357910156,-88.15685272216797,-87.7553939819336,-83.06328582763672,-83.14478302001953,-83.28547668457031,-83.1934585571289,-84.20555877685547,-86.2181396484375,-87.9936294555664,-88.55021667480469,-87.01873779296875,-86.55044555664062,-86.5152816772461,-87.11175537109375,-87.31707000732422,-87.35868072509766,-87.36972045898438,-87.37969207763672,-88.53521728515625,-88.9450454711914,-89.05360412597656,-88.53370666503906,-87.80609893798828,-87.5942611694336,-88.12225341796875,-85.42329406738281,0.0
-74.83447265625,-76.3326187133789,-77.40735626220703,-75.9506607055664,-74.83238220214844,-74.52293395996094,-73.86419677734375,-72.44818115234375,-73.1073226928711,-73.92523193359375,-74.1307144165039,-74.14933013916016,-72.98754119873047,-78.967529296875,-82.27689361572266,-80.91896057128906,-87.33405303955078,-87.53642272949219,-87.48759460449219,-89.3840560913086,-90.20266723632812,-90.52412414550781,-89.56654357910156,-88.15685272216797,-87.7553939819336,-83.06328582763672,-83.14478302001953,-83.28547668457031,-83.1934585571289,-84.20555877685547,-86.2181396484375,-87.9936294555664,-88.55021667480469,-87.01873779296875,-86.55044555664062,-86.5152816772461,-87.11175537109375,-87.31707000732422,-87.35868072509766,-87.36972045898438,-87.37969207763672,-88.53521728515625,-88.9450454711914,-89.05360412597656,-88.53370666503906,-87.80609893798828,-87.5942611694336,-88.12225341796875,-85.42329406738281,-84.44501495361328,0.0
-76.3326187133789,-77.40735626220703,-75.9506607055664,-74.83238220214844,-74.52293395996094,-73.86419677734375,-72.44818115234375,-73.1073226928711,-73.92523193359375,-74.1307144165039,-74.14933013916016,-72.98754119873047,-78.967529296875,-82.27689361572266,-80.91896057128906,-87.33405303955078,-87.53642272949219,-87.48759460449219,-89.3840560913086,-90.20266723632812,-90.52412414550781,-89.56654357910156,-88.15685272216797,-87.7553939819336,-83.06328582763672,-83.14478302001953,-83.28547668457031,-83.1934585571289,-84.20555877685547,-86.2181396484375,-87.9936294555664,-88.55021667480469,-87.01873779296875,-86.55044555664062,-86.5152816772461,-87.11175537109375,-87.31707000732422,-87.35868072509766,-87.36972045898438,-87.37969207763672,-88.53521728515625,-88.9450454711914,-89.05360412597656,-88.53370666503906,-87.80609893798828,-87.5942611694336,-88.12225341796875,-85.42329406738281,-84.44501495361328,-84.76435089111328,0.0
-77.40735626220703,-75.9506607055664,-74.83238220214844,-74.52293395996094,-73.86419677734375,-72.44818115234375,-73.1073226928711,-73.92523193359375,-74.1307144165039,-74.14933013916016,-72.98754119873047,-78.967529296875,-82.27689361572266,-80.91896057128906,-87.33405303955078,-87.53642272949219,-87.48759460449219,-89.3840560913086,-90.20266723632812,-90.52412414550781,-89.56654357910156,-88.15685272216797,-87.7553939819336,-83.06328582763672,-83.14478302001953,-83.28547668457031,-83.1934585571289,-84.20555877685547,-86.2181396484375,-87.9936294555664,-88.55021667480469,-87.01873779296875,-86.55044555664062,-86.5152816772461,-87.11175537109375,-87.31707000732422,-87.35868072509766,-87.36972045898438,-87.37969207763672,-88.53521728515625,-88.9450454711914,-89.05360412597656,-88.53370666503906,-87.80609893798828,-87.5942611694336,-88.12225341796875,-85.42329406738281,-84.44501495361328,-84.76435089111328,-84.26898956298828,0.0
-75.9506607055664,-74.83238220214844,-74.52293395996094,-73.86419677734375,-72.44818115234375,-73.1073226928711,-73.92523193359375,-74.1307144165039,-74.14933013916016,-72.98754119873047,-78.967529296875,-82.27689361572266,-80.91896057128906,-87.33405303955078,-87.53642272949219,-87.48759460449219,-89.3840560913086,-90.20266723632812,-90.52412414550781,-89.56654357910156,-88.15685272216797,-87.7553939819336,-83.06328582763672,-83.14478302001953,-83.28547668457031,-83.1934585571289,-84.20555877685547,-86.2181396484375,-87.9936294555664,-88.55021667480469,-87.01873779296875,-86.55044555664062,-86.5152816772461,-87.11175537109375,-87.31707000732422,-87.35868072509766,-87.36972045898438,-87.37969207763672,-88.53521728515625,-88.9450454711914,-89.05360412597656,-88.53370666503906,-87.80609893798828,-87.5942611694336,-88.12225341796875,-85.42329406738281,-84.44501495361328,-84.76435089111328,-84.26898956298828,-83.43804168701172,0.0
-74.83238220214844,-74.52293395996094,-73.86419677734375,-72.44818115234375,-73.1073226928711,-73.92523193359375,-74.1307144165039,-74.14933013916016,-72.98754119873047,-78.967529296875,-82.27689361572266,-80.91896057128906,-87.33405303955078,-87.53642272949219,-87.48759460449219,-89.3840560913086,-90.20266723632812,-90.52412414550781,-89.56654357910156,-88.15685272216797,-87.7553939819336,-83.06328582763672,-83.14478302001953,-83.28547668457031,-83.1934585571289,-84.20555877685547,-86.2181396484375,-87.9936294555664,-88.55021667480469,-87.01873779296875,-86.55044555664062,-86.5152816772461,-87.11175537109375,-87.31707000732422,-87.35868072509766,-87.36972045898438,-87.37969207763672,-88.53521728515625,-88.9450454711914,-89.05360412597656,-88.53370666503906,-87.80609893798828,-87.5942611694336,-88.12225341796875,-85.42329406738281,-84.44501495361328,-84.76435089111328,-84.26898956298828,-83.43804168701172,-82.54203796386719,0.0
-74.52293395996094,-73.86419677734375,-72.44818115234375,-73.1073226928711,-73.92523193359375,-74.1307144165039,-74.14933013916016,-72.98754119873047,-78.967529296875,-82.27689361572266,-80.91896057128906,-87.33405303955078,-87.53642272949219,-87.48759460449219,-89.3840560913086,-90.20266723632812,-90.52412414550781,-89.56654357910156,-88.15685272216797,-87.7553939819336,-83.06328582763672,-83.14478302001953,-83.28547668457031,-83.1934585571289,-84.20555877685547,-86.2181396484375,-87.9936294555664,-88.55021667480469,-87.01873779296875,-86.55044555664062,-86.5152816772461,-87.11175537109375,-87.31707000732422,-87.35868072509766,-87.36972045898438,-87.37969207763672,-88.53521728515625,-88.9450454711914,-89.05360412597656,-88.53370666503906,-87.80609893798828,-87.5942611694336,-88.12225341796875,-85.42329406738281,-84.44501495361328,-84.76435089111328,-84.26898956298828,-83.43804168701172,-82.54203796386719,-82.21671295166016,0.0
-73.86419677734375,-72.44818115234375,-73.1073226928711,-73.92523193359375,-74.1307144165039,-74.14933013916016,-72.98754119873047,-78.967529296875,-82.27689361572266,-80.91896057128906,-87.33405303955078,-87.53642272949219,-87.48759460449219,-89.3840560913086,-90.20266723632812,-90.52412414550781,-89.56654357910156,-88.15685272216797,-87.7553939819336,-83.06328582763672,-83.14478302001953,-83.28547668457031,-83.1934585571289,-84.20555877685547,-86.2181396484375,-87.9936294555664,-88.55021667480469,-87.01873779296875,-86.55044555664062,-86.5152816772461,-87.11175537109375,-87.31707000732422,-87.35868072509766,-87.36972045898438,-87.37969207763672,-88.53521728515625,-88.9450454711914,-89.05360412597656,-88.53370666503906,-87.80609893798828,-87.5942611694336,-88.12225341796875,-85.42329406738281,-84.44501495361328,-84.76435089111328,-84.26898956298828,-83.43804168701172,-82.54203796386719,-82.21671295166016,-82.66607666015625,0.0
-72.44818115234375,-73.1073226928711,-73.92523193359375,-74.1307144165039,-74.14933013916016,-72.98754119873047,-78.967529296875,-82.27689361572266,-80.91896057128906,-87.33405303955078,-87.53642272949219,-87.48759460449219,-89.3840560913086,-90.20266723632812,-90.52412414550781,-89.56654357910156,-88.15685272216797,-87.7553939819336,-83.06328582763672,-83.14478302001953,-83.28547668457031,-83.1934585571289,-84.20555877685547,-86.2181396484375,-87.9936294555664,-88.55021667480469,-87.01873779296875,-86.55044555664062,-86.5152816772461,-87.11175537109375,-87.31707000732422,-87.35868072509766,-87.36972045898438,-87.37969207763672,-88.53521728515625,-88.9450454711914,-89.05360412597656,-88.53370666503906,-87.80609893798828,-87.5942611694336,-88.12225341796875,-85.42329406738281,-84.44501495361328,-84.76435089111328,-84.26898956298828,-83.43804168701172,-82.54203796386719,-82.21671295166016,-82.66607666015625,-81.04981994628906,0.0
-73.1073226928711,-73.92523193359375,-74.1307144165039,-74.14933013916016,-72.98754119873047,-78.967529296875,-82.27689361572266,-80.91896057128906,-87.33405303955078,-87.53642272949219,-87.48759460449219,-89.3840560913086,-90.20266723632812,-90.52412414550781,-89.56654357910156,-88.15685272216797,-87.7553939819336,-83.06328582763672,-83.14478302001953,-83.28547668457031,-83.1934585571289,-84.20555877685547,-86.2181396484375,-87.9936294555664,-88.55021667480469,-87.01873779296875,-86.55044555664062,-86.5152816772461,-87.11175537109375,-87.31707000732422,-87.35868072509766,-87.36972045898438,-87.37969207763672,-88.53521728515625,-88.9450454711914,-89.05360412597656,-88.53370666503906,-87.80609893798828,-87.5942611694336,-88.12225341796875,-85.42329406738281,-84.44501495361328,-84.76435089111328,-84.26898956298828,-83.43804168701172,-82.54203796386719,-82.21671295166016,-82.66607666015625,-81.04981994628906,-81.00841522216797,0.0
-73.92523193359375,-74.1307144165039,-74.14933013916016,-72.98754119873047,-78.967529296875,-82.27689361572266,-80.91896057128906,-87.33405303955078,-87.53642272949219,-87.48759460449219,-89.3840560913086,-90.20266723632812,-90.52412414550781,-89.56654357910156,-88.15685272216797,-87.7553939819336,-83.06328582763672,-83.14478302001953,-83.28547668457031,-83.1934585571289,-84.20555877685547,-86.2181396484375,-87.9936294555664,-88.55021667480469,-87.01873779296875,-86.55044555664062,-86.5152816772461,-87.11175537109375,-87.31707000732422,-87.35868072509766,-87.36972045898438,-87.37969207763672,-88.53521728515625,-88.9450454711914,-89.05360412597656,-88.53370666503906,-87.80609893798828,-87.5942611694336,-88.12225341796875,-85.42329406738281,-84.44501495361328,-84.76435089111328,-84.26898956298828,-83.43804168701172,-82.54203796386719,-82.21671295166016,-82.66607666015625,-81.04981994628906,-81.00841522216797,-80.45059204101562,0.0
-74.1307144165039,-74.14933013916016,-72.98754119873047,-78.967529296875,-82.27689361572266,-80.91896057128906,-87.33405303955078,-87.53642272949219,-87.48759460449219,-89.3840560913086,-90.20266723632812,-90.52412414550781,-89.56654357910156,-88.15685272216797,-87.7553939819336,-83.06328582763672,-83.14478302001953,-83.28547668457031,-83.1934585571289,-84.20555877685547,-86.2181396484375,-87.9936294555664,-88.55021667480469,-87.01873779296875,-86.55044555664062,-86.5152816772461,-87.11175537109375,-87.31707000732422,-87.35868072509766,-87.36972045898438,-87.37969207763672,-88.53521728515625,-88.9450454711914,-89.05360412597656,-88.53370666503906,-87.80609893798828,-87.5942611694336,-88.12225341796875,-85.42329406738281,-84.44501495361328,-84.76435089111328,-84.26898956298828,-83.43804168701172,-82.54203796386719,-82.21671295166016,-82.66607666015625,-81.04981994628906,-81.00841522216797,-80.45059204101562,-81.94622802734375,0.0
-74.14933013916016,-72.98754119873047,-78.967529296875,-82.27689361572266,-80.91896057128906,-87.33405303955078,-87.53642272949219,-87.48759460449219,-89.3840560913086,-90.20266723632812,-90.52412414550781,-89.56654357910156,-88.15685272216797,-87.7553939819336,-83.06328582763672,-83.14478302001953,-83.28547668457031,-83.1934585571289,-84.20555877685547,-86.2181396484375,-87.9936294555664,-88.55021667480469,-87.01873779296875,-86.55044555664062,-86.5152816772461,-87.11175537109375,-87.31707000732422,-87.35868072509766,-87.36972045898438,-87.37969207763672,-88.53521728515625,-88.9450454711914,-89.05360412597656,-88.53370666503906,-87.80609893798828,-87.5942611694336,-88.12225341796875,-85.42329406738281,-84.44501495361328,-84.76435089111328,-84.26898956298828,-83.43804168701172,-82.54203796386719,-82.21671295166016,-82.66607666015625,-81.04981994628906,-81.00841522216797,-80.45059204101562,-81.94622802734375,-81.8780746459961,0.0
-72.98754119873047,-78.967529296875,-82.27689361572266,-80.91896057128906,-87.33405303955078,-87.53642272949219,-87.48759460449219,-89.3840560913086,-90.20266723632812,-90.52412414550781,-89.56654357910156,-88.15685272216797,-87.7553939819336,-83.06328582763672,-83.14478302001953,-83.28547668457031,-83.1934585571289,-84.20555877685547,-86.2181396484375,-87.9936294555664,-88.55021667480469,-87.01873779296875,-86.55044555664062,-86.5152816772461,-87.11175537109375,-87.31707000732422,-87.35868072509766,-87.36972045898438,-87.37969207763672,-88.53521728515625,-88.9450454711914,-89.05360412597656,-88.53370666503906,-87.80609893798828,-87.5942611694336,-88.12225341796875,-85.42329406738281,-84.44501495361328,-84.76435089111328,-84.26898956298828,-83.43804168701172,-82.54203796386719,-82.21671295166016,-82.66607666015625,-81.04981994628906,-81.00841522216797,-80.45059204101562,-81.94622802734375,-81.8780746459961,-82.3493423461914,1.0
-78.967529296875,-82.27689361572266,-80.91896057128906,-87.33405303955078,-87.53642272949219,-87.48759460449219,-89.3840560913086,-90.20266723632812,-90.52412414550781,-89.56654357910156,-88.15685272216797,-87.7553939819336,-83.06328582763672,-83.14478302001953,-83.28547668457031,-83.1934585571289,-84.20555877685547,-86.2181396484375,-87.9936294555664,-88.55021667480469,-87.01873779296875,-86.55044555664062,-86.5152816772461,-87.11175537109375,-87.31707000732422,-87.35868072509766,-87.36972045898438,-87.37969207763672,-88.53521728515625,-88.9450454711914,-89.05360412597656,-88.53370666503906,-87.80609893798828,-87.5942611694336,-88.12225341796875,-85.42329406738281,-84.44501495361328,-84.76435089111328,-84.26898956298828,-83.43804168701172,-82.54203796386719,-82.21671295166016,-82.66607666015625,-81.04981994628906,-81.00841522216797,-80.45059204101562,-81.94622802734375,-81.8780746459961,-82.3493423461914,-80.79360961914062,1.0
-82.27689361572266,-80.91896057128906,-87.33405303955078,-87.53642272949219,-87.48759460449219,-89.3840560913086,-90.20266723632812,-90.52412414550781,-89.56654357910156,-88.15685272216797,-87.7553939819336,-83.06328582763672,-83.14478302001953,-83.28547668457031,-83.1934585571289,-84.20555877685547,-86.2181396484375,-87.9936294555664,-88.55021667480469,-87.01873779296875,-86.55044555664062,-86.5152816772461,-87.11175537109375,-87.31707000732422,-87.35868072509766,-87.36972045898438,-87.37969207763672,-88.53521728515625,-88.9450454711914,-89.05360412597656,-88.53370666503906,-87.80609893798828,-87.5942611694336,-88.12225341796875,-85.42329406738281,-84.44501495361328,-84.76435089111328,-84.26898956298828,-83.43804168701172,-82.54203796386719,-82.21671295166016,-82.66607666015625,-81.04981994628906,-81.00841522216797,-80.45059204101562,-81.94622802734375,-81.8780746459961,-82.3493423461914,-80.79360961914062,-80.2464828491211,0.0
-80.91896057128906,-87.33405303955078,-87.53642272949219,-87.48759460449219,-89.3840560913086,-90.20266723632812,-90.52412414550781,-89.56654357910156,-88.15685272216797,-87.7553939819336,-83.06328582763672,-83.14478302001953,-83.28547668457031,-83.1934585571289,-84.20555877685547,-86.2181396484375,-87.9936294555664,-88.55021667480469,-87.01873779296875,-86.55044555664062,-86.5152816772461,-87.11175537109375,-87.31707000732422,-87.35868072509766,-87.36972045898438,-87.37969207763672,-88.53521728515625,-88.9450454711914,-89.05360412597656,-88.53370666503906,-87.80609893798828,-87.5942611694336,-88.12225341796875,-85.42329406738281,-84.44501495361328,-84.76435089111328,-84.26898956298828,-83.43804168701172,-82.54203796386719,-82.21671295166016,-82.66607666015625,-81.04981994628906,-81.00841522216797,-80.45059204101562,-81.94622802734375,-81.8780746459961,-82.3493423461914,-80.79360961914062,-80.2464828491211,-81.86064910888672,0.0
-87.33405303955078,-87.53642272949219,-87.48759460449219,-89.3840560913086,-90.20266723632812,-90.52412414550781,-89.56654357910156,-88.15685272216797,-87.7553939819336,-83.06328582763672,-83.14478302001953,-83.28547668457031,-83.1934585571289,-84.20555877685547,-86.2181396484375,-87.9936294555664,-88.55021667480469,-87.01873779296875,-86.55044555664062,-86.5152816772461,-87.11175537109375,-87.31707000732422,-87.35868072509766,-87.36972045898438,-87.37969207763672,-88.53521728515625,-88.9450454711914,-89.05360412597656,-88.53370666503906,-87.80609893798828,-87.5942611694336,-88.12225341796875,-85.42329406738281,-84.44501495361328,-84.76435089111328,-84.26898956298828,-83.43804168701172,-82.54203796386719,-82.21671295166016,-82.66607666015625,-81.04981994628906,-81.00841522216797,-80.45059204101562,-81.94622802734375,-81.8780746459961,-82.3493423461914,-80.79360961914062,-80.2464828491211,-81.86064910888672,-81.84664916992188,0.0
-87.53642272949219,-87.48759460449219,-89.3840560913086,-90.20266723632812,-90.52412414550781,-89.56654357910156,-88.15685272216797,-87.7553939819336,-83.06328582763672,-83.14478302001953,-83.28547668457031,-83.1934585571289,-84.20555877685547,-86.2181396484375,-87.9936294555664,-88.55021667480469,-87.01873779296875,-86.55044555664062,-86.5152816772461,-87.11175537109375,-87.31707000732422,-87.35868072509766,-87.36972045898438,-87.37969207763672,-88.53521728515625,-88.9450454711914,-89.05360412597656,-88.53370666503906,-87.80609893798828,-87.5942611694336,-88.12225341796875,-85.42329406738281,-84.44501495361328,-84.76435089111328,-84.26898956298828,-83.43804168701172,-82.54203796386719,-82.21671295166016,-82.66607666015625,-81.04981994628906,-81.00841522216797,-80.45059204101562,-81.94622802734375,-81.8780746459961,-82.3493423461914,-80.79360961914062,-80.2464828491211,-81.86064910888672,-81.84664916992188,-80.0234375,0.0
-87.48759460449219,-89.3840560913086,-90.20266723632812,-90.52412414550781,-89.56654357910156,-88.15685272216797,-87.7553939819336,-83.06328582763672,-83.14478302001953,-83.28547668457031,-83.1934585571289,-84.20555877685547,-86.2181396484375,-87.9936294555664,-88.55021667480469,-87.01873779296875,-86.55044555664062,-86.5152816772461,-87.11175537109375,-87.31707000732422,-87.35868072509766,-87.36972045898438,-87.37969207763672,-88.53521728515625,-88.9450454711914,-89.05360412597656,-88.53370666503906,-87.80609893798828,-87.5942611694336,-88.12225341796875,-85.42329406738281,-84.44501495361328,-84.76435089111328,-84.26898956298828,-83.43804168701172,-82.54203796386719,-82.21671295166016,-82.66607666015625,-81.04981994628906,-81.00841522216797,-80.45059204101562,-81.94622802734375,-81.8780746459961,-82.3493423461914,-80.79360961914062,-80.2464828491211,-81.86064910888672,-81.84664916992188,-80.0234375,-81.13636016845703,0.0
-89.3840560913086,-90.20266723632812,-90.52412414550781,-89.56654357910156,-88.15685272216797,-87.7553939819336,-83.06328582763672,-83.14478302001953,-83.28547668457031,-83.1934585571289,-84.20555877685547,-86.2181396484375,-87.9936294555664,-88.55021667480469,-87.01873779296875,-86.55044555664062,-86.5152816772461,-87.11175537109375,-87.31707000732422,-87.35868072509766,-87.36972045898438,-87.37969207763672,-88.53521728515625,-88.9450454711914,-89.05360412597656,-88.53370666503906,-87.80609893798828,-87.5942611694336,-88.12225341796875,-85.42329406738281,-84.44501495361328,-84.76435089111328,-84.26898956298828,-83.43804168701172,-82.54203796386719,-82.21671295166016,-82.66607666015625,-81.04981994628906,-81.00841522216797,-80.45059204101562,-81.94622802734375,-81.8780746459961,-82.3493423461914,-80.79360961914062,-80.2464828491211,-81.86064910888672,-81.84664916992188,-80.0234375,-81.13636016845703,-81.5972671508789,0.0
-90.20266723632812,-90.52412414550781,-89.56654357910156,-88.15685272216797,-87.7553939819336,-83.06328582763672,-83.14478302001953,-83.28547668457031,-83.1934585571289,-84.20555877685547,-86.2181396484375,-87.9936294555664,-88.55021667480469,-87.01873779296875,-86.55044555664062,-86.5152816772461,-87.11175537109375,-87.31707000732422,-87.35868072509766,-87.36972045898438,-87.37969207763672,-88.53521728515625,-88.9450454711914,-89.05360412597656,-88.53370666503906,-87.80609893798828,-87.5942611694336,-88.12225341796875,-85.42329406738281,-84.44501495361328,-84.76435089111328,-84.26898956298828,-83.43804168701172,-82.54203796386719,-82.21671295166016,-82.66607666015625,-81.04981994628906,-81.00841522216797,-80.45059204101562,-81.94622802734375,-81.8780746459961,-82.3493423461914,-80.79360961914062,-80.2464828491211,-81.86064910888672,-81.84664916992188,-80.0234375,-81.13636016845703,-81.5972671508789,-81.1132583618164,0.0
-90.52412414550781,-89.56654357910156,-88.15685272216797,-87.7553939819336,-83.06328582763672,-83.14478302001953,-83.28547668457031,-83.1934585571289,-84.20555877685547,-86.2181396484375,-87.9936294555664,-88.55021667480469,-87.01873779296875,-86.55044555664062,-86.5152816772461,-87.11175537109375,-87.31707000732422,-87.35868072509766,-87.36972045898438,-87.37969207763672,-88.53521728515625,-88.9450454711914,-89.05360412597656,-88.53370666503906,-87.80609893798828,-87.5942611694336,-88.12225341796875,-85.42329406738281,-84.44501495361328,-84.76435089111328,-84.26898956298828,-83.43804168701172,-82.54203796386719,-82.21671295166016,-82.66607666015625,-81.04981994628906,-81.00841522216797,-80.45059204101562,-81.94622802734375,-81.8780746459961,-82.3493423461914,-80.79360961914062,-80.2464828491211,-81.86064910888672,-81.84664916992188,-80.0234375,-81.13636016845703,-81.5972671508789,-81.1132583618164,-79.19120788574219,0.0
-89.56654357910156,-88.15685272216797,-87.7553939819336,-83.06328582763672,-83.14478302001953,-83.28547668457031,-83.1934585571289,-84.20555877685547,-86.2181396484375,-87.9936294555664,-88.55021667480469,-87.01873779296875,-86.55044555664062,-86.5152816772461,-87.11175537109375,-87.31707000732422,-87.35868072509766,-87.36972045898438,-87.37969207763672,-88.53521728515625,-88.9450454711914,-89.05360412597656,-88.53370666503906,-87.80609893798828,-87.5942611694336,-88.12225341796875,-85.42329406738281,-84.44501495361328,-84.76435089111328,-84.26898956298828,-83.43804168701172,-82.54203796386719,-82.21671295166016,-82.66607666015625,-81.04981994628906,-81.00841522216797,-80.45059204101562,-81.94622802734375,-81.8780746459961,-82.3493423461914,-80.79360961914062,-80.2464828491211,-81.86064910888672,-81.84664916992188,-80.0234375,-81.13636016845703,-81.5972671508789,-81.1132583618164,-79.19120788574219,-78.5469970703125,0.0
-88.15685272216797,-87.7553939819336,-83.06328582763672,-83.14478302001953,-83.28547668457031,-83.1934585571289,-84.20555877685547,-86.2181396484375,-87.9936294555664,-88.55021667480469,-87.01873779296875,-86.55044555664062,-86.5152816772461,-87.11175537109375,-87.31707000732422,-87.35868072509766,-87.36972045898438,-87.37969207763672,-88.53521728515625,-88.9450454711914,-89.05360412597656,-88.53370666503906,-87.80609893798828,-87.5942611694336,-88.12225341796875,-85.42329406738281,-84.44501495361328,-84.76435089111328,-84.26898956298828,-83.43804168701172,-82.54203796386719,-82.21671295166016,-82.66607666015625,-81.04981994628906,-81.00841522216797,-80.45059204101562,-81.94622802734375,-81.8780746459961,-82.3493423461914,-80.79360961914062,-80.2464828491211,-81.86064910888672,-81.84664916992188,-80.0234375,-81.13636016845703,-81.5972671508789,-81.1132583618164,-79.19120788574219,-78.5469970703125,-76.63966369628906,0.0
-87.7553939819336,-83.06328582763672,-83.14478302001953,-83.28547668457031,-83.1934585571289,-84.20555877685547,-86.2181396484375,-87.9936294555664,-88.55021667480469,-87.01873779296875,-86.55044555664062,-86.5152816772461,-87.11175537109375,-87.31707000732422,-87.35868072509766,-87.36972045898438,-87.37969207763672,-88.53521728515625,-88.9450454711914,-89.05360412597656,-88.53370666503906,-87.80609893798828,-87.5942611694336,-88.12225341796875,-85.42329406738281,-84.44501495361328,-84.76435089111328,-84.26898956298828,-83.43804168701172,-82.54203796386719,-82.21671295166016,-82.66607666015625,-81.04981994628906,-81.00841522216797,-80.45059204101562,-81.94622802734375,-81.8780746459961,-82.3493423461914,-80.79360961914062,-80.2464828491211,-81.86064910888672,-81.84664916992188,-80.0234375,-81.13636016845703,-81.5972671508789,-81.1132583618164,-79.19120788574219,-78.5469970703125,-76.63966369628906,-79.42723846435547,1.0
-83.06328582763672,-83.14478302001953,-83.28547668457031,-83.1934585571289,-84.20555877685547,-86.2181396484375,-87.9936294555664,-88.55021667480469,-87.01873779296875,-86.55044555664062,-86.5152816772461,-87.11175537109375,-87.31707000732422,-87.35868072509766,-87.36972045898438,-87.37969207763672,-88.53521728515625,-88.9450454711914,-89.05360412597656,-88.53370666503906,-87.80609893798828,-87.5942611694336,-88.12225341796875,-85.42329406738281,-84.44501495361328,-84.76435089111328,-84.26898956298828,-83.43804168701172,-82.54203796386719,-82.21671295166016,-82.66607666015625,-81.04981994628906,-81.00841522216797,-80.45059204101562,-81.94622802734375,-81.8780746459961,-82.3493423461914,-80.79360961914062,-80.2464828491211,-81.86064910888672,-81.84664916992188,-80.0234375,-81.13636016845703,-81.5972671508789,-81.1132583618164,-79.19120788574219,-78.5469970703125,-76.63966369628906,-79.42723846435547,-77.51383972167969,0.0
-83.14478302001953,-83.28547668457031,-83.1934585571289,-84.20555877685547,-86.2181396484375,-87.9936294555664,-88.55021667480469,-87.01873779296875,-86.55044555664062,-86.5152816772461,-87.11175537109375,-87.31707000732422,-87.35868072509766,-87.36972045898438,-87.37969207763672,-88.53521728515625,-88.9450454711914,-89.05360412597656,-88.53370666503906,-87.80609893798828,-87.5942611694336,-88.12225341796875,-85.42329406738281,-84.44501495361328,-84.76435089111328,-84.26898956298828,-83.43804168701172,-82.54203796386719,-82.21671295166016,-82.66607666015625,-81.04981994628906,-81.00841522216797,-80.45059204101562,-81.94622802734375,-81.8780746459961,-82.3493423461914,-80.79360961914062,-80.2464828491211,-81.86064910888672,-81.84664916992188,-80.0234375,-81.13636016845703,-81.5972671508789,-81.1132583618164,-79.19120788574219,-78.5469970703125,-76.63966369628906,-79.42723846435547,-77.51383972167969,-76.67489624023438,0.0
-83.28547668457031,-83.1934585571289,-84.20555877685547,-86.2181396484375,-87.9936294555664,-88.55021667480469,-87.01873779296875,-86.55044555664062,-86.5152816772461,-87.11175537109375,-87.31707000732422,-87.35868072509766,-87.36972045898438,-87.37969207763672,-88.53521728515625,-88.9450454711914,-89.05360412597656,-88.53370666503906,-87.80609893798828,-87.5942611694336,-88.12225341796875,-85.42329406738281,-84.44501495361328,-84.76435089111328,-84.26898956298828,-83.43804168701172,-82.54203796386719,-82.21671295166016,-82.66607666015625,-81.04981994628906,-81.00841522216797,-80.45059204101562,-81.94622802734375,-81.8780746459961,-82.3493423461914,-80.79360961914062,-80.2464828491211,-81.86064910888672,-81.84664916992188,-80.0234375,-81.13636016845703,-81.5972671508789,-81.1132583618164,-79.19120788574219,-78.5469970703125,-76.63966369628906,-79.42723846435547,-77.51383972167969,-76.67489624023438,-77.60872650146484,1.0
-83.1934585571289,-84.20555877685547,-86.2181396484375,-87.9936294555664,-88.55021667480469,-87.01873779296875,-86.55044555664062,-86.5152816772461,-87.11175537109375,-87.31707000732422,-87.35868072509766,-87.36972045898438,-87.37969207763672,-88.53521728515625,-88.9450454711914,-89.05360412597656,-88.53370666503906,-87.80609893798828,-87.5942611694336,-88.12225341796875,-85.42329406738281,-84.44501495361328,-84.76435089111328,-84.26898956298828,-83.43804168701172,-82.54203796386719,-82.21671295166016,-82.66607666015625,-81.04981994628906,-81.00841522216797,-80.45059204101562,-81.94622802734375,-81.8780746459961,-82.3493423461914,-80.79360961914062,-80.2464828491211,-81.86064910888672,-81.84664916992188,-80.0234375,-81.13636016845703,-81.5972671508789,-81.1132583618164,-79.19120788574219,-78.5469970703125,-76.63966369628906,-79.42723846435547,-77.51383972167969,-76.67489624023438,-77.60872650146484,-79.66742706298828,0.0
-84.20555877685547,-86.2181396484375,-87.9936294555664,-88.55021667480469,-87.01873779296875,-86.55044555664062,-86.5152816772461,-87.11175537109375,-87.31707000732422,-87.35868072509766,-87.36972045898438,-87.37969207763672,-88.53521728515625,-88.9450454711914,-89.05360412597656,-88.53370666503906,-87.80609893798828,-87.5942611694336,-88.12225341796875,-85.42329406738281,-84.44501495361328,-84.76435089111328,-84.26898956298828,-83.43804168701172,-82.54203796386719,-82.21671295166016,-82.66607666015625,-81.04981994628906,-81.00841522216797,-80.45059204101562,-81.94622802734375,-81.8780746459961,-82.3493423461914,-80.79360961914062,-80.2464828491211,-81.86064910888672,-81.84664916992188,-80.0234375,-81.13636016845703,-81.5972671508789,-81.1132583618164,-79.19120788574219,-78.5469970703125,-76.63966369628906,-79.42723846435547,-77.51383972167969,-76.67489624023438,-77.60872650146484,-79.66742706298828,-79.73999786376953,0.0
-86.2181396484375,-87.9936294555664,-88.55021667480469,-87.01873779296875,-86.55044555664062,-86.5152816772461,-87.11175537109375,-87.31707000732422,-87.35868072509766,-87.36972045898438,-87.37969207763672,-88.53521728515625,-88.9450454711914,-89.05360412597656,-88.53370666503906,-87.80609893798828,-87.5942611694336,-88.12225341796875,-85.42329406738281,-84.44501495361328,-84.76435089111328,-84.26898956298828,-83.43804168701172,-82.54203796386719,-82.21671295166016,-82.66607666015625,-81.04981994628906,-81.00841522216797,-80.45059204101562,-81.94622802734375,-81.8780746459961,-82.3493423461914,-80.79360961914062,-80.2464828491211,-81.86064910888672,-81.84664916992188,-80.0234375,-81.13636016845703,-81.5972671508789,-81.1132583618164,-79.19120788574219,-78.5469970703125,-76.63966369628906,-79.42723846435547,-77.51383972167969,-76.67489624023438,-77.60872650146484,-79.66742706298828,-79.73999786376953,-78.5326919555664,0.0
-87.9936294555664,-88.55021667480469,-87.01873779296875,-86.55044555664062,-86.5152816772461,-87.11175537109375,-87.31707000732422,-87.35868072509766,-87.36972045898438,-87.37969207763672,-88.53521728515625,-88.9450454711914,-89.05360412597656,-88.53370666503906,-87.80609893798828,-87.5942611694336,-88.12225341796875,-85.42329406738281,-84.44501495361328,-84.76435089111328,-84.26898956298828,-83.43804168701172,-82.54203796386719,-82.21671295166016,-82.66607666015625,-81.04981994628906,-81.00841522216797,-80.45059204101562,-81.94622802734375,-81.8780746459961,-82.3493423461914,-80.79360961914062,-80.2464828491211,-81.86064910888672,-81.84664916992188,-80.0234375,-81.13636016845703,-81.5972671508789,-81.1132583618164,-79.19120788574219,-78.5469970703125,-76.63966369628906,-79.42723846435547,-77.51383972167969,-76.67489624023438,-77.60872650146484,-79.66742706298828,-79.73999786376953,-78.5326919555664,-81.0462417602539,0.0
-88.55021667480469,-87.01873779296875,-86.55044555664062,-86.5152816772461,-87.11175537109375,-87.31707000732422,-87.35868072509766,-87.36972045898438,-87.37969207763672,-88.53521728515625,-88.9450454711914,-89.05360412597656,-88.53370666503906,-87.80609893798828,-87.5942611694336,-88.12225341796875,-85.42329406738281,-84.44501495361328,-84.76435089111328,-84.26898956298828,-83.43804168701172,-82.54203796386719,-82.21671295166016,-82.66607666015625,-81.04981994628906,-81.00841522216797,-80.45059204101562,-81.94622802734375,-81.8780746459961,-82.3493423461914,-80.79360961914062,-80.2464828491211,-81.86064910888672,-81.84664916992188,-80.0234375,-81.13636016845703,-81.5972671508789,-81.1132583618164,-79.19120788574219,-78.5469970703125,-76.63966369628906,-79.42723846435547,-77.51383972167969,-76.67489624023438,-77.60872650146484,-79.66742706298828,-79.73999786376953,-78.5326919555664,-81.0462417602539,-81.4295425415039,0.0
-87.01873779296875,-86.55044555664062,-86.5152816772461,-87.11175537109375,-87.31707000732422,-87.35868072509766,-87.36972045898438,-87.37969207763672,-88.53521728515625,-88.9450454711914,-89.05360412597656,-88.53370666503906,-87.80609893798828,-87.5942611694336,-88.12225341796875,-85.42329406738281,-84.44501495361328,-84.76435089111328,-84.26898956298828,-83.43804168701172,-82.54203796386719,-82.21671295166016,-82.66607666015625,-81.04981994628906,-81.00841522216797,-80.45059204101562,-81.94622802734375,-81.8780746459961,-82.3493423461914,-80.79360961914062,-80.2464828491211,-81.86064910888672,-81.84664916992188,-80.0234375,-81.13636016845703,-81.5972671508789,-81.1132583618164,-79.19120788574219,-78.5469970703125,-76.63966369628906,-79.42723846435547,-77.51383972167969,-76.67489624023438,-77.60872650146484,-79.66742706298828,-79.73999786376953,-78.5326919555664,-81.0462417602539,-81.4295425415039,-80.32745361328125,0.0
-86.55044555664062,-86.5152816772461,-87.11175537109375,-87.31707000732422,-87.35868072509766,-87.36972045898438,-87.37969207763672,-88.53521728515625,-88.9450454711914,-89.05360412597656,-88.53370666503906,-87.80609893798828,-87.5942611694336,-88.12225341796875,-85.42329406738281,-84.44501495361328,-84.76435089111328,-84.26898956298828,-83.43804168701172,-82.54203796386719,-82.21671295166016,-82.66607666015625,-81.04981994628906,-81.00841522216797,-80.45059204101562,-81.94622802734375,-81.8780746459961,-82.3493423461914,-80.79360961914062,-80.2464828491211,-81.86064910888672,-81.84664916992188,-80.0234375,-81.13636016845703,-81.5972671508789,-81.1132583618164,-79.19120788574219,-78.5469970703125,-76.63966369628906,-79.42723846435547,-77.51383972167969,-76.67489624023438,-77.60872650146484,-79.66742706298828,-79.73999786376953,-78.5326919555664,-81.0462417602539,-81.4295425415039,-80.32745361328125,-79.9849624633789,0.0
-86.5152816772461,-87.11175537109375,-87.31707000732422,-87.35868072509766,-87.36972045898438,-87.37969207763672,-88.53521728515625,-88.9450454711914,-89.05360412597656,-88.53370666503906,-87.80609893798828,-87.5942611694336,-88.12225341796875,-85.42329406738281,-84.44501495361328,-84.76435089111328,-84.26898956298828,-83.43804168701172,-82.54203796386719,-82.21671295166016,-82.66607666015625,-81.04981994628906,-81.00841522216797,-80.45059204101562,-81.94622802734375,-81.8780746459961,-82.3493423461914,-80.79360961914062,-80.2464828491211,-81.86064910888672,-81.84664916992188,-80.0234375,-81.13636016845703,-81.5972671508789,-81.1132583618164,-79.19120788574219,-78.5469970703125,-76.63966369628906,-79.42723846435547,-77.51383972167969,-76.67489624023438,-77.60872650146484,-79.66742706298828,-79.73999786376953,-78.5326919555664,-81.0462417602539,-81.4295425415039,-80.32745361328125,-79.9849624633789,-79.9501953125,0.0
-87.11175537109375,-87.31707000732422,-87.35868072509766,-87.36972045898438,-87.37969207763672,-88.53521728515625,-88.9450454711914,-89.05360412597656,-88.53370666503906,-87.80609893798828,-87.5942611694336,-88.12225341796875,-85.42329406738281,-84.44501495361328,-84.76435089111328,-84.26898956298828,-83.43804168701172,-82.54203796386719,-82.21671295166016,-82.66607666015625,-81.04981994628906,-81.00841522216797,-80.45059204101562,-81.94622802734375,-81.8780746459961,-82.3493423461914,-80.79360961914062,-80.2464828491211,-81.86064910888672,-81.84664916992188,-80.0234375,-81.13636016845703,-81.5972671508789,-81.1132583618164,-79.19120788574219,-78.5469970703125,-76.63966369628906,-79.42723846435547,-77.51383972167969,-76.67489624023438,-77.60872650146484,-79.66742706298828,-79.73999786376953,-78.5326919555664,-81.0462417602539,-81.4295425415039,-80.32745361328125,-79.9849624633789,-79.9501953125,-80.53736114501953,0.0
-87.31707000732422,-87.35868072509766,-87.36972045898438,-87.37969207763672,-88.53521728515625,-88.9450454711914,-89.05360412597656,-88.53370666503906,-87.80609893798828,-87.5942611694336,-88.12225341796875,-85.42329406738281,-84.44501495361328,-84.76435089111328,-84.26898956298828,-83.43804168701172,-82.54203796386719,-82.21671295166016,-82.66607666015625,-81.04981994628906,-81.00841522216797,-80.45059204101562,-81.94622802734375,-81.8780746459961,-82.3493423461914,-80.79360961914062,-80.2464828491211,-81.86064910888672,-81.84664916992188,-80.0234375,-81.13636016845703,-81.5972671508789,-81.1132583618164,-79.19120788574219,-78.5469970703125,-76.63966369628906,-79.42723846435547,-77.51383972167969,-76.67489624023438,-77.60872650146484,-79.66742706298828,-79.73999786376953,-78.5326919555664,-81.0462417602539,-81.4295425415039,-80.32745361328125,-79.9849624633789,-79.9501953125,-80.53736114501953,-80.15925598144531,0.0
-87.35868072509766,-87.36972045898438,-87.37969207763672,-88.53521728515625,-88.9450454711914,-89.05360412597656,-88.53370666503906,-87.80609893798828,-87.5942611694336,-88.12225341796875,-85.42329406738281,-84.44501495361328,-84.76435089111328,-84.26898956298828,-83.43804168701172,-82.54203796386719,-82.21671295166016,-82.66607666015625,-81.04981994628906,-81.00841522216797,-80.45059204101562,-81.94622802734375,-81.8780746459961,-82.3493423461914,-80.79360961914062,-80.2464828491211,-81.86064910888672,-81.84664916992188,-80.0234375,-81.13636016845703,-81.5972671508789,-81.1132583618164,-79.19120788574219,-78.5469970703125,-76.63966369628906,-79.42723846435547,-77.51383972167969,-76.67489624023438,-77.60872650146484,-79.66742706298828,-79.73999786376953,-78.5326919555664,-81.0462417602539,-81.4295425415039,-80.32745361328125,-79.9849624633789,-79.9501953125,-80.53736114501953,-80.15925598144531,-80.5779037475586,0.0
-87.36972045898438,-87.37969207763672,-88.53521728515625,-88.9450454711914,-89.05360412597656,-88.53370666503906,-87.80609893798828,-87.5942611694336,-88.12225341796875,-85.42329406738281,-84.44501495361328,-84.76435089111328,-84.26898956298828,-83.43804168701172,-82.54203796386719,-82.21671295166016,-82.66607666015625,-81.04981994628906,-81.00841522216797,-80.45059204101562,-81.94622802734375,-81.8780746459961,-82.3493423461914,-80.79360961914062,-80.2464828491211,-81.86064910888672,-81.84664916992188,-80.0234375,-81.13636016845703,-81.5972671508789,-81.1132583618164,-79.19120788574219,-78.5469970703125,-76.63966369628906,-79.42723846435547,-77.51383972167969,-76.67489624023438,-77.60872650146484,-79.66742706298828,-79.73999786376953,-78.5326919555664,-81.0462417602539,-81.4295425415039,-80.32745361328125,-79.9849624633789,-79.9501953125,-80.53736114501953,-80.15925598144531,-80.5779037475586,-81.32022857666016,0.0
-87.37969207763672,-88.53521728515625,-88.9450454711914,-89.05360412597656,-88.53370666503906,-87.80609893798828,-87.5942611694336,-88.12225341796875,-85.42329406738281,-84.44501495361328,-84.76435089111328,-84.26898956298828,-83.43804168701172,-82.54203796386719,-82.21671295166016,-82.66607666015625,-81.04981994628906,-81.00841522216797,-80.45059204101562,-81.94622802734375,-81.8780746459961,-82.3493423461914,-80.79360961914062,-80.2464828491211,-81.86064910888672,-81.84664916992188,-80.0234375,-81.13636016845703,-81.5972671508789,-81.1132583618164,-79.19120788574219,-78.5469970703125,-76.63966369628906,-79.42723846435547,-77.51383972167969,-76.67489624023438,-77.60872650146484,-79.66742706298828,-79.73999786376953,-78.5326919555664,-81.0462417602539,-81.4295425415039,-80.32745361328125,-79.9849624633789,-79.9501953125,-80.53736114501953,-80.15925598144531,-80.5779037475586,-81.32022857666016,-79.24613189697266,0.0
-88.53521728515625,-88.9450454711914,-89.05360412597656,-88.53370666503906,-87.80609893798828,-87.5942611694336,-88.12225341796875,-85.42329406738281,-84.44501495361328,-84.76435089111328,-84.26898956298828,-83.43804168701172,-82.54203796386719,-82.21671295166016,-82.66607666015625,-81.04981994628906,-81.00841522216797,-80.45059204101562,-81.94622802734375,-81.8780746459961,-82.3493423461914,-80.79360961914062,-80.2464828491211,-81.86064910888672,-81.84664916992188,-80.0234375,-81.13636016845703,-81.5972671508789,-81.1132583618164,-79.19120788574219,-78.5469970703125,-76.63966369628906,-79.42723846435547,-77.51383972167969,-76.67489624023438,-77.60872650146484,-79.66742706298828,-79.73999786376953,-78.5326919555664,-81.0462417602539,-81.4295425415039,-80.32745361328125,-79.9849624633789,-79.9501953125,-80.53736114501953,-80.15925598144531,-80.5779037475586,-81.32022857666016,-79.24613189697266,-80.2415771484375,0.0
-88.9450454711914,-89.05360412597656,-88.53370666503906,-87.80609893798828,-87.5942611694336,-88.12225341796875,-85.42329406738281,-84.44501495361328,-84.76435089111328,-84.26898956298828,-83.43804168701172,-82.54203796386719,-82.21671295166016,-82.66607666015625,-81.04981994628906,-81.00841522216797,-80.45059204101562,-81.94622802734375,-81.8780746459961,-82.3493423461914,-80.79360961914062,-80.2464828491211,-81.86064910888672,-81.84664916992188,-80.0234375,-81.13636016845703,-81.5972671508789,-81.1132583618164,-79.19120788574219,-78.5469970703125,-76.63966369628906,-79.42723846435547,-77.51383972167969,-76.67489624023438,-77.60872650146484,-79.66742706298828,-79.73999786376953,-78.5326919555664,-81.0462417602539,-81.4295425415039,-80.32745361328125,-79.9849624633789,-79.9501953125,-80.53736114501953,-80.15925598144531,-80.5779037475586,-81.32022857666016,-79.24613189697266,-80.2415771484375,-80.09991455078125,0.0
-89.05360412597656,-88.53370666503906,-87.80609893798828,-87.5942611694336,-88.12225341796875,-85.42329406738281,-84.44501495361328,-84.76435089111328,-84.26898956298828,-83.43804168701172,-82.54203796386719,-82.21671295166016,-82.66607666015625,-81.04981994628906,-81.00841522216797,-80.45059204101562,-81.94622802734375,-81.8780746459961,-82.3493423461914,-80.79360961914062,-80.2464828491211,-81.86064910888672,-81.84664916992188,-80.0234375,-81.13636016845703,-81.5972671508789,-81.1132583618164,-79.19120788574219,-78.5469970703125,-76.63966369628906,-79.42723846435547,-77.51383972167969,-76.67489624023438,-77.60872650146484,-79.66742706298828,-79.73999786376953,-78.5326919555664,-81.0462417602539,-81.4295425415039,-80.32745361328125,-79.9849624633789,-79.9501953125,-80.53736114501953,-80.15925598144531,-80.5779037475586,-81.32022857666016,-79.24613189697266,-80.2415771484375,-80.09991455078125,-79.98796844482422,1.0
-88.53370666503906,-87.80609893798828,-87.5942611694336,-88.12225341796875,-85.42329406738281,-84.44501495361328,-84.76435089111328,-84.26898956298828,-83.43804168701172,-82.54203796386719,-82.21671295166016,-82.66607666015625,-81.04981994628906,-81.00841522216797,-80.45059204101562,-81.94622802734375,-81.8780746459961,-82.3493423461914,-80.79360961914062,-80.2464828491211,-81.86064910888672,-81.84664916992188,-80.0234375,-81.13636016845703,-81.5972671508789,-81.1132583618164,-79.19120788574219,-78.5469970703125,-76.63966369628906,-79.42723846435547,-77.51383972167969,-76.67489624023438,-77.60872650146484,-79.66742706298828,-79.73999786376953,-78.5326919555664,-81.0462417602539,-81.4295425415039,-80.32745361328125,-79.9849624633789,-79.9501953125,-80.53736114501953,-80.15925598144531,-80.5779037475586,-81.32022857666016,-79.24613189697266,-80.2415771484375,-80.09991455078125,-79.98796844482422,-77.63025665283203,0.0
-87.80609893798828,-87.5942611694336,-88.12225341796875,-85.42329406738281,-84.44501495361328,-84.76435089111328,-84.26898956298828,-83.43804168701172,-82.54203796386719,-82.21671295166016,-82.66607666015625,-81.04981994628906,-81.00841522216797,-80.45059204101562,-81.94622802734375,-81.8780746459961,-82.3493423461914,-80.79360961914062,-80.2464828491211,-81.86064910888672,-81.84664916992188,-80.0234375,-81.13636016845703,-81.5972671508789,-81.1132583618164,-79.19120788574219,-78.5469970703125,-76.63966369628906,-79.42723846435547,-77.51383972167969,-76.67489624023438,-77.60872650146484,-79.66742706298828,-79.73999786376953,-78.5326919555664,-81.0462417602539,-81.4295425415039,-80.32745361328125,-79.9849624633789,-79.9501953125,-80.53736114501953,-80.15925598144531,-80.5779037475586,-81.32022857666016,-79.24613189697266,-80.2415771484375,-80.09991455078125,-79.98796844482422,-77.63025665283203,-76.80549621582031,1.0
-87.5942611694336,-88.12225341796875,-85.42329406738281,-84.44501495361328,-84.76435089111328,-84.26898956298828,-83.43804168701172,-82.54203796386719,-82.21671295166016,-82.66607666015625,-81.04981994628906,-81.00841522216797,-80.45059204101562,-81.94622802734375,-81.8780746459961,-82.3493423461914,-80.79360961914062,-80.2464828491211,-81.86064910888672,-81.84664916992188,-80.0234375,-81.13636016845703,-81.5972671508789,-81.1132583618164,-79.19120788574219,-78.5469970703125,-76.63966369628906,-79.42723846435547,-77.51383972167969,-76.67489624023438,-77.60872650146484,-79.66742706298828,-79.73999786376953,-78.5326919555664,-81.0462417602539,-81.4295425415039,-80.32745361328125,-79.9849624633789,-79.9501953125,-80.53736114501953,-80.15925598144531,-80.5779037475586,-81.32022857666016,-79.24613189697266,-80.2415771484375,-80.09991455078125,-79.98796844482422,-77.63025665283203,-76.80549621582031,-70.7642822265625,0.0
-88.12225341796875,-85.42329406738281,-84.44501495361328,-84.76435089111328,-84.26898956298828,-83.43804168701172,-82.54203796386719,-82.21671295166016,-82.66607666015625,-81.04981994628906,-81.00841522216797,-80.45059204101562,-81.94622802734375,-81.8780746459961,-82.3493423461914,-80.79360961914062,-80.2464828491211,-81.86064910888672,-81.84664916992188,-80.0234375,-81.13636016845703,-81.5972671508789,-81.1132583618164,-79.19120788574219,-78.5469970703125,-76.63966369628906,-79.42723846435547,-77.51383972167969,-76.67489624023438,-77.60872650146484,-79.66742706298828,-79.73999786376953,-78.5326919555664,-81.0462417602539,-81.4295425415039,-80.32745361328125,-79.9849624633789,-79.9501953125,-80.53736114501953,-80.15925598144531,-80.5779037475586,-81.32022857666016,-79.24613189697266,-80.2415771484375,-80.09991455078125,-79.98796844482422,-77.63025665283203,-76.80549621582031,-70.7642822265625,-69.78853607177734,1.0
-85.42329406738281,-84.44501495361328,-84.76435089111328,-84.26898956298828,-83.43804168701172,-82.54203796386719,-82.21671295166016,-82.66607666015625,-81.04981994628906,-81.00841522216797,-80.45059204101562,-81.94622802734375,-81.8780746459961,-82.3493423461914,-80.79360961914062,-80.2464828491211,-81.86064910888672,-81.84664916992188,-80.0234375,-81.13636016845703,-81.5972671508789,-81.1132583618164,-79.19120788574219,-78.5469970703125,-76.63966369628906,-79.42723846435547,-77.51383972167969,-76.67489624023438,-77.60872650146484,-79.66742706298828,-79.73999786376953,-78.5326919555664,-81.0462417602539,-81.4295425415039,-80.32745361328125,-79.9849624633789,-79.9501953125,-80.53736114501953,-80.15925598144531,-80.5779037475586,-81.32022857666016,-79.24613189697266,-80.2415771484375,-80.09991455078125,-79.98796844482422,-77.63025665283203,-76.80549621582031,-70.7642822265625,-69.78853607177734,-66.06477355957031,1.0
-84.44501495361328,-84.76435089111328,-84.26898956298828,-83.43804168701172,-82.54203796386719,-82.21671295166016,-82.66607666015625,-81.04981994628906,-81.00841522216797,-80.45059204101562,-81.94622802734375,-81.8780746459961,-82.3493423461914,-80.79360961914062,-80.2464828491211,-81.86064910888672,-81.84664916992188,-80.0234375,-81.13636016845703,-81.5972671508789,-81.1132583618164,-79.19120788574219,-78.5469970703125,-76.63966369628906,-79.42723846435547,-77.51383972167969,-76.67489624023438,-77.60872650146484,-79.66742706298828,-79.73999786376953,-78.5326919555664,-81.0462417602539,-81.4295425415039,-80.32745361328125,-79.9849624633789,-79.9501953125,-80.53736114501953,-80.15925598144531,-80.5779037475586,-81.32022857666016,-79.24613189697266,-80.2415771484375,-80.09991455078125,-79.98796844482422,-77.63025665283203,-76.80549621582031,-70.7642822265625,-69.78853607177734,-66.06477355957031,-65.77733612060547,0.0
-84.76435089111328,-84.26898956298828,-83.43804168701172,-82.54203796386719,-82.21671295166016,-82.66607666015625,-81.04981994628906,-81.00841522216797,-80.45059204101562,-81.94622802734375,-81.8780746459961,-82.3493423461914,-80.79360961914062,-80.2464828491211,-81.86064910888672,-81.84664916992188,-80.0234375,-81.13636016845703,-81.5972671508789,-81.1132583618164,-79.19120788574219,-78.5469970703125,-76.63966369628906,-79.42723846435547,-77.51383972167969,-76.67489624023438,-77.60872650146484,-79.66742706298828,-79.73999786376953,-78.5326919555664,-81.0462417602539,-81.4295425415039,-80.32745361328125,-79.9849624633789,-79.9501953125,-80.53736114501953,-80.15925598144531,-80.5779037475586,-81.32022857666016,-79.24613189697266,-80.2415771484375,-80.09991455078125,-79.98796844482422,-77.63025665283203,-76.80549621582031,-70.7642822265625,-69.78853607177734,-66.06477355957031,-65.77733612060547,-66.7964859008789,0.0
-84.26898956298828,-83.43804168701172,-82.54203796386719,-82.21671295166016,-82.66607666015625,-81.04981994628906,-81.00841522216797,-80.45059204101562,-81.94622802734375,-81.8780746459961,-82.3493423461914,-80.79360961914062,-80.2464828491211,-81.86064910888672,-81.84664916992188,-80.0234375,-81.13636016845703,-81.5972671508789,-81.1132583618164,-79.19120788574219,-78.5469970703125,-76.63966369628906,-79.42723846435547,-77.51383972167969,-76.67489624023438,-77.60872650146484,-79.66742706298828,-79.73999786376953,-78.5326919555664,-81.0462417602539,-81.4295425415039,-80.32745361328125,-79.9849624633789,-79.9501953125,-80.53736114501953,-80.15925598144531,-80.5779037475586,-81.32022857666016,-79.24613189697266,-80.2415771484375,-80.09991455078125,-79.98796844482422,-77.63025665283203,-76.80549621582031,-70.7642822265625,-69.78853607177734,-66.06477355957031,-65.77733612060547,-66.7964859008789,-69.2983627319336,0.0
-83.43804168701172,-82.54203796386719,-82.21671295166016,-82.66607666015625,-81.04981994628906,-81.00841522216797,-80.45059204101562,-81.94622802734375,-81.8780746459961,-82.3493423461914,-80.79360961914062,-80.2464828491211,-81.86064910888672,-81.84664916992188,-80.0234375,-81.13636016845703,-81.5972671508789,-81.1132583618164,-79.19120788574219,-78.5469970703125,-76.63966369628906,-79.42723846435547,-77.51383972167969,-76.67489624023438,-77.60872650146484,-79.66742706298828,-79.73999786376953,-78.5326919555664,-81.0462417602539,-81.4295425415039,-80.32745361328125,-79.9849624633789,-79.9501953125,-80.53736114501953,-80.15925598144531,-80.5779037475586,-81.32022857666016,-79.24613189697266,-80.2415771484375,-80.09991455078125,-79.98796844482422,-77.63025665283203,-76.80549621582031,-70.7642822265625,-69.78853607177734,-66.06477355957031,-65.77733612060547,-66.7964859008789,-69.2983627319336,-72.91190338134766,0.0
-82.54203796386719,-82.21671295166016,-82.66607666015625,-81.04981994628906,-81.00841522216797,-80.45059204101562,-81.94622802734375,-81.8780746459961,-82.3493423461914,-80.79360961914062,-80.2464828491211,-81.86064910888672,-81.84664916992188,-80.0234375,-81.13636016845703,-81.5972671508789,-81.1132583618164,-79.19120788574219,-78.5469970703125,-76.63966369628906,-79.42723846435547,-77.51383972167969,-76.67489624023438,-77.60872650146484,-79.66742706298828,-79.73999786376953,-78.5326919555664,-81.0462417602539,-81.4295425415039,-80.32745361328125,-79.9849624633789,-79.9501953125,-80.53736114501953,-80.15925598144531,-80.5779037475586,-81.32022857666016,-79.24613189697266,-80.2415771484375,-80.09991455078125,-79.98796844482422,-77.63025665283203,-76.80549621582031,-70.7642822265625,-69.78853607177734,-66.06477355957031,-65.77733612060547,-66.7964859008789,-69.2983627319336,-72.91190338134766,-75.77708435058594,1.0
-82.21671295166016,-82.66607666015625,-81.04981994628906,-81.00841522216797,-80.45059204101562,-81.94622802734375,-81.8780746459961,-82.3493423461914,-80.79360961914062,-80.2464828491211,-81.86064910888672,-81.84664916992188,-80.0234375,-81.13636016845703,-81.5972671508789,-81.1132583618164,-79.19120788574219,-78.5469970703125,-76.63966369628906,-79.42723846435547,-77.51383972167969,-76.67489624023438,-77.60872650146484,-79.66742706298828,-79.73999786376953,-78.5326919555664,-81.0462417602539,-81.4295425415039,-80.32745361328125,-79.9849624633789,-79.9501953125,-80.53736114501953,-80.15925598144531,-80.5779037475586,-81.32022857666016,-79.24613189697266,-80.2415771484375,-80.09991455078125,-79.98796844482422,-77.63025665283203,-76.80549621582031,-70.7642822265625,-69.78853607177734,-66.06477355957031,-65.77733612060547,-66.7964859008789,-69.2983627319336,-72.91190338134766,-75.77708435058594,-76.11231231689453,1.0
-82.66607666015625,-81.04981994628906,-81.00841522216797,-80.45059204101562,-81.94622802734375,-81.8780746459961,-82.3493423461914,-80.79360961914062,-80.2464828491211,-81.86064910888672,-81.84664916992188,-80.0234375,-81.13636016845703,-81.5972671508789,-81.1132583618164,-79.19120788574219,-78.5469970703125,-76.63966369628906,-79.42723846435547,-77.51383972167969,-76.67489624023438,-77.60872650146484,-79.66742706298828,-79.73999786376953,-78.5326919555664,-81.0462417602539,-81.4295425415039,-80.32745361328125,-79.9849624633789,-79.9501953125,-80.53736114501953,-80.15925598144531,-80.5779037475586,-81.32022857666016,-79.24613189697266,-80.2415771484375,-80.09991455078125,-79.98796844482422,-77.63025665283203,-76.80549621582031,-70.7642822265625,-69.78853607177734,-66.06477355957031,-65.77733612060547,-66.7964859008789,-69.2983627319336,-72.91190338134766,-75.77708435058594,-76.11231231689453,-77.41353607177734,1.0
-81.04981994628906,-81.00841522216797,-80.45059204101562,-81.94622802734375,-81.8780746459961,-82.3493423461914,-80.79360961914062,-80.2464828491211,-81.86064910888672,-81.84664916992188,-80.0234375,-81.13636016845703,-81.5972671508789,-81.1132583618164,-79.19120788574219,-78.5469970703125,-76.63966369628906,-79.42723846435547,-77.51383972167969,-76.67489624023438,-77.60872650146484,-79.66742706298828,-79.73999786376953,-78.5326919555664,-81.0462417602539,-81.4295425415039,-80.32745361328125,-79.9849624633789,-79.9501953125,-80.53736114501953,-80.15925598144531,-80.5779037475586,-81.32022857666016,-79.24613189697266,-80.2415771484375,-80.09991455078125,-79.98796844482422,-77.63025665283203,-76.80549621582031,-70.7642822265625,-69.78853607177734,-66.06477355957031,-65.77733612060547,-66.7964859008789,-69.2983627319336,-72.91190338134766,-75.77708435058594,-76.11231231689453,-77.41353607177734,-78.0190658569336,0.0
-81.00841522216797,-80.45059204101562,-81.94622802734375,-81.8780746459961,-82.3493423461914,-80.79360961914062,-80.2464828491211,-81.86064910888672,-81.84664916992188,-80.0234375,-81.13636016845703,-81.5972671508789,-81.1132583618164,-79.19120788574219,-78.5469970703125,-76.63966369628906,-79.42723846435547,-77.51383972167969,-76.67489624023438,-77.60872650146484,-79.66742706298828,-79.73999786376953,-78.5326919555664,-81.0462417602539,-81.4295425415039,-80.32745361328125,-79.9849624633789,-79.9501953125,-80.53736114501953,-80.15925598144531,-80.5779037475586,-81.32022857666016,-79.24613189697266,-80.2415771484375,-80.09991455078125,-79.98796844482422,-77.63025665283203,-76.80549621582031,-70.7642822265625,-69.78853607177734,-66.06477355957031,-65.77733612060547,-66.7964859008789,-69.2983627319336,-72.91190338134766,-75.77708435058594,-76.11231231689453,-77.41353607177734,-78.0190658569336,-78.31609344482422,1.0
-80.45059204101562,-81.94622802734375,-81.8780746459961,-82.3493423461914,-80.79360961914062,-80.2464828491211,-81.86064910888672,-81.84664916992188,-80.0234375,-81.13636016845703,-81.5972671508789,-81.1132583618164,-79.19120788574219,-78.5469970703125,-76.63966369628906,-79.42723846435547,-77.51383972167969,-76.67489624023438,-77.60872650146484,-79.66742706298828,-79.73999786376953,-78.5326919555664,-81.0462417602539,-81.4295425415039,-80.32745361328125,-79.9849624633789,-79.9501953125,-80.53736114501953,-80.15925598144531,-80.5779037475586,-81.32022857666016,-79.24613189697266,-80.2415771484375,-80.09991455078125,-79.98796844482422,-77.63025665283203,-76.80549621582031,-70.7642822265625,-69.78853607177734,-66.06477355957031,-65.77733612060547,-66.7964859008789,-69.2983627319336,-72.91190338134766,-75.77708435058594,-76.11231231689453,-77.41353607177734,-78.0190658569336,-78.31609344482422,-80.25160217285156,0.0
-81.94622802734375,-81.8780746459961,-82.3493423461914,-80.79360961914062,-80.2464828491211,-81.86064910888672,-81.84664916992188,-80.0234375,-81.13636016845703,-81.5972671508789,-81.1132583618164,-79.19120788574219,-78.5469970703125,-76.63966369628906,-79.42723846435547,-77.51383972167969,-76.67489624023438,-77.60872650146484,-79.66742706298828,-79.73999786376953,-78.5326919555664,-81.0462417602539,-81.4295425415039,-80.32745361328125,-79.9849624633789,-79.9501953125,-80.53736114501953,-80.15925598144531,-80.5779037475586,-81.32022857666016,-79.24613189697266,-80.2415771484375,-80.09991455078125,-79.98796844482422,-77.63025665283203,-76.80549621582031,-70.7642822265625,-69.78853607177734,-66.06477355957031,-65.77733612060547,-66.7964859008789,-69.2983627319336,-72.91190338134766,-75.77708435058594,-76.11231231689453,-77.41353607177734,-78.0190658569336,-78.31609344482422,-80.25160217285156,-80.4306411743164,0.0
-81.8780746459961,-82.3493423461914,-80.79360961914062,-80.2464828491211,-81.86064910888672,-81.84664916992188,-80.0234375,-81.13636016845703,-81.5972671508789,-81.1132583618164,-79.19120788574219,-78.5469970703125,-76.63966369628906,-79.42723846435547,-77.51383972167969,-76.67489624023438,-77.60872650146484,-79.66742706298828,-79.73999786376953,-78.5326919555664,-81.0462417602539,-81.4295425415039,-80.32745361328125,-79.9849624633789,-79.9501953125,-80.53736114501953,-80.15925598144531,-80.5779037475586,-81.32022857666016,-79.24613189697266,-80.2415771484375,-80.09991455078125,-79.98796844482422,-77.63025665283203,-76.80549621582031,-70.7642822265625,-69.78853607177734,-66.06477355957031,-65.77733612060547,-66.7964859008789,-69.2983627319336,-72.91190338134766,-75.77708435058594,-76.11231231689453,-77.41353607177734,-78.0190658569336,-78.31609344482422,-80.25160217285156,-80.4306411743164,-79.91283416748047,0.0
-82.3493423461914,-80.79360961914062,-80.2464828491211,-81.86064910888672,-81.84664916992188,-80.0234375,-81.13636016845703,-81.5972671508789,-81.1132583618164,-79.19120788574219,-78.5469970703125,-76.63966369628906,-79.42723846435547,-77.51383972167969,-76.67489624023438,-77.60872650146484,-79.66742706298828,-79.73999786376953,-78.5326919555664,-81.0462417602539,-81.4295425415039,-80.32745361328125,-79.9849624633789,-79.9501953125,-80.53736114501953,-80.15925598144531,-80.5779037475586,-81.32022857666016,-79.24613189697266,-80.2415771484375,-80.09991455078125,-79.98796844482422,-77.63025665283203,-76.80549621582031,-70.7642822265625,-69.78853607177734,-66.06477355957031,-65.77733612060547,-66.7964859008789,-69.2983627319336,-72.91190338134766,-75.77708435058594,-76.11231231689453,-77.41353607177734,-78.0190658569336,-78.31609344482422,-80.25160217285156,-80.4306411743164,-79.91283416748047,-80.38420104980469,0.0
-80.79360961914062,-80.2464828491211,-81.86064910888672,-81.84664916992188,-80.0234375,-81.13636016845703,-81.5972671508789,-81.1132583618164,-79.19120788574219,-78.5469970703125,-76.63966369628906,-79.42723846435547,-77.51383972167969,-76.67489624023438,-77.60872650146484,-79.66742706298828,-79.73999786376953,-78.5326919555664,-81.0462417602539,-81.4295425415039,-80.32745361328125,-79.9849624633789,-79.9501953125,-80.53736114501953,-80.15925598144531,-80.5779037475586,-81.32022857666016,-79.24613189697266,-80.2415771484375,-80.09991455078125,-79.98796844482422,-77.63025665283203,-76.80549621582031,-70.7642822265625,-69.78853607177734,-66.06477355957031,-65.77733612060547,-66.7964859008789,-69.2983627319336,-72.91190338134766,-75.77708435058594,-76.11231231689453,-77.41353607177734,-78.0190658569336,-78.31609344482422,-80.25160217285156,-80.4306411743164,-79.91283416748047,-80.38420104980469,-80.6228256225586,0.0
-80.2464828491211,-81.86064910888672,-81.84664916992188,-80.0234375,-81.13636016845703,-81.5972671508789,-81.1132583618164,-79.19120788574219,-78.5469970703125,-76.63966369628906,-79.42723846435547,-77.51383972167969,-76.67489624023438,-77.60872650146484,-79.66742706298828,-79.73999786376953,-78.5326919555664,-81.0462417602539,-81.4295425415039,-80.32745361328125,-79.9849624633789,-79.9501953125,-80.53736114501953,-80.15925598144531,-80.5779037475586,-81.32022857666016,-79.24613189697266,-80.2415771484375,-80.09991455078125,-79.98796844482422,-77.63025665283203,-76.80549621582031,-70.7642822265625,-69.78853607177734,-66.06477355957031,-65.77733612060547,-66.7964859008789,-69.2983627319336,-72.91190338134766,-75.77708435058594,-76.11231231689453,-77.41353607177734,-78.0190658569336,-78.31609344482422,-80.25160217285156,-80.4306411743164,-79.91283416748047,-80.38420104980469,-80.6228256225586,-80.13607025146484,0.0
-81.86064910888672,-81.84664916992188,-80.0234375,-81.13636016845703,-81.5972671508789,-81.1132583618164,-79.19120788574219,-78.5469970703125,-76.63966369628906,-79.42723846435547,-77.51383972167969,-76.67489624023438,-77.60872650146484,-79.66742706298828,-79.73999786376953,-78.5326919555664,-81.0462417602539,-81.4295425415039,-80.32745361328125,-79.9849624633789,-79.9501953125,-80.53736114501953,-80.15925598144531,-80.5779037475586,-81.32022857666016,-79.24613189697266,-80.2415771484375,-80.09991455078125,-79.98796844482422,-77.63025665283203,-76.80549621582031,-70.7642822265625,-69.78853607177734,-66.06477355957031,-65.77733612060547,-66.7964859008789,-69.2983627319336,-72.91190338134766,-75.77708435058594,-76.11231231689453,-77.41353607177734,-78.0190658569336,-78.31609344482422,-80.25160217285156,-80.4306411743164,-79.91283416748047,-80.38420104980469,-80.6228256225586,-80.13607025146484,-79.97947692871094,0.0
-81.84664916992188,-80.0234375,-81.13636016845703,-81.5972671508789,-81.1132583618164,-79.19120788574219,-78.5469970703125,-76.63966369628906,-79.42723846435547,-77.51383972167969,-76.67489624023438,-77.60872650146484,-79.66742706298828,-79.73999786376953,-78.5326919555664,-81.0462417602539,-81.4295425415039,-80.32745361328125,-79.9849624633789,-79.9501953125,-80.53736114501953,-80.15925598144531,-80.5779037475586,-81.32022857666016,-79.24613189697266,-80.2415771484375,-80.09991455078125,-79.98796844482422,-77.63025665283203,-76.80549621582031,-70.7642822265625,-69.78853607177734,-66.06477355957031,-65.77733612060547,-66.7964859008789,-69.2983627319336,-72.91190338134766,-75.77708435058594,-76.11231231689453,-77.41353607177734,-78.0190658569336,-78.31609344482422,-80.25160217285156,-80.4306411743164,-79.91283416748047,-80.38420104980469,-80.6228256225586,-80.13607025146484,-79.97947692871094,-78.21747589111328,0.0
-80.0234375,-81.13636016845703,-81.5972671508789,-81.1132583618164,-79.19120788574219,-78.5469970703125,-76.63966369628906,-79.42723846435547,-77.51383972167969,-76.67489624023438,-77.60872650146484,-79.66742706298828,-79.73999786376953,-78.5326919555664,-81.0462417602539,-81.4295425415039,-80.32745361328125,-79.9849624633789,-79.9501953125,-80.53736114501953,-80.15925598144531,-80.5779037475586,-81.32022857666016,-79.24613189697266,-80.2415771484375,-80.09991455078125,-79.98796844482422,-77.63025665283203,-76.80549621582031,-70.7642822265625,-69.78853607177734,-66.06477355957031,-65.77733612060547,-66.7964859008789,-69.2983627319336,-72.91190338134766,-75.77708435058594,-76.11231231689453,-77.41353607177734,-78.0190658569336,-78.31609344482422,-80.25160217285156,-80.4306411743164,-79.91283416748047,-80.38420104980469,-80.6228256225586,-80.13607025146484,-79.97947692871094,-78.21747589111328,-79.92295837402344,0.0
-81.13636016845703,-81.5972671508789,-81.1132583618164,-79.19120788574219,-78.5469970703125,-76.63966369628906,-79.42723846435547,-77.51383972167969,-76.67489624023438,-77.60872650146484,-79.66742706298828,-79.73999786376953,-78.5326919555664,-81.0462417602539,-81.4295425415039,-80.32745361328125,-79.9849624633789,-79.9501953125,-80.53736114501953,-80.15925598144531,-80.5779037475586,-81.32022857666016,-79.24613189697266,-80.2415771484375,-80.09991455078125,-79.98796844482422,-77.63025665283203,-76.80549621582031,-70.7642822265625,-69.78853607177734,-66.06477355957031,-65.77733612060547,-66.7964859008789,-69.2983627319336,-72.91190338134766,-75.77708435058594,-76.11231231689453,-77.41353607177734,-78.0190658569336,-78.31609344482422,-80.25160217285156,-80.4306411743164,-79.91283416748047,-80.38420104980469,-80.6228256225586,-80.13607025146484,-79.97947692871094,-78.21747589111328,-79.92295837402344,-82.30143737792969,0.0
-81.5972671508789,-81.1132583618164,-79.19120788574219,-78.5469970703125,-76.63966369628906,-79.42723846435547,-77.51383972167969,-76.67489624023438,-77.60872650146484,-79.66742706298828,-79.73999786376953,-78.5326919555664,-81.0462417602539,-81.4295425415039,-80.32745361328125,-79.9849624633789,-79.9501953125,-80.53736114501953,-80.15925598144531,-80.5779037475586,-81.32022857666016,-79.24613189697266,-80.2415771484375,-80.09991455078125,-79.98796844482422,-77.63025665283203,-76.80549621582031,-70.7642822265625,-69.78853607177734,-66.06477355957031,-65.77733612060547,-66.7964859008789,-69.2983627319336,-72.91190338134766,-75.77708435058594,-76.11231231689453,-77.41353607177734,-78.0190658569336,-78.31609344482422,-80.25160217285156,-80.4306411743164,-79.91283416748047,-80.38420104980469,-80.6228256225586,-80.13607025146484,-79.97947692871094,-78.21747589111328,-79.92295837402344,-82.30143737792969,-82.45671081542969,0.0
-81.1132583618164,-79.19120788574219,-78.5469970703125,-76.63966369628906,-79.42723846435547,-77.51383972167969,-76.67489624023438,-77.60872650146484,-79.66742706298828,-79.73999786376953,-78.5326919555664,-81.0462417602539,-81.4295425415039,-80.32745361328125,-79.9849624633789,-79.9501953125,-80.53736114501953,-80.15925598144531,-80.5779037475586,-81.32022857666016,-79.24613189697266,-80.2415771484375,-80.09991455078125,-79.98796844482422,-77.63025665283203,-76.80549621582031,-70.7642822265625,-69.78853607177734,-66.06477355957031,-65.77733612060547,-66.7964859008789,-69.2983627319336,-72.91190338134766,-75.77708435058594,-76.11231231689453,-77.41353607177734,-78.0190658569336,-78.31609344482422,-80.25160217285156,-80.4306411743164,-79.91283416748047,-80.38420104980469,-80.6228256225586,-80.13607025146484,-79.97947692871094,-78.21747589111328,-79.92295837402344,-82.30143737792969,-82.45671081542969,-82.43624114990234,0.0
-79.19120788574219,-78.5469970703125,-76.63966369628906,-79.42723846435547,-77.51383972167969,-76.67489624023438,-77.60872650146484,-79.66742706298828,-79.73999786376953,-78.5326919555664,-81.0462417602539,-81.4295425415039,-80.32745361328125,-79.9849624633789,-79.9501953125,-80.53736114501953,-80.15925598144531,-80.5779037475586,-81.32022857666016,-79.24613189697266,-80.2415771484375,-80.09991455078125,-79.98796844482422,-77.63025665283203,-76.80549621582031,-70.7642822265625,-69.78853607177734,-66.06477355957031,-65.77733612060547,-66.7964859008789,-69.2983627319336,-72.91190338134766,-75.77708435058594,-76.11231231689453,-77.41353607177734,-78.0190658569336,-78.31609344482422,-80.25160217285156,-80.4306411743164,-79.91283416748047,-80.38420104980469,-80.6228256225586,-80.13607025146484,-79.97947692871094,-78.21747589111328,-79.92295837402344,-82.30143737792969,-82.45671081542969,-82.43624114990234,-82.4834213256836,0.0
-78.5469970703125,-76.63966369628906,-79.42723846435547,-77.51383972167969,-76.67489624023438,-77.60872650146484,-79.66742706298828,-79.73999786376953,-78.5326919555664,-81.0462417602539,-81.4295425415039,-80.32745361328125,-79.9849624633789,-79.9501953125,-80.53736114501953,-80.15925598144531,-80.5779037475586,-81.32022857666016,-79.24613189697266,-80.2415771484375,-80.09991455078125,-79.98796844482422,-77.63025665283203,-76.80549621582031,-70.7642822265625,-69.78853607177734,-66.06477355957031,-65.77733612060547,-66.7964859008789,-69.2983627319336,-72.91190338134766,-75.77708435058594,-76.11231231689453,-77.41353607177734,-78.0190658569336,-78.31609344482422,-80.25160217285156,-80.4306411743164,-79.91283416748047,-80.38420104980469,-80.6228256225586,-80.13607025146484,-79.97947692871094,-78.21747589111328,-79.92295837402344,-82.30143737792969,-82.45671081542969,-82.43624114990234,-82.4834213256836,-82.55278015136719,1.0
-76.63966369628906,-79.42723846435547,-77.51383972167969,-76.67489624023438,-77.60872650146484,-79.66742706298828,-79.73999786376953,-78.5326919555664,-81.0462417602539,-81.4295425415039,-80.32745361328125,-79.9849624633789,-79.9501953125,-80.53736114501953,-80.15925598144531,-80.5779037475586,-81.32022857666016,-79.24613189697266,-80.2415771484375,-80.09991455078125,-79.98796844482422,-77.63025665283203,-76.80549621582031,-70.7642822265625,-69.78853607177734,-66.06477355957031,-65.77733612060547,-66.7964859008789,-69.2983627319336,-72.91190338134766,-75.77708435058594,-76.11231231689453,-77.41353607177734,-78.0190658569336,-78.31609344482422,-80.25160217285156,-80.4306411743164,-79.91283416748047,-80.38420104980469,-80.6228256225586,-80.13607025146484,-79.97947692871094,-78.21747589111328,-79.92295837402344,-82.30143737792969,-82.45671081542969,-82.43624114990234,-82.4834213256836,-82.55278015136719,-83.76612091064453,0.0
-79.42723846435547,-77.51383972167969,-76.67489624023438,-77.60872650146484,-79.66742706298828,-79.73999786376953,-78.5326919555664,-81.0462417602539,-81.4295425415039,-80.32745361328125,-79.9849624633789,-79.9501953125,-80.53736114501953,-80.15925598144531,-80.5779037475586,-81.32022857666016,-79.24613189697266,-80.2415771484375,-80.09991455078125,-79.98796844482422,-77.63025665283203,-76.80549621582031,-70.7642822265625,-69.78853607177734,-66.06477355957031,-65.77733612060547,-66.7964859008789,-69.2983627319336,-72.91190338134766,-75.77708435058594,-76.11231231689453,-77.41353607177734,-78.0190658569336,-78.31609344482422,-80.25160217285156,-80.4306411743164,-79.91283416748047,-80.38420104980469,-80.6228256225586,-80.13607025146484,-79.97947692871094,-78.21747589111328,-79.92295837402344,-82.30143737792969,-82.45671081542969,-82.43624114990234,-82.4834213256836,-82.55278015136719,-83.76612091064453,-84.21414947509766,0.0
-77.51383972167969,-76.67489624023438,-77.60872650146484,-79.66742706298828,-79.73999786376953,-78.5326919555664,-81.0462417602539,-81.4295425415039,-80.32745361328125,-79.9849624633789,-79.9501953125,-80.53736114501953,-80.15925598144531,-80.5779037475586,-81.32022857666016,-79.24613189697266,-80.2415771484375,-80.09991455078125,-79.98796844482422,-77.63025665283203,-76.80549621582031,-70.7642822265625,-69.78853607177734,-66.06477355957031,-65.77733612060547,-66.7964859008789,-69.2983627319336,-72.91190338134766,-75.77708435058594,-76.11231231689453,-77.41353607177734,-78.0190658569336,-78.31609344482422,-80.25160217285156,-80.4306411743164,-79.91283416748047,-80.38420104980469,-80.6228256225586,-80.13607025146484,-79.97947692871094,-78.21747589111328,-79.92295837402344,-82.30143737792969,-82.45671081542969,-82.43624114990234,-82.4834213256836,-82.55278015136719,-83.76612091064453,-84.21414947509766,-83.7710952758789,0.0
-76.67489624023438,-77.60872650146484,-79.66742706298828,-79.73999786376953,-78.5326919555664,-81.0462417602539,-81.4295425415039,-80.32745361328125,-79.9849624633789,-79.9501953125,-80.53736114501953,-80.15925598144531,-80.5779037475586,-81.32022857666016,-79.24613189697266,-80.2415771484375,-80.09991455078125,-79.98796844482422,-77.63025665283203,-76.80549621582031,-70.7642822265625,-69.78853607177734,-66.06477355957031,-65.77733612060547,-66.7964859008789,-69.2983627319336,-72.91190338134766,-75.77708435058594,-76.11231231689453,-77.41353607177734,-78.0190658569336,-78.31609344482422,-80.25160217285156,-80.4306411743164,-79.91283416748047,-80.38420104980469,-80.6228256225586,-80.13607025146484,-79.97947692871094,-78.21747589111328,-79.92295837402344,-82.30143737792969,-82.45671081542969,-82.43624114990234,-82.4834213256836,-82.55278015136719,-83.76612091064453,-84.21414947509766,-83.7710952758789,-83.060791015625,0.0
-77.60872650146484,-79.66742706298828,-79.73999786376953,-78.5326919555664,-81.0462417602539,-81.4295425415039,-80.32745361328125,-79.9849624633789,-79.9501953125,-80.53736114501953,-80.15925598144531,-80.5779037475586,-81.32022857666016,-79.24613189697266,-80.2415771484375,-80.09991455078125,-79.98796844482422,-77.63025665283203,-76.80549621582031,-70.7642822265625,-69.78853607177734,-66.06477355957031,-65.77733612060547,-66.7964859008789,-69.2983627319336,-72.91190338134766,-75.77708435058594,-76.11231231689453,-77.41353607177734,-78.0190658569336,-78.31609344482422,-80.25160217285156,-80.4306411743164,-79.91283416748047,-80.38420104980469,-80.6228256225586,-80.13607025146484,-79.97947692871094,-78.21747589111328,-79.92295837402344,-82.30143737792969,-82.45671081542969,-82.43624114990234,-82.4834213256836,-82.55278015136719,-83.76612091064453,-84.21414947509766,-83.7710952758789,-83.060791015625,-82.86280059814453,1.0
-79.66742706298828,-79.73999786376953,-78.5326919555664,-81.0462417602539,-81.4295425415039,-80.32745361328125,-79.9849624633789,-79.9501953125,-80.53736114501953,-80.15925598144531,-80.5779037475586,-81.32022857666016,-79.24613189697266,-80.2415771484375,-80.09991455078125,-79.98796844482422,-77.63025665283203,-76.80549621582031,-70.7642822265625,-69.78853607177734,-66.06477355957031,-65.77733612060547,-66.7964859008789,-69.2983627319336,-72.91190338134766,-75.77708435058594,-76.11231231689453,-77.41353607177734,-78.0190658569336,-78.31609344482422,-80.25160217285156,-80.4306411743164,-79.91283416748047,-80.38420104980469,-80.6228256225586,-80.13607025146484,-79.97947692871094,-78.21747589111328,-79.92295837402344,-82.30143737792969,-82.45671081542969,-82.43624114990234,-82.4834213256836,-82.55278015136719,-83.76612091064453,-84.21414947509766,-83.7710952758789,-83.060791015625,-82.86280059814453,-82.83135223388672,1.0
-79.73999786376953,-78.5326919555664,-81.0462417602539,-81.4295425415039,-80.32745361328125,-79.9849624633789,-79.9501953125,-80.53736114501953,-80.15925598144531,-80.5779037475586,-81.32022857666016,-79.24613189697266,-80.2415771484375,-80.09991455078125,-79.98796844482422,-77.63025665283203,-76.80549621582031,-70.7642822265625,-69.78853607177734,-66.06477355957031,-65.77733612060547,-66.7964859008789,-69.2983627319336,-72.91190338134766,-75.77708435058594,-76.11231231689453,-77.41353607177734,-78.0190658569336,-78.31609344482422,-80.25160217285156,-80.4306411743164,-79.91283416748047,-80.38420104980469,-80.6228256225586,-80.13607025146484,-79.97947692871094,-78.21747589111328,-79.92295837402344,-82.30143737792969,-82.45671081542969,-82.43624114990234,-82.4834213256836,-82.55278015136719,-83.76612091064453,-84.21414947509766,-83.7710952758789,-83.060791015625,-82.86280059814453,-82.83135223388672,-83.97087860107422,0.0
-78.5326919555664,-81.0462417602539,-81.4295425415039,-80.32745361328125,-79.9849624633789,-79.9501953125,-80.53736114501953,-80.15925598144531,-80.5779037475586,-81.32022857666016,-79.24613189697266,-80.2415771484375,-80.09991455078125,-79.98796844482422,-77.63025665283203,-76.80549621582031,-70.7642822265625,-69.78853607177734,-66.06477355957031,-65.77733612060547,-66.7964859008789,-69.2983627319336,-72.91190338134766,-75.77708435058594,-76.11231231689453,-77.41353607177734,-78.0190658569336,-78.31609344482422,-80.25160217285156,-80.4306411743164,-79.91283416748047,-80.38420104980469,-80.6228256225586,-80.13607025146484,-79.97947692871094,-78.21747589111328,-79.92295837402344,-82.30143737792969,-82.45671081542969,-82.43624114990234,-82.4834213256836,-82.55278015136719,-83.76612091064453,-84.21414947509766,-83.7710952758789,-83.060791015625,-82.86280059814453,-82.83135223388672,-83.97087860107422,-84.3565673828125,0.0
-81.0462417602539,-81.4295425415039,-80.32745361328125,-79.9849624633789,-79.9501953125,-80.53736114501953,-80.15925598144531,-80.5779037475586,-81.32022857666016,-79.24613189697266,-80.2415771484375,-80.09991455078125,-79.98796844482422,-77.63025665283203,-76.80549621582031,-70.7642822265625,-69.78853607177734,-66.06477355957031,-65.77733612060547,-66.7964859008789,-69.2983627319336,-72.91190338134766,-75.77708435058594,-76.11231231689453,-77.41353607177734,-78.0190658569336,-78.31609344482422,-80.25160217285156,-80.4306411743164,-79.91283416748047,-80.38420104980469,-80.6228256225586,-80.13607025146484,-79.97947692871094,-78.21747589111328,-79.92295837402344,-82.30143737792969,-82.45671081542969,-82.43624114990234,-82.4834213256836,-82.55278015136719,-83.76612091064453,-84.21414947509766,-83.7710952758789,-83.060791015625,-82.86280059814453,-82.83135223388672,-83.97087860107422,-84.3565673828125,-84.44153594970703,1.0
-81.4295425415039,-80.32745361328125,-79.9849624633789,-79.9501953125,-80.53736114501953,-80.15925598144531,-80.5779037475586,-81.32022857666016,-79.24613189697266,-80.2415771484375,-80.09991455078125,-79.98796844482422,-77.63025665283203,-76.80549621582031,-70.7642822265625,-69.78853607177734,-66.06477355957031,-65.77733612060547,-66.7964859008789,-69.2983627319336,-72.91190338134766,-75.77708435058594,-76.11231231689453,-77.41353607177734,-78.0190658569336,-78.31609344482422,-80.25160217285156,-80.4306411743164,-79.91283416748047,-80.38420104980469,-80.6228256225586,-80.13607025146484,-79.97947692871094,-78.21747589111328,-79.92295837402344,-82.30143737792969,-82.45671081542969,-82.43624114990234,-82.4834213256836,-82.55278015136719,-83.76612091064453,-84.21414947509766,-83.7710952758789,-83.060791015625,-82.86280059814453,-82.83135223388672,-83.97087860107422,-84.3565673828125,-84.44153594970703,-85.05104064941406,0.0
-80.32745361328125,-79.9849624633789,-79.9501953125,-80.53736114501953,-80.15925598144531,-80.5779037475586,-81.32022857666016,-79.24613189697266,-80.2415771484375,-80.09991455078125,-79.98796844482422,-77.63025665283203,-76.80549621582031,-70.7642822265625,-69.78853607177734,-66.06477355957031,-65.77733612060547,-66.7964859008789,-69.2983627319336,-72.91190338134766,-75.77708435058594,-76.11231231689453,-77.41353607177734,-78.0190658569336,-78.31609344482422,-80.25160217285156,-80.4306411743164,-79.91283416748047,-80.38420104980469,-80.6228256225586,-80.13607025146484,-79.97947692871094,-78.21747589111328,-79.92295837402344,-82.30143737792969,-82.45671081542969,-82.43624114990234,-82.4834213256836,-82.55278015136719,-83.76612091064453,-84.21414947509766,-83.7710952758789,-83.060791015625,-82.86280059814453,-82.83135223388672,-83.97087860107422,-84.3565673828125,-84.44153594970703,-85.05104064941406,-85.28522491455078,0.0
-79.9849624633789,-79.9501953125,-80.53736114501953,-80.15925598144531,-80.5779037475586,-81.32022857666016,-79.24613189697266,-80.2415771484375,-80.09991455078125,-79.98796844482422,-77.63025665283203,-76.80549621582031,-70.7642822265625,-69.78853607177734,-66.06477355957031,-65.77733612060547,-66.7964859008789,-69.2983627319336,-72.91190338134766,-75.77708435058594,-76.11231231689453,-77.41353607177734,-78.0190658569336,-78.31609344482422,-80.25160217285156,-80.4306411743164,-79.91283416748047,-80.38420104980469,-80.6228256225586,-80.13607025146484,-79.97947692871094,-78.21747589111328,-79.92295837402344,-82.30143737792969,-82.45671081542969,-82.43624114990234,-82.4834213256836,-82.55278015136719,-83.76612091064453,-84.21414947509766,-83.7710952758789,-83.060791015625,-82.86280059814453,-82.83135223388672,-83.97087860107422,-84.3565673828125,-84.44153594970703,-85.05104064941406,-85.28522491455078,-84.21548461914062,0.0
-79.9501953125,-80.53736114501953,-80.15925598144531,-80.5779037475586,-81.32022857666016,-79.24613189697266,-80.2415771484375,-80.09991455078125,-79.98796844482422,-77.63025665283203,-76.80549621582031,-70.7642822265625,-69.78853607177734,-66.06477355957031,-65.77733612060547,-66.7964859008789,-69.2983627319336,-72.91190338134766,-75.77708435058594,-76.11231231689453,-77.41353607177734,-78.0190658569336,-78.31609344482422,-80.25160217285156,-80.4306411743164,-79.91283416748047,-80.38420104980469,-80.6228256225586,-80.13607025146484,-79.97947692871094,-78.21747589111328,-79.92295837402344,-82.30143737792969,-82.45671081542969,-82.43624114990234,-82.4834213256836,-82.55278015136719,-83.76612091064453,-84.21414947509766,-83.7710952758789,-83.060791015625,-82.86280059814453,-82.83135223388672,-83.97087860107422,-84.3565673828125,-84.44153594970703,-85.05104064941406,-85.28522491455078,-84.21548461914062,-84.4380111694336,0.0
-80.53736114501953,-80.15925598144531,-80.5779037475586,-81.32022857666016,-79.24613189697266,-80.2415771484375,-80.09991455078125,-79.98796844482422,-77.63025665283203,-76.80549621582031,-70.7642822265625,-69.78853607177734,-66.06477355957031,-65.77733612060547,-66.7964859008789,-69.2983627319336,-72.91190338134766,-75.77708435058594,-76.11231231689453,-77.41353607177734,-78.0190658569336,-78.31609344482422,-80.25160217285156,-80.4306411743164,-79.91283416748047,-80.38420104980469,-80.6228256225586,-80.13607025146484,-79.97947692871094,-78.21747589111328,-79.92295837402344,-82.30143737792969,-82.45671081542969,-82.43624114990234,-82.4834213256836,-82.55278015136719,-83.76612091064453,-84.21414947509766,-83.7710952758789,-83.060791015625,-82.86280059814453,-82.83135223388672,-83.97087860107422,-84.3565673828125,-84.44153594970703,-85.05104064941406,-85.28522491455078,-84.21548461914062,-84.4380111694336,-82.84473419189453,0.0
-80.15925598144531,-80.5779037475586,-81.32022857666016,-79.24613189697266,-80.2415771484375,-80.09991455078125,-79.98796844482422,-77.63025665283203,-76.80549621582031,-70.7642822265625,-69.78853607177734,-66.06477355957031,-65.77733612060547,-66.7964859008789,-69.2983627319336,-72.91190338134766,-75.77708435058594,-76.11231231689453,-77.41353607177734,-78.0190658569336,-78.31609344482422,-80.25160217285156,-80.4306411743164,-79.91283416748047,-80.38420104980469,-80.6228256225586,-80.13607025146484,-79.97947692871094,-78.21747589111328,-79.92295837402344,-82.30143737792969,-82.45671081542969,-82.43624114990234,-82.4834213256836,-82.55278015136719,-83.76612091064453,-84.21414947509766,-83.7710952758789,-83.060791015625,-82.86280059814453,-82.83135223388672,-83.97087860107422,-84.3565673828125,-84.44153594970703,-85.05104064941406,-85.28522491455078,-84.21548461914062,-84.4380111694336,-82.84473419189453,-82.85065460205078,0.0
-80.5779037475586,-81.32022857666016,-79.24613189697266,-80.2415771484375,-80.09991455078125,-79.98796844482422,-77.63025665283203,-76.80549621582031,-70.7642822265625,-69.78853607177734,-66.06477355957031,-65.77733612060547,-66.7964859008789,-69.2983627319336,-72.91190338134766,-75.77708435058594,-76.11231231689453,-77.41353607177734,-78.0190658569336,-78.31609344482422,-80.25160217285156,-80.4306411743164,-79.91283416748047,-80.38420104980469,-80.6228256225586,-80.13607025146484,-79.97947692871094,-78.21747589111328,-79.92295837402344,-82.30143737792969,-82.45671081542969,-82.43624114990234,-82.4834213256836,-82.55278015136719,-83.76612091064453,-84.21414947509766,-83.7710952758789,-83.060791015625,-82.86280059814453,-82.83135223388672,-83.97087860107422,-84.3565673828125,-84.44153594970703,-85.05104064941406,-85.28522491455078,-84.21548461914062,-84.4380111694336,-82.84473419189453,-82.85065460205078,-83.47685241699219,0.0
-81.32022857666016,-79.24613189697266,-80.2415771484375,-80.09991455078125,-79.98796844482422,-77.63025665283203,-76.80549621582031,-70.7642822265625,-69.78853607177734,-66.06477355957031,-65.77733612060547,-66.7964859008789,-69.2983627319336,-72.91190338134766,-75.77708435058594,-76.11231231689453,-77.41353607177734,-78.0190658569336,-78.31609344482422,-80.25160217285156,-80.4306411743164,-79.91283416748047,-80.38420104980469,-80.6228256225586,-80.13607025146484,-79.97947692871094,-78.21747589111328,-79.92295837402344,-82.30143737792969,-82.45671081542969,-82.43624114990234,-82.4834213256836,-82.55278015136719,-83.76612091064453,-84.21414947509766,-83.7710952758789,-83.060791015625,-82.86280059814453,-82.83135223388672,-83.97087860107422,-84.3565673828125,-84.44153594970703,-85.05104064941406,-85.28522491455078,-84.21548461914062,-84.4380111694336,-82.84473419189453,-82.85065460205078,-83.47685241699219,-83.6547622680664,1.0
-79.24613189697266,-80.2415771484375,-80.09991455078125,-79.98796844482422,-77.63025665283203,-76.80549621582031,-70.7642822265625,-69.78853607177734,-66.06477355957031,-65.77733612060547,-66.7964859008789,-69.2983627319336,-72.91190338134766,-75.77708435058594,-76.11231231689453,-77.41353607177734,-78.0190658569336,-78.31609344482422,-80.25160217285156,-80.4306411743164,-79.91283416748047,-80.38420104980469,-80.6228256225586,-80.13607025146484,-79.97947692871094,-78.21747589111328,-79.92295837402344,-82.30143737792969,-82.45671081542969,-82.43624114990234,-82.4834213256836,-82.55278015136719,-83.76612091064453,-84.21414947509766,-83.7710952758789,-83.060791015625,-82.86280059814453,-82.83135223388672,-83.97087860107422,-84.3565673828125,-84.44153594970703,-85.05104064941406,-85.28522491455078,-84.21548461914062,-84.4380111694336,-82.84473419189453,-82.85065460205078,-83.47685241699219,-83.6547622680664,-83.66471099853516,0.0
-80.2415771484375,-80.09991455078125,-79.98796844482422,-77.63025665283203,-76.80549621582031,-70.7642822265625,-69.78853607177734,-66.06477355957031,-65.77733612060547,-66.7964859008789,-69.2983627319336,-72.91190338134766,-75.77708435058594,-76.11231231689453,-77.41353607177734,-78.0190658569336,-78.31609344482422,-80.25160217285156,-80.4306411743164,-79.91283416748047,-80.38420104980469,-80.6228256225586,-80.13607025146484,-79.97947692871094,-78.21747589111328,-79.92295837402344,-82.30143737792969,-82.45671081542969,-82.43624114990234,-82.4834213256836,-82.55278015136719,-83.76612091064453,-84.21414947509766,-83.7710952758789,-83.060791015625,-82.86280059814453,-82.83135223388672,-83.97087860107422,-84.3565673828125,-84.44153594970703,-85.05104064941406,-85.28522491455078,-84.21548461914062,-84.4380111694336,-82.84473419189453,-82.85065460205078,-83.47685241699219,-83.6547622680664,-83.66471099853516,-83.65420532226562,1.0
-80.09991455078125,-79.98796844482422,-77.63025665283203,-76.80549621582031,-70.7642822265625,-69.78853607177734,-66.06477355957031,-65.77733612060547,-66.7964859008789,-69.2983627319336,-72.91190338134766,-75.77708435058594,-76.11231231689453,-77.41353607177734,-78.0190658569336,-78.31609344482422,-80.25160217285156,-80.4306411743164,-79.91283416748047,-80.38420104980469,-80.6228256225586,-80.13607025146484,-79.97947692871094,-78.21747589111328,-79.92295837402344,-82.30143737792969,-82.45671081542969,-82.43624114990234,-82.4834213256836,-82.55278015136719,-83.76612091064453,-84.21414947509766,-83.7710952758789,-83.060791015625,-82.86280059814453,-82.83135223388672,-83.97087860107422,-84.3565673828125,-84.44153594970703,-85.05104064941406,-85.28522491455078,-84.21548461914062,-84.4380111694336,-82.84473419189453,-82.85065460205078,-83.47685241699219,-83.6547622680664,-83.66471099853516,-83.65420532226562,-84.22779846191406,0.0
-79.98796844482422,-77.63025665283203,-76.80549621582031,-70.7642822265625,-69.78853607177734,-66.06477355957031,-65.77733612060547,-66.7964859008789,-69.2983627319336,-72.91190338134766,-75.77708435058594,-76.11231231689453,-77.41353607177734,-78.0190658569336,-78.31609344482422,-80.25160217285156,-80.4306411743164,-79.91283416748047,-80.38420104980469,-80.6228256225586,-80.13607025146484,-79.97947692871094,-78.21747589111328,-79.92295837402344,-82.30143737792969,-82.45671081542969,-82.43624114990234,-82.4834213256836,-82.55278015136719,-83.76612091064453,-84.21414947509766,-83.7710952758789,-83.060791015625,-82.86280059814453,-82.83135223388672,-83.97087860107422,-84.3565673828125,-84.44153594970703,-85.05104064941406,-85.28522491455078,-84.21548461914062,-84.4380111694336,-82.84473419189453,-82.85065460205078,-83.47685241699219,-83.6547622680664,-83.66471099853516,-83.65420532226562,-84.22779846191406,-83.85650634765625,1.0
-77.63025665283203,-76.80549621582031,-70.7642822265625,-69.78853607177734,-66.06477355957031,-65.77733612060547,-66.7964859008789,-69.2983627319336,-72.91190338134766,-75.77708435058594,-76.11231231689453,-77.41353607177734,-78.0190658569336,-78.31609344482422,-80.25160217285156,-80.4306411743164,-79.91283416748047,-80.38420104980469,-80.6228256225586,-80.13607025146484,-79.97947692871094,-78.21747589111328,-79.92295837402344,-82.30143737792969,-82.45671081542969,-82.43624114990234,-82.4834213256836,-82.55278015136719,-83.76612091064453,-84.21414947509766,-83.7710952758789,-83.060791015625,-82.86280059814453,-82.83135223388672,-83.97087860107422,-84.3565673828125,-84.44153594970703,-85.05104064941406,-85.28522491455078,-84.21548461914062,-84.4380111694336,-82.84473419189453,-82.85065460205078,-83.47685241699219,-83.6547622680664,-83.66471099853516,-83.65420532226562,-84.22779846191406,-83.85650634765625,-83.71157836914062,1.0
-76.80549621582031,-70.7642822265625,-69.78853607177734,-66.06477355957031,-65.77733612060547,-66.7964859008789,-69.2983627319336,-72.91190338134766,-75.77708435058594,-76.11231231689453,-77.41353607177734,-78.0190658569336,-78.31609344482422,-80.25160217285156,-80.4306411743164,-79.91283416748047,-80.38420104980469,-80.6228256225586,-80.13607025146484,-79.97947692871094,-78.21747589111328,-79.92295837402344,-82.30143737792969,-82.45671081542969,-82.43624114990234,-82.4834213256836,-82.55278015136719,-83.76612091064453,-84.21414947509766,-83.7710952758789,-83.060791015625,-82.86280059814453,-82.83135223388672,-83.97087860107422,-84.3565673828125,-84.44153594970703,-85.05104064941406,-85.28522491455078,-84.21548461914062,-84.4380111694336,-82.84473419189453,-82.85065460205078,-83.47685241699219,-83.6547622680664,-83.66471099853516,-83.65420532226562,-84.22779846191406,-83.85650634765625,-83.71157836914062,-82.53435516357422,0.0
-70.7642822265625,-69.78853607177734,-66.06477355957031,-65.77733612060547,-66.7964859008789,-69.2983627319336,-72.91190338134766,-75.77708435058594,-76.11231231689453,-77.41353607177734,-78.0190658569336,-78.31609344482422,-80.25160217285156,-80.4306411743164,-79.91283416748047,-80.38420104980469,-80.6228256225586,-80.13607025146484,-79.97947692871094,-78.21747589111328,-79.92295837402344,-82.30143737792969,-82.45671081542969,-82.43624114990234,-82.4834213256836,-82.55278015136719,-83.76612091064453,-84.21414947509766,-83.7710952758789,-83.060791015625,-82.86280059814453,-82.83135223388672,-83.97087860107422,-84.3565673828125,-84.44153594970703,-85.05104064941406,-85.28522491455078,-84.21548461914062,-84.4380111694336,-82.84473419189453,-82.85065460205078,-83.47685241699219,-83.6547622680664,-83.66471099853516,-83.65420532226562,-84.22779846191406,-83.85650634765625,-83.71157836914062,-82.53435516357422,-82.7088394165039,0.0
-69.78853607177734,-66.06477355957031,-65.77733612060547,-66.7964859008789,-69.2983627319336,-72.91190338134766,-75.77708435058594,-76.11231231689453,-77.41353607177734,-78.0190658569336,-78.31609344482422,-80.25160217285156,-80.4306411743164,-79.91283416748047,-80.38420104980469,-80.6228256225586,-80.13607025146484,-79.97947692871094,-78.21747589111328,-79.92295837402344,-82.30143737792969,-82.45671081542969,-82.43624114990234,-82.4834213256836,-82.55278015136719,-83.76612091064453,-84.21414947509766,-83.7710952758789,-83.060791015625,-82.86280059814453,-82.83135223388672,-83.97087860107422,-84.3565673828125,-84.44153594970703,-85.05104064941406,-85.28522491455078,-84.21548461914062,-84.4380111694336,-82.84473419189453,-82.85065460205078,-83.47685241699219,-83.6547622680664,-83.66471099853516,-83.65420532226562,-84.22779846191406,-83.85650634765625,-83.71157836914062,-82.53435516357422,-82.7088394165039,-82.80632019042969,0.0
-66.06477355957031,-65.77733612060547,-66.7964859008789,-69.2983627319336,-72.91190338134766,-75.77708435058594,-76.11231231689453,-77.41353607177734,-78.0190658569336,-78.31609344482422,-80.25160217285156,-80.4306411743164,-79.91283416748047,-80.38420104980469,-80.6228256225586,-80.13607025146484,-79.97947692871094,-78.21747589111328,-79.92295837402344,-82.30143737792969,-82.45671081542969,-82.43624114990234,-82.4834213256836,-82.55278015136719,-83.76612091064453,-84.21414947509766,-83.7710952758789,-83.060791015625,-82.86280059814453,-82.83135223388672,-83.97087860107422,-84.3565673828125,-84.44153594970703,-85.05104064941406,-85.28522491455078,-84.21548461914062,-84.4380111694336,-82.84473419189453,-82.85065460205078,-83.47685241699219,-83.6547622680664,-83.66471099853516,-83.65420532226562,-84.22779846191406,-83.85650634765625,-83.71157836914062,-82.53435516357422,-82.7088394165039,-82.80632019042969,-82.80546569824219,0.0
-65.77733612060547,-66.7964859008789,-69.2983627319336,-72.91190338134766,-75.77708435058594,-76.11231231689453,-77.41353607177734,-78.0190658569336,-78.31609344482422,-80.25160217285156,-80.4306411743164,-79.91283416748047,-80.38420104980469,-80.6228256225586,-80.13607025146484,-79.97947692871094,-78.21747589111328,-79.92295837402344,-82.30143737792969,-82.45671081542969,-82.43624114990234,-82.4834213256836,-82.55278015136719,-83.76612091064453,-84.21414947509766,-83.7710952758789,-83.060791015625,-82.86280059814453,-82.83135223388672,-83.97087860107422,-84.3565673828125,-84.44153594970703,-85.05104064941406,-85.28522491455078,-84.21548461914062,-84.4380111694336,-82.84473419189453,-82.85065460205078,-83.47685241699219,-83.6547622680664,-83.66471099853516,-83.65420532226562,-84.22779846191406,-83.85650634765625,-83.71157836914062,-82.53435516357422,-82.7088394165039,-82.80632019042969,-82.80546569824219,-85.65821075439453,1.0
-66.7964859008789,-69.2983627319336,-72.91190338134766,-75.77708435058594,-76.11231231689453,-77.41353607177734,-78.0190658569336,-78.31609344482422,-80.25160217285156,-80.4306411743164,-79.91283416748047,-80.38420104980469,-80.6228256225586,-80.13607025146484,-79.97947692871094,-78.21747589111328,-79.92295837402344,-82.30143737792969,-82.45671081542969,-82.43624114990234,-82.4834213256836,-82.55278015136719,-83.76612091064453,-84.21414947509766,-83.7710952758789,-83.060791015625,-82.86280059814453,-82.83135223388672,-83.97087860107422,-84.3565673828125,-84.44153594970703,-85.05104064941406,-85.28522491455078,-84.21548461914062,-84.4380111694336,-82.84473419189453,-82.85065460205078,-83.47685241699219,-83.6547622680664,-83.66471099853516,-83.65420532226562,-84.22779846191406,-83.85650634765625,-83.71157836914062,-82.53435516357422,-82.7088394165039,-82.80632019042969,-82.80546569824219,-85.65821075439453,-84.92401885986328,0.0
-69.2983627319336,-72.91190338134766,-75.77708435058594,-76.11231231689453,-77.41353607177734,-78.0190658569336,-78.31609344482422,-80.25160217285156,-80.4306411743164,-79.91283416748047,-80.38420104980469,-80.6228256225586,-80.13607025146484,-79.97947692871094,-78.21747589111328,-79.92295837402344,-82.30143737792969,-82.45671081542969,-82.43624114990234,-82.4834213256836,-82.55278015136719,-83.76612091064453,-84.21414947509766,-83.7710952758789,-83.060791015625,-82.86280059814453,-82.83135223388672,-83.97087860107422,-84.3565673828125,-84.44153594970703,-85.05104064941406,-85.28522491455078,-84.21548461914062,-84.4380111694336,-82.84473419189453,-82.85065460205078,-83.47685241699219,-83.6547622680664,-83.66471099853516,-83.65420532226562,-84.22779846191406,-83.85650634765625,-83.71157836914062,-82.53435516357422,-82.7088394165039,-82.80632019042969,-82.80546569824219,-85.65821075439453,-84.92401885986328,-85.14236450195312,1.0
-72.91190338134766,-75.77708435058594,-76.11231231689453,-77.41353607177734,-78.0190658569336,-78.31609344482422,-80.25160217285156,-80.4306411743164,-79.91283416748047,-80.38420104980469,-80.6228256225586,-80.13607025146484,-79.97947692871094,-78.21747589111328,-79.92295837402344,-82.30143737792969,-82.45671081542969,-82.43624114990234,-82.4834213256836,-82.55278015136719,-83.76612091064453,-84.21414947509766,-83.7710952758789,-83.060791015625,-82.86280059814453,-82.83135223388672,-83.97087860107422,-84.3565673828125,-84.44153594970703,-85.05104064941406,-85.28522491455078,-84.21548461914062,-84.4380111694336,-82.84473419189453,-82.85065460205078,-83.47685241699219,-83.6547622680664,-83.66471099853516,-83.65420532226562,-84.22779846191406,-83.85650634765625,-83.71157836914062,-82.53435516357422,-82.7088394165039,-82.80632019042969,-82.80546569824219,-85.65821075439453,-84.92401885986328,-85.14236450195312,-84.72946166992188,1.0
-75.77708435058594,-76.11231231689453,-77.41353607177734,-78.0190658569336,-78.31609344482422,-80.25160217285156,-80.4306411743164,-79.91283416748047,-80.38420104980469,-80.6228256225586,-80.13607025146484,-79.97947692871094,-78.21747589111328,-79.92295837402344,-82.30143737792969,-82.45671081542969,-82.43624114990234,-82.4834213256836,-82.55278015136719,-83.76612091064453,-84.21414947509766,-83.7710952758789,-83.060791015625,-82.86280059814453,-82.83135223388672,-83.97087860107422,-84.3565673828125,-84.44153594970703,-85.05104064941406,-85.28522491455078,-84.21548461914062,-84.4380111694336,-82.84473419189453,-82.85065460205078,-83.47685241699219,-83.6547622680664,-83.66471099853516,-83.65420532226562,-84.22779846191406,-83.85650634765625,-83.71157836914062,-82.53435516357422,-82.7088394165039,-82.80632019042969,-82.80546569824219,-85.65821075439453,-84.92401885986328,-85.14236450195312,-84.72946166992188,-84.61117553710938,0.0
-76.11231231689453,-77.41353607177734,-78.0190658569336,-78.31609344482422,-80.25160217285156,-80.4306411743164,-79.91283416748047,-80.38420104980469,-80.6228256225586,-80.13607025146484,-79.97947692871094,-78.21747589111328,-79.92295837402344,-82.30143737792969,-82.45671081542969,-82.43624114990234,-82.4834213256836,-82.55278015136719,-83.76612091064453,-84.21414947509766,-83.7710952758789,-83.060791015625,-82.86280059814453,-82.83135223388672,-83.97087860107422,-84.3565673828125,-84.44153594970703,-85.05104064941406,-85.28522491455078,-84.21548461914062,-84.4380111694336,-82.84473419189453,-82.85065460205078,-83.47685241699219,-83.6547622680664,-83.66471099853516,-83.65420532226562,-84.22779846191406,-83.85650634765625,-83.71157836914062,-82.53435516357422,-82.7088394165039,-82.80632019042969,-82.80546569824219,-85.65821075439453,-84.92401885986328,-85.14236450195312,-84.72946166992188,-84.61117553710938,-86.33505249023438,1.0
-77.41353607177734,-78.0190658569336,-78.31609344482422,-80.25160217285156,-80.4306411743164,-79.91283416748047,-80.38420104980469,-80.6228256225586,-80.13607025146484,-79.97947692871094,-78.21747589111328,-79.92295837402344,-82.30143737792969,-82.45671081542969,-82.43624114990234,-82.4834213256836,-82.55278015136719,-83.76612091064453,-84.21414947509766,-83.7710952758789,-83.060791015625,-82.86280059814453,-82.83135223388672,-83.97087860107422,-84.3565673828125,-84.44153594970703,-85.05104064941406,-85.28522491455078,-84.21548461914062,-84.4380111694336,-82.84473419189453,-82.85065460205078,-83.47685241699219,-83.6547622680664,-83.66471099853516,-83.65420532226562,-84.22779846191406,-83.85650634765625,-83.71157836914062,-82.53435516357422,-82.7088394165039,-82.80632019042969,-82.80546569824219,-85.65821075439453,-84.92401885986328,-85.14236450195312,-84.72946166992188,-84.61117553710938,-86.33505249023438,-85.8022689819336,1.0
-78.0190658569336,-78.31609344482422,-80.25160217285156,-80.4306411743164,-79.91283416748047,-80.38420104980469,-80.6228256225586,-80.13607025146484,-79.97947692871094,-78.21747589111328,-79.92295837402344,-82.30143737792969,-82.45671081542969,-82.43624114990234,-82.4834213256836,-82.55278015136719,-83.76612091064453,-84.21414947509766,-83.7710952758789,-83.060791015625,-82.86280059814453,-82.83135223388672,-83.97087860107422,-84.3565673828125,-84.44153594970703,-85.05104064941406,-85.28522491455078,-84.21548461914062,-84.4380111694336,-82.84473419189453,-82.85065460205078,-83.47685241699219,-83.6547622680664,-83.66471099853516,-83.65420532226562,-84.22779846191406,-83.85650634765625,-83.71157836914062,-82.53435516357422,-82.7088394165039,-82.80632019042969,-82.80546569824219,-85.65821075439453,-84.92401885986328,-85.14236450195312,-84.72946166992188,-84.61117553710938,-86.33505249023438,-85.8022689819336,-83.82975769042969,0.0
-78.31609344482422,-80.25160217285156,-80.4306411743164,-79.91283416748047,-80.38420104980469,-80.6228256225586,-80.13607025146484,-79.97947692871094,-78.21747589111328,-79.92295837402344,-82.30143737792969,-82.45671081542969,-82.43624114990234,-82.4834213256836,-82.55278015136719,-83.76612091064453,-84.21414947509766,-83.7710952758789,-83.060791015625,-82.86280059814453,-82.83135223388672,-83.97087860107422,-84.3565673828125,-84.44153594970703,-85.05104064941406,-85.28522491455078,-84.21548461914062,-84.4380111694336,-82.84473419189453,-82.85065460205078,-83.47685241699219,-83.6547622680664,-83.66471099853516,-83.65420532226562,-84.22779846191406,-83.85650634765625,-83.71157836914062,-82.53435516357422,-82.7088394165039,-82.80632019042969,-82.80546569824219,-85.65821075439453,-84.92401885986328,-85.14236450195312,-84.72946166992188,-84.61117553710938,-86.33505249023438,-85.8022689819336,-83.82975769042969,-83.77182006835938,0.0
-80.25160217285156,-80.4306411743164,-79.91283416748047,-80.38420104980469,-80.6228256225586,-80.13607025146484,-79.97947692871094,-78.21747589111328,-79.92295837402344,-82.30143737792969,-82.45671081542969,-82.43624114990234,-82.4834213256836,-82.55278015136719,-83.76612091064453,-84.21414947509766,-83.7710952758789,-83.060791015625,-82.86280059814453,-82.83135223388672,-83.97087860107422,-84.3565673828125,-84.44153594970703,-85.05104064941406,-85.28522491455078,-84.21548461914062,-84.4380111694336,-82.84473419189453,-82.85065460205078,-83.47685241699219,-83.6547622680664,-83.66471099853516,-83.65420532226562,-84.22779846191406,-83.85650634765625,-83.71157836914062,-82.53435516357422,-82.7088394165039,-82.80632019042969,-82.80546569824219,-85.65821075439453,-84.92401885986328,-85.14236450195312,-84.72946166992188,-84.61117553710938,-86.33505249023438,-85.8022689819336,-83.82975769042969,-83.77182006835938,-84.4075698852539,0.0
-80.4306411743164,-79.91283416748047,-80.38420104980469,-80.6228256225586,-80.13607025146484,-79.97947692871094,-78.21747589111328,-79.92295837402344,-82.30143737792969,-82.45671081542969,-82.43624114990234,-82.4834213256836,-82.55278015136719,-83.76612091064453,-84.21414947509766,-83.7710952758789,-83.060791015625,-82.86280059814453,-82.83135223388672,-83.97087860107422,-84.3565673828125,-84.44153594970703,-85.05104064941406,-85.28522491455078,-84.21548461914062,-84.4380111694336,-82.84473419189453,-82.85065460205078,-83.47685241699219,-83.6547622680664,-83.66471099853516,-83.65420532226562,-84.22779846191406,-83.85650634765625,-83.71157836914062,-82.53435516357422,-82.7088394165039,-82.80632019042969,-82.80546569824219,-85.65821075439453,-84.92401885986328,-85.14236450195312,-84.72946166992188,-84.61117553710938,-86.33505249023438,-85.8022689819336,-83.82975769042969,-83.77182006835938,-84.4075698852539,-84.02050018310547,0.0
-79.91283416748047,-80.38420104980469,-80.6228256225586,-80.13607025146484,-79.97947692871094,-78.21747589111328,-79.92295837402344,-82.30143737792969,-82.45671081542969,-82.43624114990234,-82.4834213256836,-82.55278015136719,-83.76612091064453,-84.21414947509766,-83.7710952758789,-83.060791015625,-82.86280059814453,-82.83135223388672,-83.97087860107422,-84.3565673828125,-84.44153594970703,-85.05104064941406,-85.28522491455078,-84.21548461914062,-84.4380111694336,-82.84473419189453,-82.85065460205078,-83.47685241699219,-83.6547622680664,-83.66471099853516,-83.65420532226562,-84.22779846191406,-83.85650634765625,-83.71157836914062,-82.53435516357422,-82.7088394165039,-82.80632019042969,-82.80546569824219,-85.65821075439453,-84.92401885986328,-85.14236450195312,-84.72946166992188,-84.61117553710938,-86.33505249023438,-85.8022689819336,-83.82975769042969,-83.77182006835938,-84.4075698852539,-84.02050018310547,-83.83283233642578,0.0
-80.38420104980469,-80.6228256225586,-80.13607025146484,-79.97947692871094,-78.21747589111328,-79.92295837402344,-82.30143737792969,-82.45671081542969,-82.43624114990234,-82.4834213256836,-82.55278015136719,-83.76612091064453,-84.21414947509766,-83.7710952758789,-83.060791015625,-82.86280059814453,-82.83135223388672,-83.97087860107422,-84.3565673828125,-84.44153594970703,-85.05104064941406,-85.28522491455078,-84.21548461914062,-84.4380111694336,-82.84473419189453,-82.85065460205078,-83.47685241699219,-83.6547622680664,-83.66471099853516,-83.65420532226562,-84.22779846191406,-83.85650634765625,-83.71157836914062,-82.53435516357422,-82.7088394165039,-82.80632019042969,-82.80546569824219,-85.65821075439453,-84.92401885986328,-85.14236450195312,-84.72946166992188,-84.61117553710938,-86.33505249023438,-85.8022689819336,-83.82975769042969,-83.77182006835938,-84.4075698852539,-84.02050018310547,-83.83283233642578,-83.770263671875,0.0
-80.6228256225586,-80.13607025146484,-79.97947692871094,-78.21747589111328,-79.92295837402344,-82.30143737792969,-82.45671081542969,-82.43624114990234,-82.4834213256836,-82.55278015136719,-83.76612091064453,-84.21414947509766,-83.7710952758789,-83.060791015625,-82.86280059814453,-82.83135223388672,-83.97087860107422,-84.3565673828125,-84.44153594970703,-85.05104064941406,-85.28522491455078,-84.21548461914062,-84.4380111694336,-82.84473419189453,-82.85065460205078,-83.47685241699219,-83.6547622680664,-83.66471099853516,-83.65420532226562,-84.22779846191406,-83.85650634765625,-83.71157836914062,-82.53435516357422,-82.7088394165039,-82.80632019042969,-82.80546569824219,-85.65821075439453,-84.92401885986328,-85.14236450195312,-84.72946166992188,-84.61117553710938,-86.33505249023438,-85.8022689819336,-83.82975769042969,-83.77182006835938,-84.4075698852539,-84.02050018310547,-83.83283233642578,-83.770263671875,-84.3173599243164,0.0
-80.13607025146484,-79.97947692871094,-78.21747589111328,-79.92295837402344,-82.30143737792969,-82.45671081542969,-82.43624114990234,-82.4834213256836,-82.55278015136719,-83.76612091064453,-84.21414947509766,-83.7710952758789,-83.060791015625,-82.86280059814453,-82.83135223388672,-83.97087860107422,-84.3565673828125,-84.44153594970703,-85.05104064941406,-85.28522491455078,-84.21548461914062,-84.4380111694336,-82.84473419189453,-82.85065460205078,-83.47685241699219,-83.6547622680664,-83.66471099853516,-83.65420532226562,-84.22779846191406,-83.85650634765625,-83.71157836914062,-82.53435516357422,-82.7088394165039,-82.80632019042969,-82.80546569824219,-85.65821075439453,-84.92401885986328,-85.14236450195312,-84.72946166992188,-84.61117553710938,-86.33505249023438,-85.8022689819336,-83.82975769042969,-83.77182006835938,-84.4075698852539,-84.02050018310547,-83.83283233642578,-83.770263671875,-84.3173599243164,-85.07403564453125,0.0
-79.97947692871094,-78.21747589111328,-79.92295837402344,-82.30143737792969,-82.45671081542969,-82.43624114990234,-82.4834213256836,-82.55278015136719,-83.76612091064453,-84.21414947509766,-83.7710952758789,-83.060791015625,-82.86280059814453,-82.83135223388672,-83.97087860107422,-84.3565673828125,-84.44153594970703,-85.05104064941406,-85.28522491455078,-84.21548461914062,-84.4380111694336,-82.84473419189453,-82.85065460205078,-83.47685241699219,-83.6547622680664,-83.66471099853516,-83.65420532226562,-84.22779846191406,-83.85650634765625,-83.71157836914062,-82.53435516357422,-82.7088394165039,-82.80632019042969,-82.80546569824219,-85.65821075439453,-84.92401885986328,-85.14236450195312,-84.72946166992188,-84.61117553710938,-86.33505249023438,-85.8022689819336,-83.82975769042969,-83.77182006835938,-84.4075698852539,-84.02050018310547,-83.83283233642578,-83.770263671875,-84.3173599243164,-85.07403564453125,-84.15975189208984,0.0
-78.21747589111328,-79.92295837402344,-82.30143737792969,-82.45671081542969,-82.43624114990234,-82.4834213256836,-82.55278015136719,-83.76612091064453,-84.21414947509766,-83.7710952758789,-83.060791015625,-82.86280059814453,-82.83135223388672,-83.97087860107422,-84.3565673828125,-84.44153594970703,-85.05104064941406,-85.28522491455078,-84.21548461914062,-84.4380111694336,-82.84473419189453,-82.85065460205078,-83.47685241699219,-83.6547622680664,-83.66471099853516,-83.65420532226562,-84.22779846191406,-83.85650634765625,-83.71157836914062,-82.53435516357422,-82.7088394165039,-82.80632019042969,-82.80546569824219,-85.65821075439453,-84.92401885986328,-85.14236450195312,-84.72946166992188,-84.61117553710938,-86.33505249023438,-85.8022689819336,-83.82975769042969,-83.77182006835938,-84.4075698852539,-84.02050018310547,-83.83283233642578,-83.770263671875,-84.3173599243164,-85.07403564453125,-84.15975189208984,-83.82206726074219,0.0
-79.92295837402344,-82.30143737792969,-82.45671081542969,-82.43624114990234,-82.4834213256836,-82.55278015136719,-83.76612091064453,-84.21414947509766,-83.7710952758789,-83.060791015625,-82.86280059814453,-82.83135223388672,-83.97087860107422,-84.3565673828125,-84.44153594970703,-85.05104064941406,-85.28522491455078,-84.21548461914062,-84.4380111694336,-82.84473419189453,-82.85065460205078,-83.47685241699219,-83.6547622680664,-83.66471099853516,-83.65420532226562,-84.22779846191406,-83.85650634765625,-83.71157836914062,-82.53435516357422,-82.7088394165039,-82.80632019042969,-82.80546569824219,-85.65821075439453,-84.92401885986328,-85.14236450195312,-84.72946166992188,-84.61117553710938,-86.33505249023438,-85.8022689819336,-83.82975769042969,-83.77182006835938,-84.4075698852539,-84.02050018310547,-83.83283233642578,-83.770263671875,-84.3173599243164,-85.07403564453125,-84.15975189208984,-83.82206726074219,-83.18077087402344,0.0
-82.30143737792969,-82.45671081542969,-82.43624114990234,-82.4834213256836,-82.55278015136719,-83.76612091064453,-84.21414947509766,-83.7710952758789,-83.060791015625,-82.86280059814453,-82.83135223388672,-83.97087860107422,-84.3565673828125,-84.44153594970703,-85.05104064941406,-85.28522491455078,-84.21548461914062,-84.4380111694336,-82.84473419189453,-82.85065460205078,-83.47685241699219,-83.6547622680664,-83.66471099853516,-83.65420532226562,-84.22779846191406,-83.85650634765625,-83.71157836914062,-82.53435516357422,-82.7088394165039,-82.80632019042969,-82.80546569824219,-85.65821075439453,-84.92401885986328,-85.14236450195312,-84.72946166992188,-84.61117553710938,-86.33505249023438,-85.8022689819336,-83.82975769042969,-83.77182006835938,-84.4075698852539,-84.02050018310547,-83.83283233642578,-83.770263671875,-84.3173599243164,-85.07403564453125,-84.15975189208984,-83.82206726074219,-83.18077087402344,-82.96571350097656,0.0
-82.45671081542969,-82.43624114990234,-82.4834213256836,-82.55278015136719,-83.76612091064453,-84.21414947509766,-83.7710952758789,-83.060791015625,-82.86280059814453,-82.83135223388672,-83.97087860107422,-84.3565673828125,-84.44153594970703,-85.05104064941406,-85.28522491455078,-84.21548461914062,-84.4380111694336,-82.84473419189453,-82.85065460205078,-83.47685241699219,-83.6547622680664,-83.66471099853516,-83.65420532226562,-84.22779846191406,-83.85650634765625,-83.71157836914062,-82.53435516357422,-82.7088394165039,-82.80632019042969,-82.80546569824219,-85.65821075439453,-84.92401885986328,-85.14236450195312,-84.72946166992188,-84.61117553710938,-86.33505249023438,-85.8022689819336,-83.82975769042969,-83.77182006835938,-84.4075698852539,-84.02050018310547,-83.83283233642578,-83.770263671875,-84.3173599243164,-85.07403564453125,-84.15975189208984,-83.82206726074219,-83.18077087402344,-82.96571350097656,-84.05339813232422,0.0
-82.43624114990234,-82.4834213256836,-82.55278015136719,-83.76612091064453,-84.21414947509766,-83.7710952758789,-83.060791015625,-82.86280059814453,-82.83135223388672,-83.97087860107422,-84.3565673828125,-84.44153594970703,-85.05104064941406,-85.28522491455078,-84.21548461914062,-84.4380111694336,-82.84473419189453,-82.85065460205078,-83.47685241699219,-83.6547622680664,-83.66471099853516,-83.65420532226562,-84.22779846191406,-83.85650634765625,-83.71157836914062,-82.53435516357422,-82.7088394165039,-82.80632019042969,-82.80546569824219,-85.65821075439453,-84.92401885986328,-85.14236450195312,-84.72946166992188,-84.61117553710938,-86.33505249023438,-85.8022689819336,-83.82975769042969,-83.77182006835938,-84.4075698852539,-84.02050018310547,-83.83283233642578,-83.770263671875,-84.3173599243164,-85.07403564453125,-84.15975189208984,-83.82206726074219,-83.18077087402344,-82.96571350097656,-84.05339813232422,-84.4170913696289,1.0
-82.4834213256836,-82.55278015136719,-83.76612091064453,-84.21414947509766,-83.7710952758789,-83.060791015625,-82.86280059814453,-82.83135223388672,-83.97087860107422,-84.3565673828125,-84.44153594970703,-85.05104064941406,-85.28522491455078,-84.21548461914062,-84.4380111694336,-82.84473419189453,-82.85065460205078,-83.47685241699219,-83.6547622680664,-83.66471099853516,-83.65420532226562,-84.22779846191406,-83.85650634765625,-83.71157836914062,-82.53435516357422,-82.7088394165039,-82.80632019042969,-82.80546569824219,-85.65821075439453,-84.92401885986328,-85.14236450195312,-84.72946166992188,-84.61117553710938,-86.33505249023438,-85.8022689819336,-83.82975769042969,-83.77182006835938,-84.4075698852539,-84.02050018310547,-83.83283233642578,-83.770263671875,-84.3173599243164,-85.07403564453125,-84.15975189208984,-83.82206726074219,-83.18077087402344,-82.96571350097656,-84.05339813232422,-84.4170913696289,-82.17594146728516,0.0
-82.55278015136719,-83.76612091064453,-84.21414947509766,-83.7710952758789,-83.060791015625,-82.86280059814453,-82.83135223388672,-83.97087860107422,-84.3565673828125,-84.44153594970703,-85.05104064941406,-85.28522491455078,-84.21548461914062,-84.4380111694336,-82.84473419189453,-82.85065460205078,-83.47685241699219,-83.6547622680664,-83.66471099853516,-83.65420532226562,-84.22779846191406,-83.85650634765625,-83.71157836914062,-82.53435516357422,-82.7088394165039,-82.80632019042969,-82.80546569824219,-85.65821075439453,-84.92401885986328,-85.14236450195312,-84.72946166992188,-84.61117553710938,-86.33505249023438,-85.8022689819336,-83.82975769042969,-83.77182006835938,-84.4075698852539,-84.02050018310547,-83.83283233642578,-83.770263671875,-84.3173599243164,-85.07403564453125,-84.15975189208984,-83.82206726074219,-83.18077087402344,-82.96571350097656,-84.05339813232422,-84.4170913696289,-82.17594146728516,-83.69731903076172,1.0
-83.76612091064453,-84.21414947509766,-83.7710952758789,-83.060791015625,-82.86280059814453,-82.83135223388672,-83.97087860107422,-84.3565673828125,-84.44153594970703,-85.05104064941406,-85.28522491455078,-84.21548461914062,-84.4380111694336,-82.84473419189453,-82.85065460205078,-83.47685241699219,-83.6547622680664,-83.66471099853516,-83.65420532226562,-84.22779846191406,-83.85650634765625,-83.71157836914062,-82.53435516357422,-82.7088394165039,-82.80632019042969,-82.80546569824219,-85.65821075439453,-84.92401885986328,-85.14236450195312,-84.72946166992188,-84.61117553710938,-86.33505249023438,-85.8022689819336,-83.82975769042969,-83.77182006835938,-84.4075698852539,-84.02050018310547,-83.83283233642578,-83.770263671875,-84.3173599243164,-85.07403564453125,-84.15975189208984,-83.82206726074219,-83.18077087402344,-82.96571350097656,-84.05339813232422,-84.4170913696289,-82.17594146728516,-83.69731903076172,-84.32029724121094,0.0
-84.21414947509766,-83.7710952758789,-83.060791015625,-82.86280059814453,-82.83135223388672,-83.97087860107422,-84.3565673828125,-84.44153594970703,-85.05104064941406,-85.28522491455078,-84.21548461914062,-84.4380111694336,-82.84473419189453,-82.85065460205078,-83.47685241699219,-83.6547622680664,-83.66471099853516,-83.65420532226562,-84.22779846191406,-83.85650634765625,-83.71157836914062,-82.53435516357422,-82.7088394165039,-82.80632019042969,-82.80546569824219,-85.65821075439453,-84.92401885986328,-85.14236450195312,-84.72946166992188,-84.61117553710938,-86.33505249023438,-85.8022689819336,-83.82975769042969,-83.77182006835938,-84.4075698852539,-84.02050018310547,-83.83283233642578,-83.770263671875,-84.3173599243164,-85.07403564453125,-84.15975189208984,-83.82206726074219,-83.18077087402344,-82.96571350097656,-84.05339813232422,-84.4170913696289,-82.17594146728516,-83.69731903076172,-84.32029724121094,-79.82469940185547,1.0
-83.7710952758789,-83.060791015625,-82.86280059814453,-82.83135223388672,-83.97087860107422,-84.3565673828125,-84.44153594970703,-85.05104064941406,-85.28522491455078,-84.21548461914062,-84.4380111694336,-82.84473419189453,-82.85065460205078,-83.47685241699219,-83.6547622680664,-83.66471099853516,-83.65420532226562,-84.22779846191406,-83.85650634765625,-83.71157836914062,-82.53435516357422,-82.7088394165039,-82.80632019042969,-82.80546569824219,-85.65821075439453,-84.92401885986328,-85.14236450195312,-84.72946166992188,-84.61117553710938,-86.33505249023438,-85.8022689819336,-83.82975769042969,-83.77182006835938,-84.4075698852539,-84.02050018310547,-83.83283233642578,-83.770263671875,-84.3173599243164,-85.07403564453125,-84.15975189208984,-83.82206726074219,-83.18077087402344,-82.96571350097656,-84.05339813232422,-84.4170913696289,-82.17594146728516,-83.69731903076172,-84.32029724121094,-79.82469940185547,-82.28778076171875,1.0
-83.060791015625,-82.86280059814453,-82.83135223388672,-83.97087860107422,-84.3565673828125,-84.44153594970703,-85.05104064941406,-85.28522491455078,-84.21548461914062,-84.4380111694336,-82.84473419189453,-82.85065460205078,-83.47685241699219,-83.6547622680664,-83.66471099853516,-83.65420532226562,-84.22779846191406,-83.85650634765625,-83.71157836914062,-82.53435516357422,-82.7088394165039,-82.80632019042969,-82.80546569824219,-85.65821075439453,-84.92401885986328,-85.14236450195312,-84.72946166992188,-84.61117553710938,-86.33505249023438,-85.8022689819336,-83.82975769042969,-83.77182006835938,-84.4075698852539,-84.02050018310547,-83.83283233642578,-83.770263671875,-84.3173599243164,-85.07403564453125,-84.15975189208984,-83.82206726074219,-83.18077087402344,-82.96571350097656,-84.05339813232422,-84.4170913696289,-82.17594146728516,-83.69731903076172,-84.32029724121094,-79.82469940185547,-82.28778076171875,-80.42351531982422,0.0
-82.86280059814453,-82.83135223388672,-83.97087860107422,-84.3565673828125,-84.44153594970703,-85.05104064941406,-85.28522491455078,-84.21548461914062,-84.4380111694336,-82.84473419189453,-82.85065460205078,-83.47685241699219,-83.6547622680664,-83.66471099853516,-83.65420532226562,-84.22779846191406,-83.85650634765625,-83.71157836914062,-82.53435516357422,-82.7088394165039,-82.80632019042969,-82.80546569824219,-85.65821075439453,-84.92401885986328,-85.14236450195312,-84.72946166992188,-84.61117553710938,-86.33505249023438,-85.8022689819336,-83.82975769042969,-83.77182006835938,-84.4075698852539,-84.02050018310547,-83.83283233642578,-83.770263671875,-84.3173599243164,-85.07403564453125,-84.15975189208984,-83.82206726074219,-83.18077087402344,-82.96571350097656,-84.05339813232422,-84.4170913696289,-82.17594146728516,-83.69731903076172,-84.32029724121094,-79.82469940185547,-82.28778076171875,-80.42351531982422,-81.91898345947266,0.0
-82.83135223388672,-83.97087860107422,-84.3565673828125,-84.44153594970703,-85.05104064941406,-85.28522491455078,-84.21548461914062,-84.4380111694336,-82.84473419189453,-82.85065460205078,-83.47685241699219,-83.6547622680664,-83.66471099853516,-83.65420532226562,-84.22779846191406,-83.85650634765625,-83.71157836914062,-82.53435516357422,-82.7088394165039,-82.80632019042969,-82.80546569824219,-85.65821075439453,-84.92401885986328,-85.14236450195312,-84.72946166992188,-84.61117553710938,-86.33505249023438,-85.8022689819336,-83.82975769042969,-83.77182006835938,-84.4075698852539,-84.02050018310547,-83.83283233642578,-83.770263671875,-84.3173599243164,-85.07403564453125,-84.15975189208984,-83.82206726074219,-83.18077087402344,-82.96571350097656,-84.05339813232422,-84.4170913696289,-82.17594146728516,-83.69731903076172,-84.32029724121094,-79.82469940185547,-82.28778076171875,-80.42351531982422,-81.91898345947266,-80.17582702636719,0.0
-83.97087860107422,-84.3565673828125,-84.44153594970703,-85.05104064941406,-85.28522491455078,-84.21548461914062,-84.4380111694336,-82.84473419189453,-82.85065460205078,-83.47685241699219,-83.6547622680664,-83.66471099853516,-83.65420532226562,-84.22779846191406,-83.85650634765625,-83.71157836914062,-82.53435516357422,-82.7088394165039,-82.80632019042969,-82.80546569824219,-85.65821075439453,-84.92401885986328,-85.14236450195312,-84.72946166992188,-84.61117553710938,-86.33505249023438,-85.8022689819336,-83.82975769042969,-83.77182006835938,-84.4075698852539,-84.02050018310547,-83.83283233642578,-83.770263671875,-84.3173599243164,-85.07403564453125,-84.15975189208984,-83.82206726074219,-83.18077087402344,-82.96571350097656,-84.05339813232422,-84.4170913696289,-82.17594146728516,-83.69731903076172,-84.32029724121094,-79.82469940185547,-82.28778076171875,-80.42351531982422,-81.91898345947266,-80.17582702636719,-80.04920196533203,1.0
-84.3565673828125,-84.44153594970703,-85.05104064941406,-85.28522491455078,-84.21548461914062,-84.4380111694336,-82.84473419189453,-82.85065460205078,-83.47685241699219,-83.6547622680664,-83.66471099853516,-83.65420532226562,-84.22779846191406,-83.85650634765625,-83.71157836914062,-82.53435516357422,-82.7088394165039,-82.80632019042969,-82.80546569824219,-85.65821075439453,-84.92401885986328,-85.14236450195312,-84.72946166992188,-84.61117553710938,-86.33505249023438,-85.8022689819336,-83.82975769042969,-83.77182006835938,-84.4075698852539,-84.02050018310547,-83.83283233642578,-83.770263671875,-84.3173599243164,-85.07403564453125,-84.15975189208984,-83.82206726074219,-83.18077087402344,-82.96571350097656,-84.05339813232422,-84.4170913696289,-82.17594146728516,-83.69731903076172,-84.32029724121094,-79.82469940185547,-82.28778076171875,-80.42351531982422,-81.91898345947266,-80.17582702636719,-80.04920196533203,-81.21794128417969,0.0
-84.44153594970703,-85.05104064941406,-85.28522491455078,-84.21548461914062,-84.4380111694336,-82.84473419189453,-82.85065460205078,-83.47685241699219,-83.6547622680664,-83.66471099853516,-83.65420532226562,-84.22779846191406,-83.85650634765625,-83.71157836914062,-82.53435516357422,-82.7088394165039,-82.80632019042969,-82.80546569824219,-85.65821075439453,-84.92401885986328,-85.14236450195312,-84.72946166992188,-84.61117553710938,-86.33505249023438,-85.8022689819336,-83.82975769042969,-83.77182006835938,-84.4075698852539,-84.02050018310547,-83.83283233642578,-83.770263671875,-84.3173599243164,-85.07403564453125,-84.15975189208984,-83.82206726074219,-83.18077087402344,-82.96571350097656,-84.05339813232422,-84.4170913696289,-82.17594146728516,-83.69731903076172,-84.32029724121094,-79.82469940185547,-82.28778076171875,-80.42351531982422,-81.91898345947266,-80.17582702636719,-80.04920196533203,-81.21794128417969,-81.59602355957031,0.0
-85.05104064941406,-85.28522491455078,-84.21548461914062,-84.4380111694336,-82.84473419189453,-82.85065460205078,-83.47685241699219,-83.6547622680664,-83.66471099853516,-83.65420532226562,-84.22779846191406,-83.85650634765625,-83.71157836914062,-82.53435516357422,-82.7088394165039,-82.80632019042969,-82.80546569824219,-85.65821075439453,-84.92401885986328,-85.14236450195312,-84.72946166992188,-84.61117553710938,-86.33505249023438,-85.8022689819336,-83.82975769042969,-83.77182006835938,-84.4075698852539,-84.02050018310547,-83.83283233642578,-83.770263671875,-84.3173599243164,-85.07403564453125,-84.15975189208984,-83.82206726074219,-83.18077087402344,-82.96571350097656,-84.05339813232422,-84.4170913696289,-82.17594146728516,-83.69731903076172,-84.32029724121094,-79.82469940185547,-82.28778076171875,-80.42351531982422,-81.91898345947266,-80.17582702636719,-80.04920196533203,-81.21794128417969,-81.59602355957031,-81.08451080322266,0.0
-85.28522491455078,-84.21548461914062,-84.4380111694336,-82.84473419189453,-82.85065460205078,-83.47685241699219,-83.6547622680664,-83.66471099853516,-83.65420532226562,-84.22779846191406,-83.85650634765625,-83.71157836914062,-82.53435516357422,-82.7088394165039,-82.80632019042969,-82.80546569824219,-85.65821075439453,-84.92401885986328,-85.14236450195312,-84.72946166992188,-84.61117553710938,-86.33505249023438,-85.8022689819336,-83.82975769042969,-83.77182006835938,-84.4075698852539,-84.02050018310547,-83.83283233642578,-83.770263671875,-84.3173599243164,-85.07403564453125,-84.15975189208984,-83.82206726074219,-83.18077087402344,-82.96571350097656,-84.05339813232422,-84.4170913696289,-82.17594146728516,-83.69731903076172,-84.32029724121094,-79.82469940185547,-82.28778076171875,-80.42351531982422,-81.91898345947266,-80.17582702636719,-80.04920196533203,-81.21794128417969,-81.59602355957031,-81.08451080322266,-80.32231903076172,0.0
-84.21548461914062,-84.4380111694336,-82.84473419189453,-82.85065460205078,-83.47685241699219,-83.6547622680664,-83.66471099853516,-83.65420532226562,-84.22779846191406,-83.85650634765625,-83.71157836914062,-82.53435516357422,-82.7088394165039,-82.80632019042969,-82.80546569824219,-85.65821075439453,-84.92401885986328,-85.14236450195312,-84.72946166992188,-84.61117553710938,-86.33505249023438,-85.8022689819336,-83.82975769042969,-83.77182006835938,-84.4075698852539,-84.02050018310547,-83.83283233642578,-83.770263671875,-84.3173599243164,-85.07403564453125,-84.15975189208984,-83.82206726074219,-83.18077087402344,-82.96571350097656,-84.05339813232422,-84.4170913696289,-82.17594146728516,-83.69731903076172,-84.32029724121094,-79.82469940185547,-82.28778076171875,-80.42351531982422,-81.91898345947266,-80.17582702636719,-80.04920196533203,-81.21794128417969,-81.59602355957031,-81.08451080322266,-80.32231903076172,-81.24710845947266,0.0
-84.4380111694336,-82.84473419189453,-82.85065460205078,-83.47685241699219,-83.6547622680664,-83.66471099853516,-83.65420532226562,-84.22779846191406,-83.85650634765625,-83.71157836914062,-82.53435516357422,-82.7088394165039,-82.80632019042969,-82.80546569824219,-85.65821075439453,-84.92401885986328,-85.14236450195312,-84.72946166992188,-84.61117553710938,-86.33505249023438,-85.8022689819336,-83.82975769042969,-83.77182006835938,-84.4075698852539,-84.02050018310547,-83.83283233642578,-83.770263671875,-84.3173599243164,-85.07403564453125,-84.15975189208984,-83.82206726074219,-83.18077087402344,-82.96571350097656,-84.05339813232422,-84.4170913696289,-82.17594146728516,-83.69731903076172,-84.32029724121094,-79.82469940185547,-82.28778076171875,-80.42351531982422,-81.91898345947266,-80.17582702636719,-80.04920196533203,-81.21794128417969,-81.59602355957031,-81.08451080322266,-80.32231903076172,-81.24710845947266,-82.17671966552734,1.0
-82.84473419189453,-82.85065460205078,-83.47685241699219,-83.6547622680664,-83.66471099853516,-83.65420532226562,-84.22779846191406,-83.85650634765625,-83.71157836914062,-82.53435516357422,-82.7088394165039,-82.80632019042969,-82.80546569824219,-85.65821075439453,-84.92401885986328,-85.14236450195312,-84.72946166992188,-84.61117553710938,-86.33505249023438,-85.8022689819336,-83.82975769042969,-83.77182006835938,-84.4075698852539,-84.02050018310547,-83.83283233642578,-83.770263671875,-84.3173599243164,-85.07403564453125,-84.15975189208984,-83.82206726074219,-83.18077087402344,-82.96571350097656,-84.05339813232422,-84.4170913696289,-82.17594146728516,-83.69731903076172,-84.32029724121094,-79.82469940185547,-82.28778076171875,-80.42351531982422,-81.91898345947266,-80.17582702636719,-80.04920196533203,-81.21794128417969,-81.59602355957031,-81.08451080322266,-80.32231903076172,-81.24710845947266,-82.17671966552734,-79.56272888183594,1.0
-82.85065460205078,-83.47685241699219,-83.6547622680664,-83.66471099853516,-83.65420532226562,-84.22779846191406,-83.85650634765625,-83.71157836914062,-82.53435516357422,-82.7088394165039,-82.80632019042969,-82.80546569824219,-85.65821075439453,-84.92401885986328,-85.14236450195312,-84.72946166992188,-84.61117553710938,-86.33505249023438,-85.8022689819336,-83.82975769042969,-83.77182006835938,-84.4075698852539,-84.02050018310547,-83.83283233642578,-83.770263671875,-84.3173599243164,-85.07403564453125,-84.15975189208984,-83.82206726074219,-83.18077087402344,-82.96571350097656,-84.05339813232422,-84.4170913696289,-82.17594146728516,-83.69731903076172,-84.32029724121094,-79.82469940185547,-82.28778076171875,-80.42351531982422,-81.91898345947266,-80.17582702636719,-80.04920196533203,-81.21794128417969,-81.59602355957031,-81.08451080322266,-80.32231903076172,-81.24710845947266,-82.17671966552734,-79.56272888183594,-82.09598541259766,1.0
-83.47685241699219,-83.6547622680664,-83.66471099853516,-83.65420532226562,-84.22779846191406,-83.85650634765625,-83.71157836914062,-82.53435516357422,-82.7088394165039,-82.80632019042969,-82.80546569824219,-85.65821075439453,-84.92401885986328,-85.14236450195312,-84.72946166992188,-84.61117553710938,-86.33505249023438,-85.8022689819336,-83.82975769042969,-83.77182006835938,-84.4075698852539,-84.02050018310547,-83.83283233642578,-83.770263671875,-84.3173599243164,-85.07403564453125,-84.15975189208984,-83.82206726074219,-83.18077087402344,-82.96571350097656,-84.05339813232422,-84.4170913696289,-82.17594146728516,-83.69731903076172,-84.32029724121094,-79.82469940185547,-82.28778076171875,-80.42351531982422,-81.91898345947266,-80.17582702636719,-80.04920196533203,-81.21794128417969,-81.59602355957031,-81.08451080322266,-80.32231903076172,-81.24710845947266,-82.17671966552734,-79.56272888183594,-82.09598541259766,-80.78477478027344,0.0
-83.6547622680664,-83.66471099853516,-83.65420532226562,-84.22779846191406,-83.85650634765625,-83.71157836914062,-82.53435516357422,-82.7088394165039,-82.80632019042969,-82.80546569824219,-85.65821075439453,-84.92401885986328,-85.14236450195312,-84.72946166992188,-84.61117553710938,-86.33505249023438,-85.8022689819336,-83.82975769042969,-83.77182006835938,-84.4075698852539,-84.02050018310547,-83.83283233642578,-83.770263671875,-84.3173599243164,-85.07403564453125,-84.15975189208984,-83.82206726074219,-83.18077087402344,-82.96571350097656,-84.05339813232422,-84.4170913696289,-82.17594146728516,-83.69731903076172,-84.32029724121094,-79.82469940185547,-82.28778076171875,-80.42351531982422,-81.91898345947266,-80.17582702636719,-80.04920196533203,-81.21794128417969,-81.59602355957031,-81.08451080322266,-80.32231903076172,-81.24710845947266,-82.17671966552734,-79.56272888183594,-82.09598541259766,-80.78477478027344,-79.62737274169922,0.0
-83.66471099853516,-83.65420532226562,-84.22779846191406,-83.85650634765625,-83.71157836914062,-82.53435516357422,-82.7088394165039,-82.80632019042969,-82.80546569824219,-85.65821075439453,-84.92401885986328,-85.14236450195312,-84.72946166992188,-84.61117553710938,-86.33505249023438,-85.8022689819336,-83.82975769042969,-83.77182006835938,-84.4075698852539,-84.02050018310547,-83.83283233642578,-83.770263671875,-84.3173599243164,-85.07403564453125,-84.15975189208984,-83.82206726074219,-83.18077087402344,-82.96571350097656,-84.05339813232422,-84.4170913696289,-82.17594146728516,-83.69731903076172,-84.32029724121094,-79.82469940185547,-82.28778076171875,-80.42351531982422,-81.91898345947266,-80.17582702636719,-80.04920196533203,-81.21794128417969,-81.59602355957031,-81.08451080322266,-80.32231903076172,-81.24710845947266,-82.17671966552734,-79.56272888183594,-82.09598541259766,-80.78477478027344,-79.62737274169922,-78.71172332763672,1.0
-83.65420532226562,-84.22779846191406,-83.85650634765625,-83.71157836914062,-82.53435516357422,-82.7088394165039,-82.80632019042969,-82.80546569824219,-85.65821075439453,-84.92401885986328,-85.14236450195312,-84.72946166992188,-84.61117553710938,-86.33505249023438,-85.8022689819336,-83.82975769042969,-83.77182006835938,-84.4075698852539,-84.02050018310547,-83.83283233642578,-83.770263671875,-84.3173599243164,-85.07403564453125,-84.15975189208984,-83.82206726074219,-83.18077087402344,-82.96571350097656,-84.05339813232422,-84.4170913696289,-82.17594146728516,-83.69731903076172,-84.32029724121094,-79.82469940185547,-82.28778076171875,-80.42351531982422,-81.91898345947266,-80.17582702636719,-80.04920196533203,-81.21794128417969,-81.59602355957031,-81.08451080322266,-80.32231903076172,-81.24710845947266,-82.17671966552734,-79.56272888183594,-82.09598541259766,-80.78477478027344,-79.62737274169922,-78.71172332763672,-78.42010498046875,0.0
-84.22779846191406,-83.85650634765625,-83.71157836914062,-82.53435516357422,-82.7088394165039,-82.80632019042969,-82.80546569824219,-85.65821075439453,-84.92401885986328,-85.14236450195312,-84.72946166992188,-84.61117553710938,-86.33505249023438,-85.8022689819336,-83.82975769042969,-83.77182006835938,-84.4075698852539,-84.02050018310547,-83.83283233642578,-83.770263671875,-84.3173599243164,-85.07403564453125,-84.15975189208984,-83.82206726074219,-83.18077087402344,-82.96571350097656,-84.05339813232422,-84.4170913696289,-82.17594146728516,-83.69731903076172,-84.32029724121094,-79.82469940185547,-82.28778076171875,-80.42351531982422,-81.91898345947266,-80.17582702636719,-80.04920196533203,-81.21794128417969,-81.59602355957031,-81.08451080322266,-80.32231903076172,-81.24710845947266,-82.17671966552734,-79.56272888183594,-82.09598541259766,-80.78477478027344,-79.62737274169922,-78.71172332763672,-78.42010498046875,-78.31349182128906,1.0
-83.85650634765625,-83.71157836914062,-82.53435516357422,-82.7088394165039,-82.80632019042969,-82.80546569824219,-85.65821075439453,-84.92401885986328,-85.14236450195312,-84.72946166992188,-84.61117553710938,-86.33505249023438,-85.8022689819336,-83.82975769042969,-83.77182006835938,-84.4075698852539,-84.02050018310547,-83.83283233642578,-83.770263671875,-84.3173599243164,-85.07403564453125,-84.15975189208984,-83.82206726074219,-83.18077087402344,-82.96571350097656,-84.05339813232422,-84.4170913696289,-82.17594146728516,-83.69731903076172,-84.32029724121094,-79.82469940185547,-82.28778076171875,-80.42351531982422,-81.91898345947266,-80.17582702636719,-80.04920196533203,-81.21794128417969,-81.59602355957031,-81.08451080322266,-80.32231903076172,-81.24710845947266,-82.17671966552734,-79.56272888183594,-82.09598541259766,-80.78477478027344,-79.62737274169922,-78.71172332763672,-78.42010498046875,-78.31349182128906,-76.4948501586914,1.0
-83.71157836914062,-82.53435516357422,-82.7088394165039,-82.80632019042969,-82.80546569824219,-85.65821075439453,-84.92401885986328,-85.14236450195312,-84.72946166992188,-84.61117553710938,-86.33505249023438,-85.8022689819336,-83.82975769042969,-83.77182006835938,-84.4075698852539,-84.02050018310547,-83.83283233642578,-83.770263671875,-84.3173599243164,-85.07403564453125,-84.15975189208984,-83.82206726074219,-83.18077087402344,-82.96571350097656,-84.05339813232422,-84.4170913696289,-82.17594146728516,-83.69731903076172,-84.32029724121094,-79.82469940185547,-82.28778076171875,-80.42351531982422,-81.91898345947266,-80.17582702636719,-80.04920196533203,-81.21794128417969,-81.59602355957031,-81.08451080322266,-80.32231903076172,-81.24710845947266,-82.17671966552734,-79.56272888183594,-82.09598541259766,-80.78477478027344,-79.62737274169922,-78.71172332763672,-78.42010498046875,-78.31349182128906,-76.4948501586914,-76.9825668334961,0.0
-82.53435516357422,-82.7088394165039,-82.80632019042969,-82.80546569824219,-85.65821075439453,-84.92401885986328,-85.14236450195312,-84.72946166992188,-84.61117553710938,-86.33505249023438,-85.8022689819336,-83.82975769042969,-83.77182006835938,-84.4075698852539,-84.02050018310547,-83.83283233642578,-83.770263671875,-84.3173599243164,-85.07403564453125,-84.15975189208984,-83.82206726074219,-83.18077087402344,-82.96571350097656,-84.05339813232422,-84.4170913696289,-82.17594146728516,-83.69731903076172,-84.32029724121094,-79.82469940185547,-82.28778076171875,-80.42351531982422,-81.91898345947266,-80.17582702636719,-80.04920196533203,-81.21794128417969,-81.59602355957031,-81.08451080322266,-80.32231903076172,-81.24710845947266,-82.17671966552734,-79.56272888183594,-82.09598541259766,-80.78477478027344,-79.62737274169922,-78.71172332763672,-78.42010498046875,-78.31349182128906,-76.4948501586914,-76.9825668334961,-78.91847229003906,1.0
-82.7088394165039,-82.80632019042969,-82.80546569824219,-85.65821075439453,-84.92401885986328,-85.14236450195312,-84.72946166992188,-84.61117553710938,-86.33505249023438,-85.8022689819336,-83.82975769042969,-83.77182006835938,-84.4075698852539,-84.02050018310547,-83.83283233642578,-83.770263671875,-84.3173599243164,-85.07403564453125,-84.15975189208984,-83.82206726074219,-83.18077087402344,-82.96571350097656,-84.05339813232422,-84.4170913696289,-82.17594146728516,-83.69731903076172,-84.32029724121094,-79.82469940185547,-82.28778076171875,-80.42351531982422,-81.91898345947266,-80.17582702636719,-80.04920196533203,-81.21794128417969,-81.59602355957031,-81.08451080322266,-80.32231903076172,-81.24710845947266,-82.17671966552734,-79.56272888183594,-82.09598541259766,-80.78477478027344,-79.62737274169922,-78.71172332763672,-78.42010498046875,-78.31349182128906,-76.4948501586914,-76.9825668334961,-78.91847229003906,-78.94035339355469,0.0
-82.80632019042969,-82.80546569824219,-85.65821075439453,-84.92401885986328,-85.14236450195312,-84.72946166992188,-84.61117553710938,-86.33505249023438,-85.8022689819336,-83.82975769042969,-83.77182006835938,-84.4075698852539,-84.02050018310547,-83.83283233642578,-83.770263671875,-84.3173599243164,-85.07403564453125,-84.15975189208984,-83.82206726074219,-83.18077087402344,-82.96571350097656,-84.05339813232422,-84.4170913696289,-82.17594146728516,-83.69731903076172,-84.32029724121094,-79.82469940185547,-82.28778076171875,-80.42351531982422,-81.91898345947266,-80.17582702636719,-80.04920196533203,-81.21794128417969,-81.59602355957031,-81.08451080322266,-80.32231903076172,-81.24710845947266,-82.17671966552734,-79.56272888183594,-82.09598541259766,-80.78477478027344,-79.62737274169922,-78.71172332763672,-78.42010498046875,-78.31349182128906,-76.4948501586914,-76.9825668334961,-78.91847229003906,-78.94035339355469,-78.27384948730469,0.0
-82.80546569824219,-85.65821075439453,-84.92401885986328,-85.14236450195312,-84.72946166992188,-84.61117553710938,-86.33505249023438,-85.8022689819336,-83.82975769042969,-83.77182006835938,-84.4075698852539,-84.02050018310547,-83.83283233642578,-83.770263671875,-84.3173599243164,-85.07403564453125,-84.15975189208984,-83.82206726074219,-83.18077087402344,-82.96571350097656,-84.05339813232422,-84.4170913696289,-82.17594146728516,-83.69731903076172,-84.32029724121094,-79.82469940185547,-82.28778076171875,-80.42351531982422,-81.91898345947266,-80.17582702636719,-80.04920196533203,-81.21794128417969,-81.59602355957031,-81.08451080322266,-80.32231903076172,-81.24710845947266,-82.17671966552734,-79.56272888183594,-82.09598541259766,-80.78477478027344,-79.62737274169922,-78.71172332763672,-78.42010498046875,-78.31349182128906,-76.4948501586914,-76.9825668334961,-78.91847229003906,-78.94035339355469,-78.27384948730469,-78.0649185180664,0.0
-85.65821075439453,-84.92401885986328,-85.14236450195312,-84.72946166992188,-84.61117553710938,-86.33505249023438,-85.8022689819336,-83.82975769042969,-83.77182006835938,-84.4075698852539,-84.02050018310547,-83.83283233642578,-83.770263671875,-84.3173599243164,-85.07403564453125,-84.15975189208984,-83.82206726074219,-83.18077087402344,-82.96571350097656,-84.05339813232422,-84.4170913696289,-82.17594146728516,-83.69731903076172,-84.32029724121094,-79.82469940185547,-82.28778076171875,-80.42351531982422,-81.91898345947266,-80.17582702636719,-80.04920196533203,-81.21794128417969,-81.59602355957031,-81.08451080322266,-80.32231903076172,-81.24710845947266,-82.17671966552734,-79.56272888183594,-82.09598541259766,-80.78477478027344,-79.62737274169922,-78.71172332763672,-78.42010498046875,-78.31349182128906,-76.4948501586914,-76.9825668334961,-78.91847229003906,-78.94035339355469,-78.27384948730469,-78.0649185180664,-78.61812591552734,0.0
-84.92401885986328,-85.14236450195312,-84.72946166992188,-84.61117553710938,-86.33505249023438,-85.8022689819336,-83.82975769042969,-83.77182006835938,-84.4075698852539,-84.02050018310547,-83.83283233642578,-83.770263671875,-84.3173599243164,-85.07403564453125,-84.15975189208984,-83.82206726074219,-83.18077087402344,-82.96571350097656,-84.05339813232422,-84.4170913696289,-82.17594146728516,-83.69731903076172,-84.32029724121094,-79.82469940185547,-82.28778076171875,-80.42351531982422,-81.91898345947266,-80.17582702636719,-80.04920196533203,-81.21794128417969,-81.59602355957031,-81.08451080322266,-80.32231903076172,-81.24710845947266,-82.17671966552734,-79.56272888183594,-82.09598541259766,-80.78477478027344,-79.62737274169922,-78.71172332763672,-78.42010498046875,-78.31349182128906,-76.4948501586914,-76.9825668334961,-78.91847229003906,-78.94035339355469,-78.27384948730469,-78.0649185180664,-78.61812591552734,-78.82382202148438,0.0
-85.14236450195312,-84.72946166992188,-84.61117553710938,-86.33505249023438,-85.8022689819336,-83.82975769042969,-83.77182006835938,-84.4075698852539,-84.02050018310547,-83.83283233642578,-83.770263671875,-84.3173599243164,-85.07403564453125,-84.15975189208984,-83.82206726074219,-83.18077087402344,-82.96571350097656,-84.05339813232422,-84.4170913696289,-82.17594146728516,-83.69731903076172,-84.32029724121094,-79.82469940185547,-82.28778076171875,-80.42351531982422,-81.91898345947266,-80.17582702636719,-80.04920196533203,-81.21794128417969,-81.59602355957031,-81.08451080322266,-80.32231903076172,-81.24710845947266,-82.17671966552734,-79.56272888183594,-82.09598541259766,-80.78477478027344,-79.62737274169922,-78.71172332763672,-78.42010498046875,-78.31349182128906,-76.4948501586914,-76.9825668334961,-78.91847229003906,-78.94035339355469,-78.27384948730469,-78.0649185180664,-78.61812591552734,-78.82382202148438,-78.87572479248047,0.0
-84.72946166992188,-84.61117553710938,-86.33505249023438,-85.8022689819336,-83.82975769042969,-83.77182006835938,-84.4075698852539,-84.02050018310547,-83.83283233642578,-83.770263671875,-84.3173599243164,-85.07403564453125,-84.15975189208984,-83.82206726074219,-83.18077087402344,-82.96571350097656,-84.05339813232422,-84.4170913696289,-82.17594146728516,-83.69731903076172,-84.32029724121094,-79.82469940185547,-82.28778076171875,-80.42351531982422,-81.91898345947266,-80.17582702636719,-80.04920196533203,-81.21794128417969,-81.59602355957031,-81.08451080322266,-80.32231903076172,-81.24710845947266,-82.17671966552734,-79.56272888183594,-82.09598541259766,-80.78477478027344,-79.62737274169922,-78.71172332763672,-78.42010498046875,-78.31349182128906,-76.4948501586914,-76.9825668334961,-78.91847229003906,-78.94035339355469,-78.27384948730469,-78.0649185180664,-78.61812591552734,-78.82382202148438,-78.87572479248047,-75.41061401367188,0.0
-84.61117553710938,-86.33505249023438,-85.8022689819336,-83.82975769042969,-83.77182006835938,-84.4075698852539,-84.02050018310547,-83.83283233642578,-83.770263671875,-84.3173599243164,-85.07403564453125,-84.15975189208984,-83.82206726074219,-83.18077087402344,-82.96571350097656,-84.05339813232422,-84.4170913696289,-82.17594146728516,-83.69731903076172,-84.32029724121094,-79.82469940185547,-82.28778076171875,-80.42351531982422,-81.91898345947266,-80.17582702636719,-80.04920196533203,-81.21794128417969,-81.59602355957031,-81.08451080322266,-80.32231903076172,-81.24710845947266,-82.17671966552734,-79.56272888183594,-82.09598541259766,-80.78477478027344,-79.62737274169922,-78.71172332763672,-78.42010498046875,-78.31349182128906,-76.4948501586914,-76.9825668334961,-78.91847229003906,-78.94035339355469,-78.27384948730469,-78.0649185180664,-78.61812591552734,-78.82382202148438,-78.87572479248047,-75.41061401367188,-75.9543685913086,1.0
-86.33505249023438,-85.8022689819336,-83.82975769042969,-83.77182006835938,-84.4075698852539,-84.02050018310547,-83.83283233642578,-83.770263671875,-84.3173599243164,-85.07403564453125,-84.15975189208984,-83.82206726074219,-83.18077087402344,-82.96571350097656,-84.05339813232422,-84.4170913696289,-82.17594146728516,-83.69731903076172,-84.32029724121094,-79.82469940185547,-82.28778076171875,-80.42351531982422,-81.91898345947266,-80.17582702636719,-80.04920196533203,-81.21794128417969,-81.59602355957031,-81.08451080322266,-80.32231903076172,-81.24710845947266,-82.17671966552734,-79.56272888183594,-82.09598541259766,-80.78477478027344,-79.62737274169922,-78.71172332763672,-78.42010498046875,-78.31349182128906,-76.4948501586914,-76.9825668334961,-78.91847229003906,-78.94035339355469,-78.27384948730469,-78.0649185180664,-78.61812591552734,-78.82382202148438,-78.87572479248047,-75.41061401367188,-75.9543685913086,-78.58267211914062,1.0
-85.8022689819336,-83.82975769042969,-83.77182006835938,-84.4075698852539,-84.02050018310547,-83.83283233642578,-83.770263671875,-84.3173599243164,-85.07403564453125,-84.15975189208984,-83.82206726074219,-83.18077087402344,-82.96571350097656,-84.05339813232422,-84.4170913696289,-82.17594146728516,-83.69731903076172,-84.32029724121094,-79.82469940185547,-82.28778076171875,-80.42351531982422,-81.91898345947266,-80.17582702636719,-80.04920196533203,-81.21794128417969,-81.59602355957031,-81.08451080322266,-80.32231903076172,-81.24710845947266,-82.17671966552734,-79.56272888183594,-82.09598541259766,-80.78477478027344,-79.62737274169922,-78.71172332763672,-78.42010498046875,-78.31349182128906,-76.4948501586914,-76.9825668334961,-78.91847229003906,-78.94035339355469,-78.27384948730469,-78.0649185180664,-78.61812591552734,-78.82382202148438,-78.87572479248047,-75.41061401367188,-75.9543685913086,-78.58267211914062,-77.09174346923828,0.0
-83.82975769042969,-83.77182006835938,-84.4075698852539,-84.02050018310547,-83.83283233642578,-83.770263671875,-84.3173599243164,-85.07403564453125,-84.15975189208984,-83.82206726074219,-83.18077087402344,-82.96571350097656,-84.05339813232422,-84.4170913696289,-82.17594146728516,-83.69731903076172,-84.32029724121094,-79.82469940185547,-82.28778076171875,-80.42351531982422,-81.91898345947266,-80.17582702636719,-80.04920196533203,-81.21794128417969,-81.59602355957031,-81.08451080322266,-80.32231903076172,-81.24710845947266,-82.17671966552734,-79.56272888183594,-82.09598541259766,-80.78477478027344,-79.62737274169922,-78.71172332763672,-78.42010498046875,-78.31349182128906,-76.4948501586914,-76.9825668334961,-78.91847229003906,-78.94035339355469,-78.27384948730469,-78.0649185180664,-78.61812591552734,-78.82382202148438,-78.87572479248047,-75.41061401367188,-75.9543685913086,-78.58267211914062,-77.09174346923828,-78.76040649414062,0.0
-83.77182006835938,-84.4075698852539,-84.02050018310547,-83.83283233642578,-83.770263671875,-84.3173599243164,-85.07403564453125,-84.15975189208984,-83.82206726074219,-83.18077087402344,-82.96571350097656,-84.05339813232422,-84.4170913696289,-82.17594146728516,-83.69731903076172,-84.32029724121094,-79.82469940185547,-82.28778076171875,-80.42351531982422,-81.91898345947266,-80.17582702636719,-80.04920196533203,-81.21794128417969,-81.59602355957031,-81.08451080322266,-80.32231903076172,-81.24710845947266,-82.17671966552734,-79.56272888183594,-82.09598541259766,-80.78477478027344,-79.62737274169922,-78.71172332763672,-78.42010498046875,-78.31349182128906,-76.4948501586914,-76.9825668334961,-78.91847229003906,-78.94035339355469,-78.27384948730469,-78.0649185180664,-78.61812591552734,-78.82382202148438,-78.87572479248047,-75.41061401367188,-75.9543685913086,-78.58267211914062,-77.09174346923828,-78.76040649414062,-79.42076110839844,0.0
-84.4075698852539,-84.02050018310547,-83.83283233642578,-83.770263671875,-84.3173599243164,-85.07403564453125,-84.15975189208984,-83.82206726074219,-83.18077087402344,-82.96571350097656,-84.05339813232422,-84.4170913696289,-82.17594146728516,-83.69731903076172,-84.32029724121094,-79.82469940185547,-82.28778076171875,-80.42351531982422,-81.91898345947266,-80.17582702636719,-80.04920196533203,-81.21794128417969,-81.59602355957031,-81.08451080322266,-80.32231903076172,-81.24710845947266,-82.17671966552734,-79.56272888183594,-82.09598541259766,-80.78477478027344,-79.62737274169922,-78.71172332763672,-78.42010498046875,-78.31349182128906,-76.4948501586914,-76.9825668334961,-78.91847229003906,-78.94035339355469,-78.27384948730469,-78.0649185180664,-78.61812591552734,-78.82382202148438,-78.87572479248047,-75.41061401367188,-75.9543685913086,-78.58267211914062,-77.09174346923828,-78.76040649414062,-79.42076110839844,-75.52658081054688,0.0
-84.02050018310547,-83.83283233642578,-83.770263671875,-84.3173599243164,-85.07403564453125,-84.15975189208984,-83.82206726074219,-83.18077087402344,-82.96571350097656,-84.05339813232422,-84.4170913696289,-82.17594146728516,-83.69731903076172,-84.32029724121094,-79.82469940185547,-82.28778076171875,-80.42351531982422,-81.91898345947266,-80.17582702636719,-80.04920196533203,-81.21794128417969,-81.59602355957031,-81.08451080322266,-80.32231903076172,-81.24710845947266,-82.17671966552734,-79.56272888183594,-82.09598541259766,-80.78477478027344,-79.62737274169922,-78.71172332763672,-78.42010498046875,-78.31349182128906,-76.4948501586914,-76.9825668334961,-78.91847229003906,-78.94035339355469,-78.27384948730469,-78.0649185180664,-78.61812591552734,-78.82382202148438,-78.87572479248047,-75.41061401367188,-75.9543685913086,-78.58267211914062,-77.09174346923828,-78.76040649414062,-79.42076110839844,-75.52658081054688,-77.08415222167969,1.0
-83.83283233642578,-83.770263671875,-84.3173599243164,-85.07403564453125,-84.15975189208984,-83.82206726074219,-83.18077087402344,-82.96571350097656,-84.05339813232422,-84.4170913696289,-82.17594146728516,-83.69731903076172,-84.32029724121094,-79.82469940185547,-82.28778076171875,-80.42351531982422,-81.91898345947266,-80.17582702636719,-80.04920196533203,-81.21794128417969,-81.59602355957031,-81.08451080322266,-80.32231903076172,-81.24710845947266,-82.17671966552734,-79.56272888183594,-82.09598541259766,-80.78477478027344,-79.62737274169922,-78.71172332763672,-78.42010498046875,-78.31349182128906,-76.4948501586914,-76.9825668334961,-78.91847229003906,-78.94035339355469,-78.27384948730469,-78.0649185180664,-78.61812591552734,-78.82382202148438,-78.87572479248047,-75.41061401367188,-75.9543685913086,-78.58267211914062,-77.09174346923828,-78.76040649414062,-79.42076110839844,-75.52658081054688,-77.08415222167969,-77.79457092285156,1.0
-83.770263671875,-84.3173599243164,-85.07403564453125,-84.15975189208984,-83.82206726074219,-83.18077087402344,-82.96571350097656,-84.05339813232422,-84.4170913696289,-82.17594146728516,-83.69731903076172,-84.32029724121094,-79.82469940185547,-82.28778076171875,-80.42351531982422,-81.91898345947266,-80.17582702636719,-80.04920196533203,-81.21794128417969,-81.59602355957031,-81.08451080322266,-80.32231903076172,-81.24710845947266,-82.17671966552734,-79.56272888183594,-82.09598541259766,-80.78477478027344,-79.62737274169922,-78.71172332763672,-78.42010498046875,-78.31349182128906,-76.4948501586914,-76.9825668334961,-78.91847229003906,-78.94035339355469,-78.27384948730469,-78.0649185180664,-78.61812591552734,-78.82382202148438,-78.87572479248047,-75.41061401367188,-75.9543685913086,-78.58267211914062,-77.09174346923828,-78.76040649414062,-79.42076110839844,-75.52658081054688,-77.08415222167969,-77.79457092285156,-75.61048126220703,0.0
-84.3173599243164,-85.07403564453125,-84.15975189208984,-83.82206726074219,-83.18077087402344,-82.96571350097656,-84.05339813232422,-84.4170913696289,-82.17594146728516,-83.69731903076172,-84.32029724121094,-79.82469940185547,-82.28778076171875,-80.42351531982422,-81.91898345947266,-80.17582702636719,-80.04920196533203,-81.21794128417969,-81.59602355957031,-81.08451080322266,-80.32231903076172,-81.24710845947266,-82.17671966552734,-79.56272888183594,-82.09598541259766,-80.78477478027344,-79.62737274169922,-78.71172332763672,-78.42010498046875,-78.31349182128906,-76.4948501586914,-76.9825668334961,-78.91847229003906,-78.94035339355469,-78.27384948730469,-78.0649185180664,-78.61812591552734,-78.82382202148438,-78.87572479248047,-75.41061401367188,-75.9543685913086,-78.58267211914062,-77.09174346923828,-78.76040649414062,-79.42076110839844,-75.52658081054688,-77.08415222167969,-77.79457092285156,-75.61048126220703,-73.64639282226562,0.0
-85.07403564453125,-84.15975189208984,-83.82206726074219,-83.18077087402344,-82.96571350097656,-84.05339813232422,-84.4170913696289,-82.17594146728516,-83.69731903076172,-84.32029724121094,-79.82469940185547,-82.28778076171875,-80.42351531982422,-81.91898345947266,-80.17582702636719,-80.04920196533203,-81.21794128417969,-81.59602355957031,-81.08451080322266,-80.32231903076172,-81.24710845947266,-82.17671966552734,-79.56272888183594,-82.09598541259766,-80.78477478027344,-79.62737274169922,-78.71172332763672,-78.42010498046875,-78.31349182128906,-76.4948501586914,-76.9825668334961,-78.91847229003906,-78.94035339355469,-78.27384948730469,-78.0649185180664,-78.61812591552734,-78.82382202148438,-78.87572479248047,-75.41061401367188,-75.9543685913086,-78.58267211914062,-77.09174346923828,-78.76040649414062,-79.42076110839844,-75.52658081054688,-77.08415222167969,-77.79457092285156,-75.61048126220703,-73.64639282226562,-75.94278717041016,0.0
-84.15975189208984,-83.82206726074219,-83.18077087402344,-82.96571350097656,-84.05339813232422,-84.4170913696289,-82.17594146728516,-83.69731903076172,-84.32029724121094,-79.82469940185547,-82.28778076171875,-80.42351531982422,-81.91898345947266,-80.17582702636719,-80.04920196533203,-81.21794128417969,-81.59602355957031,-81.08451080322266,-80.32231903076172,-81.24710845947266,-82.17671966552734,-79.56272888183594,-82.09598541259766,-80.78477478027344,-79.62737274169922,-78.71172332763672,-78.42010498046875,-78.31349182128906,-76.4948501586914,-76.9825668334961,-78.91847229003906,-78.94035339355469,-78.27384948730469,-78.0649185180664,-78.61812591552734,-78.82382202148438,-78.87572479248047,-75.41061401367188,-75.9543685913086,-78.58267211914062,-77.09174346923828,-78.76040649414062,-79.42076110839844,-75.52658081054688,-77.08415222167969,-77.79457092285156,-75.61048126220703,-73.64639282226562,-75.94278717041016,-72.69071197509766,0.0
-83.82206726074219,-83.18077087402344,-82.96571350097656,-84.05339813232422,-84.4170913696289,-82.17594146728516,-83.69731903076172,-84.32029724121094,-79.82469940185547,-82.28778076171875,-80.42351531982422,-81.91898345947266,-80.17582702636719,-80.04920196533203,-81.21794128417969,-81.59602355957031,-81.08451080322266,-80.32231903076172,-81.24710845947266,-82.17671966552734,-79.56272888183594,-82.09598541259766,-80.78477478027344,-79.62737274169922,-78.71172332763672,-78.42010498046875,-78.31349182128906,-76.4948501586914,-76.9825668334961,-78.91847229003906,-78.94035339355469,-78.27384948730469,-78.0649185180664,-78.61812591552734,-78.82382202148438,-78.87572479248047,-75.41061401367188,-75.9543685913086,-78.58267211914062,-77.09174346923828,-78.76040649414062,-79.42076110839844,-75.52658081054688,-77.08415222167969,-77.79457092285156,-75.61048126220703,-73.64639282226562,-75.94278717041016,-72.69071197509766,-72.56995391845703,0.0
-83.18077087402344,-82.96571350097656,-84.05339813232422,-84.4170913696289,-82.17594146728516,-83.69731903076172,-84.32029724121094,-79.82469940185547,-82.28778076171875,-80.42351531982422,-81.91898345947266,-80.17582702636719,-80.04920196533203,-81.21794128417969,-81.59602355957031,-81.08451080322266,-80.32231903076172,-81.24710845947266,-82.17671966552734,-79.56272888183594,-82.09598541259766,-80.78477478027344,-79.62737274169922,-78.71172332763672,-78.42010498046875,-78.31349182128906,-76.4948501586914,-76.9825668334961,-78.91847229003906,-78.94035339355469,-78.27384948730469,-78.0649185180664,-78.61812591552734,-78.82382202148438,-78.87572479248047,-75.41061401367188,-75.9543685913086,-78.58267211914062,-77.09174346923828,-78.76040649414062,-79.42076110839844,-75.52658081054688,-77.08415222167969,-77.79457092285156,-75.61048126220703,-73.64639282226562,-75.94278717041016,-72.69071197509766,-72.56995391845703,-74.36981201171875,1.0
-82.96571350097656,-84.05339813232422,-84.4170913696289,-82.17594146728516,-83.69731903076172,-84.32029724121094,-79.82469940185547,-82.28778076171875,-80.42351531982422,-81.91898345947266,-80.17582702636719,-80.04920196533203,-81.21794128417969,-81.59602355957031,-81.08451080322266,-80.32231903076172,-81.24710845947266,-82.17671966552734,-79.56272888183594,-82.09598541259766,-80.78477478027344,-79.62737274169922,-78.71172332763672,-78.42010498046875,-78.31349182128906,-76.4948501586914,-76.9825668334961,-78.91847229003906,-78.94035339355469,-78.27384948730469,-78.0649185180664,-78.61812591552734,-78.82382202148438,-78.87572479248047,-75.41061401367188,-75.9543685913086,-78.58267211914062,-77.09174346923828,-78.76040649414062,-79.42076110839844,-75.52658081054688,-77.08415222167969,-77.79457092285156,-75.61048126220703,-73.64639282226562,-75.94278717041016,-72.69071197509766,-72.56995391845703,-74.36981201171875,-74.93022918701172,0.0
-84.05339813232422,-84.4170913696289,-82.17594146728516,-83.69731903076172,-84.32029724121094,-79.82469940185547,-82.28778076171875,-80.42351531982422,-81.91898345947266,-80.17582702636719,-80.04920196533203,-81.21794128417969,-81.59602355957031,-81.08451080322266,-80.32231903076172,-81.24710845947266,-82.17671966552734,-79.56272888183594,-82.09598541259766,-80.78477478027344,-79.62737274169922,-78.71172332763672,-78.42010498046875,-78.31349182128906,-76.4948501586914,-76.9825668334961,-78.91847229003906,-78.94035339355469,-78.27384948730469,-78.0649185180664,-78.61812591552734,-78.82382202148438,-78.87572479248047,-75.41061401367188,-75.9543685913086,-78.58267211914062,-77.09174346923828,-78.76040649414062,-79.42076110839844,-75.52658081054688,-77.08415222167969,-77.79457092285156,-75.61048126220703,-73.64639282226562,-75.94278717041016,-72.69071197509766,-72.56995391845703,-74.36981201171875,-74.93022918701172,-75.01414489746094,0.0
-84.4170913696289,-82.17594146728516,-83.69731903076172,-84.32029724121094,-79.82469940185547,-82.28778076171875,-80.42351531982422,-81.91898345947266,-80.17582702636719,-80.04920196533203,-81.21794128417969,-81.59602355957031,-81.08451080322266,-80.32231903076172,-81.24710845947266,-82.17671966552734,-79.56272888183594,-82.09598541259766,-80.78477478027344,-79.62737274169922,-78.71172332763672,-78.42010498046875,-78.31349182128906,-76.4948501586914,-76.9825668334961,-78.91847229003906,-78.94035339355469,-78.27384948730469,-78.0649185180664,-78.61812591552734,-78.82382202148438,-78.87572479248047,-75.41061401367188,-75.9543685913086,-78.58267211914062,-77.09174346923828,-78.76040649414062,-79.42076110839844,-75.52658081054688,-77.08415222167969,-77.79457092285156,-75.61048126220703,-73.64639282226562,-75.94278717041016,-72.69071197509766,-72.56995391845703,-74.36981201171875,-74.93022918701172,-75.01414489746094,-77.351806640625,1.0
-82.17594146728516,-83.69731903076172,-84.32029724121094,-79.82469940185547,-82.28778076171875,-80.42351531982422,-81.91898345947266,-80.17582702636719,-80.04920196533203,-81.21794128417969,-81.59602355957031,-81.08451080322266,-80.32231903076172,-81.24710845947266,-82.17671966552734,-79.56272888183594,-82.09598541259766,-80.78477478027344,-79.62737274169922,-78.71172332763672,-78.42010498046875,-78.31349182128906,-76.4948501586914,-76.9825668334961,-78.91847229003906,-78.94035339355469,-78.27384948730469,-78.0649185180664,-78.61812591552734,-78.82382202148438,-78.87572479248047,-75.41061401367188,-75.9543685913086,-78.58267211914062,-77.09174346923828,-78.76040649414062,-79.42076110839844,-75.52658081054688,-77.08415222167969,-77.79457092285156,-75.61048126220703,-73.64639282226562,-75.94278717041016,-72.69071197509766,-72.56995391845703,-74.36981201171875,-74.93022918701172,-75.01414489746094,-77.351806640625,-75.28658294677734,0.0
-83.69731903076172,-84.32029724121094,-79.82469940185547,-82.28778076171875,-80.42351531982422,-81.91898345947266,-80.17582702636719,-80.04920196533203,-81.21794128417969,-81.59602355957031,-81.08451080322266,-80.32231903076172,-81.24710845947266,-82.17671966552734,-79.56272888183594,-82.09598541259766,-80.78477478027344,-79.62737274169922,-78.71172332763672,-78.42010498046875,-78.31349182128906,-76.4948501586914,-76.9825668334961,-78.91847229003906,-78.94035339355469,-78.27384948730469,-78.0649185180664,-78.61812591552734,-78.82382202148438,-78.87572479248047,-75.41061401367188,-75.9543685913086,-78.58267211914062,-77.09174346923828,-78.76040649414062,-79.42076110839844,-75.52658081054688,-77.08415222167969,-77.79457092285156,-75.61048126220703,-73.64639282226562,-75.94278717041016,-72.69071197509766,-72.56995391845703,-74.36981201171875,-74.93022918701172,-75.01414489746094,-77.351806640625,-75.28658294677734,-73.93063354492188,1.0
-84.32029724121094,-79.82469940185547,-82.28778076171875,-80.42351531982422,-81.91898345947266,-80.17582702636719,-80.04920196533203,-81.21794128417969,-81.59602355957031,-81.08451080322266,-80.32231903076172,-81.24710845947266,-82.17671966552734,-79.56272888183594,-82.09598541259766,-80.78477478027344,-79.62737274169922,-78.71172332763672,-78.42010498046875,-78.31349182128906,-76.4948501586914,-76.9825668334961,-78.91847229003906,-78.94035339355469,-78.27384948730469,-78.0649185180664,-78.61812591552734,-78.82382202148438,-78.87572479248047,-75.41061401367188,-75.9543685913086,-78.58267211914062,-77.09174346923828,-78.76040649414062,-79.42076110839844,-75.52658081054688,-77.08415222167969,-77.79457092285156,-75.61048126220703,-73.64639282226562,-75.94278717041016,-72.69071197509766,-72.56995391845703,-74.36981201171875,-74.93022918701172,-75.01414489746094,-77.351806640625,-75.28658294677734,-73.93063354492188,-72.42755889892578,1.0
-79.82469940185547,-82.28778076171875,-80.42351531982422,-81.91898345947266,-80.17582702636719,-80.04920196533203,-81.21794128417969,-81.59602355957031,-81.08451080322266,-80.32231903076172,-81.24710845947266,-82.17671966552734,-79.56272888183594,-82.09598541259766,-80.78477478027344,-79.62737274169922,-78.71172332763672,-78.42010498046875,-78.31349182128906,-76.4948501586914,-76.9825668334961,-78.91847229003906,-78.94035339355469,-78.27384948730469,-78.0649185180664,-78.61812591552734,-78.82382202148438,-78.87572479248047,-75.41061401367188,-75.9543685913086,-78.58267211914062,-77.09174346923828,-78.76040649414062,-79.42076110839844,-75.52658081054688,-77.08415222167969,-77.79457092285156,-75.61048126220703,-73.64639282226562,-75.94278717041016,-72.69071197509766,-72.56995391845703,-74.36981201171875,-74.93022918701172,-75.01414489746094,-77.351806640625,-75.28658294677734,-73.93063354492188,-72.42755889892578,-70.20075988769531,0.0
-82.28778076171875,-80.42351531982422,-81.91898345947266,-80.17582702636719,-80.04920196533203,-81.21794128417969,-81.59602355957031,-81.08451080322266,-80.32231903076172,-81.24710845947266,-82.17671966552734,-79.56272888183594,-82.09598541259766,-80.78477478027344,-79.62737274169922,-78.71172332763672,-78.42010498046875,-78.31349182128906,-76.4948501586914,-76.9825668334961,-78.91847229003906,-78.94035339355469,-78.27384948730469,-78.0649185180664,-78.61812591552734,-78.82382202148438,-78.87572479248047,-75.41061401367188,-75.9543685913086,-78.58267211914062,-77.09174346923828,-78.76040649414062,-79.42076110839844,-75.52658081054688,-77.08415222167969,-77.79457092285156,-75.61048126220703,-73.64639282226562,-75.94278717041016,-72.69071197509766,-72.56995391845703,-74.36981201171875,-74.93022918701172,-75.01414489746094,-77.351806640625,-75.28658294677734,-73.93063354492188,-72.42755889892578,-70.20075988769531,-69.43748474121094,0.0
-80.42351531982422,-81.91898345947266,-80.17582702636719,-80.04920196533203,-81.21794128417969,-81.59602355957031,-81.08451080322266,-80.32231903076172,-81.24710845947266,-82.17671966552734,-79.56272888183594,-82.09598541259766,-80.78477478027344,-79.62737274169922,-78.71172332763672,-78.42010498046875,-78.31349182128906,-76.4948501586914,-76.9825668334961,-78.91847229003906,-78.94035339355469,-78.27384948730469,-78.0649185180664,-78.61812591552734,-78.82382202148438,-78.87572479248047,-75.41061401367188,-75.9543685913086,-78.58267211914062,-77.09174346923828,-78.76040649414062,-79.42076110839844,-75.52658081054688,-77.08415222167969,-77.79457092285156,-75.61048126220703,-73.64639282226562,-75.94278717041016,-72.69071197509766,-72.56995391845703,-74.36981201171875,-74.93022918701172,-75.01414489746094,-77.351806640625,-75.28658294677734,-73.93063354492188,-72.42755889892578,-70.20075988769531,-69.43748474121094,-69.17557525634766,0.0
-81.91898345947266,-80.17582702636719,-80.04920196533203,-81.21794128417969,-81.59602355957031,-81.08451080322266,-80.32231903076172,-81.24710845947266,-82.17671966552734,-79.56272888183594,-82.09598541259766,-80.78477478027344,-79.62737274169922,-78.71172332763672,-78.42010498046875,-78.31349182128906,-76.4948501586914,-76.9825668334961,-78.91847229003906,-78.94035339355469,-78.27384948730469,-78.0649185180664,-78.61812591552734,-78.82382202148438,-78.87572479248047,-75.41061401367188,-75.9543685913086,-78.58267211914062,-77.09174346923828,-78.76040649414062,-79.42076110839844,-75.52658081054688,-77.08415222167969,-77.79457092285156,-75.61048126220703,-73.64639282226562,-75.94278717041016,-72.69071197509766,-72.56995391845703,-74.36981201171875,-74.93022918701172,-75.01414489746094,-77.351806640625,-75.28658294677734,-73.93063354492188,-72.42755889892578,-70.20075988769531,-69.43748474121094,-69.17557525634766,-69.00664520263672,0.0
-80.17582702636719,-80.04920196533203,-81.21794128417969,-81.59602355957031,-81.08451080322266,-80.32231903076172,-81.24710845947266,-82.17671966552734,-79.56272888183594,-82.09598541259766,-80.78477478027344,-79.62737274169922,-78.71172332763672,-78.42010498046875,-78.31349182128906,-76.4948501586914,-76.9825668334961,-78.91847229003906,-78.94035339355469,-78.27384948730469,-78.0649185180664,-78.61812591552734,-78.82382202148438,-78.87572479248047,-75.41061401367188,-75.9543685913086,-78.58267211914062,-77.09174346923828,-78.76040649414062,-79.42076110839844,-75.52658081054688,-77.08415222167969,-77.79457092285156,-75.61048126220703,-73.64639282226562,-75.94278717041016,-72.69071197509766,-72.56995391845703,-74.36981201171875,-74.93022918701172,-75.01414489746094,-77.351806640625,-75.28658294677734,-73.93063354492188,-72.42755889892578,-70.20075988769531,-69.43748474121094,-69.17557525634766,-69.00664520263672,-68.86402130126953,0.0
-80.04920196533203,-81.21794128417969,-81.59602355957031,-81.08451080322266,-80.32231903076172,-81.24710845947266,-82.17671966552734,-79.56272888183594,-82.09598541259766,-80.78477478027344,-79.62737274169922,-78.71172332763672,-78.42010498046875,-78.31349182128906,-76.4948501586914,-76.9825668334961,-78.91847229003906,-78.94035339355469,-78.27384948730469,-78.0649185180664,-78.61812591552734,-78.82382202148438,-78.87572479248047,-75.41061401367188,-75.9543685913086,-78.58267211914062,-77.09174346923828,-78.76040649414062,-79.42076110839844,-75.52658081054688,-77.08415222167969,-77.79457092285156,-75.61048126220703,-73.64639282226562,-75.94278717041016,-72.69071197509766,-72.56995391845703,-74.36981201171875,-74.93022918701172,-75.01414489746094,-77.351806640625,-75.28658294677734,-73.93063354492188,-72.42755889892578,-70.20075988769531,-69.43748474121094,-69.17557525634766,-69.00664520263672,-68.86402130126953,-68.75071716308594,0.0
-81.21794128417969,-81.59602355957031,-81.08451080322266,-80.32231903076172,-81.24710845947266,-82.17671966552734,-79.56272888183594,-82.09598541259766,-80.78477478027344,-79.62737274169922,-78.71172332763672,-78.42010498046875,-78.31349182128906,-76.4948501586914,-76.9825668334961,-78.91847229003906,-78.94035339355469,-78.27384948730469,-78.0649185180664,-78.61812591552734,-78.82382202148438,-78.87572479248047,-75.41061401367188,-75.9543685913086,-78.58267211914062,-77.09174346923828,-78.76040649414062,-79.42076110839844,-75.52658081054688,-77.08415222167969,-77.79457092285156,-75.61048126220703,-73.64639282226562,-75.94278717041016,-72.69071197509766,-72.56995391845703,-74.36981201171875,-74.93022918701172,-75.01414489746094,-77.351806640625,-75.28658294677734,-73.93063354492188,-72.42755889892578,-70.20075988769531,-69.43748474121094,-69.17557525634766,-69.00664520263672,-68.86402130126953,-68.75071716308594,-69.83604431152344,0.0
-81.59602355957031,-81.08451080322266,-80.32231903076172,-81.24710845947266,-82.17671966552734,-79.56272888183594,-82.09598541259766,-80.78477478027344,-79.62737274169922,-78.71172332763672,-78.42010498046875,-78.31349182128906,-76.4948501586914,-76.9825668334961,-78.91847229003906,-78.94035339355469,-78.27384948730469,-78.0649185180664,-78.61812591552734,-78.82382202148438,-78.87572479248047,-75.41061401367188,-75.9543685913086,-78.58267211914062,-77.09174346923828,-78.76040649414062,-79.42076110839844,-75.52658081054688,-77.08415222167969,-77.79457092285156,-75.61048126220703,-73.64639282226562,-75.94278717041016,-72.69071197509766,-72.56995391845703,-74.36981201171875,-74.93022918701172,-75.01414489746094,-77.351806640625,-75.28658294677734,-73.93063354492188,-72.42755889892578,-70.20075988769531,-69.43748474121094,-69.17557525634766,-69.00664520263672,-68.86402130126953,-68.75071716308594,-69.83604431152344,-70.1886978149414,0.0
-81.08451080322266,-80.32231903076172,-81.24710845947266,-82.17671966552734,-79.56272888183594,-82.09598541259766,-80.78477478027344,-79.62737274169922,-78.71172332763672,-78.42010498046875,-78.31349182128906,-76.4948501586914,-76.9825668334961,-78.91847229003906,-78.94035339355469,-78.27384948730469,-78.0649185180664,-78.61812591552734,-78.82382202148438,-78.87572479248047,-75.41061401367188,-75.9543685913086,-78.58267211914062,-77.09174346923828,-78.76040649414062,-79.42076110839844,-75.52658081054688,-77.08415222167969,-77.79457092285156,-75.61048126220703,-73.64639282226562,-75.94278717041016,-72.69071197509766,-72.56995391845703,-74.36981201171875,-74.93022918701172,-75.01414489746094,-77.351806640625,-75.28658294677734,-73.93063354492188,-72.42755889892578,-70.20075988769531,-69.43748474121094,-69.17557525634766,-69.00664520263672,-68.86402130126953,-68.75071716308594,-69.83604431152344,-70.1886978149414,-70.25924682617188,0.0
-80.32231903076172,-81.24710845947266,-82.17671966552734,-79.56272888183594,-82.09598541259766,-80.78477478027344,-79.62737274169922,-78.71172332763672,-78.42010498046875,-78.31349182128906,-76.4948501586914,-76.9825668334961,-78.91847229003906,-78.94035339355469,-78.27384948730469,-78.0649185180664,-78.61812591552734,-78.82382202148438,-78.87572479248047,-75.41061401367188,-75.9543685913086,-78.58267211914062,-77.09174346923828,-78.76040649414062,-79.42076110839844,-75.52658081054688,-77.08415222167969,-77.79457092285156,-75.61048126220703,-73.64639282226562,-75.94278717041016,-72.69071197509766,-72.56995391845703,-74.36981201171875,-74.93022918701172,-75.01414489746094,-77.351806640625,-75.28658294677734,-73.93063354492188,-72.42755889892578,-70.20075988769531,-69.43748474121094,-69.17557525634766,-69.00664520263672,-68.86402130126953,-68.75071716308594,-69.83604431152344,-70.1886978149414,-70.25924682617188,-69.12091827392578,0.0
-81.24710845947266,-82.17671966552734,-79.56272888183594,-82.09598541259766,-80.78477478027344,-79.62737274169922,-78.71172332763672,-78.42010498046875,-78.31349182128906,-76.4948501586914,-76.9825668334961,-78.91847229003906,-78.94035339355469,-78.27384948730469,-78.0649185180664,-78.61812591552734,-78.82382202148438,-78.87572479248047,-75.41061401367188,-75.9543685913086,-78.58267211914062,-77.09174346923828,-78.76040649414062,-79.42076110839844,-75.52658081054688,-77.08415222167969,-77.79457092285156,-75.61048126220703,-73.64639282226562,-75.94278717041016,-72.69071197509766,-72.56995391845703,-74.36981201171875,-74.93022918701172,-75.01414489746094,-77.351806640625,-75.28658294677734,-73.93063354492188,-72.42755889892578,-70.20075988769531,-69.43748474121094,-69.17557525634766,-69.00664520263672,-68.86402130126953,-68.75071716308594,-69.83604431152344,-70.1886978149414,-70.25924682617188,-69.12091827392578,-69.91129302978516,0.0
-82.17671966552734,-79.56272888183594,-82.09598541259766,-80.78477478027344,-79.62737274169922,-78.71172332763672,-78.42010498046875,-78.31349182128906,-76.4948501586914,-76.9825668334961,-78.91847229003906,-78.94035339355469,-78.27384948730469,-78.0649185180664,-78.61812591552734,-78.82382202148438,-78.87572479248047,-75.41061401367188,-75.9543685913086,-78.58267211914062,-77.09174346923828,-78.76040649414062,-79.42076110839844,-75.52658081054688,-77.08415222167969,-77.79457092285156,-75.61048126220703,-73.64639282226562,-75.94278717041016,-72.69071197509766,-72.56995391845703,-74.36981201171875,-74.93022918701172,-75.01414489746094,-77.351806640625,-75.28658294677734,-73.93063354492188,-72.42755889892578,-70.20075988769531,-69.43748474121094,-69.17557525634766,-69.00664520263672,-68.86402130126953,-68.75071716308594,-69.83604431152344,-70.1886978149414,-70.25924682617188,-69.12091827392578,-69.91129302978516,-70.24341583251953,0.0
-79.56272888183594,-82.09598541259766,-80.78477478027344,-79.62737274169922,-78.71172332763672,-78.42010498046875,-78.31349182128906,-76.4948501586914,-76.9825668334961,-78.91847229003906,-78.94035339355469,-78.27384948730469,-78.0649185180664,-78.61812591552734,-78.82382202148438,-78.87572479248047,-75.41061401367188,-75.9543685913086,-78.58267211914062,-77.09174346923828,-78.76040649414062,-79.42076110839844,-75.52658081054688,-77.08415222167969,-77.79457092285156,-75.61048126220703,-73.64639282226562,-75.94278717041016,-72.69071197509766,-72.56995391845703,-74.36981201171875,-74.93022918701172,-75.01414489746094,-77.351806640625,-75.28658294677734,-73.93063354492188,-72.42755889892578,-70.20075988769531,-69.43748474121094,-69.17557525634766,-69.00664520263672,-68.86402130126953,-68.75071716308594,-69.83604431152344,-70.1886978149414,-70.25924682617188,-69.12091827392578,-69.91129302978516,-70.24341583251953,-70.32318115234375,0.0
-82.09598541259766,-80.78477478027344,-79.62737274169922,-78.71172332763672,-78.42010498046875,-78.31349182128906,-76.4948501586914,-76.9825668334961,-78.91847229003906,-78.94035339355469,-78.27384948730469,-78.0649185180664,-78.61812591552734,-78.82382202148438,-78.87572479248047,-75.41061401367188,-75.9543685913086,-78.58267211914062,-77.09174346923828,-78.76040649414062,-79.42076110839844,-75.52658081054688,-77.08415222167969,-77.79457092285156,-75.61048126220703,-73.64639282226562,-75.94278717041016,-72.69071197509766,-72.56995391845703,-74.36981201171875,-74.93022918701172,-75.01414489746094,-77.351806640625,-75.28658294677734,-73.93063354492188,-72.42755889892578,-70.20075988769531,-69.43748474121094,-69.17557525634766,-69.00664520263672,-68.86402130126953,-68.75071716308594,-69.83604431152344,-70.1886978149414,-70.25924682617188,-69.12091827392578,-69.91129302978516,-70.24341583251953,-70.32318115234375,-69.18023681640625,0.0
-80.78477478027344,-79.62737274169922,-78.71172332763672,-78.42010498046875,-78.31349182128906,-76.4948501586914,-76.9825668334961,-78.91847229003906,-78.94035339355469,-78.27384948730469,-78.0649185180664,-78.61812591552734,-78.82382202148438,-78.87572479248047,-75.41061401367188,-75.9543685913086,-78.58267211914062,-77.09174346923828,-78.76040649414062,-79.42076110839844,-75.52658081054688,-77.08415222167969,-77.79457092285156,-75.61048126220703,-73.64639282226562,-75.94278717041016,-72.69071197509766,-72.56995391845703,-74.36981201171875,-74.93022918701172,-75.01414489746094,-77.351806640625,-75.28658294677734,-73.93063354492188,-72.42755889892578,-70.20075988769531,-69.43748474121094,-69.17557525634766,-69.00664520263672,-68.86402130126953,-68.75071716308594,-69.83604431152344,-70.1886978149414,-70.25924682617188,-69.12091827392578,-69.91129302978516,-70.24341583251953,-70.32318115234375,-69.18023681640625,-69.9577407836914,0.0
-79.62737274169922,-78.71172332763672,-78.42010498046875,-78.31349182128906,-76.4948501586914,-76.9825668334961,-78.91847229003906,-78.94035339355469,-78.27384948730469,-78.0649185180664,-78.61812591552734,-78.82382202148438,-78.87572479248047,-75.41061401367188,-75.9543685913086,-78.58267211914062,-77.09174346923828,-78.76040649414062,-79.42076110839844,-75.52658081054688,-77.08415222167969,-77.79457092285156,-75.61048126220703,-73.64639282226562,-75.94278717041016,-72.69071197509766,-72.56995391845703,-74.36981201171875,-74.93022918701172,-75.01414489746094,-77.351806640625,-75.28658294677734,-73.93063354492188,-72.42755889892578,-70.20075988769531,-69.43748474121094,-69.17557525634766,-69.00664520263672,-68.86402130126953,-68.75071716308594,-69.83604431152344,-70.1886978149414,-70.25924682617188,-69.12091827392578,-69.91129302978516,-70.24341583251953,-70.32318115234375,-69.18023681640625,-69.9577407836914,-69.10881042480469,0.0
-78.71172332763672,-78.42010498046875,-78.31349182128906,-76.4948501586914,-76.9825668334961,-78.91847229003906,-78.94035339355469,-78.27384948730469,-78.0649185180664,-78.61812591552734,-78.82382202148438,-78.87572479248047,-75.41061401367188,-75.9543685913086,-78.58267211914062,-77.09174346923828,-78.76040649414062,-79.42076110839844,-75.52658081054688,-77.08415222167969,-77.79457092285156,-75.61048126220703,-73.64639282226562,-75.94278717041016,-72.69071197509766,-72.56995391845703,-74.36981201171875,-74.93022918701172,-75.01414489746094,-77.351806640625,-75.28658294677734,-73.93063354492188,-72.42755889892578,-70.20075988769531,-69.43748474121094,-69.17557525634766,-69.00664520263672,-68.86402130126953,-68.75071716308594,-69.83604431152344,-70.1886978149414,-70.25924682617188,-69.12091827392578,-69.91129302978516,-70.24341583251953,-70.32318115234375,-69.18023681640625,-69.9577407836914,-69.10881042480469,-68.76948547363281,0.0
-78.42010498046875,-78.31349182128906,-76.4948501586914,-76.9825668334961,-78.91847229003906,-78.94035339355469,-78.27384948730469,-78.0649185180664,-78.61812591552734,-78.82382202148438,-78.87572479248047,-75.41061401367188,-75.9543685913086,-78.58267211914062,-77.09174346923828,-78.76040649414062,-79.42076110839844,-75.52658081054688,-77.08415222167969,-77.79457092285156,-75.61048126220703,-73.64639282226562,-75.94278717041016,-72.69071197509766,-72.56995391845703,-74.36981201171875,-74.93022918701172,-75.01414489746094,-77.351806640625,-75.28658294677734,-73.93063354492188,-72.42755889892578,-70.20075988769531,-69.43748474121094,-69.17557525634766,-69.00664520263672,-68.86402130126953,-68.75071716308594,-69.83604431152344,-70.1886978149414,-70.25924682617188,-69.12091827392578,-69.91129302978516,-70.24341583251953,-70.32318115234375,-69.18023681640625,-69.9577407836914,-69.10881042480469,-68.76948547363281,-68.67938232421875,0.0
-78.31349182128906,-76.4948501586914,-76.9825668334961,-78.91847229003906,-78.94035339355469,-78.27384948730469,-78.0649185180664,-78.61812591552734,-78.82382202148438,-78.87572479248047,-75.41061401367188,-75.9543685913086,-78.58267211914062,-77.09174346923828,-78.76040649414062,-79.42076110839844,-75.52658081054688,-77.08415222167969,-77.79457092285156,-75.61048126220703,-73.64639282226562,-75.94278717041016,-72.69071197509766,-72.56995391845703,-74.36981201171875,-74.93022918701172,-75.01414489746094,-77.351806640625,-75.28658294677734,-73.93063354492188,-72.42755889892578,-70.20075988769531,-69.43748474121094,-69.17557525634766,-69.00664520263672,-68.86402130126953,-68.75071716308594,-69.83604431152344,-70.1886978149414,-70.25924682617188,-69.12091827392578,-69.91129302978516,-70.24341583251953,-70.32318115234375,-69.18023681640625,-69.9577407836914,-69.10881042480469,-68.76948547363281,-68.67938232421875,-69.80840301513672,0.0
-76.4948501586914,-76.9825668334961,-78.91847229003906,-78.94035339355469,-78.27384948730469,-78.0649185180664,-78.61812591552734,-78.82382202148438,-78.87572479248047,-75.41061401367188,-75.9543685913086,-78.58267211914062,-77.09174346923828,-78.76040649414062,-79.42076110839844,-75.52658081054688,-77.08415222167969,-77.79457092285156,-75.61048126220703,-73.64639282226562,-75.94278717041016,-72.69071197509766,-72.56995391845703,-74.36981201171875,-74.93022918701172,-75.01414489746094,-77.351806640625,-75.28658294677734,-73.93063354492188,-72.42755889892578,-70.20075988769531,-69.43748474121094,-69.17557525634766,-69.00664520263672,-68.86402130126953,-68.75071716308594,-69.83604431152344,-70.1886978149414,-70.25924682617188,-69.12091827392578,-69.91129302978516,-70.24341583251953,-70.32318115234375,-69.18023681640625,-69.9577407836914,-69.10881042480469,-68.76948547363281,-68.67938232421875,-69.80840301513672,-70.18511199951172,0.0
-76.9825668334961,-78.91847229003906,-78.94035339355469,-78.27384948730469,-78.0649185180664,-78.61812591552734,-78.82382202148438,-78.87572479248047,-75.41061401367188,-75.9543685913086,-78.58267211914062,-77.09174346923828,-78.76040649414062,-79.42076110839844,-75.52658081054688,-77.08415222167969,-77.79457092285156,-75.61048126220703,-73.64639282226562,-75.94278717041016,-72.69071197509766,-72.56995391845703,-74.36981201171875,-74.93022918701172,-75.01414489746094,-77.351806640625,-75.28658294677734,-73.93063354492188,-72.42755889892578,-70.20075988769531,-69.43748474121094,-69.17557525634766,-69.00664520263672,-68.86402130126953,-68.75071716308594,-69.83604431152344,-70.1886978149414,-70.25924682617188,-69.12091827392578,-69.91129302978516,-70.24341583251953,-70.32318115234375,-69.18023681640625,-69.9577407836914,-69.10881042480469,-68.76948547363281,-68.67938232421875,-69.80840301513672,-70.18511199951172,-70.26447296142578,0.0
-78.91847229003906,-78.94035339355469,-78.27384948730469,-78.0649185180664,-78.61812591552734,-78.82382202148438,-78.87572479248047,-75.41061401367188,-75.9543685913086,-78.58267211914062,-77.09174346923828,-78.76040649414062,-79.42076110839844,-75.52658081054688,-77.08415222167969,-77.79457092285156,-75.61048126220703,-73.64639282226562,-75.94278717041016,-72.69071197509766,-72.56995391845703,-74.36981201171875,-74.93022918701172,-75.01414489746094,-77.351806640625,-75.28658294677734,-73.93063354492188,-72.42755889892578,-70.20075988769531,-69.43748474121094,-69.17557525634766,-69.00664520263672,-68.86402130126953,-68.75071716308594,-69.83604431152344,-70.1886978149414,-70.25924682617188,-69.12091827392578,-69.91129302978516,-70.24341583251953,-70.32318115234375,-69.18023681640625,-69.9577407836914,-69.10881042480469,-68.76948547363281,-68.67938232421875,-69.80840301513672,-70.18511199951172,-70.26447296142578,-69.12767028808594,0.0
-78.94035339355469,-78.27384948730469,-78.0649185180664,-78.61812591552734,-78.82382202148438,-78.87572479248047,-75.41061401367188,-75.9543685913086,-78.58267211914062,-77.09174346923828,-78.76040649414062,-79.42076110839844,-75.52658081054688,-77.08415222167969,-77.79457092285156,-75.61048126220703,-73.64639282226562,-75.94278717041016,-72.69071197509766,-72.56995391845703,-74.36981201171875,-74.93022918701172,-75.01414489746094,-77.351806640625,-75.28658294677734,-73.93063354492188,-72.42755889892578,-70.20075988769531,-69.43748474121094,-69.17557525634766,-69.00664520263672,-68.86402130126953,-68.75071716308594,-69.83604431152344,-70.1886978149414,-70.25924682617188,-69.12091827392578,-69.91129302978516,-70.24341583251953,-70.32318115234375,-69.18023681640625,-69.9577407836914,-69.10881042480469,-68.76948547363281,-68.67938232421875,-69.80840301513672,-70.18511199951172,-70.26447296142578,-69.12767028808594,-71.08307647705078,0.0
-78.27384948730469,-78.0649185180664,-78.61812591552734,-78.82382202148438,-78.87572479248047,-75.41061401367188,-75.9543685913086,-78.58267211914062,-77.09174346923828,-78.76040649414062,-79.42076110839844,-75.52658081054688,-77.08415222167969,-77.79457092285156,-75.61048126220703,-73.64639282226562,-75.94278717041016,-72.69071197509766,-72.56995391845703,-74.36981201171875,-74.93022918701172,-75.01414489746094,-77.351806640625,-75.28658294677734,-73.93063354492188,-72.42755889892578,-70.20075988769531,-69.43748474121094,-69.17557525634766,-69.00664520263672,-68.86402130126953,-68.75071716308594,-69.83604431152344,-70.1886978149414,-70.25924682617188,-69.12091827392578,-69.91129302978516,-70.24341583251953,-70.32318115234375,-69.18023681640625,-69.9577407836914,-69.10881042480469,-68.76948547363281,-68.67938232421875,-69.80840301513672,-70.18511199951172,-70.26447296142578,-69.12767028808594,-71.08307647705078,-70.65567016601562,0.0
-78.0649185180664,-78.61812591552734,-78.82382202148438,-78.87572479248047,-75.41061401367188,-75.9543685913086,-78.58267211914062,-77.09174346923828,-78.76040649414062,-79.42076110839844,-75.52658081054688,-77.08415222167969,-77.79457092285156,-75.61048126220703,-73.64639282226562,-75.94278717041016,-72.69071197509766,-72.56995391845703,-74.36981201171875,-74.93022918701172,-75.01414489746094,-77.351806640625,-75.28658294677734,-73.93063354492188,-72.42755889892578,-70.20075988769531,-69.43748474121094,-69.17557525634766,-69.00664520263672,-68.86402130126953,-68.75071716308594,-69.83604431152344,-70.1886978149414,-70.25924682617188,-69.12091827392578,-69.91129302978516,-70.24341583251953,-70.32318115234375,-69.18023681640625,-69.9577407836914,-69.10881042480469,-68.76948547363281,-68.67938232421875,-69.80840301513672,-70.18511199951172,-70.26447296142578,-69.12767028808594,-71.08307647705078,-70.65567016601562,-69.2654037475586,0.0
-78.61812591552734,-78.82382202148438,-78.87572479248047,-75.41061401367188,-75.9543685913086,-78.58267211914062,-77.09174346923828,-78.76040649414062,-79.42076110839844,-75.52658081054688,-77.08415222167969,-77.79457092285156,-75.61048126220703,-73.64639282226562,-75.94278717041016,-72.69071197509766,-72.56995391845703,-74.36981201171875,-74.93022918701172,-75.01414489746094,-77.351806640625,-75.28658294677734,-73.93063354492188,-72.42755889892578,-70.20075988769531,-69.43748474121094,-69.17557525634766,-69.00664520263672,-68.86402130126953,-68.75071716308594,-69.83604431152344,-70.1886978149414,-70.25924682617188,-69.12091827392578,-69.91129302978516,-70.24341583251953,-70.32318115234375,-69.18023681640625,-69.9577407836914,-69.10881042480469,-68.76948547363281,-68.67938232421875,-69.80840301513672,-70.18511199951172,-70.26447296142578,-69.12767028808594,-71.08307647705078,-70.65567016601562,-69.2654037475586,-68.82557678222656,0.0
-78.82382202148438,-78.87572479248047,-75.41061401367188,-75.9543685913086,-78.58267211914062,-77.09174346923828,-78.76040649414062,-79.42076110839844,-75.52658081054688,-77.08415222167969,-77.79457092285156,-75.61048126220703,-73.64639282226562,-75.94278717041016,-72.69071197509766,-72.56995391845703,-74.36981201171875,-74.93022918701172,-75.01414489746094,-77.351806640625,-75.28658294677734,-73.93063354492188,-72.42755889892578,-70.20075988769531,-69.43748474121094,-69.17557525634766,-69.00664520263672,-68.86402130126953,-68.75071716308594,-69.83604431152344,-70.1886978149414,-70.25924682617188,-69.12091827392578,-69.91129302978516,-70.24341583251953,-70.32318115234375,-69.18023681640625,-69.9577407836914,-69.10881042480469,-68.76948547363281,-68.67938232421875,-69.80840301513672,-70.18511199951172,-70.26447296142578,-69.12767028808594,-71.08307647705078,-70.65567016601562,-69.2654037475586,-68.82557678222656,-68.73018646240234,0.0
-78.87572479248047,-75.41061401367188,-75.9543685913086,-78.58267211914062,-77.09174346923828,-78.76040649414062,-79.42076110839844,-75.52658081054688,-77.08415222167969,-77.79457092285156,-75.61048126220703,-73.64639282226562,-75.94278717041016,-72.69071197509766,-72.56995391845703,-74.36981201171875,-74.93022918701172,-75.01414489746094,-77.351806640625,-75.28658294677734,-73.93063354492188,-72.42755889892578,-70.20075988769531,-69.43748474121094,-69.17557525634766,-69.00664520263672,-68.86402130126953,-68.75071716308594,-69.83604431152344,-70.1886978149414,-70.25924682617188,-69.12091827392578,-69.91129302978516,-70.24341583251953,-70.32318115234375,-69.18023681640625,-69.9577407836914,-69.10881042480469,-68.76948547363281,-68.67938232421875,-69.80840301513672,-70.18511199951172,-70.26447296142578,-69.12767028808594,-71.08307647705078,-70.65567016601562,-69.2654037475586,-68.82557678222656,-68.73018646240234,-69.85620880126953,0.0
-75.41061401367188,-75.9543685913086,-78.58267211914062,-77.09174346923828,-78.76040649414062,-79.42076110839844,-75.52658081054688,-77.08415222167969,-77.79457092285156,-75.61048126220703,-73.64639282226562,-75.94278717041016,-72.69071197509766,-72.56995391845703,-74.36981201171875,-74.93022918701172,-75.01414489746094,-77.351806640625,-75.28658294677734,-73.93063354492188,-72.42755889892578,-70.20075988769531,-69.43748474121094,-69.17557525634766,-69.00664520263672,-68.86402130126953,-68.75071716308594,-69.83604431152344,-70.1886978149414,-70.25924682617188,-69.12091827392578,-69.91129302978516,-70.24341583251953,-70.32318115234375,-69.18023681640625,-69.9577407836914,-69.10881042480469,-68.76948547363281,-68.67938232421875,-69.80840301513672,-70.18511199951172,-70.26447296142578,-69.12767028808594,-71.08307647705078,-70.65567016601562,-69.2654037475586,-68.82557678222656,-68.73018646240234,-69.85620880126953,-69.05623626708984,0.0
-75.9543685913086,-78.58267211914062,-77.09174346923828,-78.76040649414062,-79.42076110839844,-75.52658081054688,-77.08415222167969,-77.79457092285156,-75.61048126220703,-73.64639282226562,-75.94278717041016,-72.69071197509766,-72.56995391845703,-74.36981201171875,-74.93022918701172,-75.01414489746094,-77.351806640625,-75.28658294677734,-73.93063354492188,-72.42755889892578,-70.20075988769531,-69.43748474121094,-69.17557525634766,-69.00664520263672,-68.86402130126953,-68.75071716308594,-69.83604431152344,-70.1886978149414,-70.25924682617188,-69.12091827392578,-69.91129302978516,-70.24341583251953,-70.32318115234375,-69.18023681640625,-69.9577407836914,-69.10881042480469,-68.76948547363281,-68.67938232421875,-69.80840301513672,-70.18511199951172,-70.26447296142578,-69.12767028808594,-71.08307647705078,-70.65567016601562,-69.2654037475586,-68.82557678222656,-68.73018646240234,-69.85620880126953,-69.05623626708984,-68.71682739257812,0.0
-78.58267211914062,-77.09174346923828,-78.76040649414062,-79.42076110839844,-75.52658081054688,-77.08415222167969,-77.79457092285156,-75.61048126220703,-73.64639282226562,-75.94278717041016,-72.69071197509766,-72.56995391845703,-74.36981201171875,-74.93022918701172,-75.01414489746094,-77.351806640625,-75.28658294677734,-73.93063354492188,-72.42755889892578,-70.20075988769531,-69.43748474121094,-69.17557525634766,-69.00664520263672,-68.86402130126953,-68.75071716308594,-69.83604431152344,-70.1886978149414,-70.25924682617188,-69.12091827392578,-69.91129302978516,-70.24341583251953,-70.32318115234375,-69.18023681640625,-69.9577407836914,-69.10881042480469,-68.76948547363281,-68.67938232421875,-69.80840301513672,-70.18511199951172,-70.26447296142578,-69.12767028808594,-71.08307647705078,-70.65567016601562,-69.2654037475586,-68.82557678222656,-68.73018646240234,-69.85620880126953,-69.05623626708984,-68.71682739257812,-69.79911041259766,0.0
-77.09174346923828,-78.76040649414062,-79.42076110839844,-75.52658081054688,-77.08415222167969,-77.79457092285156,-75.61048126220703,-73.64639282226562,-75.94278717041016,-72.69071197509766,-72.56995391845703,-74.36981201171875,-74.93022918701172,-75.01414489746094,-77.351806640625,-75.28658294677734,-73.93063354492188,-72.42755889892578,-70.20075988769531,-69.43748474121094,-69.17557525634766,-69.00664520263672,-68.86402130126953,-68.75071716308594,-69.83604431152344,-70.1886978149414,-70.25924682617188,-69.12091827392578,-69.91129302978516,-70.24341583251953,-70.32318115234375,-69.18023681640625,-69.9577407836914,-69.10881042480469,-68.76948547363281,-68.67938232421875,-69.80840301513672,-70.18511199951172,-70.26447296142578,-69.12767028808594,-71.08307647705078,-70.65567016601562,-69.2654037475586,-68.82557678222656,-68.73018646240234,-69.85620880126953,-69.05623626708984,-68.71682739257812,-69.79911041259766,-70.17942810058594,0.0
-78.76040649414062,-79.42076110839844,-75.52658081054688,-77.08415222167969,-77.79457092285156,-75.61048126220703,-73.64639282226562,-75.94278717041016,-72.69071197509766,-72.56995391845703,-74.36981201171875,-74.93022918701172,-75.01414489746094,-77.351806640625,-75.28658294677734,-73.93063354492188,-72.42755889892578,-70.20075988769531,-69.43748474121094,-69.17557525634766,-69.00664520263672,-68.86402130126953,-68.75071716308594,-69.83604431152344,-70.1886978149414,-70.25924682617188,-69.12091827392578,-69.91129302978516,-70.24341583251953,-70.32318115234375,-69.18023681640625,-69.9577407836914,-69.10881042480469,-68.76948547363281,-68.67938232421875,-69.80840301513672,-70.18511199951172,-70.26447296142578,-69.12767028808594,-71.08307647705078,-70.65567016601562,-69.2654037475586,-68.82557678222656,-68.73018646240234,-69.85620880126953,-69.05623626708984,-68.71682739257812,-69.79911041259766,-70.17942810058594,-70.2652587890625,0.0
-79.42076110839844,-75.52658081054688,-77.08415222167969,-77.79457092285156,-75.61048126220703,-73.64639282226562,-75.94278717041016,-72.69071197509766,-72.56995391845703,-74.36981201171875,-74.93022918701172,-75.01414489746094,-77.351806640625,-75.28658294677734,-73.93063354492188,-72.42755889892578,-70.20075988769531,-69.43748474121094,-69.17557525634766,-69.00664520263672,-68.86402130126953,-68.75071716308594,-69.83604431152344,-70.1886978149414,-70.25924682617188,-69.12091827392578,-69.91129302978516,-70.24341583251953,-70.32318115234375,-69.18023681640625,-69.9577407836914,-69.10881042480469,-68.76948547363281,-68.67938232421875,-69.80840301513672,-70.18511199951172,-70.26447296142578,-69.12767028808594,-71.08307647705078,-70.65567016601562,-69.2654037475586,-68.82557678222656,-68.73018646240234,-69.85620880126953,-69.05623626708984,-68.71682739257812,-69.79911041259766,-70.17942810058594,-70.2652587890625,-71.464599609375,1.0
-75.52658081054688,-77.08415222167969,-77.79457092285156,-75.61048126220703,-73.64639282226562,-75.94278717041016,-72.69071197509766,-72.56995391845703,-74.36981201171875,-74.93022918701172,-75.01414489746094,-77.351806640625,-75.28658294677734,-73.93063354492188,-72.42755889892578,-70.20075988769531,-69.43748474121094,-69.17557525634766,-69.00664520263672,-68.86402130126953,-68.75071716308594,-69.83604431152344,-70.1886978149414,-70.25924682617188,-69.12091827392578,-69.91129302978516,-70.24341583251953,-70.32318115234375,-69.18023681640625,-69.9577407836914,-69.10881042480469,-68.76948547363281,-68.67938232421875,-69.80840301513672,-70.18511199951172,-70.26447296142578,-69.12767028808594,-71.08307647705078,-70.65567016601562,-69.2654037475586,-68.82557678222656,-68.73018646240234,-69.85620880126953,-69.05623626708984,-68.71682739257812,-69.79911041259766,-70.17942810058594,-70.2652587890625,-71.464599609375,-70.15335845947266,1.0
-77.08415222167969,-77.79457092285156,-75.61048126220703,-73.64639282226562,-75.94278717041016,-72.69071197509766,-72.56995391845703,-74.36981201171875,-74.93022918701172,-75.01414489746094,-77.351806640625,-75.28658294677734,-73.93063354492188,-72.42755889892578,-70.20075988769531,-69.43748474121094,-69.17557525634766,-69.00664520263672,-68.86402130126953,-68.75071716308594,-69.83604431152344,-70.1886978149414,-70.25924682617188,-69.12091827392578,-69.91129302978516,-70.24341583251953,-70.32318115234375,-69.18023681640625,-69.9577407836914,-69.10881042480469,-68.76948547363281,-68.67938232421875,-69.80840301513672,-70.18511199951172,-70.26447296142578,-69.12767028808594,-71.08307647705078,-70.65567016601562,-69.2654037475586,-68.82557678222656,-68.73018646240234,-69.85620880126953,-69.05623626708984,-68.71682739257812,-69.79911041259766,-70.17942810058594,-70.2652587890625,-71.464599609375,-70.15335845947266,-70.25938415527344,0.0
-77.79457092285156,-75.61048126220703,-73.64639282226562,-75.94278717041016,-72.69071197509766,-72.56995391845703,-74.36981201171875,-74.93022918701172,-75.01414489746094,-77.351806640625,-75.28658294677734,-73.93063354492188,-72.42755889892578,-70.20075988769531,-69.43748474121094,-69.17557525634766,-69.00664520263672,-68.86402130126953,-68.75071716308594,-69.83604431152344,-70.1886978149414,-70.25924682617188,-69.12091827392578,-69.91129302978516,-70.24341583251953,-70.32318115234375,-69.18023681640625,-69.9577407836914,-69.10881042480469,-68.76948547363281,-68.67938232421875,-69.80840301513672,-70.18511199951172,-70.26447296142578,-69.12767028808594,-71.08307647705078,-70.65567016601562,-69.2654037475586,-68.82557678222656,-68.73018646240234,-69.85620880126953,-69.05623626708984,-68.71682739257812,-69.79911041259766,-70.17942810058594,-70.2652587890625,-71.464599609375,-70.15335845947266,-70.25938415527344,-70.37762451171875,0.0
-75.61048126220703,-73.64639282226562,-75.94278717041016,-72.69071197509766,-72.56995391845703,-74.36981201171875,-74.93022918701172,-75.01414489746094,-77.351806640625,-75.28658294677734,-73.93063354492188,-72.42755889892578,-70.20075988769531,-69.43748474121094,-69.17557525634766,-69.00664520263672,-68.86402130126953,-68.75071716308594,-69.83604431152344,-70.1886978149414,-70.25924682617188,-69.12091827392578,-69.91129302978516,-70.24341583251953,-70.32318115234375,-69.18023681640625,-69.9577407836914,-69.10881042480469,-68.76948547363281,-68.67938232421875,-69.80840301513672,-70.18511199951172,-70.26447296142578,-69.12767028808594,-71.08307647705078,-70.65567016601562,-69.2654037475586,-68.82557678222656,-68.73018646240234,-69.85620880126953,-69.05623626708984,-68.71682739257812,-69.79911041259766,-70.17942810058594,-70.2652587890625,-71.464599609375,-70.15335845947266,-70.25938415527344,-70.37762451171875,-69.24761962890625,0.0
-73.64639282226562,-75.94278717041016,-72.69071197509766,-72.56995391845703,-74.36981201171875,-74.93022918701172,-75.01414489746094,-77.351806640625,-75.28658294677734,-73.93063354492188,-72.42755889892578,-70.20075988769531,-69.43748474121094,-69.17557525634766,-69.00664520263672,-68.86402130126953,-68.75071716308594,-69.83604431152344,-70.1886978149414,-70.25924682617188,-69.12091827392578,-69.91129302978516,-70.24341583251953,-70.32318115234375,-69.18023681640625,-69.9577407836914,-69.10881042480469,-68.76948547363281,-68.67938232421875,-69.80840301513672,-70.18511199951172,-70.26447296142578,-69.12767028808594,-71.08307647705078,-70.65567016601562,-69.2654037475586,-68.82557678222656,-68.73018646240234,-69.85620880126953,-69.05623626708984,-68.71682739257812,-69.79911041259766,-70.17942810058594,-70.2652587890625,-71.464599609375,-70.15335845947266,-70.25938415527344,-70.37762451171875,-69.24761962890625,-70.01469421386719,0.0
-75.94278717041016,-72.69071197509766,-72.56995391845703,-74.36981201171875,-74.93022918701172,-75.01414489746094,-77.351806640625,-75.28658294677734,-73.93063354492188,-72.42755889892578,-70.20075988769531,-69.43748474121094,-69.17557525634766,-69.00664520263672,-68.86402130126953,-68.75071716308594,-69.83604431152344,-70.1886978149414,-70.25924682617188,-69.12091827392578,-69.91129302978516,-70.24341583251953,-70.32318115234375,-69.18023681640625,-69.9577407836914,-69.10881042480469,-68.76948547363281,-68.67938232421875,-69.80840301513672,-70.18511199951172,-70.26447296142578,-69.12767028808594,-71.08307647705078,-70.65567016601562,-69.2654037475586,-68.82557678222656,-68.73018646240234,-69.85620880126953,-69.05623626708984,-68.71682739257812,-69.79911041259766,-70.17942810058594,-70.2652587890625,-71.464599609375,-70.15335845947266,-70.25938415527344,-70.37762451171875,-69.24761962890625,-70.01469421386719,-70.31732940673828,0.0
-72.69071197509766,-72.56995391845703,-74.36981201171875,-74.93022918701172,-75.01414489746094,-77.351806640625,-75.28658294677734,-73.93063354492188,-72.42755889892578,-70.20075988769531,-69.43748474121094,-69.17557525634766,-69.00664520263672,-68.86402130126953,-68.75071716308594,-69.83604431152344,-70.1886978149414,-70.25924682617188,-69.12091827392578,-69.91129302978516,-70.24341583251953,-70.32318115234375,-69.18023681640625,-69.9577407836914,-69.10881042480469,-68.76948547363281,-68.67938232421875,-69.80840301513672,-70.18511199951172,-70.26447296142578,-69.12767028808594,-71.08307647705078,-70.65567016601562,-69.2654037475586,-68.82557678222656,-68.73018646240234,-69.85620880126953,-69.05623626708984,-68.71682739257812,-69.79911041259766,-70.17942810058594,-70.2652587890625,-71.464599609375,-70.15335845947266,-70.25938415527344,-70.37762451171875,-69.24761962890625,-70.01469421386719,-70.31732940673828,-70.3723373413086,0.0
-72.56995391845703,-74.36981201171875,-74.93022918701172,-75.01414489746094,-77.351806640625,-75.28658294677734,-73.93063354492188,-72.42755889892578,-70.20075988769531,-69.43748474121094,-69.17557525634766,-69.00664520263672,-68.86402130126953,-68.75071716308594,-69.83604431152344,-70.1886978149414,-70.25924682617188,-69.12091827392578,-69.91129302978516,-70.24341583251953,-70.32318115234375,-69.18023681640625,-69.9577407836914,-69.10881042480469,-68.76948547363281,-68.67938232421875,-69.80840301513672,-70.18511199951172,-70.26447296142578,-69.12767028808594,-71.08307647705078,-70.65567016601562,-69.2654037475586,-68.82557678222656,-68.73018646240234,-69.85620880126953,-69.05623626708984,-68.71682739257812,-69.79911041259766,-70.17942810058594,-70.2652587890625,-71.464599609375,-70.15335845947266,-70.25938415527344,-70.37762451171875,-69.24761962890625,-70.01469421386719,-70.31732940673828,-70.3723373413086,-70.37874603271484,0.0
-74.36981201171875,-74.93022918701172,-75.01414489746094,-77.351806640625,-75.28658294677734,-73.93063354492188,-72.42755889892578,-70.20075988769531,-69.43748474121094,-69.17557525634766,-69.00664520263672,-68.86402130126953,-68.75071716308594,-69.83604431152344,-70.1886978149414,-70.25924682617188,-69.12091827392578,-69.91129302978516,-70.24341583251953,-70.32318115234375,-69.18023681640625,-69.9577407836914,-69.10881042480469,-68.76948547363281,-68.67938232421875,-69.80840301513672,-70.18511199951172,-70.26447296142578,-69.12767028808594,-71.08307647705078,-70.65567016601562,-69.2654037475586,-68.82557678222656,-68.73018646240234,-69.85620880126953,-69.05623626708984,-68.71682739257812,-69.79911041259766,-70.17942810058594,-70.2652587890625,-71.464599609375,-70.15335845947266,-70.25938415527344,-70.37762451171875,-69.24761962890625,-70.01469421386719,-70.31732940673828,-70.3723373413086,-70.37874603271484,-70.38506317138672,0.0
-74.93022918701172,-75.01414489746094,-77.351806640625,-75.28658294677734,-73.93063354492188,-72.42755889892578,-70.20075988769531,-69.43748474121094,-69.17557525634766,-69.00664520263672,-68.86402130126953,-68.75071716308594,-69.83604431152344,-70.1886978149414,-70.25924682617188,-69.12091827392578,-69.91129302978516,-70.24341583251953,-70.32318115234375,-69.18023681640625,-69.9577407836914,-69.10881042480469,-68.76948547363281,-68.67938232421875,-69.80840301513672,-70.18511199951172,-70.26447296142578,-69.12767028808594,-71.08307647705078,-70.65567016601562,-69.2654037475586,-68.82557678222656,-68.73018646240234,-69.85620880126953,-69.05623626708984,-68.71682739257812,-69.79911041259766,-70.17942810058594,-70.2652587890625,-71.464599609375,-70.15335845947266,-70.25938415527344,-70.37762451171875,-69.24761962890625,-70.01469421386719,-70.31732940673828,-70.3723373413086,-70.37874603271484,-70.38506317138672,-70.39422607421875,0.0
-75.01414489746094,-77.351806640625,-75.28658294677734,-73.93063354492188,-72.42755889892578,-70.20075988769531,-69.43748474121094,-69.17557525634766,-69.00664520263672,-68.86402130126953,-68.75071716308594,-69.83604431152344,-70.1886978149414,-70.25924682617188,-69.12091827392578,-69.91129302978516,-70.24341583251953,-70.32318115234375,-69.18023681640625,-69.9577407836914,-69.10881042480469,-68.76948547363281,-68.67938232421875,-69.80840301513672,-70.18511199951172,-70.26447296142578,-69.12767028808594,-71.08307647705078,-70.65567016601562,-69.2654037475586,-68.82557678222656,-68.73018646240234,-69.85620880126953,-69.05623626708984,-68.71682739257812,-69.79911041259766,-70.17942810058594,-70.2652587890625,-71.464599609375,-70.15335845947266,-70.25938415527344,-70.37762451171875,-69.24761962890625,-70.01469421386719,-70.31732940673828,-70.3723373413086,-70.37874603271484,-70.38506317138672,-70.39422607421875,-71.56942749023438,0.0
-77.351806640625,-75.28658294677734,-73.93063354492188,-72.42755889892578,-70.20075988769531,-69.43748474121094,-69.17557525634766,-69.00664520263672,-68.86402130126953,-68.75071716308594,-69.83604431152344,-70.1886978149414,-70.25924682617188,-69.12091827392578,-69.91129302978516,-70.24341583251953,-70.32318115234375,-69.18023681640625,-69.9577407836914,-69.10881042480469,-68.76948547363281,-68.67938232421875,-69.80840301513672,-70.18511199951172,-70.26447296142578,-69.12767028808594,-71.08307647705078,-70.65567016601562,-69.2654037475586,-68.82557678222656,-68.73018646240234,-69.85620880126953,-69.05623626708984,-68.71682739257812,-69.79911041259766,-70.17942810058594,-70.2652587890625,-71.464599609375,-70.15335845947266,-70.25938415527344,-70.37762451171875,-69.24761962890625,-70.01469421386719,-70.31732940673828,-70.3723373413086,-70.37874603271484,-70.38506317138672,-70.39422607421875,-71.56942749023438,-70.81832885742188,0.0
-75.28658294677734,-73.93063354492188,-72.42755889892578,-70.20075988769531,-69.43748474121094,-69.17557525634766,-69.00664520263672,-68.86402130126953,-68.75071716308594,-69.83604431152344,-70.1886978149414,-70.25924682617188,-69.12091827392578,-69.91129302978516,-70.24341583251953,-70.32318115234375,-69.18023681640625,-69.9577407836914,-69.10881042480469,-68.76948547363281,-68.67938232421875,-69.80840301513672,-70.18511199951172,-70.26447296142578,-69.12767028808594,-71.08307647705078,-70.65567016601562,-69.2654037475586,-68.82557678222656,-68.73018646240234,-69.85620880126953,-69.05623626708984,-68.71682739257812,-69.79911041259766,-70.17942810058594,-70.2652587890625,-71.464599609375,-70.15335845947266,-70.25938415527344,-70.37762451171875,-69.24761962890625,-70.01469421386719,-70.31732940673828,-70.3723373413086,-70.37874603271484,-70.38506317138672,-70.39422607421875,-71.56942749023438,-70.81832885742188,-72.85261535644531,0.0
-73.93063354492188,-72.42755889892578,-70.20075988769531,-69.43748474121094,-69.17557525634766,-69.00664520263672,-68.86402130126953,-68.75071716308594,-69.83604431152344,-70.1886978149414,-70.25924682617188,-69.12091827392578,-69.91129302978516,-70.24341583251953,-70.32318115234375,-69.18023681640625,-69.9577407836914,-69.10881042480469,-68.76948547363281,-68.67938232421875,-69.80840301513672,-70.18511199951172,-70.26447296142578,-69.12767028808594,-71.08307647705078,-70.65567016601562,-69.2654037475586,-68.82557678222656,-68.73018646240234,-69.85620880126953,-69.05623626708984,-68.71682739257812,-69.79911041259766,-70.17942810058594,-70.2652587890625,-71.464599609375,-70.15335845947266,-70.25938415527344,-70.37762451171875,-69.24761962890625,-70.01469421386719,-70.31732940673828,-70.3723373413086,-70.37874603271484,-70.38506317138672,-70.39422607421875,-71.56942749023438,-70.81832885742188,-72.85261535644531,-73.6173324584961,0.0
-72.42755889892578,-70.20075988769531,-69.43748474121094,-69.17557525634766,-69.00664520263672,-68.86402130126953,-68.75071716308594,-69.83604431152344,-70.1886978149414,-70.25924682617188,-69.12091827392578,-69.91129302978516,-70.24341583251953,-70.32318115234375,-69.18023681640625,-69.9577407836914,-69.10881042480469,-68.76948547363281,-68.67938232421875,-69.80840301513672,-70.18511199951172,-70.26447296142578,-69.12767028808594,-71.08307647705078,-70.65567016601562,-69.2654037475586,-68.82557678222656,-68.73018646240234,-69.85620880126953,-69.05623626708984,-68.71682739257812,-69.79911041259766,-70.17942810058594,-70.2652587890625,-71.464599609375,-70.15335845947266,-70.25938415527344,-70.37762451171875,-69.24761962890625,-70.01469421386719,-70.31732940673828,-70.3723373413086,-70.37874603271484,-70.38506317138672,-70.39422607421875,-71.56942749023438,-70.81832885742188,-72.85261535644531,-73.6173324584961,-73.82569885253906,1.0
-70.20075988769531,-69.43748474121094,-69.17557525634766,-69.00664520263672,-68.86402130126953,-68.75071716308594,-69.83604431152344,-70.1886978149414,-70.25924682617188,-69.12091827392578,-69.91129302978516,-70.24341583251953,-70.32318115234375,-69.18023681640625,-69.9577407836914,-69.10881042480469,-68.76948547363281,-68.67938232421875,-69.80840301513672,-70.18511199951172,-70.26447296142578,-69.12767028808594,-71.08307647705078,-70.65567016601562,-69.2654037475586,-68.82557678222656,-68.73018646240234,-69.85620880126953,-69.05623626708984,-68.71682739257812,-69.79911041259766,-70.17942810058594,-70.2652587890625,-71.464599609375,-70.15335845947266,-70.25938415527344,-70.37762451171875,-69.24761962890625,-70.01469421386719,-70.31732940673828,-70.3723373413086,-70.37874603271484,-70.38506317138672,-70.39422607421875,-71.56942749023438,-70.81832885742188,-72.85261535644531,-73.6173324584961,-73.82569885253906,-72.75835418701172,0.0
-69.43748474121094,-69.17557525634766,-69.00664520263672,-68.86402130126953,-68.75071716308594,-69.83604431152344,-70.1886978149414,-70.25924682617188,-69.12091827392578,-69.91129302978516,-70.24341583251953,-70.32318115234375,-69.18023681640625,-69.9577407836914,-69.10881042480469,-68.76948547363281,-68.67938232421875,-69.80840301513672,-70.18511199951172,-70.26447296142578,-69.12767028808594,-71.08307647705078,-70.65567016601562,-69.2654037475586,-68.82557678222656,-68.73018646240234,-69.85620880126953,-69.05623626708984,-68.71682739257812,-69.79911041259766,-70.17942810058594,-70.2652587890625,-71.464599609375,-70.15335845947266,-70.25938415527344,-70.37762451171875,-69.24761962890625,-70.01469421386719,-70.31732940673828,-70.3723373413086,-70.37874603271484,-70.38506317138672,-70.39422607421875,-71.56942749023438,-70.81832885742188,-72.85261535644531,-73.6173324584961,-73.82569885253906,-72.75835418701172,-72.43230438232422,0.0
-69.17557525634766,-69.00664520263672,-68.86402130126953,-68.75071716308594,-69.83604431152344,-70.1886978149414,-70.25924682617188,-69.12091827392578,-69.91129302978516,-70.24341583251953,-70.32318115234375,-69.18023681640625,-69.9577407836914,-69.10881042480469,-68.76948547363281,-68.67938232421875,-69.80840301513672,-70.18511199951172,-70.26447296142578,-69.12767028808594,-71.08307647705078,-70.65567016601562,-69.2654037475586,-68.82557678222656,-68.73018646240234,-69.85620880126953,-69.05623626708984,-68.71682739257812,-69.79911041259766,-70.17942810058594,-70.2652587890625,-71.464599609375,-70.15335845947266,-70.25938415527344,-70.37762451171875,-69.24761962890625,-70.01469421386719,-70.31732940673828,-70.3723373413086,-70.37874603271484,-70.38506317138672,-70.39422607421875,-71.56942749023438,-70.81832885742188,-72.85261535644531,-73.6173324584961,-73.82569885253906,-72.75835418701172,-72.43230438232422,-75.30342102050781,1.0
-69.00664520263672,-68.86402130126953,-68.75071716308594,-69.83604431152344,-70.1886978149414,-70.25924682617188,-69.12091827392578,-69.91129302978516,-70.24341583251953,-70.32318115234375,-69.18023681640625,-69.9577407836914,-69.10881042480469,-68.76948547363281,-68.67938232421875,-69.80840301513672,-70.18511199951172,-70.26447296142578,-69.12767028808594,-71.08307647705078,-70.65567016601562,-69.2654037475586,-68.82557678222656,-68.73018646240234,-69.85620880126953,-69.05623626708984,-68.71682739257812,-69.79911041259766,-70.17942810058594,-70.2652587890625,-71.464599609375,-70.15335845947266,-70.25938415527344,-70.37762451171875,-69.24761962890625,-70.01469421386719,-70.31732940673828,-70.3723373413086,-70.37874603271484,-70.38506317138672,-70.39422607421875,-71.56942749023438,-70.81832885742188,-72.85261535644531,-73.6173324584961,-73.82569885253906,-72.75835418701172,-72.43230438232422,-75.30342102050781,-75.1617202758789,0.0
-68.86402130126953,-68.75071716308594,-69.83604431152344,-70.1886978149414,-70.25924682617188,-69.12091827392578,-69.91129302978516,-70.24341583251953,-70.32318115234375,-69.18023681640625,-69.9577407836914,-69.10881042480469,-68.76948547363281,-68.67938232421875,-69.80840301513672,-70.18511199951172,-70.26447296142578,-69.12767028808594,-71.08307647705078,-70.65567016601562,-69.2654037475586,-68.82557678222656,-68.73018646240234,-69.85620880126953,-69.05623626708984,-68.71682739257812,-69.79911041259766,-70.17942810058594,-70.2652587890625,-71.464599609375,-70.15335845947266,-70.25938415527344,-70.37762451171875,-69.24761962890625,-70.01469421386719,-70.31732940673828,-70.3723373413086,-70.37874603271484,-70.38506317138672,-70.39422607421875,-71.56942749023438,-70.81832885742188,-72.85261535644531,-73.6173324584961,-73.82569885253906,-72.75835418701172,-72.43230438232422,-75.30342102050781,-75.1617202758789,-75.59281158447266,0.0
-68.75071716308594,-69.83604431152344,-70.1886978149414,-70.25924682617188,-69.12091827392578,-69.91129302978516,-70.24341583251953,-70.32318115234375,-69.18023681640625,-69.9577407836914,-69.10881042480469,-68.76948547363281,-68.67938232421875,-69.80840301513672,-70.18511199951172,-70.26447296142578,-69.12767028808594,-71.08307647705078,-70.65567016601562,-69.2654037475586,-68.82557678222656,-68.73018646240234,-69.85620880126953,-69.05623626708984,-68.71682739257812,-69.79911041259766,-70.17942810058594,-70.2652587890625,-71.464599609375,-70.15335845947266,-70.25938415527344,-70.37762451171875,-69.24761962890625,-70.01469421386719,-70.31732940673828,-70.3723373413086,-70.37874603271484,-70.38506317138672,-70.39422607421875,-71.56942749023438,-70.81832885742188,-72.85261535644531,-73.6173324584961,-73.82569885253906,-72.75835418701172,-72.43230438232422,-75.30342102050781,-75.1617202758789,-75.59281158447266,-74.64041137695312,0.0
-69.83604431152344,-70.1886978149414,-70.25924682617188,-69.12091827392578,-69.91129302978516,-70.24341583251953,-70.32318115234375,-69.18023681640625,-69.9577407836914,-69.10881042480469,-68.76948547363281,-68.67938232421875,-69.80840301513672,-70.18511199951172,-70.26447296142578,-69.12767028808594,-71.08307647705078,-70.65567016601562,-69.2654037475586,-68.82557678222656,-68.73018646240234,-69.85620880126953,-69.05623626708984,-68.71682739257812,-69.79911041259766,-70.17942810058594,-70.2652587890625,-71.464599609375,-70.15335845947266,-70.25938415527344,-70.37762451171875,-69.24761962890625,-70.01469421386719,-70.31732940673828,-70.3723373413086,-70.37874603271484,-70.38506317138672,-70.39422607421875,-71.56942749023438,-70.81832885742188,-72.85261535644531,-73.6173324584961,-73.82569885253906,-72.75835418701172,-72.43230438232422,-75.30342102050781,-75.1617202758789,-75.59281158447266,-74.64041137695312,-74.33309936523438,1.0
-70.1886978149414,-70.25924682617188,-69.12091827392578,-69.91129302978516,-70.24341583251953,-70.32318115234375,-69.18023681640625,-69.9577407836914,-69.10881042480469,-68.76948547363281,-68.67938232421875,-69.80840301513672,-70.18511199951172,-70.26447296142578,-69.12767028808594,-71.08307647705078,-70.65567016601562,-69.2654037475586,-68.82557678222656,-68.73018646240234,-69.85620880126953,-69.05623626708984,-68.71682739257812,-69.79911041259766,-70.17942810058594,-70.2652587890625,-71.464599609375,-70.15335845947266,-70.25938415527344,-70.37762451171875,-69.24761962890625,-70.01469421386719,-70.31732940673828,-70.3723373413086,-70.37874603271484,-70.38506317138672,-70.39422607421875,-71.56942749023438,-70.81832885742188,-72.85261535644531,-73.6173324584961,-73.82569885253906,-72.75835418701172,-72.43230438232422,-75.30342102050781,-75.1617202758789,-75.59281158447266,-74.64041137695312,-74.33309936523438,-74.87516021728516,1.0
-70.25924682617188,-69.12091827392578,-69.91129302978516,-70.24341583251953,-70.32318115234375,-69.18023681640625,-69.9577407836914,-69.10881042480469,-68.76948547363281,-68.67938232421875,-69.80840301513672,-70.18511199951172,-70.26447296142578,-69.12767028808594,-71.08307647705078,-70.65567016601562,-69.2654037475586,-68.82557678222656,-68.73018646240234,-69.85620880126953,-69.05623626708984,-68.71682739257812,-69.79911041259766,-70.17942810058594,-70.2652587890625,-71.464599609375,-70.15335845947266,-70.25938415527344,-70.37762451171875,-69.24761962890625,-70.01469421386719,-70.31732940673828,-70.3723373413086,-70.37874603271484,-70.38506317138672,-70.39422607421875,-71.56942749023438,-70.81832885742188,-72.85261535644531,-73.6173324584961,-73.82569885253906,-72.75835418701172,-72.43230438232422,-75.30342102050781,-75.1617202758789,-75.59281158447266,-74.64041137695312,-74.33309936523438,-74.87516021728516,-72.16520690917969,0.0
-69.12091827392578,-69.91129302978516,-70.24341583251953,-70.32318115234375,-69.18023681640625,-69.9577407836914,-69.10881042480469,-68.76948547363281,-68.67938232421875,-69.80840301513672,-70.18511199951172,-70.26447296142578,-69.12767028808594,-71.08307647705078,-70.65567016601562,-69.2654037475586,-68.82557678222656,-68.73018646240234,-69.85620880126953,-69.05623626708984,-68.71682739257812,-69.79911041259766,-70.17942810058594,-70.2652587890625,-71.464599609375,-70.15335845947266,-70.25938415527344,-70.37762451171875,-69.24761962890625,-70.01469421386719,-70.31732940673828,-70.3723373413086,-70.37874603271484,-70.38506317138672,-70.39422607421875,-71.56942749023438,-70.81832885742188,-72.85261535644531,-73.6173324584961,-73.82569885253906,-72.75835418701172,-72.43230438232422,-75.30342102050781,-75.1617202758789,-75.59281158447266,-74.64041137695312,-74.33309936523438,-74.87516021728516,-72.16520690917969,-71.19171142578125,1.0
-69.91129302978516,-70.24341583251953,-70.32318115234375,-69.18023681640625,-69.9577407836914,-69.10881042480469,-68.76948547363281,-68.67938232421875,-69.80840301513672,-70.18511199951172,-70.26447296142578,-69.12767028808594,-71.08307647705078,-70.65567016601562,-69.2654037475586,-68.82557678222656,-68.73018646240234,-69.85620880126953,-69.05623626708984,-68.71682739257812,-69.79911041259766,-70.17942810058594,-70.2652587890625,-71.464599609375,-70.15335845947266,-70.25938415527344,-70.37762451171875,-69.24761962890625,-70.01469421386719,-70.31732940673828,-70.3723373413086,-70.37874603271484,-70.38506317138672,-70.39422607421875,-71.56942749023438,-70.81832885742188,-72.85261535644531,-73.6173324584961,-73.82569885253906,-72.75835418701172,-72.43230438232422,-75.30342102050781,-75.1617202758789,-75.59281158447266,-74.64041137695312,-74.33309936523438,-74.87516021728516,-72.16520690917969,-71.19171142578125,-71.52135467529297,0.0
-70.24341583251953,-70.32318115234375,-69.18023681640625,-69.9577407836914,-69.10881042480469,-68.76948547363281,-68.67938232421875,-69.80840301513672,-70.18511199951172,-70.26447296142578,-69.12767028808594,-71.08307647705078,-70.65567016601562,-69.2654037475586,-68.82557678222656,-68.73018646240234,-69.85620880126953,-69.05623626708984,-68.71682739257812,-69.79911041259766,-70.17942810058594,-70.2652587890625,-71.464599609375,-70.15335845947266,-70.25938415527344,-70.37762451171875,-69.24761962890625,-70.01469421386719,-70.31732940673828,-70.3723373413086,-70.37874603271484,-70.38506317138672,-70.39422607421875,-71.56942749023438,-70.81832885742188,-72.85261535644531,-73.6173324584961,-73.82569885253906,-72.75835418701172,-72.43230438232422,-75.30342102050781,-75.1617202758789,-75.59281158447266,-74.64041137695312,-74.33309936523438,-74.87516021728516,-72.16520690917969,-71.19171142578125,-71.52135467529297,-72.77122497558594,0.0
-70.32318115234375,-69.18023681640625,-69.9577407836914,-69.10881042480469,-68.76948547363281,-68.67938232421875,-69.80840301513672,-70.18511199951172,-70.26447296142578,-69.12767028808594,-71.08307647705078,-70.65567016601562,-69.2654037475586,-68.82557678222656,-68.73018646240234,-69.85620880126953,-69.05623626708984,-68.71682739257812,-69.79911041259766,-70.17942810058594,-70.2652587890625,-71.464599609375,-70.15335845947266,-70.25938415527344,-70.37762451171875,-69.24761962890625,-70.01469421386719,-70.31732940673828,-70.3723373413086,-70.37874603271484,-70.38506317138672,-70.39422607421875,-71.56942749023438,-70.81832885742188,-72.85261535644531,-73.6173324584961,-73.82569885253906,-72.75835418701172,-72.43230438232422,-75.30342102050781,-75.1617202758789,-75.59281158447266,-74.64041137695312,-74.33309936523438,-74.87516021728516,-72.16520690917969,-71.19171142578125,-71.52135467529297,-72.77122497558594,-73.7104263305664,0.0
-69.18023681640625,-69.9577407836914,-69.10881042480469,-68.76948547363281,-68.67938232421875,-69.80840301513672,-70.18511199951172,-70.26447296142578,-69.12767028808594,-71.08307647705078,-70.65567016601562,-69.2654037475586,-68.82557678222656,-68.73018646240234,-69.85620880126953,-69.05623626708984,-68.71682739257812,-69.79911041259766,-70.17942810058594,-70.2652587890625,-71.464599609375,-70.15335845947266,-70.25938415527344,-70.37762451171875,-69.24761962890625,-70.01469421386719,-70.31732940673828,-70.3723373413086,-70.37874603271484,-70.38506317138672,-70.39422607421875,-71.56942749023438,-70.81832885742188,-72.85261535644531,-73.6173324584961,-73.82569885253906,-72.75835418701172,-72.43230438232422,-75.30342102050781,-75.1617202758789,-75.59281158447266,-74.64041137695312,-74.33309936523438,-74.87516021728516,-72.16520690917969,-71.19171142578125,-71.52135467529297,-72.77122497558594,-73.7104263305664,-73.95637512207031,0.0
-69.9577407836914,-69.10881042480469,-68.76948547363281,-68.67938232421875,-69.80840301513672,-70.18511199951172,-70.26447296142578,-69.12767028808594,-71.08307647705078,-70.65567016601562,-69.2654037475586,-68.82557678222656,-68.73018646240234,-69.85620880126953,-69.05623626708984,-68.71682739257812,-69.79911041259766,-70.17942810058594,-70.2652587890625,-71.464599609375,-70.15335845947266,-70.25938415527344,-70.37762451171875,-69.24761962890625,-70.01469421386719,-70.31732940673828,-70.3723373413086,-70.37874603271484,-70.38506317138672,-70.39422607421875,-71.56942749023438,-70.81832885742188,-72.85261535644531,-73.6173324584961,-73.82569885253906,-72.75835418701172,-72.43230438232422,-75.30342102050781,-75.1617202758789,-75.59281158447266,-74.64041137695312,-74.33309936523438,-74.87516021728516,-72.16520690917969,-71.19171142578125,-71.52135467529297,-72.77122497558594,-73.7104263305664,-73.95637512207031,-74.01429748535156,1.0
-69.10881042480469,-68.76948547363281,-68.67938232421875,-69.80840301513672,-70.18511199951172,-70.26447296142578,-69.12767028808594,-71.08307647705078,-70.65567016601562,-69.2654037475586,-68.82557678222656,-68.73018646240234,-69.85620880126953,-69.05623626708984,-68.71682739257812,-69.79911041259766,-70.17942810058594,-70.2652587890625,-71.464599609375,-70.15335845947266,-70.25938415527344,-70.37762451171875,-69.24761962890625,-70.01469421386719,-70.31732940673828,-70.3723373413086,-70.37874603271484,-70.38506317138672,-70.39422607421875,-71.56942749023438,-70.81832885742188,-72.85261535644531,-73.6173324584961,-73.82569885253906,-72.75835418701172,-72.43230438232422,-75.30342102050781,-75.1617202758789,-75.59281158447266,-74.64041137695312,-74.33309936523438,-74.87516021728516,-72.16520690917969,-71.19171142578125,-71.52135467529297,-72.77122497558594,-73.7104263305664,-73.95637512207031,-74.01429748535156,-78.69329071044922,0.0
-68.76948547363281,-68.67938232421875,-69.80840301513672,-70.18511199951172,-70.26447296142578,-69.12767028808594,-71.08307647705078,-70.65567016601562,-69.2654037475586,-68.82557678222656,-68.73018646240234,-69.85620880126953,-69.05623626708984,-68.71682739257812,-69.79911041259766,-70.17942810058594,-70.2652587890625,-71.464599609375,-70.15335845947266,-70.25938415527344,-70.37762451171875,-69.24761962890625,-70.01469421386719,-70.31732940673828,-70.3723373413086,-70.37874603271484,-70.38506317138672,-70.39422607421875,-71.56942749023438,-70.81832885742188,-72.85261535644531,-73.6173324584961,-73.82569885253906,-72.75835418701172,-72.43230438232422,-75.30342102050781,-75.1617202758789,-75.59281158447266,-74.64041137695312,-74.33309936523438,-74.87516021728516,-72.16520690917969,-71.19171142578125,-71.52135467529297,-72.77122497558594,-73.7104263305664,-73.95637512207031,-74.01429748535156,-78.69329071044922,-76.30854797363281,0.0
-68.67938232421875,-69.80840301513672,-70.18511199951172,-70.26447296142578,-69.12767028808594,-71.08307647705078,-70.65567016601562,-69.2654037475586,-68.82557678222656,-68.73018646240234,-69.85620880126953,-69.05623626708984,-68.71682739257812,-69.79911041259766,-70.17942810058594,-70.2652587890625,-71.464599609375,-70.15335845947266,-70.25938415527344,-70.37762451171875,-69.24761962890625,-70.01469421386719,-70.31732940673828,-70.3723373413086,-70.37874603271484,-70.38506317138672,-70.39422607421875,-71.56942749023438,-70.81832885742188,-72.85261535644531,-73.6173324584961,-73.82569885253906,-72.75835418701172,-72.43230438232422,-75.30342102050781,-75.1617202758789,-75.59281158447266,-74.64041137695312,-74.33309936523438,-74.87516021728516,-72.16520690917969,-71.19171142578125,-71.52135467529297,-72.77122497558594,-73.7104263305664,-73.95637512207031,-74.01429748535156,-78.69329071044922,-76.30854797363281,-74.76705932617188,0.0
-69.80840301513672,-70.18511199951172,-70.26447296142578,-69.12767028808594,-71.08307647705078,-70.65567016601562,-69.2654037475586,-68.82557678222656,-68.73018646240234,-69.85620880126953,-69.05623626708984,-68.71682739257812,-69.79911041259766,-70.17942810058594,-70.2652587890625,-71.464599609375,-70.15335845947266,-70.25938415527344,-70.37762451171875,-69.24761962890625,-70.01469421386719,-70.31732940673828,-70.3723373413086,-70.37874603271484,-70.38506317138672,-70.39422607421875,-71.56942749023438,-70.81832885742188,-72.85261535644531,-73.6173324584961,-73.82569885253906,-72.75835418701172,-72.43230438232422,-75.30342102050781,-75.1617202758789,-75.59281158447266,-74.64041137695312,-74.33309936523438,-74.87516021728516,-72.16520690917969,-71.19171142578125,-71.52135467529297,-72.77122497558594,-73.7104263305664,-73.95637512207031,-74.01429748535156,-78.69329071044922,-76.30854797363281,-74.76705932617188,-72.6805419921875,0.0
-70.18511199951172,-70.26447296142578,-69.12767028808594,-71.08307647705078,-70.65567016601562,-69.2654037475586,-68.82557678222656,-68.73018646240234,-69.85620880126953,-69.05623626708984,-68.71682739257812,-69.79911041259766,-70.17942810058594,-70.2652587890625,-71.464599609375,-70.15335845947266,-70.25938415527344,-70.37762451171875,-69.24761962890625,-70.01469421386719,-70.31732940673828,-70.3723373413086,-70.37874603271484,-70.38506317138672,-70.39422607421875,-71.56942749023438,-70.81832885742188,-72.85261535644531,-73.6173324584961,-73.82569885253906,-72.75835418701172,-72.43230438232422,-75.30342102050781,-75.1617202758789,-75.59281158447266,-74.64041137695312,-74.33309936523438,-74.87516021728516,-72.16520690917969,-71.19171142578125,-71.52135467529297,-72.77122497558594,-73.7104263305664,-73.95637512207031,-74.01429748535156,-78.69329071044922,-76.30854797363281,-74.76705932617188,-72.6805419921875,-72.0386734008789,0.0
-70.26447296142578,-69.12767028808594,-71.08307647705078,-70.65567016601562,-69.2654037475586,-68.82557678222656,-68.73018646240234,-69.85620880126953,-69.05623626708984,-68.71682739257812,-69.79911041259766,-70.17942810058594,-70.2652587890625,-71.464599609375,-70.15335845947266,-70.25938415527344,-70.37762451171875,-69.24761962890625,-70.01469421386719,-70.31732940673828,-70.3723373413086,-70.37874603271484,-70.38506317138672,-70.39422607421875,-71.56942749023438,-70.81832885742188,-72.85261535644531,-73.6173324584961,-73.82569885253906,-72.75835418701172,-72.43230438232422,-75.30342102050781,-75.1617202758789,-75.59281158447266,-74.64041137695312,-74.33309936523438,-74.87516021728516,-72.16520690917969,-71.19171142578125,-71.52135467529297,-72.77122497558594,-73.7104263305664,-73.95637512207031,-74.01429748535156,-78.69329071044922,-76.30854797363281,-74.76705932617188,-72.6805419921875,-72.0386734008789,-72.4481201171875,0.0
-69.12767028808594,-71.08307647705078,-70.65567016601562,-69.2654037475586,-68.82557678222656,-68.73018646240234,-69.85620880126953,-69.05623626708984,-68.71682739257812,-69.79911041259766,-70.17942810058594,-70.2652587890625,-71.464599609375,-70.15335845947266,-70.25938415527344,-70.37762451171875,-69.24761962890625,-70.01469421386719,-70.31732940673828,-70.3723373413086,-70.37874603271484,-70.38506317138672,-70.39422607421875,-71.56942749023438,-70.81832885742188,-72.85261535644531,-73.6173324584961,-73.82569885253906,-72.75835418701172,-72.43230438232422,-75.30342102050781,-75.1617202758789,-75.59281158447266,-74.64041137695312,-74.33309936523438,-74.87516021728516,-72.16520690917969,-71.19171142578125,-71.52135467529297,-72.77122497558594,-73.7104263305664,-73.95637512207031,-74.01429748535156,-78.69329071044922,-76.30854797363281,-74.76705932617188,-72.6805419921875,-72.0386734008789,-72.4481201171875,-72.54361724853516,0.0
-71.08307647705078,-70.65567016601562,-69.2654037475586,-68.82557678222656,-68.73018646240234,-69.85620880126953,-69.05623626708984,-68.71682739257812,-69.79911041259766,-70.17942810058594,-70.2652587890625,-71.464599609375,-70.15335845947266,-70.25938415527344,-70.37762451171875,-69.24761962890625,-70.01469421386719,-70.31732940673828,-70.3723373413086,-70.37874603271484,-70.38506317138672,-70.39422607421875,-71.56942749023438,-70.81832885742188,-72.85261535644531,-73.6173324584961,-73.82569885253906,-72.75835418701172,-72.43230438232422,-75.30342102050781,-75.1617202758789,-75.59281158447266,-74.64041137695312,-74.33309936523438,-74.87516021728516,-72.16520690917969,-71.19171142578125,-71.52135467529297,-72.77122497558594,-73.7104263305664,-73.95637512207031,-74.01429748535156,-78.69329071044922,-76.30854797363281,-74.76705932617188,-72.6805419921875,-72.0386734008789,-72.4481201171875,-72.54361724853516,-65.49861145019531,0.0
-70.65567016601562,-69.2654037475586,-68.82557678222656,-68.73018646240234,-69.85620880126953,-69.05623626708984,-68.71682739257812,-69.79911041259766,-70.17942810058594,-70.2652587890625,-71.464599609375,-70.15335845947266,-70.25938415527344,-70.37762451171875,-69.24761962890625,-70.01469421386719,-70.31732940673828,-70.3723373413086,-70.37874603271484,-70.38506317138672,-70.39422607421875,-71.56942749023438,-70.81832885742188,-72.85261535644531,-73.6173324584961,-73.82569885253906,-72.75835418701172,-72.43230438232422,-75.30342102050781,-75.1617202758789,-75.59281158447266,-74.64041137695312,-74.33309936523438,-74.87516021728516,-72.16520690917969,-71.19171142578125,-71.52135467529297,-72.77122497558594,-73.7104263305664,-73.95637512207031,-74.01429748535156,-78.69329071044922,-76.30854797363281,-74.76705932617188,-72.6805419921875,-72.0386734008789,-72.4481201171875,-72.54361724853516,-65.49861145019531,-65.32353210449219,0.0
-69.2654037475586,-68.82557678222656,-68.73018646240234,-69.85620880126953,-69.05623626708984,-68.71682739257812,-69.79911041259766,-70.17942810058594,-70.2652587890625,-71.464599609375,-70.15335845947266,-70.25938415527344,-70.37762451171875,-69.24761962890625,-70.01469421386719,-70.31732940673828,-70.3723373413086,-70.37874603271484,-70.38506317138672,-70.39422607421875,-71.56942749023438,-70.81832885742188,-72.85261535644531,-73.6173324584961,-73.82569885253906,-72.75835418701172,-72.43230438232422,-75.30342102050781,-75.1617202758789,-75.59281158447266,-74.64041137695312,-74.33309936523438,-74.87516021728516,-72.16520690917969,-71.19171142578125,-71.52135467529297,-72.77122497558594,-73.7104263305664,-73.95637512207031,-74.01429748535156,-78.69329071044922,-76.30854797363281,-74.76705932617188,-72.6805419921875,-72.0386734008789,-72.4481201171875,-72.54361724853516,-65.49861145019531,-65.32353210449219,-63.11408615112305,0.0
-68.82557678222656,-68.73018646240234,-69.85620880126953,-69.05623626708984,-68.71682739257812,-69.79911041259766,-70.17942810058594,-70.2652587890625,-71.464599609375,-70.15335845947266,-70.25938415527344,-70.37762451171875,-69.24761962890625,-70.01469421386719,-70.31732940673828,-70.3723373413086,-70.37874603271484,-70.38506317138672,-70.39422607421875,-71.56942749023438,-70.81832885742188,-72.85261535644531,-73.6173324584961,-73.82569885253906,-72.75835418701172,-72.43230438232422,-75.30342102050781,-75.1617202758789,-75.59281158447266,-74.64041137695312,-74.33309936523438,-74.87516021728516,-72.16520690917969,-71.19171142578125,-71.52135467529297,-72.77122497558594,-73.7104263305664,-73.95637512207031,-74.01429748535156,-78.69329071044922,-76.30854797363281,-74.76705932617188,-72.6805419921875,-72.0386734008789,-72.4481201171875,-72.54361724853516,-65.49861145019531,-65.32353210449219,-63.11408615112305,-62.173946380615234,0.0
-68.73018646240234,-69.85620880126953,-69.05623626708984,-68.71682739257812,-69.79911041259766,-70.17942810058594,-70.2652587890625,-71.464599609375,-70.15335845947266,-70.25938415527344,-70.37762451171875,-69.24761962890625,-70.01469421386719,-70.31732940673828,-70.3723373413086,-70.37874603271484,-70.38506317138672,-70.39422607421875,-71.56942749023438,-70.81832885742188,-72.85261535644531,-73.6173324584961,-73.82569885253906,-72.75835418701172,-72.43230438232422,-75.30342102050781,-75.1617202758789,-75.59281158447266,-74.64041137695312,-74.33309936523438,-74.87516021728516,-72.16520690917969,-71.19171142578125,-71.52135467529297,-72.77122497558594,-73.7104263305664,-73.95637512207031,-74.01429748535156,-78.69329071044922,-76.30854797363281,-74.76705932617188,-72.6805419921875,-72.0386734008789,-72.4481201171875,-72.54361724853516,-65.49861145019531,-65.32353210449219,-63.11408615112305,-62.173946380615234,-61.7774543762207,0.0
-69.85620880126953,-69.05623626708984,-68.71682739257812,-69.79911041259766,-70.17942810058594,-70.2652587890625,-71.464599609375,-70.15335845947266,-70.25938415527344,-70.37762451171875,-69.24761962890625,-70.01469421386719,-70.31732940673828,-70.3723373413086,-70.37874603271484,-70.38506317138672,-70.39422607421875,-71.56942749023438,-70.81832885742188,-72.85261535644531,-73.6173324584961,-73.82569885253906,-72.75835418701172,-72.43230438232422,-75.30342102050781,-75.1617202758789,-75.59281158447266,-74.64041137695312,-74.33309936523438,-74.87516021728516,-72.16520690917969,-71.19171142578125,-71.52135467529297,-72.77122497558594,-73.7104263305664,-73.95637512207031,-74.01429748535156,-78.69329071044922,-76.30854797363281,-74.76705932617188,-72.6805419921875,-72.0386734008789,-72.4481201171875,-72.54361724853516,-65.49861145019531,-65.32353210449219,-63.11408615112305,-62.173946380615234,-61.7774543762207,-66.2009048461914,0.0
-69.05623626708984,-68.71682739257812,-69.79911041259766,-70.17942810058594,-70.2652587890625,-71.464599609375,-70.15335845947266,-70.25938415527344,-70.37762451171875,-69.24761962890625,-70.01469421386719,-70.31732940673828,-70.3723373413086,-70.37874603271484,-70.38506317138672,-70.39422607421875,-71.56942749023438,-70.81832885742188,-72.85261535644531,-73.6173324584961,-73.82569885253906,-72.75835418701172,-72.43230438232422,-75.30342102050781,-75.1617202758789,-75.59281158447266,-74.64041137695312,-74.33309936523438,-74.87516021728516,-72.16520690917969,-71.19171142578125,-71.52135467529297,-72.77122497558594,-73.7104263305664,-73.95637512207031,-74.01429748535156,-78.69329071044922,-76.30854797363281,-74.76705932617188,-72.6805419921875,-72.0386734008789,-72.4481201171875,-72.54361724853516,-65.49861145019531,-65.32353210449219,-63.11408615112305,-62.173946380615234,-61.7774543762207,-66.2009048461914,-67.64110565185547,0.0
-68.71682739257812,-69.79911041259766,-70.17942810058594,-70.2652587890625,-71.464599609375,-70.15335845947266,-70.25938415527344,-70.37762451171875,-69.24761962890625,-70.01469421386719,-70.31732940673828,-70.3723373413086,-70.37874603271484,-70.38506317138672,-70.39422607421875,-71.56942749023438,-70.81832885742188,-72.85261535644531,-73.6173324584961,-73.82569885253906,-72.75835418701172,-72.43230438232422,-75.30342102050781,-75.1617202758789,-75.59281158447266,-74.64041137695312,-74.33309936523438,-74.87516021728516,-72.16520690917969,-71.19171142578125,-71.52135467529297,-72.77122497558594,-73.7104263305664,-73.95637512207031,-74.01429748535156,-78.69329071044922,-76.30854797363281,-74.76705932617188,-72.6805419921875,-72.0386734008789,-72.4481201171875,-72.54361724853516,-65.49861145019531,-65.32353210449219,-63.11408615112305,-62.173946380615234,-61.7774543762207,-66.2009048461914,-67.64110565185547,-70.2561264038086,0.0
-69.79911041259766,-70.17942810058594,-70.2652587890625,-71.464599609375,-70.15335845947266,-70.25938415527344,-70.37762451171875,-69.24761962890625,-70.01469421386719,-70.31732940673828,-70.3723373413086,-70.37874603271484,-70.38506317138672,-70.39422607421875,-71.56942749023438,-70.81832885742188,-72.85261535644531,-73.6173324584961,-73.82569885253906,-72.75835418701172,-72.43230438232422,-75.30342102050781,-75.1617202758789,-75.59281158447266,-74.64041137695312,-74.33309936523438,-74.87516021728516,-72.16520690917969,-71.19171142578125,-71.52135467529297,-72.77122497558594,-73.7104263305664,-73.95637512207031,-74.01429748535156,-78.69329071044922,-76.30854797363281,-74.76705932617188,-72.6805419921875,-72.0386734008789,-72.4481201171875,-72.54361724853516,-65.49861145019531,-65.32353210449219,-63.11408615112305,-62.173946380615234,-61.7774543762207,-66.2009048461914,-67.64110565185547,-70.2561264038086,-71.17707824707031,0.0
-70.17942810058594,-70.2652587890625,-71.464599609375,-70.15335845947266,-70.25938415527344,-70.37762451171875,-69.24761962890625,-70.01469421386719,-70.31732940673828,-70.3723373413086,-70.37874603271484,-70.38506317138672,-70.39422607421875,-71.56942749023438,-70.81832885742188,-72.85261535644531,-73.6173324584961,-73.82569885253906,-72.75835418701172,-72.43230438232422,-75.30342102050781,-75.1617202758789,-75.59281158447266,-74.64041137695312,-74.33309936523438,-74.87516021728516,-72.16520690917969,-71.19171142578125,-71.52135467529297,-72.77122497558594,-73.7104263305664,-73.95637512207031,-74.01429748535156,-78.69329071044922,-76.30854797363281,-74.76705932617188,-72.6805419921875,-72.0386734008789,-72.4481201171875,-72.54361724853516,-65.49861145019531,-65.32353210449219,-63.11408615112305,-62.173946380615234,-61.7774543762207,-66.2009048461914,-67.64110565185547,-70.2561264038086,-71.17707824707031,-70.91783142089844,0.0
-70.2652587890625,-71.464599609375,-70.15335845947266,-70.25938415527344,-70.37762451171875,-69.24761962890625,-70.01469421386719,-70.31732940673828,-70.3723373413086,-70.37874603271484,-70.38506317138672,-70.39422607421875,-71.56942749023438,-70.81832885742188,-72.85261535644531,-73.6173324584961,-73.82569885253906,-72.75835418701172,-72.43230438232422,-75.30342102050781,-75.1617202758789,-75.59281158447266,-74.64041137695312,-74.33309936523438,-74.87516021728516,-72.16520690917969,-71.19171142578125,-71.52135467529297,-72.77122497558594,-73.7104263305664,-73.95637512207031,-74.01429748535156,-78.69329071044922,-76.30854797363281,-74.76705932617188,-72.6805419921875,-72.0386734008789,-72.4481201171875,-72.54361724853516,-65.49861145019531,-65.32353210449219,-63.11408615112305,-62.173946380615234,-61.7774543762207,-66.2009048461914,-67.64110565185547,-70.2561264038086,-71.17707824707031,-70.91783142089844,-70.9260025024414,0.0
-71.464599609375,-70.15335845947266,-70.25938415527344,-70.37762451171875,-69.24761962890625,-70.01469421386719,-70.31732940673828,-70.3723373413086,-70.37874603271484,-70.38506317138672,-70.39422607421875,-71.56942749023438,-70.81832885742188,-72.85261535644531,-73.6173324584961,-73.82569885253906,-72.75835418701172,-72.43230438232422,-75.30342102050781,-75.1617202758789,-75.59281158447266,-74.64041137695312,-74.33309936523438,-74.87516021728516,-72.16520690917969,-71.19171142578125,-71.52135467529297,-72.77122497558594,-73.7104263305664,-73.95637512207031,-74.01429748535156,-78.69329071044922,-76.30854797363281,-74.76705932617188,-72.6805419921875,-72.0386734008789,-72.4481201171875,-72.54361724853516,-65.49861145019531,-65.32353210449219,-63.11408615112305,-62.173946380615234,-61.7774543762207,-66.2009048461914,-67.64110565185547,-70.2561264038086,-71.17707824707031,-70.91783142089844,-70.9260025024414,-71.05274963378906,0.0
-70.15335845947266,-70.25938415527344,-70.37762451171875,-69.24761962890625,-70.01469421386719,-70.31732940673828,-70.3723373413086,-70.37874603271484,-70.38506317138672,-70.39422607421875,-71.56942749023438,-70.81832885742188,-72.85261535644531,-73.6173324584961,-73.82569885253906,-72.75835418701172,-72.43230438232422,-75.30342102050781,-75.1617202758789,-75.59281158447266,-74.64041137695312,-74.33309936523438,-74.87516021728516,-72.16520690917969,-71.19171142578125,-71.52135467529297,-72.77122497558594,-73.7104263305664,-73.95637512207031,-74.01429748535156,-78.69329071044922,-76.30854797363281,-74.76705932617188,-72.6805419921875,-72.0386734008789,-72.4481201171875,-72.54361724853516,-65.49861145019531,-65.32353210449219,-63.11408615112305,-62.173946380615234,-61.7774543762207,-66.2009048461914,-67.64110565185547,-70.2561264038086,-71.17707824707031,-70.91783142089844,-70.9260025024414,-71.05274963378906,-70.00347900390625,0.0
-70.25938415527344,-70.37762451171875,-69.24761962890625,-70.01469421386719,-70.31732940673828,-70.3723373413086,-70.37874603271484,-70.38506317138672,-70.39422607421875,-71.56942749023438,-70.81832885742188,-72.85261535644531,-73.6173324584961,-73.82569885253906,-72.75835418701172,-72.43230438232422,-75.30342102050781,-75.1617202758789,-75.59281158447266,-74.64041137695312,-74.33309936523438,-74.87516021728516,-72.16520690917969,-71.19171142578125,-71.52135467529297,-72.77122497558594,-73.7104263305664,-73.95637512207031,-74.01429748535156,-78.69329071044922,-76.30854797363281,-74.76705932617188,-72.6805419921875,-72.0386734008789,-72.4481201171875,-72.54361724853516,-65.49861145019531,-65.32353210449219,-63.11408615112305,-62.173946380615234,-61.7774543762207,-66.2009048461914,-67.64110565185547,-70.2561264038086,-71.17707824707031,-70.91783142089844,-70.9260025024414,-71.05274963378906,-70.00347900390625,-69.67674255371094,0.0
-70.37762451171875,-69.24761962890625,-70.01469421386719,-70.31732940673828,-70.3723373413086,-70.37874603271484,-70.38506317138672,-70.39422607421875,-71.56942749023438,-70.81832885742188,-72.85261535644531,-73.6173324584961,-73.82569885253906,-72.75835418701172,-72.43230438232422,-75.30342102050781,-75.1617202758789,-75.59281158447266,-74.64041137695312,-74.33309936523438,-74.87516021728516,-72.16520690917969,-71.19171142578125,-71.52135467529297,-72.77122497558594,-73.7104263305664,-73.95637512207031,-74.01429748535156,-78.69329071044922,-76.30854797363281,-74.76705932617188,-72.6805419921875,-72.0386734008789,-72.4481201171875,-72.54361724853516,-65.49861145019531,-65.32353210449219,-63.11408615112305,-62.173946380615234,-61.7774543762207,-66.2009048461914,-67.64110565185547,-70.2561264038086,-71.17707824707031,-70.91783142089844,-70.9260025024414,-71.05274963378906,-70.00347900390625,-69.67674255371094,-67.28563690185547,0.0
-69.24761962890625,-70.01469421386719,-70.31732940673828,-70.3723373413086,-70.37874603271484,-70.38506317138672,-70.39422607421875,-71.56942749023438,-70.81832885742188,-72.85261535644531,-73.6173324584961,-73.82569885253906,-72.75835418701172,-72.43230438232422,-75.30342102050781,-75.1617202758789,-75.59281158447266,-74.64041137695312,-74.33309936523438,-74.87516021728516,-72.16520690917969,-71.19171142578125,-71.52135467529297,-72.77122497558594,-73.7104263305664,-73.95637512207031,-74.01429748535156,-78.69329071044922,-76.30854797363281,-74.76705932617188,-72.6805419921875,-72.0386734008789,-72.4481201171875,-72.54361724853516,-65.49861145019531,-65.32353210449219,-63.11408615112305,-62.173946380615234,-61.7774543762207,-66.2009048461914,-67.64110565185547,-70.2561264038086,-71.17707824707031,-70.91783142089844,-70.9260025024414,-71.05274963378906,-70.00347900390625,-69.67674255371094,-67.28563690185547,-66.44869995117188,0.0
-70.01469421386719,-70.31732940673828,-70.3723373413086,-70.37874603271484,-70.38506317138672,-70.39422607421875,-71.56942749023438,-70.81832885742188,-72.85261535644531,-73.6173324584961,-73.82569885253906,-72.75835418701172,-72.43230438232422,-75.30342102050781,-75.1617202758789,-75.59281158447266,-74.64041137695312,-74.33309936523438,-74.87516021728516,-72.16520690917969,-71.19171142578125,-71.52135467529297,-72.77122497558594,-73.7104263305664,-73.95637512207031,-74.01429748535156,-78.69329071044922,-76.30854797363281,-74.76705932617188,-72.6805419921875,-72.0386734008789,-72.4481201171875,-72.54361724853516,-65.49861145019531,-65.32353210449219,-63.11408615112305,-62.173946380615234,-61.7774543762207,-66.2009048461914,-67.64110565185547,-70.2561264038086,-71.17707824707031,-70.91783142089844,-70.9260025024414,-71.05274963378906,-70.00347900390625,-69.67674255371094,-67.28563690185547,-66.44869995117188,-68.54496002197266,0.0
-70.31732940673828,-70.3723373413086,-70.37874603271484,-70.38506317138672,-70.39422607421875,-71.56942749023438,-70.81832885742188,-72.85261535644531,-73.6173324584961,-73.82569885253906,-72.75835418701172,-72.43230438232422,-75.30342102050781,-75.1617202758789,-75.59281158447266,-74.64041137695312,-74.33309936523438,-74.87516021728516,-72.16520690917969,-71.19171142578125,-71.52135467529297,-72.77122497558594,-73.7104263305664,-73.95637512207031,-74.01429748535156,-78.69329071044922,-76.30854797363281,-74.76705932617188,-72.6805419921875,-72.0386734008789,-72.4481201171875,-72.54361724853516,-65.49861145019531,-65.32353210449219,-63.11408615112305,-62.173946380615234,-61.7774543762207,-66.2009048461914,-67.64110565185547,-70.2561264038086,-71.17707824707031,-70.91783142089844,-70.9260025024414,-71.05274963378906,-70.00347900390625,-69.67674255371094,-67.28563690185547,-66.44869995117188,-68.54496002197266,-71.56290435791016,0.0
-70.3723373413086,-70.37874603271484,-70.38506317138672,-70.39422607421875,-71.56942749023438,-70.81832885742188,-72.85261535644531,-73.6173324584961,-73.82569885253906,-72.75835418701172,-72.43230438232422,-75.30342102050781,-75.1617202758789,-75.59281158447266,-74.64041137695312,-74.33309936523438,-74.87516021728516,-72.16520690917969,-71.19171142578125,-71.52135467529297,-72.77122497558594,-73.7104263305664,-73.95637512207031,-74.01429748535156,-78.69329071044922,-76.30854797363281,-74.76705932617188,-72.6805419921875,-72.0386734008789,-72.4481201171875,-72.54361724853516,-65.49861145019531,-65.32353210449219,-63.11408615112305,-62.173946380615234,-61.7774543762207,-66.2009048461914,-67.64110565185547,-70.2561264038086,-71.17707824707031,-70.91783142089844,-70.9260025024414,-71.05274963378906,-70.00347900390625,-69.67674255371094,-67.28563690185547,-66.44869995117188,-68.54496002197266,-71.56290435791016,-72.47955322265625,0.0
-70.37874603271484,-70.38506317138672,-70.39422607421875,-71.56942749023438,-70.81832885742188,-72.85261535644531,-73.6173324584961,-73.82569885253906,-72.75835418701172,-72.43230438232422,-75.30342102050781,-75.1617202758789,-75.59281158447266,-74.64041137695312,-74.33309936523438,-74.87516021728516,-72.16520690917969,-71.19171142578125,-71.52135467529297,-72.77122497558594,-73.7104263305664,-73.95637512207031,-74.01429748535156,-78.69329071044922,-76.30854797363281,-74.76705932617188,-72.6805419921875,-72.0386734008789,-72.4481201171875,-72.54361724853516,-65.49861145019531,-65.32353210449219,-63.11408615112305,-62.173946380615234,-61.7774543762207,-66.2009048461914,-67.64110565185547,-70.2561264038086,-71.17707824707031,-70.91783142089844,-70.9260025024414,-71.05274963378906,-70.00347900390625,-69.67674255371094,-67.28563690185547,-66.44869995117188,-68.54496002197266,-71.56290435791016,-72.47955322265625,-72.7001953125,0.0
-70.38506317138672,-70.39422607421875,-71.56942749023438,-70.81832885742188,-72.85261535644531,-73.6173324584961,-73.82569885253906,-72.75835418701172,-72.43230438232422,-75.30342102050781,-75.1617202758789,-75.59281158447266,-74.64041137695312,-74.33309936523438,-74.87516021728516,-72.16520690917969,-71.19171142578125,-71.52135467529297,-72.77122497558594,-73.7104263305664,-73.95637512207031,-74.01429748535156,-78.69329071044922,-76.30854797363281,-74.76705932617188,-72.6805419921875,-72.0386734008789,-72.4481201171875,-72.54361724853516,-65.49861145019531,-65.32353210449219,-63.11408615112305,-62.173946380615234,-61.7774543762207,-66.2009048461914,-67.64110565185547,-70.2561264038086,-71.17707824707031,-70.91783142089844,-70.9260025024414,-71.05274963378906,-70.00347900390625,-69.67674255371094,-67.28563690185547,-66.44869995117188,-68.54496002197266,-71.56290435791016,-72.47955322265625,-72.7001953125,-72.82106018066406,0.0
-70.39422607421875,-71.56942749023438,-70.81832885742188,-72.85261535644531,-73.6173324584961,-73.82569885253906,-72.75835418701172,-72.43230438232422,-75.30342102050781,-75.1617202758789,-75.59281158447266,-74.64041137695312,-74.33309936523438,-74.87516021728516,-72.16520690917969,-71.19171142578125,-71.52135467529297,-72.77122497558594,-73.7104263305664,-73.95637512207031,-74.01429748535156,-78.69329071044922,-76.30854797363281,-74.76705932617188,-72.6805419921875,-72.0386734008789,-72.4481201171875,-72.54361724853516,-65.49861145019531,-65.32353210449219,-63.11408615112305,-62.173946380615234,-61.7774543762207,-66.2009048461914,-67.64110565185547,-70.2561264038086,-71.17707824707031,-70.91783142089844,-70.9260025024414,-71.05274963378906,-70.00347900390625,-69.67674255371094,-67.28563690185547,-66.44869995117188,-68.54496002197266,-71.56290435791016,-72.47955322265625,-72.7001953125,-72.82106018066406,-71.19007110595703,0.0
-71.56942749023438,-70.81832885742188,-72.85261535644531,-73.6173324584961,-73.82569885253906,-72.75835418701172,-72.43230438232422,-75.30342102050781,-75.1617202758789,-75.59281158447266,-74.64041137695312,-74.33309936523438,-74.87516021728516,-72.16520690917969,-71.19171142578125,-71.52135467529297,-72.77122497558594,-73.7104263305664,-73.95637512207031,-74.01429748535156,-78.69329071044922,-76.30854797363281,-74.76705932617188,-72.6805419921875,-72.0386734008789,-72.4481201171875,-72.54361724853516,-65.49861145019531,-65.32353210449219,-63.11408615112305,-62.173946380615234,-61.7774543762207,-66.2009048461914,-67.64110565185547,-70.2561264038086,-71.17707824707031,-70.91783142089844,-70.9260025024414,-71.05274963378906,-70.00347900390625,-69.67674255371094,-67.28563690185547,-66.44869995117188,-68.54496002197266,-71.56290435791016,-72.47955322265625,-72.7001953125,-72.82106018066406,-71.19007110595703,-71.84850311279297,0.0
-70.81832885742188,-72.85261535644531,-73.6173324584961,-73.82569885253906,-72.75835418701172,-72.43230438232422,-75.30342102050781,-75.1617202758789,-75.59281158447266,-74.64041137695312,-74.33309936523438,-74.87516021728516,-72.16520690917969,-71.19171142578125,-71.52135467529297,-72.77122497558594,-73.7104263305664,-73.95637512207031,-74.01429748535156,-78.69329071044922,-76.30854797363281,-74.76705932617188,-72.6805419921875,-72.0386734008789,-72.4481201171875,-72.54361724853516,-65.49861145019531,-65.32353210449219,-63.11408615112305,-62.173946380615234,-61.7774543762207,-66.2009048461914,-67.64110565185547,-70.2561264038086,-71.17707824707031,-70.91783142089844,-70.9260025024414,-71.05274963378906,-70.00347900390625,-69.67674255371094,-67.28563690185547,-66.44869995117188,-68.54496002197266,-71.56290435791016,-72.47955322265625,-72.7001953125,-72.82106018066406,-71.19007110595703,-71.84850311279297,-71.59414672851562,0.0
-72.85261535644531,-73.6173324584961,-73.82569885253906,-72.75835418701172,-72.43230438232422,-75.30342102050781,-75.1617202758789,-75.59281158447266,-74.64041137695312,-74.33309936523438,-74.87516021728516,-72.16520690917969,-71.19171142578125,-71.52135467529297,-72.77122497558594,-73.7104263305664,-73.95637512207031,-74.01429748535156,-78.69329071044922,-76.30854797363281,-74.76705932617188,-72.6805419921875,-72.0386734008789,-72.4481201171875,-72.54361724853516,-65.49861145019531,-65.32353210449219,-63.11408615112305,-62.173946380615234,-61.7774543762207,-66.2009048461914,-67.64110565185547,-70.2561264038086,-71.17707824707031,-70.91783142089844,-70.9260025024414,-71.05274963378906,-70.00347900390625,-69.67674255371094,-67.28563690185547,-66.44869995117188,-68.54496002197266,-71.56290435791016,-72.47955322265625,-72.7001953125,-72.82106018066406,-71.19007110595703,-71.84850311279297,-71.59414672851562,-72.64139556884766,0.0
-73.6173324584961,-73.82569885253906,-72.75835418701172,-72.43230438232422,-75.30342102050781,-75.1617202758789,-75.59281158447266,-74.64041137695312,-74.33309936523438,-74.87516021728516,-72.16520690917969,-71.19171142578125,-71.52135467529297,-72.77122497558594,-73.7104263305664,-73.95637512207031,-74.01429748535156,-78.69329071044922,-76.30854797363281,-74.76705932617188,-72.6805419921875,-72.0386734008789,-72.4481201171875,-72.54361724853516,-65.49861145019531,-65.32353210449219,-63.11408615112305,-62.173946380615234,-61.7774543762207,-66.2009048461914,-67.64110565185547,-70.2561264038086,-71.17707824707031,-70.91783142089844,-70.9260025024414,-71.05274963378906,-70.00347900390625,-69.67674255371094,-67.28563690185547,-66.44869995117188,-68.54496002197266,-71.56290435791016,-72.47955322265625,-72.7001953125,-72.82106018066406,-71.19007110595703,-71.84850311279297,-71.59414672851562,-72.64139556884766,-70.68498992919922,0.0
-73.82569885253906,-72.75835418701172,-72.43230438232422,-75.30342102050781,-75.1617202758789,-75.59281158447266,-74.64041137695312,-74.33309936523438,-74.87516021728516,-72.16520690917969,-71.19171142578125,-71.52135467529297,-72.77122497558594,-73.7104263305664,-73.95637512207031,-74.01429748535156,-78.69329071044922,-76.30854797363281,-74.76705932617188,-72.6805419921875,-72.0386734008789,-72.4481201171875,-72.54361724853516,-65.49861145019531,-65.32353210449219,-63.11408615112305,-62.173946380615234,-61.7774543762207,-66.2009048461914,-67.64110565185547,-70.2561264038086,-71.17707824707031,-70.91783142089844,-70.9260025024414,-71.05274963378906,-70.00347900390625,-69.67674255371094,-67.28563690185547,-66.44869995117188,-68.54496002197266,-71.56290435791016,-72.47955322265625,-72.7001953125,-72.82106018066406,-71.19007110595703,-71.84850311279297,-71.59414672851562,-72.64139556884766,-70.68498992919922,-68.79345703125,0.0
-72.75835418701172,-72.43230438232422,-75.30342102050781,-75.1617202758789,-75.59281158447266,-74.64041137695312,-74.33309936523438,-74.87516021728516,-72.16520690917969,-71.19171142578125,-71.52135467529297,-72.77122497558594,-73.7104263305664,-73.95637512207031,-74.01429748535156,-78.69329071044922,-76.30854797363281,-74.76705932617188,-72.6805419921875,-72.0386734008789,-72.4481201171875,-72.54361724853516,-65.49861145019531,-65.32353210449219,-63.11408615112305,-62.173946380615234,-61.7774543762207,-66.2009048461914,-67.64110565185547,-70.2561264038086,-71.17707824707031,-70.91783142089844,-70.9260025024414,-71.05274963378906,-70.00347900390625,-69.67674255371094,-67.28563690185547,-66.44869995117188,-68.54496002197266,-71.56290435791016,-72.47955322265625,-72.7001953125,-72.82106018066406,-71.19007110595703,-71.84850311279297,-71.59414672851562,-72.64139556884766,-70.68498992919922,-68.79345703125,-68.79446411132812,0.0
-72.43230438232422,-75.30342102050781,-75.1617202758789,-75.59281158447266,-74.64041137695312,-74.33309936523438,-74.87516021728516,-72.16520690917969,-71.19171142578125,-71.52135467529297,-72.77122497558594,-73.7104263305664,-73.95637512207031,-74.01429748535156,-78.69329071044922,-76.30854797363281,-74.76705932617188,-72.6805419921875,-72.0386734008789,-72.4481201171875,-72.54361724853516,-65.49861145019531,-65.32353210449219,-63.11408615112305,-62.173946380615234,-61.7774543762207,-66.2009048461914,-67.64110565185547,-70.2561264038086,-71.17707824707031,-70.91783142089844,-70.9260025024414,-71.05274963378906,-70.00347900390625,-69.67674255371094,-67.28563690185547,-66.44869995117188,-68.54496002197266,-71.56290435791016,-72.47955322265625,-72.7001953125,-72.82106018066406,-71.19007110595703,-71.84850311279297,-71.59414672851562,-72.64139556884766,-70.68498992919922,-68.79345703125,-68.79446411132812,-71.73784637451172,0.0
-75.30342102050781,-75.1617202758789,-75.59281158447266,-74.64041137695312,-74.33309936523438,-74.87516021728516,-72.16520690917969,-71.19171142578125,-71.52135467529297,-72.77122497558594,-73.7104263305664,-73.95637512207031,-74.01429748535156,-78.69329071044922,-76.30854797363281,-74.76705932617188,-72.6805419921875,-72.0386734008789,-72.4481201171875,-72.54361724853516,-65.49861145019531,-65.32353210449219,-63.11408615112305,-62.173946380615234,-61.7774543762207,-66.2009048461914,-67.64110565185547,-70.2561264038086,-71.17707824707031,-70.91783142089844,-70.9260025024414,-71.05274963378906,-70.00347900390625,-69.67674255371094,-67.28563690185547,-66.44869995117188,-68.54496002197266,-71.56290435791016,-72.47955322265625,-72.7001953125,-72.82106018066406,-71.19007110595703,-71.84850311279297,-71.59414672851562,-72.64139556884766,-70.68498992919922,-68.79345703125,-68.79446411132812,-71.73784637451172,-72.69961547851562,0.0
-75.1617202758789,-75.59281158447266,-74.64041137695312,-74.33309936523438,-74.87516021728516,-72.16520690917969,-71.19171142578125,-71.52135467529297,-72.77122497558594,-73.7104263305664,-73.95637512207031,-74.01429748535156,-78.69329071044922,-76.30854797363281,-74.76705932617188,-72.6805419921875,-72.0386734008789,-72.4481201171875,-72.54361724853516,-65.49861145019531,-65.32353210449219,-63.11408615112305,-62.173946380615234,-61.7774543762207,-66.2009048461914,-67.64110565185547,-70.2561264038086,-71.17707824707031,-70.91783142089844,-70.9260025024414,-71.05274963378906,-70.00347900390625,-69.67674255371094,-67.28563690185547,-66.44869995117188,-68.54496002197266,-71.56290435791016,-72.47955322265625,-72.7001953125,-72.82106018066406,-71.19007110595703,-71.84850311279297,-71.59414672851562,-72.64139556884766,-70.68498992919922,-68.79345703125,-68.79446411132812,-71.73784637451172,-72.69961547851562,-72.89164733886719,0.0
-75.59281158447266,-74.64041137695312,-74.33309936523438,-74.87516021728516,-72.16520690917969,-71.19171142578125,-71.52135467529297,-72.77122497558594,-73.7104263305664,-73.95637512207031,-74.01429748535156,-78.69329071044922,-76.30854797363281,-74.76705932617188,-72.6805419921875,-72.0386734008789,-72.4481201171875,-72.54361724853516,-65.49861145019531,-65.32353210449219,-63.11408615112305,-62.173946380615234,-61.7774543762207,-66.2009048461914,-67.64110565185547,-70.2561264038086,-71.17707824707031,-70.91783142089844,-70.9260025024414,-71.05274963378906,-70.00347900390625,-69.67674255371094,-67.28563690185547,-66.44869995117188,-68.54496002197266,-71.56290435791016,-72.47955322265625,-72.7001953125,-72.82106018066406,-71.19007110595703,-71.84850311279297,-71.59414672851562,-72.64139556884766,-70.68498992919922,-68.79345703125,-68.79446411132812,-71.73784637451172,-72.69961547851562,-72.89164733886719,-72.9604263305664,0.0
-74.64041137695312,-74.33309936523438,-74.87516021728516,-72.16520690917969,-71.19171142578125,-71.52135467529297,-72.77122497558594,-73.7104263305664,-73.95637512207031,-74.01429748535156,-78.69329071044922,-76.30854797363281,-74.76705932617188,-72.6805419921875,-72.0386734008789,-72.4481201171875,-72.54361724853516,-65.49861145019531,-65.32353210449219,-63.11408615112305,-62.173946380615234,-61.7774543762207,-66.2009048461914,-67.64110565185547,-70.2561264038086,-71.17707824707031,-70.91783142089844,-70.9260025024414,-71.05274963378906,-70.00347900390625,-69.67674255371094,-67.28563690185547,-66.44869995117188,-68.54496002197266,-71.56290435791016,-72.47955322265625,-72.7001953125,-72.82106018066406,-71.19007110595703,-71.84850311279297,-71.59414672851562,-72.64139556884766,-70.68498992919922,-68.79345703125,-68.79446411132812,-71.73784637451172,-72.69961547851562,-72.89164733886719,-72.9604263305664,-73.0315933227539,0.0
-74.33309936523438,-74.87516021728516,-72.16520690917969,-71.19171142578125,-71.52135467529297,-72.77122497558594,-73.7104263305664,-73.95637512207031,-74.01429748535156,-78.69329071044922,-76.30854797363281,-74.76705932617188,-72.6805419921875,-72.0386734008789,-72.4481201171875,-72.54361724853516,-65.49861145019531,-65.32353210449219,-63.11408615112305,-62.173946380615234,-61.7774543762207,-66.2009048461914,-67.64110565185547,-70.2561264038086,-71.17707824707031,-70.91783142089844,-70.9260025024414,-71.05274963378906,-70.00347900390625,-69.67674255371094,-67.28563690185547,-66.44869995117188,-68.54496002197266,-71.56290435791016,-72.47955322265625,-72.7001953125,-72.82106018066406,-71.19007110595703,-71.84850311279297,-71.59414672851562,-72.64139556884766,-70.68498992919922,-68.79345703125,-68.79446411132812,-71.73784637451172,-72.69961547851562,-72.89164733886719,-72.9604263305664,-73.0315933227539,-73.10176849365234,0.0
-74.87516021728516,-72.16520690917969,-71.19171142578125,-71.52135467529297,-72.77122497558594,-73.7104263305664,-73.95637512207031,-74.01429748535156,-78.69329071044922,-76.30854797363281,-74.76705932617188,-72.6805419921875,-72.0386734008789,-72.4481201171875,-72.54361724853516,-65.49861145019531,-65.32353210449219,-63.11408615112305,-62.173946380615234,-61.7774543762207,-66.2009048461914,-67.64110565185547,-70.2561264038086,-71.17707824707031,-70.91783142089844,-70.9260025024414,-71.05274963378906,-70.00347900390625,-69.67674255371094,-67.28563690185547,-66.44869995117188,-68.54496002197266,-71.56290435791016,-72.47955322265625,-72.7001953125,-72.82106018066406,-71.19007110595703,-71.84850311279297,-71.59414672851562,-72.64139556884766,-70.68498992919922,-68.79345703125,-68.79446411132812,-71.73784637451172,-72.69961547851562,-72.89164733886719,-72.9604263305664,-73.0315933227539,-73.10176849365234,-71.41075134277344,0.0
-72.16520690917969,-71.19171142578125,-71.52135467529297,-72.77122497558594,-73.7104263305664,-73.95637512207031,-74.01429748535156,-78.69329071044922,-76.30854797363281,-74.76705932617188,-72.6805419921875,-72.0386734008789,-72.4481201171875,-72.54361724853516,-65.49861145019531,-65.32353210449219,-63.11408615112305,-62.173946380615234,-61.7774543762207,-66.2009048461914,-67.64110565185547,-70.2561264038086,-71.17707824707031,-70.91783142089844,-70.9260025024414,-71.05274963378906,-70.00347900390625,-69.67674255371094,-67.28563690185547,-66.44869995117188,-68.54496002197266,-71.56290435791016,-72.47955322265625,-72.7001953125,-72.82106018066406,-71.19007110595703,-71.84850311279297,-71.59414672851562,-72.64139556884766,-70.68498992919922,-68.79345703125,-68.79446411132812,-71.73784637451172,-72.69961547851562,-72.89164733886719,-72.9604263305664,-73.0315933227539,-73.10176849365234,-71.41075134277344,-71.42442321777344,0.0
-71.19171142578125,-71.52135467529297,-72.77122497558594,-73.7104263305664,-73.95637512207031,-74.01429748535156,-78.69329071044922,-76.30854797363281,-74.76705932617188,-72.6805419921875,-72.0386734008789,-72.4481201171875,-72.54361724853516,-65.49861145019531,-65.32353210449219,-63.11408615112305,-62.173946380615234,-61.7774543762207,-66.2009048461914,-67.64110565185547,-70.2561264038086,-71.17707824707031,-70.91783142089844,-70.9260025024414,-71.05274963378906,-70.00347900390625,-69.67674255371094,-67.28563690185547,-66.44869995117188,-68.54496002197266,-71.56290435791016,-72.47955322265625,-72.7001953125,-72.82106018066406,-71.19007110595703,-71.84850311279297,-71.59414672851562,-72.64139556884766,-70.68498992919922,-68.79345703125,-68.79446411132812,-71.73784637451172,-72.69961547851562,-72.89164733886719,-72.9604263305664,-73.0315933227539,-73.10176849365234,-71.41075134277344,-71.42442321777344,-71.49717712402344,0.0
-71.52135467529297,-72.77122497558594,-73.7104263305664,-73.95637512207031,-74.01429748535156,-78.69329071044922,-76.30854797363281,-74.76705932617188,-72.6805419921875,-72.0386734008789,-72.4481201171875,-72.54361724853516,-65.49861145019531,-65.32353210449219,-63.11408615112305,-62.173946380615234,-61.7774543762207,-66.2009048461914,-67.64110565185547,-70.2561264038086,-71.17707824707031,-70.91783142089844,-70.9260025024414,-71.05274963378906,-70.00347900390625,-69.67674255371094,-67.28563690185547,-66.44869995117188,-68.54496002197266,-71.56290435791016,-72.47955322265625,-72.7001953125,-72.82106018066406,-71.19007110595703,-71.84850311279297,-71.59414672851562,-72.64139556884766,-70.68498992919922,-68.79345703125,-68.79446411132812,-71.73784637451172,-72.69961547851562,-72.89164733886719,-72.9604263305664,-73.0315933227539,-73.10176849365234,-71.41075134277344,-71.42442321777344,-71.49717712402344,-69.15745544433594,0.0
-72.77122497558594,-73.7104263305664,-73.95637512207031,-74.01429748535156,-78.69329071044922,-76.30854797363281,-74.76705932617188,-72.6805419921875,-72.0386734008789,-72.4481201171875,-72.54361724853516,-65.49861145019531,-65.32353210449219,-63.11408615112305,-62.173946380615234,-61.7774543762207,-66.2009048461914,-67.64110565185547,-70.2561264038086,-71.17707824707031,-70.91783142089844,-70.9260025024414,-71.05274963378906,-70.00347900390625,-69.67674255371094,-67.28563690185547,-66.44869995117188,-68.54496002197266,-71.56290435791016,-72.47955322265625,-72.7001953125,-72.82106018066406,-71.19007110595703,-71.84850311279297,-71.59414672851562,-72.64139556884766,-70.68498992919922,-68.79345703125,-68.79446411132812,-71.73784637451172,-72.69961547851562,-72.89164733886719,-72.9604263305664,-73.0315933227539,-73.10176849365234,-71.41075134277344,-71.42442321777344,-71.49717712402344,-69.15745544433594,-71.2282943725586,0.0
-73.7104263305664,-73.95637512207031,-74.01429748535156,-78.69329071044922,-76.30854797363281,-74.76705932617188,-72.6805419921875,-72.0386734008789,-72.4481201171875,-72.54361724853516,-65.49861145019531,-65.32353210449219,-63.11408615112305,-62.173946380615234,-61.7774543762207,-66.2009048461914,-67.64110565185547,-70.2561264038086,-71.17707824707031,-70.91783142089844,-70.9260025024414,-71.05274963378906,-70.00347900390625,-69.67674255371094,-67.28563690185547,-66.44869995117188,-68.54496002197266,-71.56290435791016,-72.47955322265625,-72.7001953125,-72.82106018066406,-71.19007110595703,-71.84850311279297,-71.59414672851562,-72.64139556884766,-70.68498992919922,-68.79345703125,-68.79446411132812,-71.73784637451172,-72.69961547851562,-72.89164733886719,-72.9604263305664,-73.0315933227539,-73.10176849365234,-71.41075134277344,-71.42442321777344,-71.49717712402344,-69.15745544433594,-71.2282943725586,-72.58967590332031,0.0
-73.95637512207031,-74.01429748535156,-78.69329071044922,-76.30854797363281,-74.76705932617188,-72.6805419921875,-72.0386734008789,-72.4481201171875,-72.54361724853516,-65.49861145019531,-65.32353210449219,-63.11408615112305,-62.173946380615234,-61.7774543762207,-66.2009048461914,-67.64110565185547,-70.2561264038086,-71.17707824707031,-70.91783142089844,-70.9260025024414,-71.05274963378906,-70.00347900390625,-69.67674255371094,-67.28563690185547,-66.44869995117188,-68.54496002197266,-71.56290435791016,-72.47955322265625,-72.7001953125,-72.82106018066406,-71.19007110595703,-71.84850311279297,-71.59414672851562,-72.64139556884766,-70.68498992919922,-68.79345703125,-68.79446411132812,-71.73784637451172,-72.69961547851562,-72.89164733886719,-72.9604263305664,-73.0315933227539,-73.10176849365234,-71.41075134277344,-71.42442321777344,-71.49717712402344,-69.15745544433594,-71.2282943725586,-72.58967590332031,-70.60343170166016,0.0
-74.01429748535156,-78.69329071044922,-76.30854797363281,-74.76705932617188,-72.6805419921875,-72.0386734008789,-72.4481201171875,-72.54361724853516,-65.49861145019531,-65.32353210449219,-63.11408615112305,-62.173946380615234,-61.7774543762207,-66.2009048461914,-67.64110565185547,-70.2561264038086,-71.17707824707031,-70.91783142089844,-70.9260025024414,-71.05274963378906,-70.00347900390625,-69.67674255371094,-67.28563690185547,-66.44869995117188,-68.54496002197266,-71.56290435791016,-72.47955322265625,-72.7001953125,-72.82106018066406,-71.19007110595703,-71.84850311279297,-71.59414672851562,-72.64139556884766,-70.68498992919922,-68.79345703125,-68.79446411132812,-71.73784637451172,-72.69961547851562,-72.89164733886719,-72.9604263305664,-73.0315933227539,-73.10176849365234,-71.41075134277344,-71.42442321777344,-71.49717712402344,-69.15745544433594,-71.2282943725586,-72.58967590332031,-70.60343170166016,-72.77909088134766,0.0
-78.69329071044922,-76.30854797363281,-74.76705932617188,-72.6805419921875,-72.0386734008789,-72.4481201171875,-72.54361724853516,-65.49861145019531,-65.32353210449219,-63.11408615112305,-62.173946380615234,-61.7774543762207,-66.2009048461914,-67.64110565185547,-70.2561264038086,-71.17707824707031,-70.91783142089844,-70.9260025024414,-71.05274963378906,-70.00347900390625,-69.67674255371094,-67.28563690185547,-66.44869995117188,-68.54496002197266,-71.56290435791016,-72.47955322265625,-72.7001953125,-72.82106018066406,-71.19007110595703,-71.84850311279297,-71.59414672851562,-72.64139556884766,-70.68498992919922,-68.79345703125,-68.79446411132812,-71.73784637451172,-72.69961547851562,-72.89164733886719,-72.9604263305664,-73.0315933227539,-73.10176849365234,-71.41075134277344,-71.42442321777344,-71.49717712402344,-69.15745544433594,-71.2282943725586,-72.58967590332031,-70.60343170166016,-72.77909088134766,-74.22050476074219,0.0
-76.30854797363281,-74.76705932617188,-72.6805419921875,-72.0386734008789,-72.4481201171875,-72.54361724853516,-65.49861145019531,-65.32353210449219,-63.11408615112305,-62.173946380615234,-61.7774543762207,-66.2009048461914,-67.64110565185547,-70.2561264038086,-71.17707824707031,-70.91783142089844,-70.9260025024414,-71.05274963378906,-70.00347900390625,-69.67674255371094,-67.28563690185547,-66.44869995117188,-68.54496002197266,-71.56290435791016,-72.47955322265625,-72.7001953125,-72.82106018066406,-71.19007110595703,-71.84850311279297,-71.59414672851562,-72.64139556884766,-70.68498992919922,-68.79345703125,-68.79446411132812,-71.73784637451172,-72.69961547851562,-72.89164733886719,-72.9604263305664,-73.0315933227539,-73.10176849365234,-71.41075134277344,-71.42442321777344,-71.49717712402344,-69.15745544433594,-71.2282943725586,-72.58967590332031,-70.60343170166016,-72.77909088134766,-74.22050476074219,-72.89527130126953,0.0
-74.76705932617188,-72.6805419921875,-72.0386734008789,-72.4481201171875,-72.54361724853516,-65.49861145019531,-65.32353210449219,-63.11408615112305,-62.173946380615234,-61.7774543762207,-66.2009048461914,-67.64110565185547,-70.2561264038086,-71.17707824707031,-70.91783142089844,-70.9260025024414,-71.05274963378906,-70.00347900390625,-69.67674255371094,-67.28563690185547,-66.44869995117188,-68.54496002197266,-71.56290435791016,-72.47955322265625,-72.7001953125,-72.82106018066406,-71.19007110595703,-71.84850311279297,-71.59414672851562,-72.64139556884766,-70.68498992919922,-68.79345703125,-68.79446411132812,-71.73784637451172,-72.69961547851562,-72.89164733886719,-72.9604263305664,-73.0315933227539,-73.10176849365234,-71.41075134277344,-71.42442321777344,-71.49717712402344,-69.15745544433594,-71.2282943725586,-72.58967590332031,-70.60343170166016,-72.77909088134766,-74.22050476074219,-72.89527130126953,-72.42377471923828,0.0
-72.6805419921875,-72.0386734008789,-72.4481201171875,-72.54361724853516,-65.49861145019531,-65.32353210449219,-63.11408615112305,-62.173946380615234,-61.7774543762207,-66.2009048461914,-67.64110565185547,-70.2561264038086,-71.17707824707031,-70.91783142089844,-70.9260025024414,-71.05274963378906,-70.00347900390625,-69.67674255371094,-67.28563690185547,-66.44869995117188,-68.54496002197266,-71.56290435791016,-72.47955322265625,-72.7001953125,-72.82106018066406,-71.19007110595703,-71.84850311279297,-71.59414672851562,-72.64139556884766,-70.68498992919922,-68.79345703125,-68.79446411132812,-71.73784637451172,-72.69961547851562,-72.89164733886719,-72.9604263305664,-73.0315933227539,-73.10176849365234,-71.41075134277344,-71.42442321777344,-71.49717712402344,-69.15745544433594,-71.2282943725586,-72.58967590332031,-70.60343170166016,-72.77909088134766,-74.22050476074219,-72.89527130126953,-72.42377471923828,-73.52706146240234,0.0
-72.0386734008789,-72.4481201171875,-72.54361724853516,-65.49861145019531,-65.32353210449219,-63.11408615112305,-62.173946380615234,-61.7774543762207,-66.2009048461914,-67.64110565185547,-70.2561264038086,-71.17707824707031,-70.91783142089844,-70.9260025024414,-71.05274963378906,-70.00347900390625,-69.67674255371094,-67.28563690185547,-66.44869995117188,-68.54496002197266,-71.56290435791016,-72.47955322265625,-72.7001953125,-72.82106018066406,-71.19007110595703,-71.84850311279297,-71.59414672851562,-72.64139556884766,-70.68498992919922,-68.79345703125,-68.79446411132812,-71.73784637451172,-72.69961547851562,-72.89164733886719,-72.9604263305664,-73.0315933227539,-73.10176849365234,-71.41075134277344,-71.42442321777344,-71.49717712402344,-69.15745544433594,-71.2282943725586,-72.58967590332031,-70.60343170166016,-72.77909088134766,-74.22050476074219,-72.89527130126953,-72.42377471923828,-73.52706146240234,-72.77898406982422,0.0
-72.4481201171875,-72.54361724853516,-65.49861145019531,-65.32353210449219,-63.11408615112305,-62.173946380615234,-61.7774543762207,-66.2009048461914,-67.64110565185547,-70.2561264038086,-71.17707824707031,-70.91783142089844,-70.9260025024414,-71.05274963378906,-70.00347900390625,-69.67674255371094,-67.28563690185547,-66.44869995117188,-68.54496002197266,-71.56290435791016,-72.47955322265625,-72.7001953125,-72.82106018066406,-71.19007110595703,-71.84850311279297,-71.59414672851562,-72.64139556884766,-70.68498992919922,-68.79345703125,-68.79446411132812,-71.73784637451172,-72.69961547851562,-72.89164733886719,-72.9604263305664,-73.0315933227539,-73.10176849365234,-71.41075134277344,-71.42442321777344,-71.49717712402344,-69.15745544433594,-71.2282943725586,-72.58967590332031,-70.60343170166016,-72.77909088134766,-74.22050476074219,-72.89527130126953,-72.42377471923828,-73.52706146240234,-72.77898406982422,-73.64405822753906,0.0
-72.54361724853516,-65.49861145019531,-65.32353210449219,-63.11408615112305,-62.173946380615234,-61.7774543762207,-66.2009048461914,-67.64110565185547,-70.2561264038086,-71.17707824707031,-70.91783142089844,-70.9260025024414,-71.05274963378906,-70.00347900390625,-69.67674255371094,-67.28563690185547,-66.44869995117188,-68.54496002197266,-71.56290435791016,-72.47955322265625,-72.7001953125,-72.82106018066406,-71.19007110595703,-71.84850311279297,-71.59414672851562,-72.64139556884766,-70.68498992919922,-68.79345703125,-68.79446411132812,-71.73784637451172,-72.69961547851562,-72.89164733886719,-72.9604263305664,-73.0315933227539,-73.10176849365234,-71.41075134277344,-71.42442321777344,-71.49717712402344,-69.15745544433594,-71.2282943725586,-72.58967590332031,-70.60343170166016,-72.77909088134766,-74.22050476074219,-72.89527130126953,-72.42377471923828,-73.52706146240234,-72.77898406982422,-73.64405822753906,-73.40660858154297,0.0
-65.49861145019531,-65.32353210449219,-63.11408615112305,-62.173946380615234,-61.7774543762207,-66.2009048461914,-67.64110565185547,-70.2561264038086,-71.17707824707031,-70.91783142089844,-70.9260025024414,-71.05274963378906,-70.00347900390625,-69.67674255371094,-67.28563690185547,-66.44869995117188,-68.54496002197266,-71.56290435791016,-72.47955322265625,-72.7001953125,-72.82106018066406,-71.19007110595703,-71.84850311279297,-71.59414672851562,-72.64139556884766,-70.68498992919922,-68.79345703125,-68.79446411132812,-71.73784637451172,-72.69961547851562,-72.89164733886719,-72.9604263305664,-73.0315933227539,-73.10176849365234,-71.41075134277344,-71.42442321777344,-71.49717712402344,-69.15745544433594,-71.2282943725586,-72.58967590332031,-70.60343170166016,-72.77909088134766,-74.22050476074219,-72.89527130126953,-72.42377471923828,-73.52706146240234,-72.77898406982422,-73.64405822753906,-73.40660858154297,-72.70962524414062,0.0
-65.32353210449219,-63.11408615112305,-62.173946380615234,-61.7774543762207,-66.2009048461914,-67.64110565185547,-70.2561264038086,-71.17707824707031,-70.91783142089844,-70.9260025024414,-71.05274963378906,-70.00347900390625,-69.67674255371094,-67.28563690185547,-66.44869995117188,-68.54496002197266,-71.56290435791016,-72.47955322265625,-72.7001953125,-72.82106018066406,-71.19007110595703,-71.84850311279297,-71.59414672851562,-72.64139556884766,-70.68498992919922,-68.79345703125,-68.79446411132812,-71.73784637451172,-72.69961547851562,-72.89164733886719,-72.9604263305664,-73.0315933227539,-73.10176849365234,-71.41075134277344,-71.42442321777344,-71.49717712402344,-69.15745544433594,-71.2282943725586,-72.58967590332031,-70.60343170166016,-72.77909088134766,-74.22050476074219,-72.89527130126953,-72.42377471923828,-73.52706146240234,-72.77898406982422,-73.64405822753906,-73.40660858154297,-72.70962524414062,-71.32263946533203,0.0
-63.11408615112305,-62.173946380615234,-61.7774543762207,-66.2009048461914,-67.64110565185547,-70.2561264038086,-71.17707824707031,-70.91783142089844,-70.9260025024414,-71.05274963378906,-70.00347900390625,-69.67674255371094,-67.28563690185547,-66.44869995117188,-68.54496002197266,-71.56290435791016,-72.47955322265625,-72.7001953125,-72.82106018066406,-71.19007110595703,-71.84850311279297,-71.59414672851562,-72.64139556884766,-70.68498992919922,-68.79345703125,-68.79446411132812,-71.73784637451172,-72.69961547851562,-72.89164733886719,-72.9604263305664,-73.0315933227539,-73.10176849365234,-71.41075134277344,-71.42442321777344,-71.49717712402344,-69.15745544433594,-71.2282943725586,-72.58967590332031,-70.60343170166016,-72.77909088134766,-74.22050476074219,-72.89527130126953,-72.42377471923828,-73.52706146240234,-72.77898406982422,-73.64405822753906,-73.40660858154297,-72.70962524414062,-71.32263946533203,-72.61390686035156,0.0
-62.173946380615234,-61.7774543762207,-66.2009048461914,-67.64110565185547,-70.2561264038086,-71.17707824707031,-70.91783142089844,-70.9260025024414,-71.05274963378906,-70.00347900390625,-69.67674255371094,-67.28563690185547,-66.44869995117188,-68.54496002197266,-71.56290435791016,-72.47955322265625,-72.7001953125,-72.82106018066406,-71.19007110595703,-71.84850311279297,-71.59414672851562,-72.64139556884766,-70.68498992919922,-68.79345703125,-68.79446411132812,-71.73784637451172,-72.69961547851562,-72.89164733886719,-72.9604263305664,-73.0315933227539,-73.10176849365234,-71.41075134277344,-71.42442321777344,-71.49717712402344,-69.15745544433594,-71.2282943725586,-72.58967590332031,-70.60343170166016,-72.77909088134766,-74.22050476074219,-72.89527130126953,-72.42377471923828,-73.52706146240234,-72.77898406982422,-73.64405822753906,-73.40660858154297,-72.70962524414062,-71.32263946533203,-72.61390686035156,-74.26045989990234,0.0
-61.7774543762207,-66.2009048461914,-67.64110565185547,-70.2561264038086,-71.17707824707031,-70.91783142089844,-70.9260025024414,-71.05274963378906,-70.00347900390625,-69.67674255371094,-67.28563690185547,-66.44869995117188,-68.54496002197266,-71.56290435791016,-72.47955322265625,-72.7001953125,-72.82106018066406,-71.19007110595703,-71.84850311279297,-71.59414672851562,-72.64139556884766,-70.68498992919922,-68.79345703125,-68.79446411132812,-71.73784637451172,-72.69961547851562,-72.89164733886719,-72.9604263305664,-73.0315933227539,-73.10176849365234,-71.41075134277344,-71.42442321777344,-71.49717712402344,-69.15745544433594,-71.2282943725586,-72.58967590332031,-70.60343170166016,-72.77909088134766,-74.22050476074219,-72.89527130126953,-72.42377471923828,-73.52706146240234,-72.77898406982422,-73.64405822753906,-73.40660858154297,-72.70962524414062,-71.32263946533203,-72.61390686035156,-74.26045989990234,-74.17184448242188,0.0
-66.2009048461914,-67.64110565185547,-70.2561264038086,-71.17707824707031,-70.91783142089844,-70.9260025024414,-71.05274963378906,-70.00347900390625,-69.67674255371094,-67.28563690185547,-66.44869995117188,-68.54496002197266,-71.56290435791016,-72.47955322265625,-72.7001953125,-72.82106018066406,-71.19007110595703,-71.84850311279297,-71.59414672851562,-72.64139556884766,-70.68498992919922,-68.79345703125,-68.79446411132812,-71.73784637451172,-72.69961547851562,-72.89164733886719,-72.9604263305664,-73.0315933227539,-73.10176849365234,-71.41075134277344,-71.42442321777344,-71.49717712402344,-69.15745544433594,-71.2282943725586,-72.58967590332031,-70.60343170166016,-72.77909088134766,-74.22050476074219,-72.89527130126953,-72.42377471923828,-73.52706146240234,-72.77898406982422,-73.64405822753906,-73.40660858154297,-72.70962524414062,-71.32263946533203,-72.61390686035156,-74.26045989990234,-74.17184448242188,-74.08565521240234,0.0
-67.64110565185547,-70.2561264038086,-71.17707824707031,-70.91783142089844,-70.9260025024414,-71.05274963378906,-70.00347900390625,-69.67674255371094,-67.28563690185547,-66.44869995117188,-68.54496002197266,-71.56290435791016,-72.47955322265625,-72.7001953125,-72.82106018066406,-71.19007110595703,-71.84850311279297,-71.59414672851562,-72.64139556884766,-70.68498992919922,-68.79345703125,-68.79446411132812,-71.73784637451172,-72.69961547851562,-72.89164733886719,-72.9604263305664,-73.0315933227539,-73.10176849365234,-71.41075134277344,-71.42442321777344,-71.49717712402344,-69.15745544433594,-71.2282943725586,-72.58967590332031,-70.60343170166016,-72.77909088134766,-74.22050476074219,-72.89527130126953,-72.42377471923828,-73.52706146240234,-72.77898406982422,-73.64405822753906,-73.40660858154297,-72.70962524414062,-71.32263946533203,-72.61390686035156,-74.26045989990234,-74.17184448242188,-74.08565521240234,-71.76590728759766,0.0
-70.2561264038086,-71.17707824707031,-70.91783142089844,-70.9260025024414,-71.05274963378906,-70.00347900390625,-69.67674255371094,-67.28563690185547,-66.44869995117188,-68.54496002197266,-71.56290435791016,-72.47955322265625,-72.7001953125,-72.82106018066406,-71.19007110595703,-71.84850311279297,-71.59414672851562,-72.64139556884766,-70.68498992919922,-68.79345703125,-68.79446411132812,-71.73784637451172,-72.69961547851562,-72.89164733886719,-72.9604263305664,-73.0315933227539,-73.10176849365234,-71.41075134277344,-71.42442321777344,-71.49717712402344,-69.15745544433594,-71.2282943725586,-72.58967590332031,-70.60343170166016,-72.77909088134766,-74.22050476074219,-72.89527130126953,-72.42377471923828,-73.52706146240234,-72.77898406982422,-73.64405822753906,-73.40660858154297,-72.70962524414062,-71.32263946533203,-72.61390686035156,-74.26045989990234,-74.17184448242188,-74.08565521240234,-71.76590728759766,-73.31784057617188,0.0
-71.17707824707031,-70.91783142089844,-70.9260025024414,-71.05274963378906,-70.00347900390625,-69.67674255371094,-67.28563690185547,-66.44869995117188,-68.54496002197266,-71.56290435791016,-72.47955322265625,-72.7001953125,-72.82106018066406,-71.19007110595703,-71.84850311279297,-71.59414672851562,-72.64139556884766,-70.68498992919922,-68.79345703125,-68.79446411132812,-71.73784637451172,-72.69961547851562,-72.89164733886719,-72.9604263305664,-73.0315933227539,-73.10176849365234,-71.41075134277344,-71.42442321777344,-71.49717712402344,-69.15745544433594,-71.2282943725586,-72.58967590332031,-70.60343170166016,-72.77909088134766,-74.22050476074219,-72.89527130126953,-72.42377471923828,-73.52706146240234,-72.77898406982422,-73.64405822753906,-73.40660858154297,-72.70962524414062,-71.32263946533203,-72.61390686035156,-74.26045989990234,-74.17184448242188,-74.08565521240234,-71.76590728759766,-73.31784057617188,-74.53522491455078,0.0
-70.91783142089844,-70.9260025024414,-71.05274963378906,-70.00347900390625,-69.67674255371094,-67.28563690185547,-66.44869995117188,-68.54496002197266,-71.56290435791016,-72.47955322265625,-72.7001953125,-72.82106018066406,-71.19007110595703,-71.84850311279297,-71.59414672851562,-72.64139556884766,-70.68498992919922,-68.79345703125,-68.79446411132812,-71.73784637451172,-72.69961547851562,-72.89164733886719,-72.9604263305664,-73.0315933227539,-73.10176849365234,-71.41075134277344,-71.42442321777344,-71.49717712402344,-69.15745544433594,-71.2282943725586,-72.58967590332031,-70.60343170166016,-72.77909088134766,-74.22050476074219,-72.89527130126953,-72.42377471923828,-73.52706146240234,-72.77898406982422,-73.64405822753906,-73.40660858154297,-72.70962524414062,-71.32263946533203,-72.61390686035156,-74.26045989990234,-74.17184448242188,-74.08565521240234,-71.76590728759766,-73.31784057617188,-74.53522491455078,-74.28966522216797,0.0
-70.9260025024414,-71.05274963378906,-70.00347900390625,-69.67674255371094,-67.28563690185547,-66.44869995117188,-68.54496002197266,-71.56290435791016,-72.47955322265625,-72.7001953125,-72.82106018066406,-71.19007110595703,-71.84850311279297,-71.59414672851562,-72.64139556884766,-70.68498992919922,-68.79345703125,-68.79446411132812,-71.73784637451172,-72.69961547851562,-72.89164733886719,-72.9604263305664,-73.0315933227539,-73.10176849365234,-71.41075134277344,-71.42442321777344,-71.49717712402344,-69.15745544433594,-71.2282943725586,-72.58967590332031,-70.60343170166016,-72.77909088134766,-74.22050476074219,-72.89527130126953,-72.42377471923828,-73.52706146240234,-72.77898406982422,-73.64405822753906,-73.40660858154297,-72.70962524414062,-71.32263946533203,-72.61390686035156,-74.26045989990234,-74.17184448242188,-74.08565521240234,-71.76590728759766,-73.31784057617188,-74.53522491455078,-74.28966522216797,-72.41876220703125,0.0
-71.05274963378906,-70.00347900390625,-69.67674255371094,-67.28563690185547,-66.44869995117188,-68.54496002197266,-71.56290435791016,-72.47955322265625,-72.7001953125,-72.82106018066406,-71.19007110595703,-71.84850311279297,-71.59414672851562,-72.64139556884766,-70.68498992919922,-68.79345703125,-68.79446411132812,-71.73784637451172,-72.69961547851562,-72.89164733886719,-72.9604263305664,-73.0315933227539,-73.10176849365234,-71.41075134277344,-71.42442321777344,-71.49717712402344,-69.15745544433594,-71.2282943725586,-72.58967590332031,-70.60343170166016,-72.77909088134766,-74.22050476074219,-72.89527130126953,-72.42377471923828,-73.52706146240234,-72.77898406982422,-73.64405822753906,-73.40660858154297,-72.70962524414062,-71.32263946533203,-72.61390686035156,-74.26045989990234,-74.17184448242188,-74.08565521240234,-71.76590728759766,-73.31784057617188,-74.53522491455078,-74.28966522216797,-72.41876220703125,-71.21878814697266,0.0
-70.00347900390625,-69.67674255371094,-67.28563690185547,-66.44869995117188,-68.54496002197266,-71.56290435791016,-72.47955322265625,-72.7001953125,-72.82106018066406,-71.19007110595703,-71.84850311279297,-71.59414672851562,-72.64139556884766,-70.68498992919922,-68.79345703125,-68.79446411132812,-71.73784637451172,-72.69961547851562,-72.89164733886719,-72.9604263305664,-73.0315933227539,-73.10176849365234,-71.41075134277344,-71.42442321777344,-71.49717712402344,-69.15745544433594,-71.2282943725586,-72.58967590332031,-70.60343170166016,-72.77909088134766,-74.22050476074219,-72.89527130126953,-72.42377471923828,-73.52706146240234,-72.77898406982422,-73.64405822753906,-73.40660858154297,-72.70962524414062,-71.32263946533203,-72.61390686035156,-74.26045989990234,-74.17184448242188,-74.08565521240234,-71.76590728759766,-73.31784057617188,-74.53522491455078,-74.28966522216797,-72.41876220703125,-71.21878814697266,-70.29289245605469,0.0
-69.67674255371094,-67.28563690185547,-66.44869995117188,-68.54496002197266,-71.56290435791016,-72.47955322265625,-72.7001953125,-72.82106018066406,-71.19007110595703,-71.84850311279297,-71.59414672851562,-72.64139556884766,-70.68498992919922,-68.79345703125,-68.79446411132812,-71.73784637451172,-72.69961547851562,-72.89164733886719,-72.9604263305664,-73.0315933227539,-73.10176849365234,-71.41075134277344,-71.42442321777344,-71.49717712402344,-69.15745544433594,-71.2282943725586,-72.58967590332031,-70.60343170166016,-72.77909088134766,-74.22050476074219,-72.89527130126953,-72.42377471923828,-73.52706146240234,-72.77898406982422,-73.64405822753906,-73.40660858154297,-72.70962524414062,-71.32263946533203,-72.61390686035156,-74.26045989990234,-74.17184448242188,-74.08565521240234,-71.76590728759766,-73.31784057617188,-74.53522491455078,-74.28966522216797,-72.41876220703125,-71.21878814697266,-70.29289245605469,-71.72632598876953,0.0
-67.28563690185547,-66.44869995117188,-68.54496002197266,-71.56290435791016,-72.47955322265625,-72.7001953125,-72.82106018066406,-71.19007110595703,-71.84850311279297,-71.59414672851562,-72.64139556884766,-70.68498992919922,-68.79345703125,-68.79446411132812,-71.73784637451172,-72.69961547851562,-72.89164733886719,-72.9604263305664,-73.0315933227539,-73.10176849365234,-71.41075134277344,-71.42442321777344,-71.49717712402344,-69.15745544433594,-71.2282943725586,-72.58967590332031,-70.60343170166016,-72.77909088134766,-74.22050476074219,-72.89527130126953,-72.42377471923828,-73.52706146240234,-72.77898406982422,-73.64405822753906,-73.40660858154297,-72.70962524414062,-71.32263946533203,-72.61390686035156,-74.26045989990234,-74.17184448242188,-74.08565521240234,-71.76590728759766,-73.31784057617188,-74.53522491455078,-74.28966522216797,-72.41876220703125,-71.21878814697266,-70.29289245605469,-71.72632598876953,-71.03661346435547,0.0
-66.44869995117188,-68.54496002197266,-71.56290435791016,-72.47955322265625,-72.7001953125,-72.82106018066406,-71.19007110595703,-71.84850311279297,-71.59414672851562,-72.64139556884766,-70.68498992919922,-68.79345703125,-68.79446411132812,-71.73784637451172,-72.69961547851562,-72.89164733886719,-72.9604263305664,-73.0315933227539,-73.10176849365234,-71.41075134277344,-71.42442321777344,-71.49717712402344,-69.15745544433594,-71.2282943725586,-72.58967590332031,-70.60343170166016,-72.77909088134766,-74.22050476074219,-72.89527130126953,-72.42377471923828,-73.52706146240234,-72.77898406982422,-73.64405822753906,-73.40660858154297,-72.70962524414062,-71.32263946533203,-72.61390686035156,-74.26045989990234,-74.17184448242188,-74.08565521240234,-71.76590728759766,-73.31784057617188,-74.53522491455078,-74.28966522216797,-72.41876220703125,-71.21878814697266,-70.29289245605469,-71.72632598876953,-71.03661346435547,-71.85465240478516,0.0
-68.54496002197266,-71.56290435791016,-72.47955322265625,-72.7001953125,-72.82106018066406,-71.19007110595703,-71.84850311279297,-71.59414672851562,-72.64139556884766,-70.68498992919922,-68.79345703125,-68.79446411132812,-71.73784637451172,-72.69961547851562,-72.89164733886719,-72.9604263305664,-73.0315933227539,-73.10176849365234,-71.41075134277344,-71.42442321777344,-71.49717712402344,-69.15745544433594,-71.2282943725586,-72.58967590332031,-70.60343170166016,-72.77909088134766,-74.22050476074219,-72.89527130126953,-72.42377471923828,-73.52706146240234,-72.77898406982422,-73.64405822753906,-73.40660858154297,-72.70962524414062,-71.32263946533203,-72.61390686035156,-74.26045989990234,-74.17184448242188,-74.08565521240234,-71.76590728759766,-73.31784057617188,-74.53522491455078,-74.28966522216797,-72.41876220703125,-71.21878814697266,-70.29289245605469,-71.72632598876953,-71.03661346435547,-71.85465240478516,-72.7332534790039,0.0
-71.56290435791016,-72.47955322265625,-72.7001953125,-72.82106018066406,-71.19007110595703,-71.84850311279297,-71.59414672851562,-72.64139556884766,-70.68498992919922,-68.79345703125,-68.79446411132812,-71.73784637451172,-72.69961547851562,-72.89164733886719,-72.9604263305664,-73.0315933227539,-73.10176849365234,-71.41075134277344,-71.42442321777344,-71.49717712402344,-69.15745544433594,-71.2282943725586,-72.58967590332031,-70.60343170166016,-72.77909088134766,-74.22050476074219,-72.89527130126953,-72.42377471923828,-73.52706146240234,-72.77898406982422,-73.64405822753906,-73.40660858154297,-72.70962524414062,-71.32263946533203,-72.61390686035156,-74.26045989990234,-74.17184448242188,-74.08565521240234,-71.76590728759766,-73.31784057617188,-74.53522491455078,-74.28966522216797,-72.41876220703125,-71.21878814697266,-70.29289245605469,-71.72632598876953,-71.03661346435547,-71.85465240478516,-72.7332534790039,-72.4135971069336,0.0
-72.47955322265625,-72.7001953125,-72.82106018066406,-71.19007110595703,-71.84850311279297,-71.59414672851562,-72.64139556884766,-70.68498992919922,-68.79345703125,-68.79446411132812,-71.73784637451172,-72.69961547851562,-72.89164733886719,-72.9604263305664,-73.0315933227539,-73.10176849365234,-71.41075134277344,-71.42442321777344,-71.49717712402344,-69.15745544433594,-71.2282943725586,-72.58967590332031,-70.60343170166016,-72.77909088134766,-74.22050476074219,-72.89527130126953,-72.42377471923828,-73.52706146240234,-72.77898406982422,-73.64405822753906,-73.40660858154297,-72.70962524414062,-71.32263946533203,-72.61390686035156,-74.26045989990234,-74.17184448242188,-74.08565521240234,-71.76590728759766,-73.31784057617188,-74.53522491455078,-74.28966522216797,-72.41876220703125,-71.21878814697266,-70.29289245605469,-71.72632598876953,-71.03661346435547,-71.85465240478516,-72.7332534790039,-72.4135971069336,-73.44734954833984,0.0
-72.7001953125,-72.82106018066406,-71.19007110595703,-71.84850311279297,-71.59414672851562,-72.64139556884766,-70.68498992919922,-68.79345703125,-68.79446411132812,-71.73784637451172,-72.69961547851562,-72.89164733886719,-72.9604263305664,-73.0315933227539,-73.10176849365234,-71.41075134277344,-71.42442321777344,-71.49717712402344,-69.15745544433594,-71.2282943725586,-72.58967590332031,-70.60343170166016,-72.77909088134766,-74.22050476074219,-72.89527130126953,-72.42377471923828,-73.52706146240234,-72.77898406982422,-73.64405822753906,-73.40660858154297,-72.70962524414062,-71.32263946533203,-72.61390686035156,-74.26045989990234,-74.17184448242188,-74.08565521240234,-71.76590728759766,-73.31784057617188,-74.53522491455078,-74.28966522216797,-72.41876220703125,-71.21878814697266,-70.29289245605469,-71.72632598876953,-71.03661346435547,-71.85465240478516,-72.7332534790039,-72.4135971069336,-73.44734954833984,-72.68373107910156,0.0
-72.82106018066406,-71.19007110595703,-71.84850311279297,-71.59414672851562,-72.64139556884766,-70.68498992919922,-68.79345703125,-68.79446411132812,-71.73784637451172,-72.69961547851562,-72.89164733886719,-72.9604263305664,-73.0315933227539,-73.10176849365234,-71.41075134277344,-71.42442321777344,-71.49717712402344,-69.15745544433594,-71.2282943725586,-72.58967590332031,-70.60343170166016,-72.77909088134766,-74.22050476074219,-72.89527130126953,-72.42377471923828,-73.52706146240234,-72.77898406982422,-73.64405822753906,-73.40660858154297,-72.70962524414062,-71.32263946533203,-72.61390686035156,-74.26045989990234,-74.17184448242188,-74.08565521240234,-71.76590728759766,-73.31784057617188,-74.53522491455078,-74.28966522216797,-72.41876220703125,-71.21878814697266,-70.29289245605469,-71.72632598876953,-71.03661346435547,-71.85465240478516,-72.7332534790039,-72.4135971069336,-73.44734954833984,-72.68373107910156,-72.40049743652344,0.0
-71.19007110595703,-71.84850311279297,-71.59414672851562,-72.64139556884766,-70.68498992919922,-68.79345703125,-68.79446411132812,-71.73784637451172,-72.69961547851562,-72.89164733886719,-72.9604263305664,-73.0315933227539,-73.10176849365234,-71.41075134277344,-71.42442321777344,-71.49717712402344,-69.15745544433594,-71.2282943725586,-72.58967590332031,-70.60343170166016,-72.77909088134766,-74.22050476074219,-72.89527130126953,-72.42377471923828,-73.52706146240234,-72.77898406982422,-73.64405822753906,-73.40660858154297,-72.70962524414062,-71.32263946533203,-72.61390686035156,-74.26045989990234,-74.17184448242188,-74.08565521240234,-71.76590728759766,-73.31784057617188,-74.53522491455078,-74.28966522216797,-72.41876220703125,-71.21878814697266,-70.29289245605469,-71.72632598876953,-71.03661346435547,-71.85465240478516,-72.7332534790039,-72.4135971069336,-73.44734954833984,-72.68373107910156,-72.40049743652344,-74.10672760009766,0.0
-71.84850311279297,-71.59414672851562,-72.64139556884766,-70.68498992919922,-68.79345703125,-68.79446411132812,-71.73784637451172,-72.69961547851562,-72.89164733886719,-72.9604263305664,-73.0315933227539,-73.10176849365234,-71.41075134277344,-71.42442321777344,-71.49717712402344,-69.15745544433594,-71.2282943725586,-72.58967590332031,-70.60343170166016,-72.77909088134766,-74.22050476074219,-72.89527130126953,-72.42377471923828,-73.52706146240234,-72.77898406982422,-73.64405822753906,-73.40660858154297,-72.70962524414062,-71.32263946533203,-72.61390686035156,-74.26045989990234,-74.17184448242188,-74.08565521240234,-71.76590728759766,-73.31784057617188,-74.53522491455078,-74.28966522216797,-72.41876220703125,-71.21878814697266,-70.29289245605469,-71.72632598876953,-71.03661346435547,-71.85465240478516,-72.7332534790039,-72.4135971069336,-73.44734954833984,-72.68373107910156,-72.40049743652344,-74.10672760009766,-72.97364044189453,0.0
-71.59414672851562,-72.64139556884766,-70.68498992919922,-68.79345703125,-68.79446411132812,-71.73784637451172,-72.69961547851562,-72.89164733886719,-72.9604263305664,-73.0315933227539,-73.10176849365234,-71.41075134277344,-71.42442321777344,-71.49717712402344,-69.15745544433594,-71.2282943725586,-72.58967590332031,-70.60343170166016,-72.77909088134766,-74.22050476074219,-72.89527130126953,-72.42377471923828,-73.52706146240234,-72.77898406982422,-73.64405822753906,-73.40660858154297,-72.70962524414062,-71.32263946533203,-72.61390686035156,-74.26045989990234,-74.17184448242188,-74.08565521240234,-71.76590728759766,-73.31784057617188,-74.53522491455078,-74.28966522216797,-72.41876220703125,-71.21878814697266,-70.29289245605469,-71.72632598876953,-71.03661346435547,-71.85465240478516,-72.7332534790039,-72.4135971069336,-73.44734954833984,-72.68373107910156,-72.40049743652344,-74.10672760009766,-72.97364044189453,-71.93708801269531,0.0
-72.64139556884766,-70.68498992919922,-68.79345703125,-68.79446411132812,-71.73784637451172,-72.69961547851562,-72.89164733886719,-72.9604263305664,-73.0315933227539,-73.10176849365234,-71.41075134277344,-71.42442321777344,-71.49717712402344,-69.15745544433594,-71.2282943725586,-72.58967590332031,-70.60343170166016,-72.77909088134766,-74.22050476074219,-72.89527130126953,-72.42377471923828,-73.52706146240234,-72.77898406982422,-73.64405822753906,-73.40660858154297,-72.70962524414062,-71.32263946533203,-72.61390686035156,-74.26045989990234,-74.17184448242188,-74.08565521240234,-71.76590728759766,-73.31784057617188,-74.53522491455078,-74.28966522216797,-72.41876220703125,-71.21878814697266,-70.29289245605469,-71.72632598876953,-71.03661346435547,-71.85465240478516,-72.7332534790039,-72.4135971069336,-73.44734954833984,-72.68373107910156,-72.40049743652344,-74.10672760009766,-72.97364044189453,-71.93708801269531,-73.39163208007812,0.0
-70.68498992919922,-68.79345703125,-68.79446411132812,-71.73784637451172,-72.69961547851562,-72.89164733886719,-72.9604263305664,-73.0315933227539,-73.10176849365234,-71.41075134277344,-71.42442321777344,-71.49717712402344,-69.15745544433594,-71.2282943725586,-72.58967590332031,-70.60343170166016,-72.77909088134766,-74.22050476074219,-72.89527130126953,-72.42377471923828,-73.52706146240234,-72.77898406982422,-73.64405822753906,-73.40660858154297,-72.70962524414062,-71.32263946533203,-72.61390686035156,-74.26045989990234,-74.17184448242188,-74.08565521240234,-71.76590728759766,-73.31784057617188,-74.53522491455078,-74.28966522216797,-72.41876220703125,-71.21878814697266,-70.29289245605469,-71.72632598876953,-71.03661346435547,-71.85465240478516,-72.7332534790039,-72.4135971069336,-73.44734954833984,-72.68373107910156,-72.40049743652344,-74.10672760009766,-72.97364044189453,-71.93708801269531,-73.39163208007812,-71.60174560546875,0.0
-68.79345703125,-68.79446411132812,-71.73784637451172,-72.69961547851562,-72.89164733886719,-72.9604263305664,-73.0315933227539,-73.10176849365234,-71.41075134277344,-71.42442321777344,-71.49717712402344,-69.15745544433594,-71.2282943725586,-72.58967590332031,-70.60343170166016,-72.77909088134766,-74.22050476074219,-72.89527130126953,-72.42377471923828,-73.52706146240234,-72.77898406982422,-73.64405822753906,-73.40660858154297,-72.70962524414062,-71.32263946533203,-72.61390686035156,-74.26045989990234,-74.17184448242188,-74.08565521240234,-71.76590728759766,-73.31784057617188,-74.53522491455078,-74.28966522216797,-72.41876220703125,-71.21878814697266,-70.29289245605469,-71.72632598876953,-71.03661346435547,-71.85465240478516,-72.7332534790039,-72.4135971069336,-73.44734954833984,-72.68373107910156,-72.40049743652344,-74.10672760009766,-72.97364044189453,-71.93708801269531,-73.39163208007812,-71.60174560546875,-72.65294647216797,0.0
-68.79446411132812,-71.73784637451172,-72.69961547851562,-72.89164733886719,-72.9604263305664,-73.0315933227539,-73.10176849365234,-71.41075134277344,-71.42442321777344,-71.49717712402344,-69.15745544433594,-71.2282943725586,-72.58967590332031,-70.60343170166016,-72.77909088134766,-74.22050476074219,-72.89527130126953,-72.42377471923828,-73.52706146240234,-72.77898406982422,-73.64405822753906,-73.40660858154297,-72.70962524414062,-71.32263946533203,-72.61390686035156,-74.26045989990234,-74.17184448242188,-74.08565521240234,-71.76590728759766,-73.31784057617188,-74.53522491455078,-74.28966522216797,-72.41876220703125,-71.21878814697266,-70.29289245605469,-71.72632598876953,-71.03661346435547,-71.85465240478516,-72.7332534790039,-72.4135971069336,-73.44734954833984,-72.68373107910156,-72.40049743652344,-74.10672760009766,-72.97364044189453,-71.93708801269531,-73.39163208007812,-71.60174560546875,-72.65294647216797,-72.50553894042969,0.0
-71.73784637451172,-72.69961547851562,-72.89164733886719,-72.9604263305664,-73.0315933227539,-73.10176849365234,-71.41075134277344,-71.42442321777344,-71.49717712402344,-69.15745544433594,-71.2282943725586,-72.58967590332031,-70.60343170166016,-72.77909088134766,-74.22050476074219,-72.89527130126953,-72.42377471923828,-73.52706146240234,-72.77898406982422,-73.64405822753906,-73.40660858154297,-72.70962524414062,-71.32263946533203,-72.61390686035156,-74.26045989990234,-74.17184448242188,-74.08565521240234,-71.76590728759766,-73.31784057617188,-74.53522491455078,-74.28966522216797,-72.41876220703125,-71.21878814697266,-70.29289245605469,-71.72632598876953,-71.03661346435547,-71.85465240478516,-72.7332534790039,-72.4135971069336,-73.44734954833984,-72.68373107910156,-72.40049743652344,-74.10672760009766,-72.97364044189453,-71.93708801269531,-73.39163208007812,-71.60174560546875,-72.65294647216797,-72.50553894042969,-72.38994598388672,0.0
-72.69961547851562,-72.89164733886719,-72.9604263305664,-73.0315933227539,-73.10176849365234,-71.41075134277344,-71.42442321777344,-71.49717712402344,-69.15745544433594,-71.2282943725586,-72.58967590332031,-70.60343170166016,-72.77909088134766,-74.22050476074219,-72.89527130126953,-72.42377471923828,-73.52706146240234,-72.77898406982422,-73.64405822753906,-73.40660858154297,-72.70962524414062,-71.32263946533203,-72.61390686035156,-74.26045989990234,-74.17184448242188,-74.08565521240234,-71.76590728759766,-73.31784057617188,-74.53522491455078,-74.28966522216797,-72.41876220703125,-71.21878814697266,-70.29289245605469,-71.72632598876953,-71.03661346435547,-71.85465240478516,-72.7332534790039,-72.4135971069336,-73.44734954833984,-72.68373107910156,-72.40049743652344,-74.10672760009766,-72.97364044189453,-71.93708801269531,-73.39163208007812,-71.60174560546875,-72.65294647216797,-72.50553894042969,-72.38994598388672,-71.77147674560547,0.0
-72.89164733886719,-72.9604263305664,-73.0315933227539,-73.10176849365234,-71.41075134277344,-71.42442321777344,-71.49717712402344,-69.15745544433594,-71.2282943725586,-72.58967590332031,-70.60343170166016,-72.77909088134766,-74.22050476074219,-72.89527130126953,-72.42377471923828,-73.52706146240234,-72.77898406982422,-73.64405822753906,-73.40660858154297,-72.70962524414062,-71.32263946533203,-72.61390686035156,-74.26045989990234,-74.17184448242188,-74.08565521240234,-71.76590728759766,-73.31784057617188,-74.53522491455078,-74.28966522216797,-72.41876220703125,-71.21878814697266,-70.29289245605469,-71.72632598876953,-71.03661346435547,-71.85465240478516,-72.7332534790039,-72.4135971069336,-73.44734954833984,-72.68373107910156,-72.40049743652344,-74.10672760009766,-72.97364044189453,-71.93708801269531,-73.39163208007812,-71.60174560546875,-72.65294647216797,-72.50553894042969,-72.38994598388672,-71.77147674560547,-71.55720520019531,0.0
-72.9604263305664,-73.0315933227539,-73.10176849365234,-71.41075134277344,-71.42442321777344,-71.49717712402344,-69.15745544433594,-71.2282943725586,-72.58967590332031,-70.60343170166016,-72.77909088134766,-74.22050476074219,-72.89527130126953,-72.42377471923828,-73.52706146240234,-72.77898406982422,-73.64405822753906,-73.40660858154297,-72.70962524414062,-71.32263946533203,-72.61390686035156,-74.26045989990234,-74.17184448242188,-74.08565521240234,-71.76590728759766,-73.31784057617188,-74.53522491455078,-74.28966522216797,-72.41876220703125,-71.21878814697266,-70.29289245605469,-71.72632598876953,-71.03661346435547,-71.85465240478516,-72.7332534790039,-72.4135971069336,-73.44734954833984,-72.68373107910156,-72.40049743652344,-74.10672760009766,-72.97364044189453,-71.93708801269531,-73.39163208007812,-71.60174560546875,-72.65294647216797,-72.50553894042969,-72.38994598388672,-71.77147674560547,-71.55720520019531,-74.98976135253906,0.0
-73.0315933227539,-73.10176849365234,-71.41075134277344,-71.42442321777344,-71.49717712402344,-69.15745544433594,-71.2282943725586,-72.58967590332031,-70.60343170166016,-72.77909088134766,-74.22050476074219,-72.89527130126953,-72.42377471923828,-73.52706146240234,-72.77898406982422,-73.64405822753906,-73.40660858154297,-72.70962524414062,-71.32263946533203,-72.61390686035156,-74.26045989990234,-74.17184448242188,-74.08565521240234,-71.76590728759766,-73.31784057617188,-74.53522491455078,-74.28966522216797,-72.41876220703125,-71.21878814697266,-70.29289245605469,-71.72632598876953,-71.03661346435547,-71.85465240478516,-72.7332534790039,-72.4135971069336,-73.44734954833984,-72.68373107910156,-72.40049743652344,-74.10672760009766,-72.97364044189453,-71.93708801269531,-73.39163208007812,-71.60174560546875,-72.65294647216797,-72.50553894042969,-72.38994598388672,-71.77147674560547,-71.55720520019531,-74.98976135253906,-74.43995666503906,0.0
-73.10176849365234,-71.41075134277344,-71.42442321777344,-71.49717712402344,-69.15745544433594,-71.2282943725586,-72.58967590332031,-70.60343170166016,-72.77909088134766,-74.22050476074219,-72.89527130126953,-72.42377471923828,-73.52706146240234,-72.77898406982422,-73.64405822753906,-73.40660858154297,-72.70962524414062,-71.32263946533203,-72.61390686035156,-74.26045989990234,-74.17184448242188,-74.08565521240234,-71.76590728759766,-73.31784057617188,-74.53522491455078,-74.28966522216797,-72.41876220703125,-71.21878814697266,-70.29289245605469,-71.72632598876953,-71.03661346435547,-71.85465240478516,-72.7332534790039,-72.4135971069336,-73.44734954833984,-72.68373107910156,-72.40049743652344,-74.10672760009766,-72.97364044189453,-71.93708801269531,-73.39163208007812,-71.60174560546875,-72.65294647216797,-72.50553894042969,-72.38994598388672,-71.77147674560547,-71.55720520019531,-74.98976135253906,-74.43995666503906,-75.28514862060547,0.0
-71.41075134277344,-71.42442321777344,-71.49717712402344,-69.15745544433594,-71.2282943725586,-72.58967590332031,-70.60343170166016,-72.77909088134766,-74.22050476074219,-72.89527130126953,-72.42377471923828,-73.52706146240234,-72.77898406982422,-73.64405822753906,-73.40660858154297,-72.70962524414062,-71.32263946533203,-72.61390686035156,-74.26045989990234,-74.17184448242188,-74.08565521240234,-71.76590728759766,-73.31784057617188,-74.53522491455078,-74.28966522216797,-72.41876220703125,-71.21878814697266,-70.29289245605469,-71.72632598876953,-71.03661346435547,-71.85465240478516,-72.7332534790039,-72.4135971069336,-73.44734954833984,-72.68373107910156,-72.40049743652344,-74.10672760009766,-72.97364044189453,-71.93708801269531,-73.39163208007812,-71.60174560546875,-72.65294647216797,-72.50553894042969,-72.38994598388672,-71.77147674560547,-71.55720520019531,-74.98976135253906,-74.43995666503906,-75.28514862060547,-75.66545867919922,0.0
-71.42442321777344,-71.49717712402344,-69.15745544433594,-71.2282943725586,-72.58967590332031,-70.60343170166016,-72.77909088134766,-74.22050476074219,-72.89527130126953,-72.42377471923828,-73.52706146240234,-72.77898406982422,-73.64405822753906,-73.40660858154297,-72.70962524414062,-71.32263946533203,-72.61390686035156,-74.26045989990234,-74.17184448242188,-74.08565521240234,-71.76590728759766,-73.31784057617188,-74.53522491455078,-74.28966522216797,-72.41876220703125,-71.21878814697266,-70.29289245605469,-71.72632598876953,-71.03661346435547,-71.85465240478516,-72.7332534790039,-72.4135971069336,-73.44734954833984,-72.68373107910156,-72.40049743652344,-74.10672760009766,-72.97364044189453,-71.93708801269531,-73.39163208007812,-71.60174560546875,-72.65294647216797,-72.50553894042969,-72.38994598388672,-71.77147674560547,-71.55720520019531,-74.98976135253906,-74.43995666503906,-75.28514862060547,-75.66545867919922,-75.23162841796875,0.0
-71.49717712402344,-69.15745544433594,-71.2282943725586,-72.58967590332031,-70.60343170166016,-72.77909088134766,-74.22050476074219,-72.89527130126953,-72.42377471923828,-73.52706146240234,-72.77898406982422,-73.64405822753906,-73.40660858154297,-72.70962524414062,-71.32263946533203,-72.61390686035156,-74.26045989990234,-74.17184448242188,-74.08565521240234,-71.76590728759766,-73.31784057617188,-74.53522491455078,-74.28966522216797,-72.41876220703125,-71.21878814697266,-70.29289245605469,-71.72632598876953,-71.03661346435547,-71.85465240478516,-72.7332534790039,-72.4135971069336,-73.44734954833984,-72.68373107910156,-72.40049743652344,-74.10672760009766,-72.97364044189453,-71.93708801269531,-73.39163208007812,-71.60174560546875,-72.65294647216797,-72.50553894042969,-72.38994598388672,-71.77147674560547,-71.55720520019531,-74.98976135253906,-74.43995666503906,-75.28514862060547,-75.66545867919922,-75.23162841796875,-75.11662292480469,0.0
-69.15745544433594,-71.2282943725586,-72.58967590332031,-70.60343170166016,-72.77909088134766,-74.22050476074219,-72.89527130126953,-72.42377471923828,-73.52706146240234,-72.77898406982422,-73.64405822753906,-73.40660858154297,-72.70962524414062,-71.32263946533203,-72.61390686035156,-74.26045989990234,-74.17184448242188,-74.08565521240234,-71.76590728759766,-73.31784057617188,-74.53522491455078,-74.28966522216797,-72.41876220703125,-71.21878814697266,-70.29289245605469,-71.72632598876953,-71.03661346435547,-71.85465240478516,-72.7332534790039,-72.4135971069336,-73.44734954833984,-72.68373107910156,-72.40049743652344,-74.10672760009766,-72.97364044189453,-71.93708801269531,-73.39163208007812,-71.60174560546875,-72.65294647216797,-72.50553894042969,-72.38994598388672,-71.77147674560547,-71.55720520019531,-74.98976135253906,-74.43995666503906,-75.28514862060547,-75.66545867919922,-75.23162841796875,-75.11662292480469,-73.96800231933594,0.0
-71.2282943725586,-72.58967590332031,-70.60343170166016,-72.77909088134766,-74.22050476074219,-72.89527130126953,-72.42377471923828,-73.52706146240234,-72.77898406982422,-73.64405822753906,-73.40660858154297,-72.70962524414062,-71.32263946533203,-72.61390686035156,-74.26045989990234,-74.17184448242188,-74.08565521240234,-71.76590728759766,-73.31784057617188,-74.53522491455078,-74.28966522216797,-72.41876220703125,-71.21878814697266,-70.29289245605469,-71.72632598876953,-71.03661346435547,-71.85465240478516,-72.7332534790039,-72.4135971069336,-73.44734954833984,-72.68373107910156,-72.40049743652344,-74.10672760009766,-72.97364044189453,-71.93708801269531,-73.39163208007812,-71.60174560546875,-72.65294647216797,-72.50553894042969,-72.38994598388672,-71.77147674560547,-71.55720520019531,-74.98976135253906,-74.43995666503906,-75.28514862060547,-75.66545867919922,-75.23162841796875,-75.11662292480469,-73.96800231933594,-75.9131088256836,0.0
-72.58967590332031,-70.60343170166016,-72.77909088134766,-74.22050476074219,-72.89527130126953,-72.42377471923828,-73.52706146240234,-72.77898406982422,-73.64405822753906,-73.40660858154297,-72.70962524414062,-71.32263946533203,-72.61390686035156,-74.26045989990234,-74.17184448242188,-74.08565521240234,-71.76590728759766,-73.31784057617188,-74.53522491455078,-74.28966522216797,-72.41876220703125,-71.21878814697266,-70.29289245605469,-71.72632598876953,-71.03661346435547,-71.85465240478516,-72.7332534790039,-72.4135971069336,-73.44734954833984,-72.68373107910156,-72.40049743652344,-74.10672760009766,-72.97364044189453,-71.93708801269531,-73.39163208007812,-71.60174560546875,-72.65294647216797,-72.50553894042969,-72.38994598388672,-71.77147674560547,-71.55720520019531,-74.98976135253906,-74.43995666503906,-75.28514862060547,-75.66545867919922,-75.23162841796875,-75.11662292480469,-73.96800231933594,-75.9131088256836,-76.05513763427734,0.0
-70.60343170166016,-72.77909088134766,-74.22050476074219,-72.89527130126953,-72.42377471923828,-73.52706146240234,-72.77898406982422,-73.64405822753906,-73.40660858154297,-72.70962524414062,-71.32263946533203,-72.61390686035156,-74.26045989990234,-74.17184448242188,-74.08565521240234,-71.76590728759766,-73.31784057617188,-74.53522491455078,-74.28966522216797,-72.41876220703125,-71.21878814697266,-70.29289245605469,-71.72632598876953,-71.03661346435547,-71.85465240478516,-72.7332534790039,-72.4135971069336,-73.44734954833984,-72.68373107910156,-72.40049743652344,-74.10672760009766,-72.97364044189453,-71.93708801269531,-73.39163208007812,-71.60174560546875,-72.65294647216797,-72.50553894042969,-72.38994598388672,-71.77147674560547,-71.55720520019531,-74.98976135253906,-74.43995666503906,-75.28514862060547,-75.66545867919922,-75.23162841796875,-75.11662292480469,-73.96800231933594,-75.9131088256836,-76.05513763427734,-77.75861358642578,0.0
-72.77909088134766,-74.22050476074219,-72.89527130126953,-72.42377471923828,-73.52706146240234,-72.77898406982422,-73.64405822753906,-73.40660858154297,-72.70962524414062,-71.32263946533203,-72.61390686035156,-74.26045989990234,-74.17184448242188,-74.08565521240234,-71.76590728759766,-73.31784057617188,-74.53522491455078,-74.28966522216797,-72.41876220703125,-71.21878814697266,-70.29289245605469,-71.72632598876953,-71.03661346435547,-71.85465240478516,-72.7332534790039,-72.4135971069336,-73.44734954833984,-72.68373107910156,-72.40049743652344,-74.10672760009766,-72.97364044189453,-71.93708801269531,-73.39163208007812,-71.60174560546875,-72.65294647216797,-72.50553894042969,-72.38994598388672,-71.77147674560547,-71.55720520019531,-74.98976135253906,-74.43995666503906,-75.28514862060547,-75.66545867919922,-75.23162841796875,-75.11662292480469,-73.96800231933594,-75.9131088256836,-76.05513763427734,-77.75861358642578,-78.37416076660156,0.0
-74.22050476074219,-72.89527130126953,-72.42377471923828,-73.52706146240234,-72.77898406982422,-73.64405822753906,-73.40660858154297,-72.70962524414062,-71.32263946533203,-72.61390686035156,-74.26045989990234,-74.17184448242188,-74.08565521240234,-71.76590728759766,-73.31784057617188,-74.53522491455078,-74.28966522216797,-72.41876220703125,-71.21878814697266,-70.29289245605469,-71.72632598876953,-71.03661346435547,-71.85465240478516,-72.7332534790039,-72.4135971069336,-73.44734954833984,-72.68373107910156,-72.40049743652344,-74.10672760009766,-72.97364044189453,-71.93708801269531,-73.39163208007812,-71.60174560546875,-72.65294647216797,-72.50553894042969,-72.38994598388672,-71.77147674560547,-71.55720520019531,-74.98976135253906,-74.43995666503906,-75.28514862060547,-75.66545867919922,-75.23162841796875,-75.11662292480469,-73.96800231933594,-75.9131088256836,-76.05513763427734,-77.75861358642578,-78.37416076660156,-75.07101440429688,0.0
-72.89527130126953,-72.42377471923828,-73.52706146240234,-72.77898406982422,-73.64405822753906,-73.40660858154297,-72.70962524414062,-71.32263946533203,-72.61390686035156,-74.26045989990234,-74.17184448242188,-74.08565521240234,-71.76590728759766,-73.31784057617188,-74.53522491455078,-74.28966522216797,-72.41876220703125,-71.21878814697266,-70.29289245605469,-71.72632598876953,-71.03661346435547,-71.85465240478516,-72.7332534790039,-72.4135971069336,-73.44734954833984,-72.68373107910156,-72.40049743652344,-74.10672760009766,-72.97364044189453,-71.93708801269531,-73.39163208007812,-71.60174560546875,-72.65294647216797,-72.50553894042969,-72.38994598388672,-71.77147674560547,-71.55720520019531,-74.98976135253906,-74.43995666503906,-75.28514862060547,-75.66545867919922,-75.23162841796875,-75.11662292480469,-73.96800231933594,-75.9131088256836,-76.05513763427734,-77.75861358642578,-78.37416076660156,-75.07101440429688,-76.27780151367188,0.0
-72.42377471923828,-73.52706146240234,-72.77898406982422,-73.64405822753906,-73.40660858154297,-72.70962524414062,-71.32263946533203,-72.61390686035156,-74.26045989990234,-74.17184448242188,-74.08565521240234,-71.76590728759766,-73.31784057617188,-74.53522491455078,-74.28966522216797,-72.41876220703125,-71.21878814697266,-70.29289245605469,-71.72632598876953,-71.03661346435547,-71.85465240478516,-72.7332534790039,-72.4135971069336,-73.44734954833984,-72.68373107910156,-72.40049743652344,-74.10672760009766,-72.97364044189453,-71.93708801269531,-73.39163208007812,-71.60174560546875,-72.65294647216797,-72.50553894042969,-72.38994598388672,-71.77147674560547,-71.55720520019531,-74.98976135253906,-74.43995666503906,-75.28514862060547,-75.66545867919922,-75.23162841796875,-75.11662292480469,-73.96800231933594,-75.9131088256836,-76.05513763427734,-77.75861358642578,-78.37416076660156,-75.07101440429688,-76.27780151367188,-76.86036682128906,0.0
-73.52706146240234,-72.77898406982422,-73.64405822753906,-73.40660858154297,-72.70962524414062,-71.32263946533203,-72.61390686035156,-74.26045989990234,-74.17184448242188,-74.08565521240234,-71.76590728759766,-73.31784057617188,-74.53522491455078,-74.28966522216797,-72.41876220703125,-71.21878814697266,-70.29289245605469,-71.72632598876953,-71.03661346435547,-71.85465240478516,-72.7332534790039,-72.4135971069336,-73.44734954833984,-72.68373107910156,-72.40049743652344,-74.10672760009766,-72.97364044189453,-71.93708801269531,-73.39163208007812,-71.60174560546875,-72.65294647216797,-72.50553894042969,-72.38994598388672,-71.77147674560547,-71.55720520019531,-74.98976135253906,-74.43995666503906,-75.28514862060547,-75.66545867919922,-75.23162841796875,-75.11662292480469,-73.96800231933594,-75.9131088256836,-76.05513763427734,-77.75861358642578,-78.37416076660156,-75.07101440429688,-76.27780151367188,-76.86036682128906,-75.82683563232422,0.0
-72.77898406982422,-73.64405822753906,-73.40660858154297,-72.70962524414062,-71.32263946533203,-72.61390686035156,-74.26045989990234,-74.17184448242188,-74.08565521240234,-71.76590728759766,-73.31784057617188,-74.53522491455078,-74.28966522216797,-72.41876220703125,-71.21878814697266,-70.29289245605469,-71.72632598876953,-71.03661346435547,-71.85465240478516,-72.7332534790039,-72.4135971069336,-73.44734954833984,-72.68373107910156,-72.40049743652344,-74.10672760009766,-72.97364044189453,-71.93708801269531,-73.39163208007812,-71.60174560546875,-72.65294647216797,-72.50553894042969,-72.38994598388672,-71.77147674560547,-71.55720520019531,-74.98976135253906,-74.43995666503906,-75.28514862060547,-75.66545867919922,-75.23162841796875,-75.11662292480469,-73.96800231933594,-75.9131088256836,-76.05513763427734,-77.75861358642578,-78.37416076660156,-75.07101440429688,-76.27780151367188,-76.86036682128906,-75.82683563232422,-76.6021957397461,0.0
-73.64405822753906,-73.40660858154297,-72.70962524414062,-71.32263946533203,-72.61390686035156,-74.26045989990234,-74.17184448242188,-74.08565521240234,-71.76590728759766,-73.31784057617188,-74.53522491455078,-74.28966522216797,-72.41876220703125,-71.21878814697266,-70.29289245605469,-71.72632598876953,-71.03661346435547,-71.85465240478516,-72.7332534790039,-72.4135971069336,-73.44734954833984,-72.68373107910156,-72.40049743652344,-74.10672760009766,-72.97364044189453,-71.93708801269531,-73.39163208007812,-71.60174560546875,-72.65294647216797,-72.50553894042969,-72.38994598388672,-71.77147674560547,-71.55720520019531,-74.98976135253906,-74.43995666503906,-75.28514862060547,-75.66545867919922,-75.23162841796875,-75.11662292480469,-73.96800231933594,-75.9131088256836,-76.05513763427734,-77.75861358642578,-78.37416076660156,-75.07101440429688,-76.27780151367188,-76.86036682128906,-75.82683563232422,-76.6021957397461,-75.75050354003906,0.0
-73.40660858154297,-72.70962524414062,-71.32263946533203,-72.61390686035156,-74.26045989990234,-74.17184448242188,-74.08565521240234,-71.76590728759766,-73.31784057617188,-74.53522491455078,-74.28966522216797,-72.41876220703125,-71.21878814697266,-70.29289245605469,-71.72632598876953,-71.03661346435547,-71.85465240478516,-72.7332534790039,-72.4135971069336,-73.44734954833984,-72.68373107910156,-72.40049743652344,-74.10672760009766,-72.97364044189453,-71.93708801269531,-73.39163208007812,-71.60174560546875,-72.65294647216797,-72.50553894042969,-72.38994598388672,-71.77147674560547,-71.55720520019531,-74.98976135253906,-74.43995666503906,-75.28514862060547,-75.66545867919922,-75.23162841796875,-75.11662292480469,-73.96800231933594,-75.9131088256836,-76.05513763427734,-77.75861358642578,-78.37416076660156,-75.07101440429688,-76.27780151367188,-76.86036682128906,-75.82683563232422,-76.6021957397461,-75.75050354003906,-75.99189758300781,0.0
-72.70962524414062,-71.32263946533203,-72.61390686035156,-74.26045989990234,-74.17184448242188,-74.08565521240234,-71.76590728759766,-73.31784057617188,-74.53522491455078,-74.28966522216797,-72.41876220703125,-71.21878814697266,-70.29289245605469,-71.72632598876953,-71.03661346435547,-71.85465240478516,-72.7332534790039,-72.4135971069336,-73.44734954833984,-72.68373107910156,-72.40049743652344,-74.10672760009766,-72.97364044189453,-71.93708801269531,-73.39163208007812,-71.60174560546875,-72.65294647216797,-72.50553894042969,-72.38994598388672,-71.77147674560547,-71.55720520019531,-74.98976135253906,-74.43995666503906,-75.28514862060547,-75.66545867919922,-75.23162841796875,-75.11662292480469,-73.96800231933594,-75.9131088256836,-76.05513763427734,-77.75861358642578,-78.37416076660156,-75.07101440429688,-76.27780151367188,-76.86036682128906,-75.82683563232422,-76.6021957397461,-75.75050354003906,-75.99189758300781,-74.94430541992188,0.0
-71.32263946533203,-72.61390686035156,-74.26045989990234,-74.17184448242188,-74.08565521240234,-71.76590728759766,-73.31784057617188,-74.53522491455078,-74.28966522216797,-72.41876220703125,-71.21878814697266,-70.29289245605469,-71.72632598876953,-71.03661346435547,-71.85465240478516,-72.7332534790039,-72.4135971069336,-73.44734954833984,-72.68373107910156,-72.40049743652344,-74.10672760009766,-72.97364044189453,-71.93708801269531,-73.39163208007812,-71.60174560546875,-72.65294647216797,-72.50553894042969,-72.38994598388672,-71.77147674560547,-71.55720520019531,-74.98976135253906,-74.43995666503906,-75.28514862060547,-75.66545867919922,-75.23162841796875,-75.11662292480469,-73.96800231933594,-75.9131088256836,-76.05513763427734,-77.75861358642578,-78.37416076660156,-75.07101440429688,-76.27780151367188,-76.86036682128906,-75.82683563232422,-76.6021957397461,-75.75050354003906,-75.99189758300781,-74.94430541992188,-74.55499267578125,0.0
-72.61390686035156,-74.26045989990234,-74.17184448242188,-74.08565521240234,-71.76590728759766,-73.31784057617188,-74.53522491455078,-74.28966522216797,-72.41876220703125,-71.21878814697266,-70.29289245605469,-71.72632598876953,-71.03661346435547,-71.85465240478516,-72.7332534790039,-72.4135971069336,-73.44734954833984,-72.68373107910156,-72.40049743652344,-74.10672760009766,-72.97364044189453,-71.93708801269531,-73.39163208007812,-71.60174560546875,-72.65294647216797,-72.50553894042969,-72.38994598388672,-71.77147674560547,-71.55720520019531,-74.98976135253906,-74.43995666503906,-75.28514862060547,-75.66545867919922,-75.23162841796875,-75.11662292480469,-73.96800231933594,-75.9131088256836,-76.05513763427734,-77.75861358642578,-78.37416076660156,-75.07101440429688,-76.27780151367188,-76.86036682128906,-75.82683563232422,-76.6021957397461,-75.75050354003906,-75.99189758300781,-74.94430541992188,-74.55499267578125,-76.76974487304688,0.0
-74.26045989990234,-74.17184448242188,-74.08565521240234,-71.76590728759766,-73.31784057617188,-74.53522491455078,-74.28966522216797,-72.41876220703125,-71.21878814697266,-70.29289245605469,-71.72632598876953,-71.03661346435547,-71.85465240478516,-72.7332534790039,-72.4135971069336,-73.44734954833984,-72.68373107910156,-72.40049743652344,-74.10672760009766,-72.97364044189453,-71.93708801269531,-73.39163208007812,-71.60174560546875,-72.65294647216797,-72.50553894042969,-72.38994598388672,-71.77147674560547,-71.55720520019531,-74.98976135253906,-74.43995666503906,-75.28514862060547,-75.66545867919922,-75.23162841796875,-75.11662292480469,-73.96800231933594,-75.9131088256836,-76.05513763427734,-77.75861358642578,-78.37416076660156,-75.07101440429688,-76.27780151367188,-76.86036682128906,-75.82683563232422,-76.6021957397461,-75.75050354003906,-75.99189758300781,-74.94430541992188,-74.55499267578125,-76.76974487304688,-78.11009979248047,0.0
-74.17184448242188,-74.08565521240234,-71.76590728759766,-73.31784057617188,-74.53522491455078,-74.28966522216797,-72.41876220703125,-71.21878814697266,-70.29289245605469,-71.72632598876953,-71.03661346435547,-71.85465240478516,-72.7332534790039,-72.4135971069336,-73.44734954833984,-72.68373107910156,-72.40049743652344,-74.10672760009766,-72.97364044189453,-71.93708801269531,-73.39163208007812,-71.60174560546875,-72.65294647216797,-72.50553894042969,-72.38994598388672,-71.77147674560547,-71.55720520019531,-74.98976135253906,-74.43995666503906,-75.28514862060547,-75.66545867919922,-75.23162841796875,-75.11662292480469,-73.96800231933594,-75.9131088256836,-76.05513763427734,-77.75861358642578,-78.37416076660156,-75.07101440429688,-76.27780151367188,-76.86036682128906,-75.82683563232422,-76.6021957397461,-75.75050354003906,-75.99189758300781,-74.94430541992188,-74.55499267578125,-76.76974487304688,-78.11009979248047,-76.73796844482422,0.0
-74.08565521240234,-71.76590728759766,-73.31784057617188,-74.53522491455078,-74.28966522216797,-72.41876220703125,-71.21878814697266,-70.29289245605469,-71.72632598876953,-71.03661346435547,-71.85465240478516,-72.7332534790039,-72.4135971069336,-73.44734954833984,-72.68373107910156,-72.40049743652344,-74.10672760009766,-72.97364044189453,-71.93708801269531,-73.39163208007812,-71.60174560546875,-72.65294647216797,-72.50553894042969,-72.38994598388672,-71.77147674560547,-71.55720520019531,-74.98976135253906,-74.43995666503906,-75.28514862060547,-75.66545867919922,-75.23162841796875,-75.11662292480469,-73.96800231933594,-75.9131088256836,-76.05513763427734,-77.75861358642578,-78.37416076660156,-75.07101440429688,-76.27780151367188,-76.86036682128906,-75.82683563232422,-76.6021957397461,-75.75050354003906,-75.99189758300781,-74.94430541992188,-74.55499267578125,-76.76974487304688,-78.11009979248047,-76.73796844482422,-76.24504089355469,0.0
