0,1,2,3,4,5,6,7,8,9,10,11,12,13,14,15,16,17,18,19,20,21,22,23,24,25,26,27,28,29,30,31,32,33,34,35,36,37,38,39,40,41,42,43,44,45,46,47,48,49,50
-78.67444610595703,-78.08024597167969,-78.27520751953125,-76.69489288330078,-76.60801696777344,-77.33744049072266,-76.84546661376953,-76.8548812866211,-77.42019653320312,-77.28047180175781,-76.14546203613281,-75.48269653320312,-77.14495086669922,-75.95069122314453,-74.869873046875,-73.99839782714844,-75.04106903076172,-75.345947265625,-75.2894287109375,-75.18962097167969,-75.58963775634766,-75.3782958984375,-75.16661071777344,-74.15715026855469,-74.51759338378906,-74.93401336669922,-75.09828186035156,-75.11859893798828,-75.0997314453125,-73.21634674072266,-72.07638549804688,-74.08236694335938,-72.20982360839844,-72.5192642211914,-72.14252471923828,-70.85291290283203,-72.46773529052734,-73.1927261352539,-71.39814758300781,-70.1797103881836,-69.79325103759766,-69.2863998413086,-68.08012390136719,-68.8396224975586,-69.482177734375,-69.66362762451172,-69.6252212524414,-69.54920196533203,-69.49937438964844,-69.481201171875,0.0
-78.08024597167969,-78.27520751953125,-76.69489288330078,-76.60801696777344,-77.33744049072266,-76.84546661376953,-76.8548812866211,-77.42019653320312,-77.28047180175781,-76.14546203613281,-75.48269653320312,-77.14495086669922,-75.95069122314453,-74.869873046875,-73.99839782714844,-75.04106903076172,-75.345947265625,-75.2894287109375,-75.18962097167969,-75.58963775634766,-75.3782958984375,-75.16661071777344,-74.15715026855469,-74.51759338378906,-74.93401336669922,-75.09828186035156,-75.11859893798828,-75.0997314453125,-73.21634674072266,-72.07638549804688,-74.08236694335938,-72.20982360839844,-72.5192642211914,-72.14252471923828,-70.85291290283203,-72.46773529052734,-73.1927261352539,-71.39814758300781,-70.1797103881836,-69.79325103759766,-69.2863998413086,-68.08012390136719,-68.8396224975586,-69.482177734375,-69.66362762451172,-69.6252212524414,-69.54920196533203,-69.49937438964844,-69.481201171875,-70.4215087890625,0.0
-78.27520751953125,-76.69489288330078,-76.60801696777344,-77.33744049072266,-76.84546661376953,-76.8548812866211,-77.42019653320312,-77.28047180175781,-76.14546203613281,-75.48269653320312,-77.14495086669922,-75.95069122314453,-74.869873046875,-73.99839782714844,-75.04106903076172,-75.345947265625,-75.2894287109375,-75.18962097167969,-75.58963775634766,-75.3782958984375,-75.16661071777344,-74.15715026855469,-74.51759338378906,-74.93401336669922,-75.09828186035156,-75.11859893798828,-75.0997314453125,-73.21634674072266,-72.07638549804688,-74.08236694335938,-72.20982360839844,-72.5192642211914,-72.14252471923828,-70.85291290283203,-72.46773529052734,-73.1927261352539,-71.39814758300781,-70.1797103881836,-69.79325103759766,-69.2863998413086,-68.08012390136719,-68.8396224975586,-69.482177734375,-69.66362762451172,-69.6252212524414,-69.54920196533203,-69.49937438964844,-69.481201171875,-70.4215087890625,-72.86096954345703,0.0
-76.69489288330078,-76.60801696777344,-77.33744049072266,-76.84546661376953,-76.8548812866211,-77.42019653320312,-77.28047180175781,-76.14546203613281,-75.48269653320312,-77.14495086669922,-75.95069122314453,-74.869873046875,-73.99839782714844,-75.04106903076172,-75.345947265625,-75.2894287109375,-75.18962097167969,-75.58963775634766,-75.3782958984375,-75.16661071777344,-74.15715026855469,-74.51759338378906,-74.93401336669922,-75.09828186035156,-75.11859893798828,-75.0997314453125,-73.21634674072266,-72.07638549804688,-74.08236694335938,-72.20982360839844,-72.5192642211914,-72.14252471923828,-70.85291290283203,-72.46773529052734,-73.1927261352539,-71.39814758300781,-70.1797103881836,-69.79325103759766,-69.2863998413086,-68.08012390136719,-68.8396224975586,-69.482177734375,-69.66362762451172,-69.6252212524414,-69.54920196533203,-69.49937438964844,-69.481201171875,-70.4215087890625,-72.86096954345703,-72.30992126464844,0.0
-76.60801696777344,-77.33744049072266,-76.84546661376953,-76.8548812866211,-77.42019653320312,-77.28047180175781,-76.14546203613281,-75.48269653320312,-77.14495086669922,-75.95069122314453,-74.869873046875,-73.99839782714844,-75.04106903076172,-75.345947265625,-75.2894287109375,-75.18962097167969,-75.58963775634766,-75.3782958984375,-75.16661071777344,-74.15715026855469,-74.51759338378906,-74.93401336669922,-75.09828186035156,-75.11859893798828,-75.0997314453125,-73.21634674072266,-72.07638549804688,-74.08236694335938,-72.20982360839844,-72.5192642211914,-72.14252471923828,-70.85291290283203,-72.46773529052734,-73.1927261352539,-71.39814758300781,-70.1797103881836,-69.79325103759766,-69.2863998413086,-68.08012390136719,-68.8396224975586,-69.482177734375,-69.66362762451172,-69.6252212524414,-69.54920196533203,-69.49937438964844,-69.481201171875,-70.4215087890625,-72.86096954345703,-72.30992126464844,-71.53267669677734,0.0
-77.33744049072266,-76.84546661376953,-76.8548812866211,-77.42019653320312,-77.28047180175781,-76.14546203613281,-75.48269653320312,-77.14495086669922,-75.95069122314453,-74.869873046875,-73.99839782714844,-75.04106903076172,-75.345947265625,-75.2894287109375,-75.18962097167969,-75.58963775634766,-75.3782958984375,-75.16661071777344,-74.15715026855469,-74.51759338378906,-74.93401336669922,-75.09828186035156,-75.11859893798828,-75.0997314453125,-73.21634674072266,-72.07638549804688,-74.08236694335938,-72.20982360839844,-72.5192642211914,-72.14252471923828,-70.85291290283203,-72.46773529052734,-73.1927261352539,-71.39814758300781,-70.1797103881836,-69.79325103759766,-69.2863998413086,-68.08012390136719,-68.8396224975586,-69.482177734375,-69.66362762451172,-69.6252212524414,-69.54920196533203,-69.49937438964844,-69.481201171875,-70.4215087890625,-72.86096954345703,-72.30992126464844,-71.53267669677734,-71.24143981933594,0.0
-76.84546661376953,-76.8548812866211,-77.42019653320312,-77.28047180175781,-76.14546203613281,-75.48269653320312,-77.14495086669922,-75.95069122314453,-74.869873046875,-73.99839782714844,-75.04106903076172,-75.345947265625,-75.2894287109375,-75.18962097167969,-75.58963775634766,-75.3782958984375,-75.16661071777344,-74.15715026855469,-74.51759338378906,-74.93401336669922,-75.09828186035156,-75.11859893798828,-75.0997314453125,-73.21634674072266,-72.07638549804688,-74.08236694335938,-72.20982360839844,-72.5192642211914,-72.14252471923828,-70.85291290283203,-72.46773529052734,-73.1927261352539,-71.39814758300781,-70.1797103881836,-69.79325103759766,-69.2863998413086,-68.08012390136719,-68.8396224975586,-69.482177734375,-69.66362762451172,-69.6252212524414,-69.54920196533203,-69.49937438964844,-69.481201171875,-70.4215087890625,-72.86096954345703,-72.30992126464844,-71.53267669677734,-71.24143981933594,-71.24398803710938,1.0
-76.8548812866211,-77.42019653320312,-77.28047180175781,-76.14546203613281,-75.48269653320312,-77.14495086669922,-75.95069122314453,-74.869873046875,-73.99839782714844,-75.04106903076172,-75.345947265625,-75.2894287109375,-75.18962097167969,-75.58963775634766,-75.3782958984375,-75.16661071777344,-74.15715026855469,-74.51759338378906,-74.93401336669922,-75.09828186035156,-75.11859893798828,-75.0997314453125,-73.21634674072266,-72.07638549804688,-74.08236694335938,-72.20982360839844,-72.5192642211914,-72.14252471923828,-70.85291290283203,-72.46773529052734,-73.1927261352539,-71.39814758300781,-70.1797103881836,-69.79325103759766,-69.2863998413086,-68.08012390136719,-68.8396224975586,-69.482177734375,-69.66362762451172,-69.6252212524414,-69.54920196533203,-69.49937438964844,-69.481201171875,-70.4215087890625,-72.86096954345703,-72.30992126464844,-71.53267669677734,-71.24143981933594,-71.24398803710938,-71.32746124267578,1.0
-77.42019653320312,-77.28047180175781,-76.14546203613281,-75.48269653320312,-77.14495086669922,-75.95069122314453,-74.869873046875,-73.99839782714844,-75.04106903076172,-75.345947265625,-75.2894287109375,-75.18962097167969,-75.58963775634766,-75.3782958984375,-75.16661071777344,-74.15715026855469,-74.51759338378906,-74.93401336669922,-75.09828186035156,-75.11859893798828,-75.0997314453125,-73.21634674072266,-72.07638549804688,-74.08236694335938,-72.20982360839844,-72.5192642211914,-72.14252471923828,-70.85291290283203,-72.46773529052734,-73.1927261352539,-71.39814758300781,-70.1797103881836,-69.79325103759766,-69.2863998413086,-68.08012390136719,-68.8396224975586,-69.482177734375,-69.66362762451172,-69.6252212524414,-69.54920196533203,-69.49937438964844,-69.481201171875,-70.4215087890625,-72.86096954345703,-72.30992126464844,-71.53267669677734,-71.24143981933594,-71.24398803710938,-71.32746124267578,-71.40039825439453,0.0
-77.28047180175781,-76.14546203613281,-75.48269653320312,-77.14495086669922,-75.95069122314453,-74.869873046875,-73.99839782714844,-75.04106903076172,-75.345947265625,-75.2894287109375,-75.18962097167969,-75.58963775634766,-75.3782958984375,-75.16661071777344,-74.15715026855469,-74.51759338378906,-74.93401336669922,-75.09828186035156,-75.11859893798828,-75.0997314453125,-73.21634674072266,-72.07638549804688,-74.08236694335938,-72.20982360839844,-72.5192642211914,-72.14252471923828,-70.85291290283203,-72.46773529052734,-73.1927261352539,-71.39814758300781,-70.1797103881836,-69.79325103759766,-69.2863998413086,-68.08012390136719,-68.8396224975586,-69.482177734375,-69.66362762451172,-69.6252212524414,-69.54920196533203,-69.49937438964844,-69.481201171875,-70.4215087890625,-72.86096954345703,-72.30992126464844,-71.53267669677734,-71.24143981933594,-71.24398803710938,-71.32746124267578,-71.40039825439453,-71.44315338134766,0.0
-76.14546203613281,-75.48269653320312,-77.14495086669922,-75.95069122314453,-74.869873046875,-73.99839782714844,-75.04106903076172,-75.345947265625,-75.2894287109375,-75.18962097167969,-75.58963775634766,-75.3782958984375,-75.16661071777344,-74.15715026855469,-74.51759338378906,-74.93401336669922,-75.09828186035156,-75.11859893798828,-75.0997314453125,-73.21634674072266,-72.07638549804688,-74.08236694335938,-72.20982360839844,-72.5192642211914,-72.14252471923828,-70.85291290283203,-72.46773529052734,-73.1927261352539,-71.39814758300781,-70.1797103881836,-69.79325103759766,-69.2863998413086,-68.08012390136719,-68.8396224975586,-69.482177734375,-69.66362762451172,-69.6252212524414,-69.54920196533203,-69.49937438964844,-69.481201171875,-70.4215087890625,-72.86096954345703,-72.30992126464844,-71.53267669677734,-71.24143981933594,-71.24398803710938,-71.32746124267578,-71.40039825439453,-71.44315338134766,-71.46118927001953,0.0
-75.48269653320312,-77.14495086669922,-75.95069122314453,-74.869873046875,-73.99839782714844,-75.04106903076172,-75.345947265625,-75.2894287109375,-75.18962097167969,-75.58963775634766,-75.3782958984375,-75.16661071777344,-74.15715026855469,-74.51759338378906,-74.93401336669922,-75.09828186035156,-75.11859893798828,-75.0997314453125,-73.21634674072266,-72.07638549804688,-74.08236694335938,-72.20982360839844,-72.5192642211914,-72.14252471923828,-70.85291290283203,-72.46773529052734,-73.1927261352539,-71.39814758300781,-70.1797103881836,-69.79325103759766,-69.2863998413086,-68.08012390136719,-68.8396224975586,-69.482177734375,-69.66362762451172,-69.6252212524414,-69.54920196533203,-69.49937438964844,-69.481201171875,-70.4215087890625,-72.86096954345703,-72.30992126464844,-71.53267669677734,-71.24143981933594,-71.24398803710938,-71.32746124267578,-71.40039825439453,-71.44315338134766,-71.46118927001953,-71.46412658691406,0.0
-77.14495086669922,-75.95069122314453,-74.869873046875,-73.99839782714844,-75.04106903076172,-75.345947265625,-75.2894287109375,-75.18962097167969,-75.58963775634766,-75.3782958984375,-75.16661071777344,-74.15715026855469,-74.51759338378906,-74.93401336669922,-75.09828186035156,-75.11859893798828,-75.0997314453125,-73.21634674072266,-72.07638549804688,-74.08236694335938,-72.20982360839844,-72.5192642211914,-72.14252471923828,-70.85291290283203,-72.46773529052734,-73.1927261352539,-71.39814758300781,-70.1797103881836,-69.79325103759766,-69.2863998413086,-68.08012390136719,-68.8396224975586,-69.482177734375,-69.66362762451172,-69.6252212524414,-69.54920196533203,-69.49937438964844,-69.481201171875,-70.4215087890625,-72.86096954345703,-72.30992126464844,-71.53267669677734,-71.24143981933594,-71.24398803710938,-71.32746124267578,-71.40039825439453,-71.44315338134766,-71.46118927001953,-71.46412658691406,-71.45941925048828,0.0
-75.95069122314453,-74.869873046875,-73.99839782714844,-75.04106903076172,-75.345947265625,-75.2894287109375,-75.18962097167969,-75.58963775634766,-75.3782958984375,-75.16661071777344,-74.15715026855469,-74.51759338378906,-74.93401336669922,-75.09828186035156,-75.11859893798828,-75.0997314453125,-73.21634674072266,-72.07638549804688,-74.08236694335938,-72.20982360839844,-72.5192642211914,-72.14252471923828,-70.85291290283203,-72.46773529052734,-73.1927261352539,-71.39814758300781,-70.1797103881836,-69.79325103759766,-69.2863998413086,-68.08012390136719,-68.8396224975586,-69.482177734375,-69.66362762451172,-69.6252212524414,-69.54920196533203,-69.49937438964844,-69.481201171875,-70.4215087890625,-72.86096954345703,-72.30992126464844,-71.53267669677734,-71.24143981933594,-71.24398803710938,-71.32746124267578,-71.40039825439453,-71.44315338134766,-71.46118927001953,-71.46412658691406,-71.45941925048828,-71.45167541503906,0.0
-74.869873046875,-73.99839782714844,-75.04106903076172,-75.345947265625,-75.2894287109375,-75.18962097167969,-75.58963775634766,-75.3782958984375,-75.16661071777344,-74.15715026855469,-74.51759338378906,-74.93401336669922,-75.09828186035156,-75.11859893798828,-75.0997314453125,-73.21634674072266,-72.07638549804688,-74.08236694335938,-72.20982360839844,-72.5192642211914,-72.14252471923828,-70.85291290283203,-72.46773529052734,-73.1927261352539,-71.39814758300781,-70.1797103881836,-69.79325103759766,-69.2863998413086,-68.08012390136719,-68.8396224975586,-69.482177734375,-69.66362762451172,-69.6252212524414,-69.54920196533203,-69.49937438964844,-69.481201171875,-70.4215087890625,-72.86096954345703,-72.30992126464844,-71.53267669677734,-71.24143981933594,-71.24398803710938,-71.32746124267578,-71.40039825439453,-71.44315338134766,-71.46118927001953,-71.46412658691406,-71.45941925048828,-71.45167541503906,-71.44342041015625,0.0
-73.99839782714844,-75.04106903076172,-75.345947265625,-75.2894287109375,-75.18962097167969,-75.58963775634766,-75.3782958984375,-75.16661071777344,-74.15715026855469,-74.51759338378906,-74.93401336669922,-75.09828186035156,-75.11859893798828,-75.0997314453125,-73.21634674072266,-72.07638549804688,-74.08236694335938,-72.20982360839844,-72.5192642211914,-72.14252471923828,-70.85291290283203,-72.46773529052734,-73.1927261352539,-71.39814758300781,-70.1797103881836,-69.79325103759766,-69.2863998413086,-68.08012390136719,-68.8396224975586,-69.482177734375,-69.66362762451172,-69.6252212524414,-69.54920196533203,-69.49937438964844,-69.481201171875,-70.4215087890625,-72.86096954345703,-72.30992126464844,-71.53267669677734,-71.24143981933594,-71.24398803710938,-71.32746124267578,-71.40039825439453,-71.44315338134766,-71.46118927001953,-71.46412658691406,-71.45941925048828,-71.45167541503906,-71.44342041015625,-71.43588256835938,0.0
-75.04106903076172,-75.345947265625,-75.2894287109375,-75.18962097167969,-75.58963775634766,-75.3782958984375,-75.16661071777344,-74.15715026855469,-74.51759338378906,-74.93401336669922,-75.09828186035156,-75.11859893798828,-75.0997314453125,-73.21634674072266,-72.07638549804688,-74.08236694335938,-72.20982360839844,-72.5192642211914,-72.14252471923828,-70.85291290283203,-72.46773529052734,-73.1927261352539,-71.39814758300781,-70.1797103881836,-69.79325103759766,-69.2863998413086,-68.08012390136719,-68.8396224975586,-69.482177734375,-69.66362762451172,-69.6252212524414,-69.54920196533203,-69.49937438964844,-69.481201171875,-70.4215087890625,-72.86096954345703,-72.30992126464844,-71.53267669677734,-71.24143981933594,-71.24398803710938,-71.32746124267578,-71.40039825439453,-71.44315338134766,-71.46118927001953,-71.46412658691406,-71.45941925048828,-71.45167541503906,-71.44342041015625,-71.43588256835938,-71.42955780029297,0.0
-75.345947265625,-75.2894287109375,-75.18962097167969,-75.58963775634766,-75.3782958984375,-75.16661071777344,-74.15715026855469,-74.51759338378906,-74.93401336669922,-75.09828186035156,-75.11859893798828,-75.0997314453125,-73.21634674072266,-72.07638549804688,-74.08236694335938,-72.20982360839844,-72.5192642211914,-72.14252471923828,-70.85291290283203,-72.46773529052734,-73.1927261352539,-71.39814758300781,-70.1797103881836,-69.79325103759766,-69.2863998413086,-68.08012390136719,-68.8396224975586,-69.482177734375,-69.66362762451172,-69.6252212524414,-69.54920196533203,-69.49937438964844,-69.481201171875,-70.4215087890625,-72.86096954345703,-72.30992126464844,-71.53267669677734,-71.24143981933594,-71.24398803710938,-71.32746124267578,-71.40039825439453,-71.44315338134766,-71.46118927001953,-71.46412658691406,-71.45941925048828,-71.45167541503906,-71.44342041015625,-71.43588256835938,-71.42955780029297,-71.42455291748047,1.0
-75.2894287109375,-75.18962097167969,-75.58963775634766,-75.3782958984375,-75.16661071777344,-74.15715026855469,-74.51759338378906,-74.93401336669922,-75.09828186035156,-75.11859893798828,-75.0997314453125,-73.21634674072266,-72.07638549804688,-74.08236694335938,-72.20982360839844,-72.5192642211914,-72.14252471923828,-70.85291290283203,-72.46773529052734,-73.1927261352539,-71.39814758300781,-70.1797103881836,-69.79325103759766,-69.2863998413086,-68.08012390136719,-68.8396224975586,-69.482177734375,-69.66362762451172,-69.6252212524414,-69.54920196533203,-69.49937438964844,-69.481201171875,-70.4215087890625,-72.86096954345703,-72.30992126464844,-71.53267669677734,-71.24143981933594,-71.24398803710938,-71.32746124267578,-71.40039825439453,-71.44315338134766,-71.46118927001953,-71.46412658691406,-71.45941925048828,-71.45167541503906,-71.44342041015625,-71.43588256835938,-71.42955780029297,-71.42455291748047,-71.42076873779297,1.0
-75.18962097167969,-75.58963775634766,-75.3782958984375,-75.16661071777344,-74.15715026855469,-74.51759338378906,-74.93401336669922,-75.09828186035156,-75.11859893798828,-75.0997314453125,-73.21634674072266,-72.07638549804688,-74.08236694335938,-72.20982360839844,-72.5192642211914,-72.14252471923828,-70.85291290283203,-72.46773529052734,-73.1927261352539,-71.39814758300781,-70.1797103881836,-69.79325103759766,-69.2863998413086,-68.08012390136719,-68.8396224975586,-69.482177734375,-69.66362762451172,-69.6252212524414,-69.54920196533203,-69.49937438964844,-69.481201171875,-70.4215087890625,-72.86096954345703,-72.30992126464844,-71.53267669677734,-71.24143981933594,-71.24398803710938,-71.32746124267578,-71.40039825439453,-71.44315338134766,-71.46118927001953,-71.46412658691406,-71.45941925048828,-71.45167541503906,-71.44342041015625,-71.43588256835938,-71.42955780029297,-71.42455291748047,-71.42076873779297,-71.41804504394531,0.0
-75.58963775634766,-75.3782958984375,-75.16661071777344,-74.15715026855469,-74.51759338378906,-74.93401336669922,-75.09828186035156,-75.11859893798828,-75.0997314453125,-73.21634674072266,-72.07638549804688,-74.08236694335938,-72.20982360839844,-72.5192642211914,-72.14252471923828,-70.85291290283203,-72.46773529052734,-73.1927261352539,-71.39814758300781,-70.1797103881836,-69.79325103759766,-69.2863998413086,-68.08012390136719,-68.8396224975586,-69.482177734375,-69.66362762451172,-69.6252212524414,-69.54920196533203,-69.49937438964844,-69.481201171875,-70.4215087890625,-72.86096954345703,-72.30992126464844,-71.53267669677734,-71.24143981933594,-71.24398803710938,-71.32746124267578,-71.40039825439453,-71.44315338134766,-71.46118927001953,-71.46412658691406,-71.45941925048828,-71.45167541503906,-71.44342041015625,-71.43588256835938,-71.42955780029297,-71.42455291748047,-71.42076873779297,-71.41804504394531,-71.41617584228516,0.0
-75.3782958984375,-75.16661071777344,-74.15715026855469,-74.51759338378906,-74.93401336669922,-75.09828186035156,-75.11859893798828,-75.0997314453125,-73.21634674072266,-72.07638549804688,-74.08236694335938,-72.20982360839844,-72.5192642211914,-72.14252471923828,-70.85291290283203,-72.46773529052734,-73.1927261352539,-71.39814758300781,-70.1797103881836,-69.79325103759766,-69.2863998413086,-68.08012390136719,-68.8396224975586,-69.482177734375,-69.66362762451172,-69.6252212524414,-69.54920196533203,-69.49937438964844,-69.481201171875,-70.4215087890625,-72.86096954345703,-72.30992126464844,-71.53267669677734,-71.24143981933594,-71.24398803710938,-71.32746124267578,-71.40039825439453,-71.44315338134766,-71.46118927001953,-71.46412658691406,-71.45941925048828,-71.45167541503906,-71.44342041015625,-71.43588256835938,-71.42955780029297,-71.42455291748047,-71.42076873779297,-71.41804504394531,-71.41617584228516,-71.41495513916016,0.0
-75.16661071777344,-74.15715026855469,-74.51759338378906,-74.93401336669922,-75.09828186035156,-75.11859893798828,-75.0997314453125,-73.21634674072266,-72.07638549804688,-74.08236694335938,-72.20982360839844,-72.5192642211914,-72.14252471923828,-70.85291290283203,-72.46773529052734,-73.1927261352539,-71.39814758300781,-70.1797103881836,-69.79325103759766,-69.2863998413086,-68.08012390136719,-68.8396224975586,-69.482177734375,-69.66362762451172,-69.6252212524414,-69.54920196533203,-69.49937438964844,-69.481201171875,-70.4215087890625,-72.86096954345703,-72.30992126464844,-71.53267669677734,-71.24143981933594,-71.24398803710938,-71.32746124267578,-71.40039825439453,-71.44315338134766,-71.46118927001953,-71.46412658691406,-71.45941925048828,-71.45167541503906,-71.44342041015625,-71.43588256835938,-71.42955780029297,-71.42455291748047,-71.42076873779297,-71.41804504394531,-71.41617584228516,-71.41495513916016,-71.41423797607422,0.0
-74.15715026855469,-74.51759338378906,-74.93401336669922,-75.09828186035156,-75.11859893798828,-75.0997314453125,-73.21634674072266,-72.07638549804688,-74.08236694335938,-72.20982360839844,-72.5192642211914,-72.14252471923828,-70.85291290283203,-72.46773529052734,-73.1927261352539,-71.39814758300781,-70.1797103881836,-69.79325103759766,-69.2863998413086,-68.08012390136719,-68.8396224975586,-69.482177734375,-69.66362762451172,-69.6252212524414,-69.54920196533203,-69.49937438964844,-69.481201171875,-70.4215087890625,-72.86096954345703,-72.30992126464844,-71.53267669677734,-71.24143981933594,-71.24398803710938,-71.32746124267578,-71.40039825439453,-71.44315338134766,-71.46118927001953,-71.46412658691406,-71.45941925048828,-71.45167541503906,-71.44342041015625,-71.43588256835938,-71.42955780029297,-71.42455291748047,-71.42076873779297,-71.41804504394531,-71.41617584228516,-71.41495513916016,-71.41423797607422,-71.41387176513672,0.0
-74.51759338378906,-74.93401336669922,-75.09828186035156,-75.11859893798828,-75.0997314453125,-73.21634674072266,-72.07638549804688,-74.08236694335938,-72.20982360839844,-72.5192642211914,-72.14252471923828,-70.85291290283203,-72.46773529052734,-73.1927261352539,-71.39814758300781,-70.1797103881836,-69.79325103759766,-69.2863998413086,-68.08012390136719,-68.8396224975586,-69.482177734375,-69.66362762451172,-69.6252212524414,-69.54920196533203,-69.49937438964844,-69.481201171875,-70.4215087890625,-72.86096954345703,-72.30992126464844,-71.53267669677734,-71.24143981933594,-71.24398803710938,-71.32746124267578,-71.40039825439453,-71.44315338134766,-71.46118927001953,-71.46412658691406,-71.45941925048828,-71.45167541503906,-71.44342041015625,-71.43588256835938,-71.42955780029297,-71.42455291748047,-71.42076873779297,-71.41804504394531,-71.41617584228516,-71.41495513916016,-71.41423797607422,-71.41387176513672,-72.34813690185547,0.0
-74.93401336669922,-75.09828186035156,-75.11859893798828,-75.0997314453125,-73.21634674072266,-72.07638549804688,-74.08236694335938,-72.20982360839844,-72.5192642211914,-72.14252471923828,-70.85291290283203,-72.46773529052734,-73.1927261352539,-71.39814758300781,-70.1797103881836,-69.79325103759766,-69.2863998413086,-68.08012390136719,-68.8396224975586,-69.482177734375,-69.66362762451172,-69.6252212524414,-69.54920196533203,-69.49937438964844,-69.481201171875,-70.4215087890625,-72.86096954345703,-72.30992126464844,-71.53267669677734,-71.24143981933594,-71.24398803710938,-71.32746124267578,-71.40039825439453,-71.44315338134766,-71.46118927001953,-71.46412658691406,-71.45941925048828,-71.45167541503906,-71.44342041015625,-71.43588256835938,-71.42955780029297,-71.42455291748047,-71.42076873779297,-71.41804504394531,-71.41617584228516,-71.41495513916016,-71.41423797607422,-71.41387176513672,-72.34813690185547,-70.5709457397461,1.0
-75.09828186035156,-75.11859893798828,-75.0997314453125,-73.21634674072266,-72.07638549804688,-74.08236694335938,-72.20982360839844,-72.5192642211914,-72.14252471923828,-70.85291290283203,-72.46773529052734,-73.1927261352539,-71.39814758300781,-70.1797103881836,-69.79325103759766,-69.2863998413086,-68.08012390136719,-68.8396224975586,-69.482177734375,-69.66362762451172,-69.6252212524414,-69.54920196533203,-69.49937438964844,-69.481201171875,-70.4215087890625,-72.86096954345703,-72.30992126464844,-71.53267669677734,-71.24143981933594,-71.24398803710938,-71.32746124267578,-71.40039825439453,-71.44315338134766,-71.46118927001953,-71.46412658691406,-71.45941925048828,-71.45167541503906,-71.44342041015625,-71.43588256835938,-71.42955780029297,-71.42455291748047,-71.42076873779297,-71.41804504394531,-71.41617584228516,-71.41495513916016,-71.41423797607422,-71.41387176513672,-72.34813690185547,-70.5709457397461,-69.78800201416016,1.0
-75.11859893798828,-75.0997314453125,-73.21634674072266,-72.07638549804688,-74.08236694335938,-72.20982360839844,-72.5192642211914,-72.14252471923828,-70.85291290283203,-72.46773529052734,-73.1927261352539,-71.39814758300781,-70.1797103881836,-69.79325103759766,-69.2863998413086,-68.08012390136719,-68.8396224975586,-69.482177734375,-69.66362762451172,-69.6252212524414,-69.54920196533203,-69.49937438964844,-69.481201171875,-70.4215087890625,-72.86096954345703,-72.30992126464844,-71.53267669677734,-71.24143981933594,-71.24398803710938,-71.32746124267578,-71.40039825439453,-71.44315338134766,-71.46118927001953,-71.46412658691406,-71.45941925048828,-71.45167541503906,-71.44342041015625,-71.43588256835938,-71.42955780029297,-71.42455291748047,-71.42076873779297,-71.41804504394531,-71.41617584228516,-71.41495513916016,-71.41423797607422,-71.41387176513672,-72.34813690185547,-70.5709457397461,-69.78800201416016,-69.67784881591797,0.0
-75.0997314453125,-73.21634674072266,-72.07638549804688,-74.08236694335938,-72.20982360839844,-72.5192642211914,-72.14252471923828,-70.85291290283203,-72.46773529052734,-73.1927261352539,-71.39814758300781,-70.1797103881836,-69.79325103759766,-69.2863998413086,-68.08012390136719,-68.8396224975586,-69.482177734375,-69.66362762451172,-69.6252212524414,-69.54920196533203,-69.49937438964844,-69.481201171875,-70.4215087890625,-72.86096954345703,-72.30992126464844,-71.53267669677734,-71.24143981933594,-71.24398803710938,-71.32746124267578,-71.40039825439453,-71.44315338134766,-71.46118927001953,-71.46412658691406,-71.45941925048828,-71.45167541503906,-71.44342041015625,-71.43588256835938,-71.42955780029297,-71.42455291748047,-71.42076873779297,-71.41804504394531,-71.41617584228516,-71.41495513916016,-71.41423797607422,-71.41387176513672,-72.34813690185547,-70.5709457397461,-69.78800201416016,-69.67784881591797,-69.72879791259766,0.0
-73.21634674072266,-72.07638549804688,-74.08236694335938,-72.20982360839844,-72.5192642211914,-72.14252471923828,-70.85291290283203,-72.46773529052734,-73.1927261352539,-71.39814758300781,-70.1797103881836,-69.79325103759766,-69.2863998413086,-68.08012390136719,-68.8396224975586,-69.482177734375,-69.66362762451172,-69.6252212524414,-69.54920196533203,-69.49937438964844,-69.481201171875,-70.4215087890625,-72.86096954345703,-72.30992126464844,-71.53267669677734,-71.24143981933594,-71.24398803710938,-71.32746124267578,-71.40039825439453,-71.44315338134766,-71.46118927001953,-71.46412658691406,-71.45941925048828,-71.45167541503906,-71.44342041015625,-71.43588256835938,-71.42955780029297,-71.42455291748047,-71.42076873779297,-71.41804504394531,-71.41617584228516,-71.41495513916016,-71.41423797607422,-71.41387176513672,-72.34813690185547,-70.5709457397461,-69.78800201416016,-69.67784881591797,-69.72879791259766,-69.75732421875,0.0
-72.07638549804688,-74.08236694335938,-72.20982360839844,-72.5192642211914,-72.14252471923828,-70.85291290283203,-72.46773529052734,-73.1927261352539,-71.39814758300781,-70.1797103881836,-69.79325103759766,-69.2863998413086,-68.08012390136719,-68.8396224975586,-69.482177734375,-69.66362762451172,-69.6252212524414,-69.54920196533203,-69.49937438964844,-69.481201171875,-70.4215087890625,-72.86096954345703,-72.30992126464844,-71.53267669677734,-71.24143981933594,-71.24398803710938,-71.32746124267578,-71.40039825439453,-71.44315338134766,-71.46118927001953,-71.46412658691406,-71.45941925048828,-71.45167541503906,-71.44342041015625,-71.43588256835938,-71.42955780029297,-71.42455291748047,-71.42076873779297,-71.41804504394531,-71.41617584228516,-71.41495513916016,-71.41423797607422,-71.41387176513672,-72.34813690185547,-70.5709457397461,-69.78800201416016,-69.67784881591797,-69.72879791259766,-69.75732421875,-69.74198150634766,0.0
-74.08236694335938,-72.20982360839844,-72.5192642211914,-72.14252471923828,-70.85291290283203,-72.46773529052734,-73.1927261352539,-71.39814758300781,-70.1797103881836,-69.79325103759766,-69.2863998413086,-68.08012390136719,-68.8396224975586,-69.482177734375,-69.66362762451172,-69.6252212524414,-69.54920196533203,-69.49937438964844,-69.481201171875,-70.4215087890625,-72.86096954345703,-72.30992126464844,-71.53267669677734,-71.24143981933594,-71.24398803710938,-71.32746124267578,-71.40039825439453,-71.44315338134766,-71.46118927001953,-71.46412658691406,-71.45941925048828,-71.45167541503906,-71.44342041015625,-71.43588256835938,-71.42955780029297,-71.42455291748047,-71.42076873779297,-71.41804504394531,-71.41617584228516,-71.41495513916016,-71.41423797607422,-71.41387176513672,-72.34813690185547,-70.5709457397461,-69.78800201416016,-69.67784881591797,-69.72879791259766,-69.75732421875,-69.74198150634766,-70.64057159423828,0.0
-72.20982360839844,-72.5192642211914,-72.14252471923828,-70.85291290283203,-72.46773529052734,-73.1927261352539,-71.39814758300781,-70.1797103881836,-69.79325103759766,-69.2863998413086,-68.08012390136719,-68.8396224975586,-69.482177734375,-69.66362762451172,-69.6252212524414,-69.54920196533203,-69.49937438964844,-69.481201171875,-70.4215087890625,-72.86096954345703,-72.30992126464844,-71.53267669677734,-71.24143981933594,-71.24398803710938,-71.32746124267578,-71.40039825439453,-71.44315338134766,-71.46118927001953,-71.46412658691406,-71.45941925048828,-71.45167541503906,-71.44342041015625,-71.43588256835938,-71.42955780029297,-71.42455291748047,-71.42076873779297,-71.41804504394531,-71.41617584228516,-71.41495513916016,-71.41423797607422,-71.41387176513672,-72.34813690185547,-70.5709457397461,-69.78800201416016,-69.67784881591797,-69.72879791259766,-69.75732421875,-69.74198150634766,-70.64057159423828,-70.22418975830078,0.0
-72.5192642211914,-72.14252471923828,-70.85291290283203,-72.46773529052734,-73.1927261352539,-71.39814758300781,-70.1797103881836,-69.79325103759766,-69.2863998413086,-68.08012390136719,-68.8396224975586,-69.482177734375,-69.66362762451172,-69.6252212524414,-69.54920196533203,-69.49937438964844,-69.481201171875,-70.4215087890625,-72.86096954345703,-72.30992126464844,-71.53267669677734,-71.24143981933594,-71.24398803710938,-71.32746124267578,-71.40039825439453,-71.44315338134766,-71.46118927001953,-71.46412658691406,-71.45941925048828,-71.45167541503906,-71.44342041015625,-71.43588256835938,-71.42955780029297,-71.42455291748047,-71.42076873779297,-71.41804504394531,-71.41617584228516,-71.41495513916016,-71.41423797607422,-71.41387176513672,-72.34813690185547,-70.5709457397461,-69.78800201416016,-69.67784881591797,-69.72879791259766,-69.75732421875,-69.74198150634766,-70.64057159423828,-70.22418975830078,-71.6535415649414,0.0
-72.14252471923828,-70.85291290283203,-72.46773529052734,-73.1927261352539,-71.39814758300781,-70.1797103881836,-69.79325103759766,-69.2863998413086,-68.08012390136719,-68.8396224975586,-69.482177734375,-69.66362762451172,-69.6252212524414,-69.54920196533203,-69.49937438964844,-69.481201171875,-70.4215087890625,-72.86096954345703,-72.30992126464844,-71.53267669677734,-71.24143981933594,-71.24398803710938,-71.32746124267578,-71.40039825439453,-71.44315338134766,-71.46118927001953,-71.46412658691406,-71.45941925048828,-71.45167541503906,-71.44342041015625,-71.43588256835938,-71.42955780029297,-71.42455291748047,-71.42076873779297,-71.41804504394531,-71.41617584228516,-71.41495513916016,-71.41423797607422,-71.41387176513672,-72.34813690185547,-70.5709457397461,-69.78800201416016,-69.67784881591797,-69.72879791259766,-69.75732421875,-69.74198150634766,-70.64057159423828,-70.22418975830078,-71.6535415649414,-70.73358154296875,0.0
-70.85291290283203,-72.46773529052734,-73.1927261352539,-71.39814758300781,-70.1797103881836,-69.79325103759766,-69.2863998413086,-68.08012390136719,-68.8396224975586,-69.482177734375,-69.66362762451172,-69.6252212524414,-69.54920196533203,-69.49937438964844,-69.481201171875,-70.4215087890625,-72.86096954345703,-72.30992126464844,-71.53267669677734,-71.24143981933594,-71.24398803710938,-71.32746124267578,-71.40039825439453,-71.44315338134766,-71.46118927001953,-71.46412658691406,-71.45941925048828,-71.45167541503906,-71.44342041015625,-71.43588256835938,-71.42955780029297,-71.42455291748047,-71.42076873779297,-71.41804504394531,-71.41617584228516,-71.41495513916016,-71.41423797607422,-71.41387176513672,-72.34813690185547,-70.5709457397461,-69.78800201416016,-69.67784881591797,-69.72879791259766,-69.75732421875,-69.74198150634766,-70.64057159423828,-70.22418975830078,-71.6535415649414,-70.73358154296875,-68.00596618652344,0.0
-72.46773529052734,-73.1927261352539,-71.39814758300781,-70.1797103881836,-69.79325103759766,-69.2863998413086,-68.08012390136719,-68.8396224975586,-69.482177734375,-69.66362762451172,-69.6252212524414,-69.54920196533203,-69.49937438964844,-69.481201171875,-70.4215087890625,-72.86096954345703,-72.30992126464844,-71.53267669677734,-71.24143981933594,-71.24398803710938,-71.32746124267578,-71.40039825439453,-71.44315338134766,-71.46118927001953,-71.46412658691406,-71.45941925048828,-71.45167541503906,-71.44342041015625,-71.43588256835938,-71.42955780029297,-71.42455291748047,-71.42076873779297,-71.41804504394531,-71.41617584228516,-71.41495513916016,-71.41423797607422,-71.41387176513672,-72.34813690185547,-70.5709457397461,-69.78800201416016,-69.67784881591797,-69.72879791259766,-69.75732421875,-69.74198150634766,-70.64057159423828,-70.22418975830078,-71.6535415649414,-70.73358154296875,-68.00596618652344,-66.10689544677734,0.0
-73.1927261352539,-71.39814758300781,-70.1797103881836,-69.79325103759766,-69.2863998413086,-68.08012390136719,-68.8396224975586,-69.482177734375,-69.66362762451172,-69.6252212524414,-69.54920196533203,-69.49937438964844,-69.481201171875,-70.4215087890625,-72.86096954345703,-72.30992126464844,-71.53267669677734,-71.24143981933594,-71.24398803710938,-71.32746124267578,-71.40039825439453,-71.44315338134766,-71.46118927001953,-71.46412658691406,-71.45941925048828,-71.45167541503906,-71.44342041015625,-71.43588256835938,-71.42955780029297,-71.42455291748047,-71.42076873779297,-71.41804504394531,-71.41617584228516,-71.41495513916016,-71.41423797607422,-71.41387176513672,-72.34813690185547,-70.5709457397461,-69.78800201416016,-69.67784881591797,-69.72879791259766,-69.75732421875,-69.74198150634766,-70.64057159423828,-70.22418975830078,-71.6535415649414,-70.73358154296875,-68.00596618652344,-66.10689544677734,-64.06261444091797,0.0
-71.39814758300781,-70.1797103881836,-69.79325103759766,-69.2863998413086,-68.08012390136719,-68.8396224975586,-69.482177734375,-69.66362762451172,-69.6252212524414,-69.54920196533203,-69.49937438964844,-69.481201171875,-70.4215087890625,-72.86096954345703,-72.30992126464844,-71.53267669677734,-71.24143981933594,-71.24398803710938,-71.32746124267578,-71.40039825439453,-71.44315338134766,-71.46118927001953,-71.46412658691406,-71.45941925048828,-71.45167541503906,-71.44342041015625,-71.43588256835938,-71.42955780029297,-71.42455291748047,-71.42076873779297,-71.41804504394531,-71.41617584228516,-71.41495513916016,-71.41423797607422,-71.41387176513672,-72.34813690185547,-70.5709457397461,-69.78800201416016,-69.67784881591797,-69.72879791259766,-69.75732421875,-69.74198150634766,-70.64057159423828,-70.22418975830078,-71.6535415649414,-70.73358154296875,-68.00596618652344,-66.10689544677734,-64.06261444091797,-66.47627258300781,1.0
-70.1797103881836,-69.79325103759766,-69.2863998413086,-68.08012390136719,-68.8396224975586,-69.482177734375,-69.66362762451172,-69.6252212524414,-69.54920196533203,-69.49937438964844,-69.481201171875,-70.4215087890625,-72.86096954345703,-72.30992126464844,-71.53267669677734,-71.24143981933594,-71.24398803710938,-71.32746124267578,-71.40039825439453,-71.44315338134766,-71.46118927001953,-71.46412658691406,-71.45941925048828,-71.45167541503906,-71.44342041015625,-71.43588256835938,-71.42955780029297,-71.42455291748047,-71.42076873779297,-71.41804504394531,-71.41617584228516,-71.41495513916016,-71.41423797607422,-71.41387176513672,-72.34813690185547,-70.5709457397461,-69.78800201416016,-69.67784881591797,-69.72879791259766,-69.75732421875,-69.74198150634766,-70.64057159423828,-70.22418975830078,-71.6535415649414,-70.73358154296875,-68.00596618652344,-66.10689544677734,-64.06261444091797,-66.47627258300781,-63.492862701416016,0.0
-69.79325103759766,-69.2863998413086,-68.08012390136719,-68.8396224975586,-69.482177734375,-69.66362762451172,-69.6252212524414,-69.54920196533203,-69.49937438964844,-69.481201171875,-70.4215087890625,-72.86096954345703,-72.30992126464844,-71.53267669677734,-71.24143981933594,-71.24398803710938,-71.32746124267578,-71.40039825439453,-71.44315338134766,-71.46118927001953,-71.46412658691406,-71.45941925048828,-71.45167541503906,-71.44342041015625,-71.43588256835938,-71.42955780029297,-71.42455291748047,-71.42076873779297,-71.41804504394531,-71.41617584228516,-71.41495513916016,-71.41423797607422,-71.41387176513672,-72.34813690185547,-70.5709457397461,-69.78800201416016,-69.67784881591797,-69.72879791259766,-69.75732421875,-69.74198150634766,-70.64057159423828,-70.22418975830078,-71.6535415649414,-70.73358154296875,-68.00596618652344,-66.10689544677734,-64.06261444091797,-66.47627258300781,-63.492862701416016,-64.027099609375,1.0
-69.2863998413086,-68.08012390136719,-68.8396224975586,-69.482177734375,-69.66362762451172,-69.6252212524414,-69.54920196533203,-69.49937438964844,-69.481201171875,-70.4215087890625,-72.86096954345703,-72.30992126464844,-71.53267669677734,-71.24143981933594,-71.24398803710938,-71.32746124267578,-71.40039825439453,-71.44315338134766,-71.46118927001953,-71.46412658691406,-71.45941925048828,-71.45167541503906,-71.44342041015625,-71.43588256835938,-71.42955780029297,-71.42455291748047,-71.42076873779297,-71.41804504394531,-71.41617584228516,-71.41495513916016,-71.41423797607422,-71.41387176513672,-72.34813690185547,-70.5709457397461,-69.78800201416016,-69.67784881591797,-69.72879791259766,-69.75732421875,-69.74198150634766,-70.64057159423828,-70.22418975830078,-71.6535415649414,-70.73358154296875,-68.00596618652344,-66.10689544677734,-64.06261444091797,-66.47627258300781,-63.492862701416016,-64.027099609375,-63.921852111816406,0.0
-68.08012390136719,-68.8396224975586,-69.482177734375,-69.66362762451172,-69.6252212524414,-69.54920196533203,-69.49937438964844,-69.481201171875,-70.4215087890625,-72.86096954345703,-72.30992126464844,-71.53267669677734,-71.24143981933594,-71.24398803710938,-71.32746124267578,-71.40039825439453,-71.44315338134766,-71.46118927001953,-71.46412658691406,-71.45941925048828,-71.45167541503906,-71.44342041015625,-71.43588256835938,-71.42955780029297,-71.42455291748047,-71.42076873779297,-71.41804504394531,-71.41617584228516,-71.41495513916016,-71.41423797607422,-71.41387176513672,-72.34813690185547,-70.5709457397461,-69.78800201416016,-69.67784881591797,-69.72879791259766,-69.75732421875,-69.74198150634766,-70.64057159423828,-70.22418975830078,-71.6535415649414,-70.73358154296875,-68.00596618652344,-66.10689544677734,-64.06261444091797,-66.47627258300781,-63.492862701416016,-64.027099609375,-63.921852111816406,-63.63478469848633,0.0
-68.8396224975586,-69.482177734375,-69.66362762451172,-69.6252212524414,-69.54920196533203,-69.49937438964844,-69.481201171875,-70.4215087890625,-72.86096954345703,-72.30992126464844,-71.53267669677734,-71.24143981933594,-71.24398803710938,-71.32746124267578,-71.40039825439453,-71.44315338134766,-71.46118927001953,-71.46412658691406,-71.45941925048828,-71.45167541503906,-71.44342041015625,-71.43588256835938,-71.42955780029297,-71.42455291748047,-71.42076873779297,-71.41804504394531,-71.41617584228516,-71.41495513916016,-71.41423797607422,-71.41387176513672,-72.34813690185547,-70.5709457397461,-69.78800201416016,-69.67784881591797,-69.72879791259766,-69.75732421875,-69.74198150634766,-70.64057159423828,-70.22418975830078,-71.6535415649414,-70.73358154296875,-68.00596618652344,-66.10689544677734,-64.06261444091797,-66.47627258300781,-63.492862701416016,-64.027099609375,-63.921852111816406,-63.63478469848633,-61.04319381713867,0.0
-69.482177734375,-69.66362762451172,-69.6252212524414,-69.54920196533203,-69.49937438964844,-69.481201171875,-70.4215087890625,-72.86096954345703,-72.30992126464844,-71.53267669677734,-71.24143981933594,-71.24398803710938,-71.32746124267578,-71.40039825439453,-71.44315338134766,-71.46118927001953,-71.46412658691406,-71.45941925048828,-71.45167541503906,-71.44342041015625,-71.43588256835938,-71.42955780029297,-71.42455291748047,-71.42076873779297,-71.41804504394531,-71.41617584228516,-71.41495513916016,-71.41423797607422,-71.41387176513672,-72.34813690185547,-70.5709457397461,-69.78800201416016,-69.67784881591797,-69.72879791259766,-69.75732421875,-69.74198150634766,-70.64057159423828,-70.22418975830078,-71.6535415649414,-70.73358154296875,-68.00596618652344,-66.10689544677734,-64.06261444091797,-66.47627258300781,-63.492862701416016,-64.027099609375,-63.921852111816406,-63.63478469848633,-61.04319381713867,-60.46040344238281,0.0
-69.66362762451172,-69.6252212524414,-69.54920196533203,-69.49937438964844,-69.481201171875,-70.4215087890625,-72.86096954345703,-72.30992126464844,-71.53267669677734,-71.24143981933594,-71.24398803710938,-71.32746124267578,-71.40039825439453,-71.44315338134766,-71.46118927001953,-71.46412658691406,-71.45941925048828,-71.45167541503906,-71.44342041015625,-71.43588256835938,-71.42955780029297,-71.42455291748047,-71.42076873779297,-71.41804504394531,-71.41617584228516,-71.41495513916016,-71.41423797607422,-71.41387176513672,-72.34813690185547,-70.5709457397461,-69.78800201416016,-69.67784881591797,-69.72879791259766,-69.75732421875,-69.74198150634766,-70.64057159423828,-70.22418975830078,-71.6535415649414,-70.73358154296875,-68.00596618652344,-66.10689544677734,-64.06261444091797,-66.47627258300781,-63.492862701416016,-64.027099609375,-63.921852111816406,-63.63478469848633,-61.04319381713867,-60.46040344238281,-61.499794006347656,0.0
-69.6252212524414,-69.54920196533203,-69.49937438964844,-69.481201171875,-70.4215087890625,-72.86096954345703,-72.30992126464844,-71.53267669677734,-71.24143981933594,-71.24398803710938,-71.32746124267578,-71.40039825439453,-71.44315338134766,-71.46118927001953,-71.46412658691406,-71.45941925048828,-71.45167541503906,-71.44342041015625,-71.43588256835938,-71.42955780029297,-71.42455291748047,-71.42076873779297,-71.41804504394531,-71.41617584228516,-71.41495513916016,-71.41423797607422,-71.41387176513672,-72.34813690185547,-70.5709457397461,-69.78800201416016,-69.67784881591797,-69.72879791259766,-69.75732421875,-69.74198150634766,-70.64057159423828,-70.22418975830078,-71.6535415649414,-70.73358154296875,-68.00596618652344,-66.10689544677734,-64.06261444091797,-66.47627258300781,-63.492862701416016,-64.027099609375,-63.921852111816406,-63.63478469848633,-61.04319381713867,-60.46040344238281,-61.499794006347656,-62.133880615234375,0.0
-69.54920196533203,-69.49937438964844,-69.481201171875,-70.4215087890625,-72.86096954345703,-72.30992126464844,-71.53267669677734,-71.24143981933594,-71.24398803710938,-71.32746124267578,-71.40039825439453,-71.44315338134766,-71.46118927001953,-71.46412658691406,-71.45941925048828,-71.45167541503906,-71.44342041015625,-71.43588256835938,-71.42955780029297,-71.42455291748047,-71.42076873779297,-71.41804504394531,-71.41617584228516,-71.41495513916016,-71.41423797607422,-71.41387176513672,-72.34813690185547,-70.5709457397461,-69.78800201416016,-69.67784881591797,-69.72879791259766,-69.75732421875,-69.74198150634766,-70.64057159423828,-70.22418975830078,-71.6535415649414,-70.73358154296875,-68.00596618652344,-66.10689544677734,-64.06261444091797,-66.47627258300781,-63.492862701416016,-64.027099609375,-63.921852111816406,-63.63478469848633,-61.04319381713867,-60.46040344238281,-61.499794006347656,-62.133880615234375,-55.56865692138672,0.0
-69.49937438964844,-69.481201171875,-70.4215087890625,-72.86096954345703,-72.30992126464844,-71.53267669677734,-71.24143981933594,-71.24398803710938,-71.32746124267578,-71.40039825439453,-71.44315338134766,-71.46118927001953,-71.46412658691406,-71.45941925048828,-71.45167541503906,-71.44342041015625,-71.43588256835938,-71.42955780029297,-71.42455291748047,-71.42076873779297,-71.41804504394531,-71.41617584228516,-71.41495513916016,-71.41423797607422,-71.41387176513672,-72.34813690185547,-70.5709457397461,-69.78800201416016,-69.67784881591797,-69.72879791259766,-69.75732421875,-69.74198150634766,-70.64057159423828,-70.22418975830078,-71.6535415649414,-70.73358154296875,-68.00596618652344,-66.10689544677734,-64.06261444091797,-66.47627258300781,-63.492862701416016,-64.027099609375,-63.921852111816406,-63.63478469848633,-61.04319381713867,-60.46040344238281,-61.499794006347656,-62.133880615234375,-55.56865692138672,-56.35600280761719,0.0
-69.481201171875,-70.4215087890625,-72.86096954345703,-72.30992126464844,-71.53267669677734,-71.24143981933594,-71.24398803710938,-71.32746124267578,-71.40039825439453,-71.44315338134766,-71.46118927001953,-71.46412658691406,-71.45941925048828,-71.45167541503906,-71.44342041015625,-71.43588256835938,-71.42955780029297,-71.42455291748047,-71.42076873779297,-71.41804504394531,-71.41617584228516,-71.41495513916016,-71.41423797607422,-71.41387176513672,-72.34813690185547,-70.5709457397461,-69.78800201416016,-69.67784881591797,-69.72879791259766,-69.75732421875,-69.74198150634766,-70.64057159423828,-70.22418975830078,-71.6535415649414,-70.73358154296875,-68.00596618652344,-66.10689544677734,-64.06261444091797,-66.47627258300781,-63.492862701416016,-64.027099609375,-63.921852111816406,-63.63478469848633,-61.04319381713867,-60.46040344238281,-61.499794006347656,-62.133880615234375,-55.56865692138672,-56.35600280761719,-58.9515380859375,0.0
-70.4215087890625,-72.86096954345703,-72.30992126464844,-71.53267669677734,-71.24143981933594,-71.24398803710938,-71.32746124267578,-71.40039825439453,-71.44315338134766,-71.46118927001953,-71.46412658691406,-71.45941925048828,-71.45167541503906,-71.44342041015625,-71.43588256835938,-71.42955780029297,-71.42455291748047,-71.42076873779297,-71.41804504394531,-71.41617584228516,-71.41495513916016,-71.41423797607422,-71.41387176513672,-72.34813690185547,-70.5709457397461,-69.78800201416016,-69.67784881591797,-69.72879791259766,-69.75732421875,-69.74198150634766,-70.64057159423828,-70.22418975830078,-71.6535415649414,-70.73358154296875,-68.00596618652344,-66.10689544677734,-64.06261444091797,-66.47627258300781,-63.492862701416016,-64.027099609375,-63.921852111816406,-63.63478469848633,-61.04319381713867,-60.46040344238281,-61.499794006347656,-62.133880615234375,-55.56865692138672,-56.35600280761719,-58.9515380859375,-60.17992401123047,0.0
-72.86096954345703,-72.30992126464844,-71.53267669677734,-71.24143981933594,-71.24398803710938,-71.32746124267578,-71.40039825439453,-71.44315338134766,-71.46118927001953,-71.46412658691406,-71.45941925048828,-71.45167541503906,-71.44342041015625,-71.43588256835938,-71.42955780029297,-71.42455291748047,-71.42076873779297,-71.41804504394531,-71.41617584228516,-71.41495513916016,-71.41423797607422,-71.41387176513672,-72.34813690185547,-70.5709457397461,-69.78800201416016,-69.67784881591797,-69.72879791259766,-69.75732421875,-69.74198150634766,-70.64057159423828,-70.22418975830078,-71.6535415649414,-70.73358154296875,-68.00596618652344,-66.10689544677734,-64.06261444091797,-66.47627258300781,-63.492862701416016,-64.027099609375,-63.921852111816406,-63.63478469848633,-61.04319381713867,-60.46040344238281,-61.499794006347656,-62.133880615234375,-55.56865692138672,-56.35600280761719,-58.9515380859375,-60.17992401123047,-61.801231384277344,0.0
-72.30992126464844,-71.53267669677734,-71.24143981933594,-71.24398803710938,-71.32746124267578,-71.40039825439453,-71.44315338134766,-71.46118927001953,-71.46412658691406,-71.45941925048828,-71.45167541503906,-71.44342041015625,-71.43588256835938,-71.42955780029297,-71.42455291748047,-71.42076873779297,-71.41804504394531,-71.41617584228516,-71.41495513916016,-71.41423797607422,-71.41387176513672,-72.34813690185547,-70.5709457397461,-69.78800201416016,-69.67784881591797,-69.72879791259766,-69.75732421875,-69.74198150634766,-70.64057159423828,-70.22418975830078,-71.6535415649414,-70.73358154296875,-68.00596618652344,-66.10689544677734,-64.06261444091797,-66.47627258300781,-63.492862701416016,-64.027099609375,-63.921852111816406,-63.63478469848633,-61.04319381713867,-60.46040344238281,-61.499794006347656,-62.133880615234375,-55.56865692138672,-56.35600280761719,-58.9515380859375,-60.17992401123047,-61.801231384277344,-60.61256408691406,0.0
-71.53267669677734,-71.24143981933594,-71.24398803710938,-71.32746124267578,-71.40039825439453,-71.44315338134766,-71.46118927001953,-71.46412658691406,-71.45941925048828,-71.45167541503906,-71.44342041015625,-71.43588256835938,-71.42955780029297,-71.42455291748047,-71.42076873779297,-71.41804504394531,-71.41617584228516,-71.41495513916016,-71.41423797607422,-71.41387176513672,-72.34813690185547,-70.5709457397461,-69.78800201416016,-69.67784881591797,-69.72879791259766,-69.75732421875,-69.74198150634766,-70.64057159423828,-70.22418975830078,-71.6535415649414,-70.73358154296875,-68.00596618652344,-66.10689544677734,-64.06261444091797,-66.47627258300781,-63.492862701416016,-64.027099609375,-63.921852111816406,-63.63478469848633,-61.04319381713867,-60.46040344238281,-61.499794006347656,-62.133880615234375,-55.56865692138672,-56.35600280761719,-58.9515380859375,-60.17992401123047,-61.801231384277344,-60.61256408691406,-61.968868255615234,0.0
-71.24143981933594,-71.24398803710938,-71.32746124267578,-71.40039825439453,-71.44315338134766,-71.46118927001953,-71.46412658691406,-71.45941925048828,-71.45167541503906,-71.44342041015625,-71.43588256835938,-71.42955780029297,-71.42455291748047,-71.42076873779297,-71.41804504394531,-71.41617584228516,-71.41495513916016,-71.41423797607422,-71.41387176513672,-72.34813690185547,-70.5709457397461,-69.78800201416016,-69.67784881591797,-69.72879791259766,-69.75732421875,-69.74198150634766,-70.64057159423828,-70.22418975830078,-71.6535415649414,-70.73358154296875,-68.00596618652344,-66.10689544677734,-64.06261444091797,-66.47627258300781,-63.492862701416016,-64.027099609375,-63.921852111816406,-63.63478469848633,-61.04319381713867,-60.46040344238281,-61.499794006347656,-62.133880615234375,-55.56865692138672,-56.35600280761719,-58.9515380859375,-60.17992401123047,-61.801231384277344,-60.61256408691406,-61.968868255615234,-61.60297393798828,0.0
-71.24398803710938,-71.32746124267578,-71.40039825439453,-71.44315338134766,-71.46118927001953,-71.46412658691406,-71.45941925048828,-71.45167541503906,-71.44342041015625,-71.43588256835938,-71.42955780029297,-71.42455291748047,-71.42076873779297,-71.41804504394531,-71.41617584228516,-71.41495513916016,-71.41423797607422,-71.41387176513672,-72.34813690185547,-70.5709457397461,-69.78800201416016,-69.67784881591797,-69.72879791259766,-69.75732421875,-69.74198150634766,-70.64057159423828,-70.22418975830078,-71.6535415649414,-70.73358154296875,-68.00596618652344,-66.10689544677734,-64.06261444091797,-66.47627258300781,-63.492862701416016,-64.027099609375,-63.921852111816406,-63.63478469848633,-61.04319381713867,-60.46040344238281,-61.499794006347656,-62.133880615234375,-55.56865692138672,-56.35600280761719,-58.9515380859375,-60.17992401123047,-61.801231384277344,-60.61256408691406,-61.968868255615234,-61.60297393798828,-61.1429557800293,0.0
-71.32746124267578,-71.40039825439453,-71.44315338134766,-71.46118927001953,-71.46412658691406,-71.45941925048828,-71.45167541503906,-71.44342041015625,-71.43588256835938,-71.42955780029297,-71.42455291748047,-71.42076873779297,-71.41804504394531,-71.41617584228516,-71.41495513916016,-71.41423797607422,-71.41387176513672,-72.34813690185547,-70.5709457397461,-69.78800201416016,-69.67784881591797,-69.72879791259766,-69.75732421875,-69.74198150634766,-70.64057159423828,-70.22418975830078,-71.6535415649414,-70.73358154296875,-68.00596618652344,-66.10689544677734,-64.06261444091797,-66.47627258300781,-63.492862701416016,-64.027099609375,-63.921852111816406,-63.63478469848633,-61.04319381713867,-60.46040344238281,-61.499794006347656,-62.133880615234375,-55.56865692138672,-56.35600280761719,-58.9515380859375,-60.17992401123047,-61.801231384277344,-60.61256408691406,-61.968868255615234,-61.60297393798828,-61.1429557800293,-61.482418060302734,1.0
-71.40039825439453,-71.44315338134766,-71.46118927001953,-71.46412658691406,-71.45941925048828,-71.45167541503906,-71.44342041015625,-71.43588256835938,-71.42955780029297,-71.42455291748047,-71.42076873779297,-71.41804504394531,-71.41617584228516,-71.41495513916016,-71.41423797607422,-71.41387176513672,-72.34813690185547,-70.5709457397461,-69.78800201416016,-69.67784881591797,-69.72879791259766,-69.75732421875,-69.74198150634766,-70.64057159423828,-70.22418975830078,-71.6535415649414,-70.73358154296875,-68.00596618652344,-66.10689544677734,-64.06261444091797,-66.47627258300781,-63.492862701416016,-64.027099609375,-63.921852111816406,-63.63478469848633,-61.04319381713867,-60.46040344238281,-61.499794006347656,-62.133880615234375,-55.56865692138672,-56.35600280761719,-58.9515380859375,-60.17992401123047,-61.801231384277344,-60.61256408691406,-61.968868255615234,-61.60297393798828,-61.1429557800293,-61.482418060302734,-63.23102951049805,0.0
-71.44315338134766,-71.46118927001953,-71.46412658691406,-71.45941925048828,-71.45167541503906,-71.44342041015625,-71.43588256835938,-71.42955780029297,-71.42455291748047,-71.42076873779297,-71.41804504394531,-71.41617584228516,-71.41495513916016,-71.41423797607422,-71.41387176513672,-72.34813690185547,-70.5709457397461,-69.78800201416016,-69.67784881591797,-69.72879791259766,-69.75732421875,-69.74198150634766,-70.64057159423828,-70.22418975830078,-71.6535415649414,-70.73358154296875,-68.00596618652344,-66.10689544677734,-64.06261444091797,-66.47627258300781,-63.492862701416016,-64.027099609375,-63.921852111816406,-63.63478469848633,-61.04319381713867,-60.46040344238281,-61.499794006347656,-62.133880615234375,-55.56865692138672,-56.35600280761719,-58.9515380859375,-60.17992401123047,-61.801231384277344,-60.61256408691406,-61.968868255615234,-61.60297393798828,-61.1429557800293,-61.482418060302734,-63.23102951049805,-63.766578674316406,0.0
-71.46118927001953,-71.46412658691406,-71.45941925048828,-71.45167541503906,-71.44342041015625,-71.43588256835938,-71.42955780029297,-71.42455291748047,-71.42076873779297,-71.41804504394531,-71.41617584228516,-71.41495513916016,-71.41423797607422,-71.41387176513672,-72.34813690185547,-70.5709457397461,-69.78800201416016,-69.67784881591797,-69.72879791259766,-69.75732421875,-69.74198150634766,-70.64057159423828,-70.22418975830078,-71.6535415649414,-70.73358154296875,-68.00596618652344,-66.10689544677734,-64.06261444091797,-66.47627258300781,-63.492862701416016,-64.027099609375,-63.921852111816406,-63.63478469848633,-61.04319381713867,-60.46040344238281,-61.499794006347656,-62.133880615234375,-55.56865692138672,-56.35600280761719,-58.9515380859375,-60.17992401123047,-61.801231384277344,-60.61256408691406,-61.968868255615234,-61.60297393798828,-61.1429557800293,-61.482418060302734,-63.23102951049805,-63.766578674316406,-64.26852416992188,1.0
-71.46412658691406,-71.45941925048828,-71.45167541503906,-71.44342041015625,-71.43588256835938,-71.42955780029297,-71.42455291748047,-71.42076873779297,-71.41804504394531,-71.41617584228516,-71.41495513916016,-71.41423797607422,-71.41387176513672,-72.34813690185547,-70.5709457397461,-69.78800201416016,-69.67784881591797,-69.72879791259766,-69.75732421875,-69.74198150634766,-70.64057159423828,-70.22418975830078,-71.6535415649414,-70.73358154296875,-68.00596618652344,-66.10689544677734,-64.06261444091797,-66.47627258300781,-63.492862701416016,-64.027099609375,-63.921852111816406,-63.63478469848633,-61.04319381713867,-60.46040344238281,-61.499794006347656,-62.133880615234375,-55.56865692138672,-56.35600280761719,-58.9515380859375,-60.17992401123047,-61.801231384277344,-60.61256408691406,-61.968868255615234,-61.60297393798828,-61.1429557800293,-61.482418060302734,-63.23102951049805,-63.766578674316406,-64.26852416992188,-67.81130981445312,0.0
-71.45941925048828,-71.45167541503906,-71.44342041015625,-71.43588256835938,-71.42955780029297,-71.42455291748047,-71.42076873779297,-71.41804504394531,-71.41617584228516,-71.41495513916016,-71.41423797607422,-71.41387176513672,-72.34813690185547,-70.5709457397461,-69.78800201416016,-69.67784881591797,-69.72879791259766,-69.75732421875,-69.74198150634766,-70.64057159423828,-70.22418975830078,-71.6535415649414,-70.73358154296875,-68.00596618652344,-66.10689544677734,-64.06261444091797,-66.47627258300781,-63.492862701416016,-64.027099609375,-63.921852111816406,-63.63478469848633,-61.04319381713867,-60.46040344238281,-61.499794006347656,-62.133880615234375,-55.56865692138672,-56.35600280761719,-58.9515380859375,-60.17992401123047,-61.801231384277344,-60.61256408691406,-61.968868255615234,-61.60297393798828,-61.1429557800293,-61.482418060302734,-63.23102951049805,-63.766578674316406,-64.26852416992188,-67.81130981445312,-69.88903045654297,1.0
-71.45167541503906,-71.44342041015625,-71.43588256835938,-71.42955780029297,-71.42455291748047,-71.42076873779297,-71.41804504394531,-71.41617584228516,-71.41495513916016,-71.41423797607422,-71.41387176513672,-72.34813690185547,-70.5709457397461,-69.78800201416016,-69.67784881591797,-69.72879791259766,-69.75732421875,-69.74198150634766,-70.64057159423828,-70.22418975830078,-71.6535415649414,-70.73358154296875,-68.00596618652344,-66.10689544677734,-64.06261444091797,-66.47627258300781,-63.492862701416016,-64.027099609375,-63.921852111816406,-63.63478469848633,-61.04319381713867,-60.46040344238281,-61.499794006347656,-62.133880615234375,-55.56865692138672,-56.35600280761719,-58.9515380859375,-60.17992401123047,-61.801231384277344,-60.61256408691406,-61.968868255615234,-61.60297393798828,-61.1429557800293,-61.482418060302734,-63.23102951049805,-63.766578674316406,-64.26852416992188,-67.81130981445312,-69.88903045654297,-69.1152114868164,0.0
-71.44342041015625,-71.43588256835938,-71.42955780029297,-71.42455291748047,-71.42076873779297,-71.41804504394531,-71.41617584228516,-71.41495513916016,-71.41423797607422,-71.41387176513672,-72.34813690185547,-70.5709457397461,-69.78800201416016,-69.67784881591797,-69.72879791259766,-69.75732421875,-69.74198150634766,-70.64057159423828,-70.22418975830078,-71.6535415649414,-70.73358154296875,-68.00596618652344,-66.10689544677734,-64.06261444091797,-66.47627258300781,-63.492862701416016,-64.027099609375,-63.921852111816406,-63.63478469848633,-61.04319381713867,-60.46040344238281,-61.499794006347656,-62.133880615234375,-55.56865692138672,-56.35600280761719,-58.9515380859375,-60.17992401123047,-61.801231384277344,-60.61256408691406,-61.968868255615234,-61.60297393798828,-61.1429557800293,-61.482418060302734,-63.23102951049805,-63.766578674316406,-64.26852416992188,-67.81130981445312,-69.88903045654297,-69.1152114868164,-68.36711120605469,0.0
-71.43588256835938,-71.42955780029297,-71.42455291748047,-71.42076873779297,-71.41804504394531,-71.41617584228516,-71.41495513916016,-71.41423797607422,-71.41387176513672,-72.34813690185547,-70.5709457397461,-69.78800201416016,-69.67784881591797,-69.72879791259766,-69.75732421875,-69.74198150634766,-70.64057159423828,-70.22418975830078,-71.6535415649414,-70.73358154296875,-68.00596618652344,-66.10689544677734,-64.06261444091797,-66.47627258300781,-63.492862701416016,-64.027099609375,-63.921852111816406,-63.63478469848633,-61.04319381713867,-60.46040344238281,-61.499794006347656,-62.133880615234375,-55.56865692138672,-56.35600280761719,-58.9515380859375,-60.17992401123047,-61.801231384277344,-60.61256408691406,-61.968868255615234,-61.60297393798828,-61.1429557800293,-61.482418060302734,-63.23102951049805,-63.766578674316406,-64.26852416992188,-67.81130981445312,-69.88903045654297,-69.1152114868164,-68.36711120605469,-69.58810424804688,0.0
-71.42955780029297,-71.42455291748047,-71.42076873779297,-71.41804504394531,-71.41617584228516,-71.41495513916016,-71.41423797607422,-71.41387176513672,-72.34813690185547,-70.5709457397461,-69.78800201416016,-69.67784881591797,-69.72879791259766,-69.75732421875,-69.74198150634766,-70.64057159423828,-70.22418975830078,-71.6535415649414,-70.73358154296875,-68.00596618652344,-66.10689544677734,-64.06261444091797,-66.47627258300781,-63.492862701416016,-64.027099609375,-63.921852111816406,-63.63478469848633,-61.04319381713867,-60.46040344238281,-61.499794006347656,-62.133880615234375,-55.56865692138672,-56.35600280761719,-58.9515380859375,-60.17992401123047,-61.801231384277344,-60.61256408691406,-61.968868255615234,-61.60297393798828,-61.1429557800293,-61.482418060302734,-63.23102951049805,-63.766578674316406,-64.26852416992188,-67.81130981445312,-69.88903045654297,-69.1152114868164,-68.36711120605469,-69.58810424804688,-67.7210464477539,1.0
-71.42455291748047,-71.42076873779297,-71.41804504394531,-71.41617584228516,-71.41495513916016,-71.41423797607422,-71.41387176513672,-72.34813690185547,-70.5709457397461,-69.78800201416016,-69.67784881591797,-69.72879791259766,-69.75732421875,-69.74198150634766,-70.64057159423828,-70.22418975830078,-71.6535415649414,-70.73358154296875,-68.00596618652344,-66.10689544677734,-64.06261444091797,-66.47627258300781,-63.492862701416016,-64.027099609375,-63.921852111816406,-63.63478469848633,-61.04319381713867,-60.46040344238281,-61.499794006347656,-62.133880615234375,-55.56865692138672,-56.35600280761719,-58.9515380859375,-60.17992401123047,-61.801231384277344,-60.61256408691406,-61.968868255615234,-61.60297393798828,-61.1429557800293,-61.482418060302734,-63.23102951049805,-63.766578674316406,-64.26852416992188,-67.81130981445312,-69.88903045654297,-69.1152114868164,-68.36711120605469,-69.58810424804688,-67.7210464477539,-67.84963989257812,0.0
-71.42076873779297,-71.41804504394531,-71.41617584228516,-71.41495513916016,-71.41423797607422,-71.41387176513672,-72.34813690185547,-70.5709457397461,-69.78800201416016,-69.67784881591797,-69.72879791259766,-69.75732421875,-69.74198150634766,-70.64057159423828,-70.22418975830078,-71.6535415649414,-70.73358154296875,-68.00596618652344,-66.10689544677734,-64.06261444091797,-66.47627258300781,-63.492862701416016,-64.027099609375,-63.921852111816406,-63.63478469848633,-61.04319381713867,-60.46040344238281,-61.499794006347656,-62.133880615234375,-55.56865692138672,-56.35600280761719,-58.9515380859375,-60.17992401123047,-61.801231384277344,-60.61256408691406,-61.968868255615234,-61.60297393798828,-61.1429557800293,-61.482418060302734,-63.23102951049805,-63.766578674316406,-64.26852416992188,-67.81130981445312,-69.88903045654297,-69.1152114868164,-68.36711120605469,-69.58810424804688,-67.7210464477539,-67.84963989257812,-68.36538696289062,1.0
-71.41804504394531,-71.41617584228516,-71.41495513916016,-71.41423797607422,-71.41387176513672,-72.34813690185547,-70.5709457397461,-69.78800201416016,-69.67784881591797,-69.72879791259766,-69.75732421875,-69.74198150634766,-70.64057159423828,-70.22418975830078,-71.6535415649414,-70.73358154296875,-68.00596618652344,-66.10689544677734,-64.06261444091797,-66.47627258300781,-63.492862701416016,-64.027099609375,-63.921852111816406,-63.63478469848633,-61.04319381713867,-60.46040344238281,-61.499794006347656,-62.133880615234375,-55.56865692138672,-56.35600280761719,-58.9515380859375,-60.17992401123047,-61.801231384277344,-60.61256408691406,-61.968868255615234,-61.60297393798828,-61.1429557800293,-61.482418060302734,-63.23102951049805,-63.766578674316406,-64.26852416992188,-67.81130981445312,-69.88903045654297,-69.1152114868164,-68.36711120605469,-69.58810424804688,-67.7210464477539,-67.84963989257812,-68.36538696289062,-68.18282318115234,1.0
-71.41617584228516,-71.41495513916016,-71.41423797607422,-71.41387176513672,-72.34813690185547,-70.5709457397461,-69.78800201416016,-69.67784881591797,-69.72879791259766,-69.75732421875,-69.74198150634766,-70.64057159423828,-70.22418975830078,-71.6535415649414,-70.73358154296875,-68.00596618652344,-66.10689544677734,-64.06261444091797,-66.47627258300781,-63.492862701416016,-64.027099609375,-63.921852111816406,-63.63478469848633,-61.04319381713867,-60.46040344238281,-61.499794006347656,-62.133880615234375,-55.56865692138672,-56.35600280761719,-58.9515380859375,-60.17992401123047,-61.801231384277344,-60.61256408691406,-61.968868255615234,-61.60297393798828,-61.1429557800293,-61.482418060302734,-63.23102951049805,-63.766578674316406,-64.26852416992188,-67.81130981445312,-69.88903045654297,-69.1152114868164,-68.36711120605469,-69.58810424804688,-67.7210464477539,-67.84963989257812,-68.36538696289062,-68.18282318115234,-67.99162292480469,0.0
-71.41495513916016,-71.41423797607422,-71.41387176513672,-72.34813690185547,-70.5709457397461,-69.78800201416016,-69.67784881591797,-69.72879791259766,-69.75732421875,-69.74198150634766,-70.64057159423828,-70.22418975830078,-71.6535415649414,-70.73358154296875,-68.00596618652344,-66.10689544677734,-64.06261444091797,-66.47627258300781,-63.492862701416016,-64.027099609375,-63.921852111816406,-63.63478469848633,-61.04319381713867,-60.46040344238281,-61.499794006347656,-62.133880615234375,-55.56865692138672,-56.35600280761719,-58.9515380859375,-60.17992401123047,-61.801231384277344,-60.61256408691406,-61.968868255615234,-61.60297393798828,-61.1429557800293,-61.482418060302734,-63.23102951049805,-63.766578674316406,-64.26852416992188,-67.81130981445312,-69.88903045654297,-69.1152114868164,-68.36711120605469,-69.58810424804688,-67.7210464477539,-67.84963989257812,-68.36538696289062,-68.18282318115234,-67.99162292480469,-67.91625213623047,1.0
-71.41423797607422,-71.41387176513672,-72.34813690185547,-70.5709457397461,-69.78800201416016,-69.67784881591797,-69.72879791259766,-69.75732421875,-69.74198150634766,-70.64057159423828,-70.22418975830078,-71.6535415649414,-70.73358154296875,-68.00596618652344,-66.10689544677734,-64.06261444091797,-66.47627258300781,-63.492862701416016,-64.027099609375,-63.921852111816406,-63.63478469848633,-61.04319381713867,-60.46040344238281,-61.499794006347656,-62.133880615234375,-55.56865692138672,-56.35600280761719,-58.9515380859375,-60.17992401123047,-61.801231384277344,-60.61256408691406,-61.968868255615234,-61.60297393798828,-61.1429557800293,-61.482418060302734,-63.23102951049805,-63.766578674316406,-64.26852416992188,-67.81130981445312,-69.88903045654297,-69.1152114868164,-68.36711120605469,-69.58810424804688,-67.7210464477539,-67.84963989257812,-68.36538696289062,-68.18282318115234,-67.99162292480469,-67.91625213623047,-65.99811553955078,1.0
-71.41387176513672,-72.34813690185547,-70.5709457397461,-69.78800201416016,-69.67784881591797,-69.72879791259766,-69.75732421875,-69.74198150634766,-70.64057159423828,-70.22418975830078,-71.6535415649414,-70.73358154296875,-68.00596618652344,-66.10689544677734,-64.06261444091797,-66.47627258300781,-63.492862701416016,-64.027099609375,-63.921852111816406,-63.63478469848633,-61.04319381713867,-60.46040344238281,-61.499794006347656,-62.133880615234375,-55.56865692138672,-56.35600280761719,-58.9515380859375,-60.17992401123047,-61.801231384277344,-60.61256408691406,-61.968868255615234,-61.60297393798828,-61.1429557800293,-61.482418060302734,-63.23102951049805,-63.766578674316406,-64.26852416992188,-67.81130981445312,-69.88903045654297,-69.1152114868164,-68.36711120605469,-69.58810424804688,-67.7210464477539,-67.84963989257812,-68.36538696289062,-68.18282318115234,-67.99162292480469,-67.91625213623047,-65.99811553955078,-65.32183837890625,1.0
-72.34813690185547,-70.5709457397461,-69.78800201416016,-69.67784881591797,-69.72879791259766,-69.75732421875,-69.74198150634766,-70.64057159423828,-70.22418975830078,-71.6535415649414,-70.73358154296875,-68.00596618652344,-66.10689544677734,-64.06261444091797,-66.47627258300781,-63.492862701416016,-64.027099609375,-63.921852111816406,-63.63478469848633,-61.04319381713867,-60.46040344238281,-61.499794006347656,-62.133880615234375,-55.56865692138672,-56.35600280761719,-58.9515380859375,-60.17992401123047,-61.801231384277344,-60.61256408691406,-61.968868255615234,-61.60297393798828,-61.1429557800293,-61.482418060302734,-63.23102951049805,-63.766578674316406,-64.26852416992188,-67.81130981445312,-69.88903045654297,-69.1152114868164,-68.36711120605469,-69.58810424804688,-67.7210464477539,-67.84963989257812,-68.36538696289062,-68.18282318115234,-67.99162292480469,-67.91625213623047,-65.99811553955078,-65.32183837890625,-65.73304748535156,1.0
-70.5709457397461,-69.78800201416016,-69.67784881591797,-69.72879791259766,-69.75732421875,-69.74198150634766,-70.64057159423828,-70.22418975830078,-71.6535415649414,-70.73358154296875,-68.00596618652344,-66.10689544677734,-64.06261444091797,-66.47627258300781,-63.492862701416016,-64.027099609375,-63.921852111816406,-63.63478469848633,-61.04319381713867,-60.46040344238281,-61.499794006347656,-62.133880615234375,-55.56865692138672,-56.35600280761719,-58.9515380859375,-60.17992401123047,-61.801231384277344,-60.61256408691406,-61.968868255615234,-61.60297393798828,-61.1429557800293,-61.482418060302734,-63.23102951049805,-63.766578674316406,-64.26852416992188,-67.81130981445312,-69.88903045654297,-69.1152114868164,-68.36711120605469,-69.58810424804688,-67.7210464477539,-67.84963989257812,-68.36538696289062,-68.18282318115234,-67.99162292480469,-67.91625213623047,-65.99811553955078,-65.32183837890625,-65.73304748535156,-67.92701721191406,1.0
-69.78800201416016,-69.67784881591797,-69.72879791259766,-69.75732421875,-69.74198150634766,-70.64057159423828,-70.22418975830078,-71.6535415649414,-70.73358154296875,-68.00596618652344,-66.10689544677734,-64.06261444091797,-66.47627258300781,-63.492862701416016,-64.027099609375,-63.921852111816406,-63.63478469848633,-61.04319381713867,-60.46040344238281,-61.499794006347656,-62.133880615234375,-55.56865692138672,-56.35600280761719,-58.9515380859375,-60.17992401123047,-61.801231384277344,-60.61256408691406,-61.968868255615234,-61.60297393798828,-61.1429557800293,-61.482418060302734,-63.23102951049805,-63.766578674316406,-64.26852416992188,-67.81130981445312,-69.88903045654297,-69.1152114868164,-68.36711120605469,-69.58810424804688,-67.7210464477539,-67.84963989257812,-68.36538696289062,-68.18282318115234,-67.99162292480469,-67.91625213623047,-65.99811553955078,-65.32183837890625,-65.73304748535156,-67.92701721191406,-71.44217681884766,1.0
-69.67784881591797,-69.72879791259766,-69.75732421875,-69.74198150634766,-70.64057159423828,-70.22418975830078,-71.6535415649414,-70.73358154296875,-68.00596618652344,-66.10689544677734,-64.06261444091797,-66.47627258300781,-63.492862701416016,-64.027099609375,-63.921852111816406,-63.63478469848633,-61.04319381713867,-60.46040344238281,-61.499794006347656,-62.133880615234375,-55.56865692138672,-56.35600280761719,-58.9515380859375,-60.17992401123047,-61.801231384277344,-60.61256408691406,-61.968868255615234,-61.60297393798828,-61.1429557800293,-61.482418060302734,-63.23102951049805,-63.766578674316406,-64.26852416992188,-67.81130981445312,-69.88903045654297,-69.1152114868164,-68.36711120605469,-69.58810424804688,-67.7210464477539,-67.84963989257812,-68.36538696289062,-68.18282318115234,-67.99162292480469,-67.91625213623047,-65.99811553955078,-65.32183837890625,-65.73304748535156,-67.92701721191406,-71.44217681884766,-73.12064361572266,1.0
-69.72879791259766,-69.75732421875,-69.74198150634766,-70.64057159423828,-70.22418975830078,-71.6535415649414,-70.73358154296875,-68.00596618652344,-66.10689544677734,-64.06261444091797,-66.47627258300781,-63.492862701416016,-64.027099609375,-63.921852111816406,-63.63478469848633,-61.04319381713867,-60.46040344238281,-61.499794006347656,-62.133880615234375,-55.56865692138672,-56.35600280761719,-58.9515380859375,-60.17992401123047,-61.801231384277344,-60.61256408691406,-61.968868255615234,-61.60297393798828,-61.1429557800293,-61.482418060302734,-63.23102951049805,-63.766578674316406,-64.26852416992188,-67.81130981445312,-69.88903045654297,-69.1152114868164,-68.36711120605469,-69.58810424804688,-67.7210464477539,-67.84963989257812,-68.36538696289062,-68.18282318115234,-67.99162292480469,-67.91625213623047,-65.99811553955078,-65.32183837890625,-65.73304748535156,-67.92701721191406,-71.44217681884766,-73.12064361572266,-73.0148696899414,1.0
-69.75732421875,-69.74198150634766,-70.64057159423828,-70.22418975830078,-71.6535415649414,-70.73358154296875,-68.00596618652344,-66.10689544677734,-64.06261444091797,-66.47627258300781,-63.492862701416016,-64.027099609375,-63.921852111816406,-63.63478469848633,-61.04319381713867,-60.46040344238281,-61.499794006347656,-62.133880615234375,-55.56865692138672,-56.35600280761719,-58.9515380859375,-60.17992401123047,-61.801231384277344,-60.61256408691406,-61.968868255615234,-61.60297393798828,-61.1429557800293,-61.482418060302734,-63.23102951049805,-63.766578674316406,-64.26852416992188,-67.81130981445312,-69.88903045654297,-69.1152114868164,-68.36711120605469,-69.58810424804688,-67.7210464477539,-67.84963989257812,-68.36538696289062,-68.18282318115234,-67.99162292480469,-67.91625213623047,-65.99811553955078,-65.32183837890625,-65.73304748535156,-67.92701721191406,-71.44217681884766,-73.12064361572266,-73.0148696899414,-74.55448913574219,0.0
-69.74198150634766,-70.64057159423828,-70.22418975830078,-71.6535415649414,-70.73358154296875,-68.00596618652344,-66.10689544677734,-64.06261444091797,-66.47627258300781,-63.492862701416016,-64.027099609375,-63.921852111816406,-63.63478469848633,-61.04319381713867,-60.46040344238281,-61.499794006347656,-62.133880615234375,-55.56865692138672,-56.35600280761719,-58.9515380859375,-60.17992401123047,-61.801231384277344,-60.61256408691406,-61.968868255615234,-61.60297393798828,-61.1429557800293,-61.482418060302734,-63.23102951049805,-63.766578674316406,-64.26852416992188,-67.81130981445312,-69.88903045654297,-69.1152114868164,-68.36711120605469,-69.58810424804688,-67.7210464477539,-67.84963989257812,-68.36538696289062,-68.18282318115234,-67.99162292480469,-67.91625213623047,-65.99811553955078,-65.32183837890625,-65.73304748535156,-67.92701721191406,-71.44217681884766,-73.12064361572266,-73.0148696899414,-74.55448913574219,-75.6039810180664,1.0
-70.64057159423828,-70.22418975830078,-71.6535415649414,-70.73358154296875,-68.00596618652344,-66.10689544677734,-64.06261444091797,-66.47627258300781,-63.492862701416016,-64.027099609375,-63.921852111816406,-63.63478469848633,-61.04319381713867,-60.46040344238281,-61.499794006347656,-62.133880615234375,-55.56865692138672,-56.35600280761719,-58.9515380859375,-60.17992401123047,-61.801231384277344,-60.61256408691406,-61.968868255615234,-61.60297393798828,-61.1429557800293,-61.482418060302734,-63.23102951049805,-63.766578674316406,-64.26852416992188,-67.81130981445312,-69.88903045654297,-69.1152114868164,-68.36711120605469,-69.58810424804688,-67.7210464477539,-67.84963989257812,-68.36538696289062,-68.18282318115234,-67.99162292480469,-67.91625213623047,-65.99811553955078,-65.32183837890625,-65.73304748535156,-67.92701721191406,-71.44217681884766,-73.12064361572266,-73.0148696899414,-74.55448913574219,-75.6039810180664,-74.63915252685547,0.0
-70.22418975830078,-71.6535415649414,-70.73358154296875,-68.00596618652344,-66.10689544677734,-64.06261444091797,-66.47627258300781,-63.492862701416016,-64.027099609375,-63.921852111816406,-63.63478469848633,-61.04319381713867,-60.46040344238281,-61.499794006347656,-62.133880615234375,-55.56865692138672,-56.35600280761719,-58.9515380859375,-60.17992401123047,-61.801231384277344,-60.61256408691406,-61.968868255615234,-61.60297393798828,-61.1429557800293,-61.482418060302734,-63.23102951049805,-63.766578674316406,-64.26852416992188,-67.81130981445312,-69.88903045654297,-69.1152114868164,-68.36711120605469,-69.58810424804688,-67.7210464477539,-67.84963989257812,-68.36538696289062,-68.18282318115234,-67.99162292480469,-67.91625213623047,-65.99811553955078,-65.32183837890625,-65.73304748535156,-67.92701721191406,-71.44217681884766,-73.12064361572266,-73.0148696899414,-74.55448913574219,-75.6039810180664,-74.63915252685547,-72.0990219116211,0.0
-71.6535415649414,-70.73358154296875,-68.00596618652344,-66.10689544677734,-64.06261444091797,-66.47627258300781,-63.492862701416016,-64.027099609375,-63.921852111816406,-63.63478469848633,-61.04319381713867,-60.46040344238281,-61.499794006347656,-62.133880615234375,-55.56865692138672,-56.35600280761719,-58.9515380859375,-60.17992401123047,-61.801231384277344,-60.61256408691406,-61.968868255615234,-61.60297393798828,-61.1429557800293,-61.482418060302734,-63.23102951049805,-63.766578674316406,-64.26852416992188,-67.81130981445312,-69.88903045654297,-69.1152114868164,-68.36711120605469,-69.58810424804688,-67.7210464477539,-67.84963989257812,-68.36538696289062,-68.18282318115234,-67.99162292480469,-67.91625213623047,-65.99811553955078,-65.32183837890625,-65.73304748535156,-67.92701721191406,-71.44217681884766,-73.12064361572266,-73.0148696899414,-74.55448913574219,-75.6039810180664,-74.63915252685547,-72.0990219116211,-71.33358764648438,1.0
-70.73358154296875,-68.00596618652344,-66.10689544677734,-64.06261444091797,-66.47627258300781,-63.492862701416016,-64.027099609375,-63.921852111816406,-63.63478469848633,-61.04319381713867,-60.46040344238281,-61.499794006347656,-62.133880615234375,-55.56865692138672,-56.35600280761719,-58.9515380859375,-60.17992401123047,-61.801231384277344,-60.61256408691406,-61.968868255615234,-61.60297393798828,-61.1429557800293,-61.482418060302734,-63.23102951049805,-63.766578674316406,-64.26852416992188,-67.81130981445312,-69.88903045654297,-69.1152114868164,-68.36711120605469,-69.58810424804688,-67.7210464477539,-67.84963989257812,-68.36538696289062,-68.18282318115234,-67.99162292480469,-67.91625213623047,-65.99811553955078,-65.32183837890625,-65.73304748535156,-67.92701721191406,-71.44217681884766,-73.12064361572266,-73.0148696899414,-74.55448913574219,-75.6039810180664,-74.63915252685547,-72.0990219116211,-71.33358764648438,-73.2955093383789,0.0
-68.00596618652344,-66.10689544677734,-64.06261444091797,-66.47627258300781,-63.492862701416016,-64.027099609375,-63.921852111816406,-63.63478469848633,-61.04319381713867,-60.46040344238281,-61.499794006347656,-62.133880615234375,-55.56865692138672,-56.35600280761719,-58.9515380859375,-60.17992401123047,-61.801231384277344,-60.61256408691406,-61.968868255615234,-61.60297393798828,-61.1429557800293,-61.482418060302734,-63.23102951049805,-63.766578674316406,-64.26852416992188,-67.81130981445312,-69.88903045654297,-69.1152114868164,-68.36711120605469,-69.58810424804688,-67.7210464477539,-67.84963989257812,-68.36538696289062,-68.18282318115234,-67.99162292480469,-67.91625213623047,-65.99811553955078,-65.32183837890625,-65.73304748535156,-67.92701721191406,-71.44217681884766,-73.12064361572266,-73.0148696899414,-74.55448913574219,-75.6039810180664,-74.63915252685547,-72.0990219116211,-71.33358764648438,-73.2955093383789,-74.63756561279297,0.0
-66.10689544677734,-64.06261444091797,-66.47627258300781,-63.492862701416016,-64.027099609375,-63.921852111816406,-63.63478469848633,-61.04319381713867,-60.46040344238281,-61.499794006347656,-62.133880615234375,-55.56865692138672,-56.35600280761719,-58.9515380859375,-60.17992401123047,-61.801231384277344,-60.61256408691406,-61.968868255615234,-61.60297393798828,-61.1429557800293,-61.482418060302734,-63.23102951049805,-63.766578674316406,-64.26852416992188,-67.81130981445312,-69.88903045654297,-69.1152114868164,-68.36711120605469,-69.58810424804688,-67.7210464477539,-67.84963989257812,-68.36538696289062,-68.18282318115234,-67.99162292480469,-67.91625213623047,-65.99811553955078,-65.32183837890625,-65.73304748535156,-67.92701721191406,-71.44217681884766,-73.12064361572266,-73.0148696899414,-74.55448913574219,-75.6039810180664,-74.63915252685547,-72.0990219116211,-71.33358764648438,-73.2955093383789,-74.63756561279297,-75.53894805908203,0.0
-64.06261444091797,-66.47627258300781,-63.492862701416016,-64.027099609375,-63.921852111816406,-63.63478469848633,-61.04319381713867,-60.46040344238281,-61.499794006347656,-62.133880615234375,-55.56865692138672,-56.35600280761719,-58.9515380859375,-60.17992401123047,-61.801231384277344,-60.61256408691406,-61.968868255615234,-61.60297393798828,-61.1429557800293,-61.482418060302734,-63.23102951049805,-63.766578674316406,-64.26852416992188,-67.81130981445312,-69.88903045654297,-69.1152114868164,-68.36711120605469,-69.58810424804688,-67.7210464477539,-67.84963989257812,-68.36538696289062,-68.18282318115234,-67.99162292480469,-67.91625213623047,-65.99811553955078,-65.32183837890625,-65.73304748535156,-67.92701721191406,-71.44217681884766,-73.12064361572266,-73.0148696899414,-74.55448913574219,-75.6039810180664,-74.63915252685547,-72.0990219116211,-71.33358764648438,-73.2955093383789,-74.63756561279297,-75.53894805908203,-74.45995330810547,1.0
-66.47627258300781,-63.492862701416016,-64.027099609375,-63.921852111816406,-63.63478469848633,-61.04319381713867,-60.46040344238281,-61.499794006347656,-62.133880615234375,-55.56865692138672,-56.35600280761719,-58.9515380859375,-60.17992401123047,-61.801231384277344,-60.61256408691406,-61.968868255615234,-61.60297393798828,-61.1429557800293,-61.482418060302734,-63.23102951049805,-63.766578674316406,-64.26852416992188,-67.81130981445312,-69.88903045654297,-69.1152114868164,-68.36711120605469,-69.58810424804688,-67.7210464477539,-67.84963989257812,-68.36538696289062,-68.18282318115234,-67.99162292480469,-67.91625213623047,-65.99811553955078,-65.32183837890625,-65.73304748535156,-67.92701721191406,-71.44217681884766,-73.12064361572266,-73.0148696899414,-74.55448913574219,-75.6039810180664,-74.63915252685547,-72.0990219116211,-71.33358764648438,-73.2955093383789,-74.63756561279297,-75.53894805908203,-74.45995330810547,-75.03451538085938,0.0
-63.492862701416016,-64.027099609375,-63.921852111816406,-63.63478469848633,-61.04319381713867,-60.46040344238281,-61.499794006347656,-62.133880615234375,-55.56865692138672,-56.35600280761719,-58.9515380859375,-60.17992401123047,-61.801231384277344,-60.61256408691406,-61.968868255615234,-61.60297393798828,-61.1429557800293,-61.482418060302734,-63.23102951049805,-63.766578674316406,-64.26852416992188,-67.81130981445312,-69.88903045654297,-69.1152114868164,-68.36711120605469,-69.58810424804688,-67.7210464477539,-67.84963989257812,-68.36538696289062,-68.18282318115234,-67.99162292480469,-67.91625213623047,-65.99811553955078,-65.32183837890625,-65.73304748535156,-67.92701721191406,-71.44217681884766,-73.12064361572266,-73.0148696899414,-74.55448913574219,-75.6039810180664,-74.63915252685547,-72.0990219116211,-71.33358764648438,-73.2955093383789,-74.63756561279297,-75.53894805908203,-74.45995330810547,-75.03451538085938,-76.5370101928711,1.0
-64.027099609375,-63.921852111816406,-63.63478469848633,-61.04319381713867,-60.46040344238281,-61.499794006347656,-62.133880615234375,-55.56865692138672,-56.35600280761719,-58.9515380859375,-60.17992401123047,-61.801231384277344,-60.61256408691406,-61.968868255615234,-61.60297393798828,-61.1429557800293,-61.482418060302734,-63.23102951049805,-63.766578674316406,-64.26852416992188,-67.81130981445312,-69.88903045654297,-69.1152114868164,-68.36711120605469,-69.58810424804688,-67.7210464477539,-67.84963989257812,-68.36538696289062,-68.18282318115234,-67.99162292480469,-67.91625213623047,-65.99811553955078,-65.32183837890625,-65.73304748535156,-67.92701721191406,-71.44217681884766,-73.12064361572266,-73.0148696899414,-74.55448913574219,-75.6039810180664,-74.63915252685547,-72.0990219116211,-71.33358764648438,-73.2955093383789,-74.63756561279297,-75.53894805908203,-74.45995330810547,-75.03451538085938,-76.5370101928711,-75.48141479492188,0.0
-63.921852111816406,-63.63478469848633,-61.04319381713867,-60.46040344238281,-61.499794006347656,-62.133880615234375,-55.56865692138672,-56.35600280761719,-58.9515380859375,-60.17992401123047,-61.801231384277344,-60.61256408691406,-61.968868255615234,-61.60297393798828,-61.1429557800293,-61.482418060302734,-63.23102951049805,-63.766578674316406,-64.26852416992188,-67.81130981445312,-69.88903045654297,-69.1152114868164,-68.36711120605469,-69.58810424804688,-67.7210464477539,-67.84963989257812,-68.36538696289062,-68.18282318115234,-67.99162292480469,-67.91625213623047,-65.99811553955078,-65.32183837890625,-65.73304748535156,-67.92701721191406,-71.44217681884766,-73.12064361572266,-73.0148696899414,-74.55448913574219,-75.6039810180664,-74.63915252685547,-72.0990219116211,-71.33358764648438,-73.2955093383789,-74.63756561279297,-75.53894805908203,-74.45995330810547,-75.03451538085938,-76.5370101928711,-75.48141479492188,-74.09786987304688,0.0
-63.63478469848633,-61.04319381713867,-60.46040344238281,-61.499794006347656,-62.133880615234375,-55.56865692138672,-56.35600280761719,-58.9515380859375,-60.17992401123047,-61.801231384277344,-60.61256408691406,-61.968868255615234,-61.60297393798828,-61.1429557800293,-61.482418060302734,-63.23102951049805,-63.766578674316406,-64.26852416992188,-67.81130981445312,-69.88903045654297,-69.1152114868164,-68.36711120605469,-69.58810424804688,-67.7210464477539,-67.84963989257812,-68.36538696289062,-68.18282318115234,-67.99162292480469,-67.91625213623047,-65.99811553955078,-65.32183837890625,-65.73304748535156,-67.92701721191406,-71.44217681884766,-73.12064361572266,-73.0148696899414,-74.55448913574219,-75.6039810180664,-74.63915252685547,-72.0990219116211,-71.33358764648438,-73.2955093383789,-74.63756561279297,-75.53894805908203,-74.45995330810547,-75.03451538085938,-76.5370101928711,-75.48141479492188,-74.09786987304688,-75.36690521240234,0.0
-61.04319381713867,-60.46040344238281,-61.499794006347656,-62.133880615234375,-55.56865692138672,-56.35600280761719,-58.9515380859375,-60.17992401123047,-61.801231384277344,-60.61256408691406,-61.968868255615234,-61.60297393798828,-61.1429557800293,-61.482418060302734,-63.23102951049805,-63.766578674316406,-64.26852416992188,-67.81130981445312,-69.88903045654297,-69.1152114868164,-68.36711120605469,-69.58810424804688,-67.7210464477539,-67.84963989257812,-68.36538696289062,-68.18282318115234,-67.99162292480469,-67.91625213623047,-65.99811553955078,-65.32183837890625,-65.73304748535156,-67.92701721191406,-71.44217681884766,-73.12064361572266,-73.0148696899414,-74.55448913574219,-75.6039810180664,-74.63915252685547,-72.0990219116211,-71.33358764648438,-73.2955093383789,-74.63756561279297,-75.53894805908203,-74.45995330810547,-75.03451538085938,-76.5370101928711,-75.48141479492188,-74.09786987304688,-75.36690521240234,-76.40685272216797,0.0
-60.46040344238281,-61.499794006347656,-62.133880615234375,-55.56865692138672,-56.35600280761719,-58.9515380859375,-60.17992401123047,-61.801231384277344,-60.61256408691406,-61.968868255615234,-61.60297393798828,-61.1429557800293,-61.482418060302734,-63.23102951049805,-63.766578674316406,-64.26852416992188,-67.81130981445312,-69.88903045654297,-69.1152114868164,-68.36711120605469,-69.58810424804688,-67.7210464477539,-67.84963989257812,-68.36538696289062,-68.18282318115234,-67.99162292480469,-67.91625213623047,-65.99811553955078,-65.32183837890625,-65.73304748535156,-67.92701721191406,-71.44217681884766,-73.12064361572266,-73.0148696899414,-74.55448913574219,-75.6039810180664,-74.63915252685547,-72.0990219116211,-71.33358764648438,-73.2955093383789,-74.63756561279297,-75.53894805908203,-74.45995330810547,-75.03451538085938,-76.5370101928711,-75.48141479492188,-74.09786987304688,-75.36690521240234,-76.40685272216797,-75.38897705078125,0.0
-61.499794006347656,-62.133880615234375,-55.56865692138672,-56.35600280761719,-58.9515380859375,-60.17992401123047,-61.801231384277344,-60.61256408691406,-61.968868255615234,-61.60297393798828,-61.1429557800293,-61.482418060302734,-63.23102951049805,-63.766578674316406,-64.26852416992188,-67.81130981445312,-69.88903045654297,-69.1152114868164,-68.36711120605469,-69.58810424804688,-67.7210464477539,-67.84963989257812,-68.36538696289062,-68.18282318115234,-67.99162292480469,-67.91625213623047,-65.99811553955078,-65.32183837890625,-65.73304748535156,-67.92701721191406,-71.44217681884766,-73.12064361572266,-73.0148696899414,-74.55448913574219,-75.6039810180664,-74.63915252685547,-72.0990219116211,-71.33358764648438,-73.2955093383789,-74.63756561279297,-75.53894805908203,-74.45995330810547,-75.03451538085938,-76.5370101928711,-75.48141479492188,-74.09786987304688,-75.36690521240234,-76.40685272216797,-75.38897705078125,-75.5205078125,0.0
-62.133880615234375,-55.56865692138672,-56.35600280761719,-58.9515380859375,-60.17992401123047,-61.801231384277344,-60.61256408691406,-61.968868255615234,-61.60297393798828,-61.1429557800293,-61.482418060302734,-63.23102951049805,-63.766578674316406,-64.26852416992188,-67.81130981445312,-69.88903045654297,-69.1152114868164,-68.36711120605469,-69.58810424804688,-67.7210464477539,-67.84963989257812,-68.36538696289062,-68.18282318115234,-67.99162292480469,-67.91625213623047,-65.99811553955078,-65.32183837890625,-65.73304748535156,-67.92701721191406,-71.44217681884766,-73.12064361572266,-73.0148696899414,-74.55448913574219,-75.6039810180664,-74.63915252685547,-72.0990219116211,-71.33358764648438,-73.2955093383789,-74.63756561279297,-75.53894805908203,-74.45995330810547,-75.03451538085938,-76.5370101928711,-75.48141479492188,-74.09786987304688,-75.36690521240234,-76.40685272216797,-75.38897705078125,-75.5205078125,-75.3575439453125,0.0
-55.56865692138672,-56.35600280761719,-58.9515380859375,-60.17992401123047,-61.801231384277344,-60.61256408691406,-61.968868255615234,-61.60297393798828,-61.1429557800293,-61.482418060302734,-63.23102951049805,-63.766578674316406,-64.26852416992188,-67.81130981445312,-69.88903045654297,-69.1152114868164,-68.36711120605469,-69.58810424804688,-67.7210464477539,-67.84963989257812,-68.36538696289062,-68.18282318115234,-67.99162292480469,-67.91625213623047,-65.99811553955078,-65.32183837890625,-65.73304748535156,-67.92701721191406,-71.44217681884766,-73.12064361572266,-73.0148696899414,-74.55448913574219,-75.6039810180664,-74.63915252685547,-72.0990219116211,-71.33358764648438,-73.2955093383789,-74.63756561279297,-75.53894805908203,-74.45995330810547,-75.03451538085938,-76.5370101928711,-75.48141479492188,-74.09786987304688,-75.36690521240234,-76.40685272216797,-75.38897705078125,-75.5205078125,-75.3575439453125,-77.06771850585938,0.0
-56.35600280761719,-58.9515380859375,-60.17992401123047,-61.801231384277344,-60.61256408691406,-61.968868255615234,-61.60297393798828,-61.1429557800293,-61.482418060302734,-63.23102951049805,-63.766578674316406,-64.26852416992188,-67.81130981445312,-69.88903045654297,-69.1152114868164,-68.36711120605469,-69.58810424804688,-67.7210464477539,-67.84963989257812,-68.36538696289062,-68.18282318115234,-67.99162292480469,-67.91625213623047,-65.99811553955078,-65.32183837890625,-65.73304748535156,-67.92701721191406,-71.44217681884766,-73.12064361572266,-73.0148696899414,-74.55448913574219,-75.6039810180664,-74.63915252685547,-72.0990219116211,-71.33358764648438,-73.2955093383789,-74.63756561279297,-75.53894805908203,-74.45995330810547,-75.03451538085938,-76.5370101928711,-75.48141479492188,-74.09786987304688,-75.36690521240234,-76.40685272216797,-75.38897705078125,-75.5205078125,-75.3575439453125,-77.06771850585938,-77.69478607177734,0.0
-58.9515380859375,-60.17992401123047,-61.801231384277344,-60.61256408691406,-61.968868255615234,-61.60297393798828,-61.1429557800293,-61.482418060302734,-63.23102951049805,-63.766578674316406,-64.26852416992188,-67.81130981445312,-69.88903045654297,-69.1152114868164,-68.36711120605469,-69.58810424804688,-67.7210464477539,-67.84963989257812,-68.36538696289062,-68.18282318115234,-67.99162292480469,-67.91625213623047,-65.99811553955078,-65.32183837890625,-65.73304748535156,-67.92701721191406,-71.44217681884766,-73.12064361572266,-73.0148696899414,-74.55448913574219,-75.6039810180664,-74.63915252685547,-72.0990219116211,-71.33358764648438,-73.2955093383789,-74.63756561279297,-75.53894805908203,-74.45995330810547,-75.03451538085938,-76.5370101928711,-75.48141479492188,-74.09786987304688,-75.36690521240234,-76.40685272216797,-75.38897705078125,-75.5205078125,-75.3575439453125,-77.06771850585938,-77.69478607177734,-78.20381164550781,0.0
-60.17992401123047,-61.801231384277344,-60.61256408691406,-61.968868255615234,-61.60297393798828,-61.1429557800293,-61.482418060302734,-63.23102951049805,-63.766578674316406,-64.26852416992188,-67.81130981445312,-69.88903045654297,-69.1152114868164,-68.36711120605469,-69.58810424804688,-67.7210464477539,-67.84963989257812,-68.36538696289062,-68.18282318115234,-67.99162292480469,-67.91625213623047,-65.99811553955078,-65.32183837890625,-65.73304748535156,-67.92701721191406,-71.44217681884766,-73.12064361572266,-73.0148696899414,-74.55448913574219,-75.6039810180664,-74.63915252685547,-72.0990219116211,-71.33358764648438,-73.2955093383789,-74.63756561279297,-75.53894805908203,-74.45995330810547,-75.03451538085938,-76.5370101928711,-75.48141479492188,-74.09786987304688,-75.36690521240234,-76.40685272216797,-75.38897705078125,-75.5205078125,-75.3575439453125,-77.06771850585938,-77.69478607177734,-78.20381164550781,-77.51136016845703,0.0
-61.801231384277344,-60.61256408691406,-61.968868255615234,-61.60297393798828,-61.1429557800293,-61.482418060302734,-63.23102951049805,-63.766578674316406,-64.26852416992188,-67.81130981445312,-69.88903045654297,-69.1152114868164,-68.36711120605469,-69.58810424804688,-67.7210464477539,-67.84963989257812,-68.36538696289062,-68.18282318115234,-67.99162292480469,-67.91625213623047,-65.99811553955078,-65.32183837890625,-65.73304748535156,-67.92701721191406,-71.44217681884766,-73.12064361572266,-73.0148696899414,-74.55448913574219,-75.6039810180664,-74.63915252685547,-72.0990219116211,-71.33358764648438,-73.2955093383789,-74.63756561279297,-75.53894805908203,-74.45995330810547,-75.03451538085938,-76.5370101928711,-75.48141479492188,-74.09786987304688,-75.36690521240234,-76.40685272216797,-75.38897705078125,-75.5205078125,-75.3575439453125,-77.06771850585938,-77.69478607177734,-78.20381164550781,-77.51136016845703,-77.47657775878906,1.0
-60.61256408691406,-61.968868255615234,-61.60297393798828,-61.1429557800293,-61.482418060302734,-63.23102951049805,-63.766578674316406,-64.26852416992188,-67.81130981445312,-69.88903045654297,-69.1152114868164,-68.36711120605469,-69.58810424804688,-67.7210464477539,-67.84963989257812,-68.36538696289062,-68.18282318115234,-67.99162292480469,-67.91625213623047,-65.99811553955078,-65.32183837890625,-65.73304748535156,-67.92701721191406,-71.44217681884766,-73.12064361572266,-73.0148696899414,-74.55448913574219,-75.6039810180664,-74.63915252685547,-72.0990219116211,-71.33358764648438,-73.2955093383789,-74.63756561279297,-75.53894805908203,-74.45995330810547,-75.03451538085938,-76.5370101928711,-75.48141479492188,-74.09786987304688,-75.36690521240234,-76.40685272216797,-75.38897705078125,-75.5205078125,-75.3575439453125,-77.06771850585938,-77.69478607177734,-78.20381164550781,-77.51136016845703,-77.47657775878906,-76.70345306396484,0.0
-61.968868255615234,-61.60297393798828,-61.1429557800293,-61.482418060302734,-63.23102951049805,-63.766578674316406,-64.26852416992188,-67.81130981445312,-69.88903045654297,-69.1152114868164,-68.36711120605469,-69.58810424804688,-67.7210464477539,-67.84963989257812,-68.36538696289062,-68.18282318115234,-67.99162292480469,-67.91625213623047,-65.99811553955078,-65.32183837890625,-65.73304748535156,-67.92701721191406,-71.44217681884766,-73.12064361572266,-73.0148696899414,-74.55448913574219,-75.6039810180664,-74.63915252685547,-72.0990219116211,-71.33358764648438,-73.2955093383789,-74.63756561279297,-75.53894805908203,-74.45995330810547,-75.03451538085938,-76.5370101928711,-75.48141479492188,-74.09786987304688,-75.36690521240234,-76.40685272216797,-75.38897705078125,-75.5205078125,-75.3575439453125,-77.06771850585938,-77.69478607177734,-78.20381164550781,-77.51136016845703,-77.47657775878906,-76.70345306396484,-77.63951873779297,0.0
-61.60297393798828,-61.1429557800293,-61.482418060302734,-63.23102951049805,-63.766578674316406,-64.26852416992188,-67.81130981445312,-69.88903045654297,-69.1152114868164,-68.36711120605469,-69.58810424804688,-67.7210464477539,-67.84963989257812,-68.36538696289062,-68.18282318115234,-67.99162292480469,-67.91625213623047,-65.99811553955078,-65.32183837890625,-65.73304748535156,-67.92701721191406,-71.44217681884766,-73.12064361572266,-73.0148696899414,-74.55448913574219,-75.6039810180664,-74.63915252685547,-72.0990219116211,-71.33358764648438,-73.2955093383789,-74.63756561279297,-75.53894805908203,-74.45995330810547,-75.03451538085938,-76.5370101928711,-75.48141479492188,-74.09786987304688,-75.36690521240234,-76.40685272216797,-75.38897705078125,-75.5205078125,-75.3575439453125,-77.06771850585938,-77.69478607177734,-78.20381164550781,-77.51136016845703,-77.47657775878906,-76.70345306396484,-77.63951873779297,-79.3059310913086,1.0
-61.1429557800293,-61.482418060302734,-63.23102951049805,-63.766578674316406,-64.26852416992188,-67.81130981445312,-69.88903045654297,-69.1152114868164,-68.36711120605469,-69.58810424804688,-67.7210464477539,-67.84963989257812,-68.36538696289062,-68.18282318115234,-67.99162292480469,-67.91625213623047,-65.99811553955078,-65.32183837890625,-65.73304748535156,-67.92701721191406,-71.44217681884766,-73.12064361572266,-73.0148696899414,-74.55448913574219,-75.6039810180664,-74.63915252685547,-72.0990219116211,-71.33358764648438,-73.2955093383789,-74.63756561279297,-75.53894805908203,-74.45995330810547,-75.03451538085938,-76.5370101928711,-75.48141479492188,-74.09786987304688,-75.36690521240234,-76.40685272216797,-75.38897705078125,-75.5205078125,-75.3575439453125,-77.06771850585938,-77.69478607177734,-78.20381164550781,-77.51136016845703,-77.47657775878906,-76.70345306396484,-77.63951873779297,-79.3059310913086,-79.2293701171875,0.0
-61.482418060302734,-63.23102951049805,-63.766578674316406,-64.26852416992188,-67.81130981445312,-69.88903045654297,-69.1152114868164,-68.36711120605469,-69.58810424804688,-67.7210464477539,-67.84963989257812,-68.36538696289062,-68.18282318115234,-67.99162292480469,-67.91625213623047,-65.99811553955078,-65.32183837890625,-65.73304748535156,-67.92701721191406,-71.44217681884766,-73.12064361572266,-73.0148696899414,-74.55448913574219,-75.6039810180664,-74.63915252685547,-72.0990219116211,-71.33358764648438,-73.2955093383789,-74.63756561279297,-75.53894805908203,-74.45995330810547,-75.03451538085938,-76.5370101928711,-75.48141479492188,-74.09786987304688,-75.36690521240234,-76.40685272216797,-75.38897705078125,-75.5205078125,-75.3575439453125,-77.06771850585938,-77.69478607177734,-78.20381164550781,-77.51136016845703,-77.47657775878906,-76.70345306396484,-77.63951873779297,-79.3059310913086,-79.2293701171875,-78.87671661376953,0.0
-63.23102951049805,-63.766578674316406,-64.26852416992188,-67.81130981445312,-69.88903045654297,-69.1152114868164,-68.36711120605469,-69.58810424804688,-67.7210464477539,-67.84963989257812,-68.36538696289062,-68.18282318115234,-67.99162292480469,-67.91625213623047,-65.99811553955078,-65.32183837890625,-65.73304748535156,-67.92701721191406,-71.44217681884766,-73.12064361572266,-73.0148696899414,-74.55448913574219,-75.6039810180664,-74.63915252685547,-72.0990219116211,-71.33358764648438,-73.2955093383789,-74.63756561279297,-75.53894805908203,-74.45995330810547,-75.03451538085938,-76.5370101928711,-75.48141479492188,-74.09786987304688,-75.36690521240234,-76.40685272216797,-75.38897705078125,-75.5205078125,-75.3575439453125,-77.06771850585938,-77.69478607177734,-78.20381164550781,-77.51136016845703,-77.47657775878906,-76.70345306396484,-77.63951873779297,-79.3059310913086,-79.2293701171875,-78.87671661376953,-78.71760559082031,1.0
-63.766578674316406,-64.26852416992188,-67.81130981445312,-69.88903045654297,-69.1152114868164,-68.36711120605469,-69.58810424804688,-67.7210464477539,-67.84963989257812,-68.36538696289062,-68.18282318115234,-67.99162292480469,-67.91625213623047,-65.99811553955078,-65.32183837890625,-65.73304748535156,-67.92701721191406,-71.44217681884766,-73.12064361572266,-73.0148696899414,-74.55448913574219,-75.6039810180664,-74.63915252685547,-72.0990219116211,-71.33358764648438,-73.2955093383789,-74.63756561279297,-75.53894805908203,-74.45995330810547,-75.03451538085938,-76.5370101928711,-75.48141479492188,-74.09786987304688,-75.36690521240234,-76.40685272216797,-75.38897705078125,-75.5205078125,-75.3575439453125,-77.06771850585938,-77.69478607177734,-78.20381164550781,-77.51136016845703,-77.47657775878906,-76.70345306396484,-77.63951873779297,-79.3059310913086,-79.2293701171875,-78.87671661376953,-78.71760559082031,-80.5379867553711,1.0
-64.26852416992188,-67.81130981445312,-69.88903045654297,-69.1152114868164,-68.36711120605469,-69.58810424804688,-67.7210464477539,-67.84963989257812,-68.36538696289062,-68.18282318115234,-67.99162292480469,-67.91625213623047,-65.99811553955078,-65.32183837890625,-65.73304748535156,-67.92701721191406,-71.44217681884766,-73.12064361572266,-73.0148696899414,-74.55448913574219,-75.6039810180664,-74.63915252685547,-72.0990219116211,-71.33358764648438,-73.2955093383789,-74.63756561279297,-75.53894805908203,-74.45995330810547,-75.03451538085938,-76.5370101928711,-75.48141479492188,-74.09786987304688,-75.36690521240234,-76.40685272216797,-75.38897705078125,-75.5205078125,-75.3575439453125,-77.06771850585938,-77.69478607177734,-78.20381164550781,-77.51136016845703,-77.47657775878906,-76.70345306396484,-77.63951873779297,-79.3059310913086,-79.2293701171875,-78.87671661376953,-78.71760559082031,-80.5379867553711,-78.95498657226562,1.0
-67.81130981445312,-69.88903045654297,-69.1152114868164,-68.36711120605469,-69.58810424804688,-67.7210464477539,-67.84963989257812,-68.36538696289062,-68.18282318115234,-67.99162292480469,-67.91625213623047,-65.99811553955078,-65.32183837890625,-65.73304748535156,-67.92701721191406,-71.44217681884766,-73.12064361572266,-73.0148696899414,-74.55448913574219,-75.6039810180664,-74.63915252685547,-72.0990219116211,-71.33358764648438,-73.2955093383789,-74.63756561279297,-75.53894805908203,-74.45995330810547,-75.03451538085938,-76.5370101928711,-75.48141479492188,-74.09786987304688,-75.36690521240234,-76.40685272216797,-75.38897705078125,-75.5205078125,-75.3575439453125,-77.06771850585938,-77.69478607177734,-78.20381164550781,-77.51136016845703,-77.47657775878906,-76.70345306396484,-77.63951873779297,-79.3059310913086,-79.2293701171875,-78.87671661376953,-78.71760559082031,-80.5379867553711,-78.95498657226562,-78.09114074707031,1.0
-69.88903045654297,-69.1152114868164,-68.36711120605469,-69.58810424804688,-67.7210464477539,-67.84963989257812,-68.36538696289062,-68.18282318115234,-67.99162292480469,-67.91625213623047,-65.99811553955078,-65.32183837890625,-65.73304748535156,-67.92701721191406,-71.44217681884766,-73.12064361572266,-73.0148696899414,-74.55448913574219,-75.6039810180664,-74.63915252685547,-72.0990219116211,-71.33358764648438,-73.2955093383789,-74.63756561279297,-75.53894805908203,-74.45995330810547,-75.03451538085938,-76.5370101928711,-75.48141479492188,-74.09786987304688,-75.36690521240234,-76.40685272216797,-75.38897705078125,-75.5205078125,-75.3575439453125,-77.06771850585938,-77.69478607177734,-78.20381164550781,-77.51136016845703,-77.47657775878906,-76.70345306396484,-77.63951873779297,-79.3059310913086,-79.2293701171875,-78.87671661376953,-78.71760559082031,-80.5379867553711,-78.95498657226562,-78.09114074707031,-77.92793273925781,0.0
-69.1152114868164,-68.36711120605469,-69.58810424804688,-67.7210464477539,-67.84963989257812,-68.36538696289062,-68.18282318115234,-67.99162292480469,-67.91625213623047,-65.99811553955078,-65.32183837890625,-65.73304748535156,-67.92701721191406,-71.44217681884766,-73.12064361572266,-73.0148696899414,-74.55448913574219,-75.6039810180664,-74.63915252685547,-72.0990219116211,-71.33358764648438,-73.2955093383789,-74.63756561279297,-75.53894805908203,-74.45995330810547,-75.03451538085938,-76.5370101928711,-75.48141479492188,-74.09786987304688,-75.36690521240234,-76.40685272216797,-75.38897705078125,-75.5205078125,-75.3575439453125,-77.06771850585938,-77.69478607177734,-78.20381164550781,-77.51136016845703,-77.47657775878906,-76.70345306396484,-77.63951873779297,-79.3059310913086,-79.2293701171875,-78.87671661376953,-78.71760559082031,-80.5379867553711,-78.95498657226562,-78.09114074707031,-77.92793273925781,-77.517822265625,0.0
-68.36711120605469,-69.58810424804688,-67.7210464477539,-67.84963989257812,-68.36538696289062,-68.18282318115234,-67.99162292480469,-67.91625213623047,-65.99811553955078,-65.32183837890625,-65.73304748535156,-67.92701721191406,-71.44217681884766,-73.12064361572266,-73.0148696899414,-74.55448913574219,-75.6039810180664,-74.63915252685547,-72.0990219116211,-71.33358764648438,-73.2955093383789,-74.63756561279297,-75.53894805908203,-74.45995330810547,-75.03451538085938,-76.5370101928711,-75.48141479492188,-74.09786987304688,-75.36690521240234,-76.40685272216797,-75.38897705078125,-75.5205078125,-75.3575439453125,-77.06771850585938,-77.69478607177734,-78.20381164550781,-77.51136016845703,-77.47657775878906,-76.70345306396484,-77.63951873779297,-79.3059310913086,-79.2293701171875,-78.87671661376953,-78.71760559082031,-80.5379867553711,-78.95498657226562,-78.09114074707031,-77.92793273925781,-77.517822265625,-79.12960052490234,0.0
-69.58810424804688,-67.7210464477539,-67.84963989257812,-68.36538696289062,-68.18282318115234,-67.99162292480469,-67.91625213623047,-65.99811553955078,-65.32183837890625,-65.73304748535156,-67.92701721191406,-71.44217681884766,-73.12064361572266,-73.0148696899414,-74.55448913574219,-75.6039810180664,-74.63915252685547,-72.0990219116211,-71.33358764648438,-73.2955093383789,-74.63756561279297,-75.53894805908203,-74.45995330810547,-75.03451538085938,-76.5370101928711,-75.48141479492188,-74.09786987304688,-75.36690521240234,-76.40685272216797,-75.38897705078125,-75.5205078125,-75.3575439453125,-77.06771850585938,-77.69478607177734,-78.20381164550781,-77.51136016845703,-77.47657775878906,-76.70345306396484,-77.63951873779297,-79.3059310913086,-79.2293701171875,-78.87671661376953,-78.71760559082031,-80.5379867553711,-78.95498657226562,-78.09114074707031,-77.92793273925781,-77.517822265625,-79.12960052490234,-79.73125457763672,0.0
-67.7210464477539,-67.84963989257812,-68.36538696289062,-68.18282318115234,-67.99162292480469,-67.91625213623047,-65.99811553955078,-65.32183837890625,-65.73304748535156,-67.92701721191406,-71.44217681884766,-73.12064361572266,-73.0148696899414,-74.55448913574219,-75.6039810180664,-74.63915252685547,-72.0990219116211,-71.33358764648438,-73.2955093383789,-74.63756561279297,-75.53894805908203,-74.45995330810547,-75.03451538085938,-76.5370101928711,-75.48141479492188,-74.09786987304688,-75.36690521240234,-76.40685272216797,-75.38897705078125,-75.5205078125,-75.3575439453125,-77.06771850585938,-77.69478607177734,-78.20381164550781,-77.51136016845703,-77.47657775878906,-76.70345306396484,-77.63951873779297,-79.3059310913086,-79.2293701171875,-78.87671661376953,-78.71760559082031,-80.5379867553711,-78.95498657226562,-78.09114074707031,-77.92793273925781,-77.517822265625,-79.12960052490234,-79.73125457763672,-78.37356567382812,1.0
-67.84963989257812,-68.36538696289062,-68.18282318115234,-67.99162292480469,-67.91625213623047,-65.99811553955078,-65.32183837890625,-65.73304748535156,-67.92701721191406,-71.44217681884766,-73.12064361572266,-73.0148696899414,-74.55448913574219,-75.6039810180664,-74.63915252685547,-72.0990219116211,-71.33358764648438,-73.2955093383789,-74.63756561279297,-75.53894805908203,-74.45995330810547,-75.03451538085938,-76.5370101928711,-75.48141479492188,-74.09786987304688,-75.36690521240234,-76.40685272216797,-75.38897705078125,-75.5205078125,-75.3575439453125,-77.06771850585938,-77.69478607177734,-78.20381164550781,-77.51136016845703,-77.47657775878906,-76.70345306396484,-77.63951873779297,-79.3059310913086,-79.2293701171875,-78.87671661376953,-78.71760559082031,-80.5379867553711,-78.95498657226562,-78.09114074707031,-77.92793273925781,-77.517822265625,-79.12960052490234,-79.73125457763672,-78.37356567382812,-80.64508056640625,0.0
-68.36538696289062,-68.18282318115234,-67.99162292480469,-67.91625213623047,-65.99811553955078,-65.32183837890625,-65.73304748535156,-67.92701721191406,-71.44217681884766,-73.12064361572266,-73.0148696899414,-74.55448913574219,-75.6039810180664,-74.63915252685547,-72.0990219116211,-71.33358764648438,-73.2955093383789,-74.63756561279297,-75.53894805908203,-74.45995330810547,-75.03451538085938,-76.5370101928711,-75.48141479492188,-74.09786987304688,-75.36690521240234,-76.40685272216797,-75.38897705078125,-75.5205078125,-75.3575439453125,-77.06771850585938,-77.69478607177734,-78.20381164550781,-77.51136016845703,-77.47657775878906,-76.70345306396484,-77.63951873779297,-79.3059310913086,-79.2293701171875,-78.87671661376953,-78.71760559082031,-80.5379867553711,-78.95498657226562,-78.09114074707031,-77.92793273925781,-77.517822265625,-79.12960052490234,-79.73125457763672,-78.37356567382812,-80.64508056640625,-81.41407012939453,0.0
-68.18282318115234,-67.99162292480469,-67.91625213623047,-65.99811553955078,-65.32183837890625,-65.73304748535156,-67.92701721191406,-71.44217681884766,-73.12064361572266,-73.0148696899414,-74.55448913574219,-75.6039810180664,-74.63915252685547,-72.0990219116211,-71.33358764648438,-73.2955093383789,-74.63756561279297,-75.53894805908203,-74.45995330810547,-75.03451538085938,-76.5370101928711,-75.48141479492188,-74.09786987304688,-75.36690521240234,-76.40685272216797,-75.38897705078125,-75.5205078125,-75.3575439453125,-77.06771850585938,-77.69478607177734,-78.20381164550781,-77.51136016845703,-77.47657775878906,-76.70345306396484,-77.63951873779297,-79.3059310913086,-79.2293701171875,-78.87671661376953,-78.71760559082031,-80.5379867553711,-78.95498657226562,-78.09114074707031,-77.92793273925781,-77.517822265625,-79.12960052490234,-79.73125457763672,-78.37356567382812,-80.64508056640625,-81.41407012939453,-81.41455078125,1.0
-67.99162292480469,-67.91625213623047,-65.99811553955078,-65.32183837890625,-65.73304748535156,-67.92701721191406,-71.44217681884766,-73.12064361572266,-73.0148696899414,-74.55448913574219,-75.6039810180664,-74.63915252685547,-72.0990219116211,-71.33358764648438,-73.2955093383789,-74.63756561279297,-75.53894805908203,-74.45995330810547,-75.03451538085938,-76.5370101928711,-75.48141479492188,-74.09786987304688,-75.36690521240234,-76.40685272216797,-75.38897705078125,-75.5205078125,-75.3575439453125,-77.06771850585938,-77.69478607177734,-78.20381164550781,-77.51136016845703,-77.47657775878906,-76.70345306396484,-77.63951873779297,-79.3059310913086,-79.2293701171875,-78.87671661376953,-78.71760559082031,-80.5379867553711,-78.95498657226562,-78.09114074707031,-77.92793273925781,-77.517822265625,-79.12960052490234,-79.73125457763672,-78.37356567382812,-80.64508056640625,-81.41407012939453,-81.41455078125,-80.40309143066406,0.0
-67.91625213623047,-65.99811553955078,-65.32183837890625,-65.73304748535156,-67.92701721191406,-71.44217681884766,-73.12064361572266,-73.0148696899414,-74.55448913574219,-75.6039810180664,-74.63915252685547,-72.0990219116211,-71.33358764648438,-73.2955093383789,-74.63756561279297,-75.53894805908203,-74.45995330810547,-75.03451538085938,-76.5370101928711,-75.48141479492188,-74.09786987304688,-75.36690521240234,-76.40685272216797,-75.38897705078125,-75.5205078125,-75.3575439453125,-77.06771850585938,-77.69478607177734,-78.20381164550781,-77.51136016845703,-77.47657775878906,-76.70345306396484,-77.63951873779297,-79.3059310913086,-79.2293701171875,-78.87671661376953,-78.71760559082031,-80.5379867553711,-78.95498657226562,-78.09114074707031,-77.92793273925781,-77.517822265625,-79.12960052490234,-79.73125457763672,-78.37356567382812,-80.64508056640625,-81.41407012939453,-81.41455078125,-80.40309143066406,-79.81510925292969,1.0
-65.99811553955078,-65.32183837890625,-65.73304748535156,-67.92701721191406,-71.44217681884766,-73.12064361572266,-73.0148696899414,-74.55448913574219,-75.6039810180664,-74.63915252685547,-72.0990219116211,-71.33358764648438,-73.2955093383789,-74.63756561279297,-75.53894805908203,-74.45995330810547,-75.03451538085938,-76.5370101928711,-75.48141479492188,-74.09786987304688,-75.36690521240234,-76.40685272216797,-75.38897705078125,-75.5205078125,-75.3575439453125,-77.06771850585938,-77.69478607177734,-78.20381164550781,-77.51136016845703,-77.47657775878906,-76.70345306396484,-77.63951873779297,-79.3059310913086,-79.2293701171875,-78.87671661376953,-78.71760559082031,-80.5379867553711,-78.95498657226562,-78.09114074707031,-77.92793273925781,-77.517822265625,-79.12960052490234,-79.73125457763672,-78.37356567382812,-80.64508056640625,-81.41407012939453,-81.41455078125,-80.40309143066406,-79.81510925292969,-79.68727111816406,0.0
-65.32183837890625,-65.73304748535156,-67.92701721191406,-71.44217681884766,-73.12064361572266,-73.0148696899414,-74.55448913574219,-75.6039810180664,-74.63915252685547,-72.0990219116211,-71.33358764648438,-73.2955093383789,-74.63756561279297,-75.53894805908203,-74.45995330810547,-75.03451538085938,-76.5370101928711,-75.48141479492188,-74.09786987304688,-75.36690521240234,-76.40685272216797,-75.38897705078125,-75.5205078125,-75.3575439453125,-77.06771850585938,-77.69478607177734,-78.20381164550781,-77.51136016845703,-77.47657775878906,-76.70345306396484,-77.63951873779297,-79.3059310913086,-79.2293701171875,-78.87671661376953,-78.71760559082031,-80.5379867553711,-78.95498657226562,-78.09114074707031,-77.92793273925781,-77.517822265625,-79.12960052490234,-79.73125457763672,-78.37356567382812,-80.64508056640625,-81.41407012939453,-81.41455078125,-80.40309143066406,-79.81510925292969,-79.68727111816406,-80.19522857666016,0.0
-65.73304748535156,-67.92701721191406,-71.44217681884766,-73.12064361572266,-73.0148696899414,-74.55448913574219,-75.6039810180664,-74.63915252685547,-72.0990219116211,-71.33358764648438,-73.2955093383789,-74.63756561279297,-75.53894805908203,-74.45995330810547,-75.03451538085938,-76.5370101928711,-75.48141479492188,-74.09786987304688,-75.36690521240234,-76.40685272216797,-75.38897705078125,-75.5205078125,-75.3575439453125,-77.06771850585938,-77.69478607177734,-78.20381164550781,-77.51136016845703,-77.47657775878906,-76.70345306396484,-77.63951873779297,-79.3059310913086,-79.2293701171875,-78.87671661376953,-78.71760559082031,-80.5379867553711,-78.95498657226562,-78.09114074707031,-77.92793273925781,-77.517822265625,-79.12960052490234,-79.73125457763672,-78.37356567382812,-80.64508056640625,-81.41407012939453,-81.41455078125,-80.40309143066406,-79.81510925292969,-79.68727111816406,-80.19522857666016,-78.2330093383789,1.0
-67.92701721191406,-71.44217681884766,-73.12064361572266,-73.0148696899414,-74.55448913574219,-75.6039810180664,-74.63915252685547,-72.0990219116211,-71.33358764648438,-73.2955093383789,-74.63756561279297,-75.53894805908203,-74.45995330810547,-75.03451538085938,-76.5370101928711,-75.48141479492188,-74.09786987304688,-75.36690521240234,-76.40685272216797,-75.38897705078125,-75.5205078125,-75.3575439453125,-77.06771850585938,-77.69478607177734,-78.20381164550781,-77.51136016845703,-77.47657775878906,-76.70345306396484,-77.63951873779297,-79.3059310913086,-79.2293701171875,-78.87671661376953,-78.71760559082031,-80.5379867553711,-78.95498657226562,-78.09114074707031,-77.92793273925781,-77.517822265625,-79.12960052490234,-79.73125457763672,-78.37356567382812,-80.64508056640625,-81.41407012939453,-81.41455078125,-80.40309143066406,-79.81510925292969,-79.68727111816406,-80.19522857666016,-78.2330093383789,-76.9260025024414,0.0
-71.44217681884766,-73.12064361572266,-73.0148696899414,-74.55448913574219,-75.6039810180664,-74.63915252685547,-72.0990219116211,-71.33358764648438,-73.2955093383789,-74.63756561279297,-75.53894805908203,-74.45995330810547,-75.03451538085938,-76.5370101928711,-75.48141479492188,-74.09786987304688,-75.36690521240234,-76.40685272216797,-75.38897705078125,-75.5205078125,-75.3575439453125,-77.06771850585938,-77.69478607177734,-78.20381164550781,-77.51136016845703,-77.47657775878906,-76.70345306396484,-77.63951873779297,-79.3059310913086,-79.2293701171875,-78.87671661376953,-78.71760559082031,-80.5379867553711,-78.95498657226562,-78.09114074707031,-77.92793273925781,-77.517822265625,-79.12960052490234,-79.73125457763672,-78.37356567382812,-80.64508056640625,-81.41407012939453,-81.41455078125,-80.40309143066406,-79.81510925292969,-79.68727111816406,-80.19522857666016,-78.2330093383789,-76.9260025024414,-76.5164794921875,1.0
-73.12064361572266,-73.0148696899414,-74.55448913574219,-75.6039810180664,-74.63915252685547,-72.0990219116211,-71.33358764648438,-73.2955093383789,-74.63756561279297,-75.53894805908203,-74.45995330810547,-75.03451538085938,-76.5370101928711,-75.48141479492188,-74.09786987304688,-75.36690521240234,-76.40685272216797,-75.38897705078125,-75.5205078125,-75.3575439453125,-77.06771850585938,-77.69478607177734,-78.20381164550781,-77.51136016845703,-77.47657775878906,-76.70345306396484,-77.63951873779297,-79.3059310913086,-79.2293701171875,-78.87671661376953,-78.71760559082031,-80.5379867553711,-78.95498657226562,-78.09114074707031,-77.92793273925781,-77.517822265625,-79.12960052490234,-79.73125457763672,-78.37356567382812,-80.64508056640625,-81.41407012939453,-81.41455078125,-80.40309143066406,-79.81510925292969,-79.68727111816406,-80.19522857666016,-78.2330093383789,-76.9260025024414,-76.5164794921875,-78.77041625976562,0.0
-73.0148696899414,-74.55448913574219,-75.6039810180664,-74.63915252685547,-72.0990219116211,-71.33358764648438,-73.2955093383789,-74.63756561279297,-75.53894805908203,-74.45995330810547,-75.03451538085938,-76.5370101928711,-75.48141479492188,-74.09786987304688,-75.36690521240234,-76.40685272216797,-75.38897705078125,-75.5205078125,-75.3575439453125,-77.06771850585938,-77.69478607177734,-78.20381164550781,-77.51136016845703,-77.47657775878906,-76.70345306396484,-77.63951873779297,-79.3059310913086,-79.2293701171875,-78.87671661376953,-78.71760559082031,-80.5379867553711,-78.95498657226562,-78.09114074707031,-77.92793273925781,-77.517822265625,-79.12960052490234,-79.73125457763672,-78.37356567382812,-80.64508056640625,-81.41407012939453,-81.41455078125,-80.40309143066406,-79.81510925292969,-79.68727111816406,-80.19522857666016,-78.2330093383789,-76.9260025024414,-76.5164794921875,-78.77041625976562,-82.4446792602539,0.0
-74.55448913574219,-75.6039810180664,-74.63915252685547,-72.0990219116211,-71.33358764648438,-73.2955093383789,-74.63756561279297,-75.53894805908203,-74.45995330810547,-75.03451538085938,-76.5370101928711,-75.48141479492188,-74.09786987304688,-75.36690521240234,-76.40685272216797,-75.38897705078125,-75.5205078125,-75.3575439453125,-77.06771850585938,-77.69478607177734,-78.20381164550781,-77.51136016845703,-77.47657775878906,-76.70345306396484,-77.63951873779297,-79.3059310913086,-79.2293701171875,-78.87671661376953,-78.71760559082031,-80.5379867553711,-78.95498657226562,-78.09114074707031,-77.92793273925781,-77.517822265625,-79.12960052490234,-79.73125457763672,-78.37356567382812,-80.64508056640625,-81.41407012939453,-81.41455078125,-80.40309143066406,-79.81510925292969,-79.68727111816406,-80.19522857666016,-78.2330093383789,-76.9260025024414,-76.5164794921875,-78.77041625976562,-82.4446792602539,-83.78614044189453,1.0
-75.6039810180664,-74.63915252685547,-72.0990219116211,-71.33358764648438,-73.2955093383789,-74.63756561279297,-75.53894805908203,-74.45995330810547,-75.03451538085938,-76.5370101928711,-75.48141479492188,-74.09786987304688,-75.36690521240234,-76.40685272216797,-75.38897705078125,-75.5205078125,-75.3575439453125,-77.06771850585938,-77.69478607177734,-78.20381164550781,-77.51136016845703,-77.47657775878906,-76.70345306396484,-77.63951873779297,-79.3059310913086,-79.2293701171875,-78.87671661376953,-78.71760559082031,-80.5379867553711,-78.95498657226562,-78.09114074707031,-77.92793273925781,-77.517822265625,-79.12960052490234,-79.73125457763672,-78.37356567382812,-80.64508056640625,-81.41407012939453,-81.41455078125,-80.40309143066406,-79.81510925292969,-79.68727111816406,-80.19522857666016,-78.2330093383789,-76.9260025024414,-76.5164794921875,-78.77041625976562,-82.4446792602539,-83.78614044189453,-83.89618682861328,0.0
-74.63915252685547,-72.0990219116211,-71.33358764648438,-73.2955093383789,-74.63756561279297,-75.53894805908203,-74.45995330810547,-75.03451538085938,-76.5370101928711,-75.48141479492188,-74.09786987304688,-75.36690521240234,-76.40685272216797,-75.38897705078125,-75.5205078125,-75.3575439453125,-77.06771850585938,-77.69478607177734,-78.20381164550781,-77.51136016845703,-77.47657775878906,-76.70345306396484,-77.63951873779297,-79.3059310913086,-79.2293701171875,-78.87671661376953,-78.71760559082031,-80.5379867553711,-78.95498657226562,-78.09114074707031,-77.92793273925781,-77.517822265625,-79.12960052490234,-79.73125457763672,-78.37356567382812,-80.64508056640625,-81.41407012939453,-81.41455078125,-80.40309143066406,-79.81510925292969,-79.68727111816406,-80.19522857666016,-78.2330093383789,-76.9260025024414,-76.5164794921875,-78.77041625976562,-82.4446792602539,-83.78614044189453,-83.89618682861328,-83.31094360351562,0.0
-72.0990219116211,-71.33358764648438,-73.2955093383789,-74.63756561279297,-75.53894805908203,-74.45995330810547,-75.03451538085938,-76.5370101928711,-75.48141479492188,-74.09786987304688,-75.36690521240234,-76.40685272216797,-75.38897705078125,-75.5205078125,-75.3575439453125,-77.06771850585938,-77.69478607177734,-78.20381164550781,-77.51136016845703,-77.47657775878906,-76.70345306396484,-77.63951873779297,-79.3059310913086,-79.2293701171875,-78.87671661376953,-78.71760559082031,-80.5379867553711,-78.95498657226562,-78.09114074707031,-77.92793273925781,-77.517822265625,-79.12960052490234,-79.73125457763672,-78.37356567382812,-80.64508056640625,-81.41407012939453,-81.41455078125,-80.40309143066406,-79.81510925292969,-79.68727111816406,-80.19522857666016,-78.2330093383789,-76.9260025024414,-76.5164794921875,-78.77041625976562,-82.4446792602539,-83.78614044189453,-83.89618682861328,-83.31094360351562,-81.61516571044922,0.0
-71.33358764648438,-73.2955093383789,-74.63756561279297,-75.53894805908203,-74.45995330810547,-75.03451538085938,-76.5370101928711,-75.48141479492188,-74.09786987304688,-75.36690521240234,-76.40685272216797,-75.38897705078125,-75.5205078125,-75.3575439453125,-77.06771850585938,-77.69478607177734,-78.20381164550781,-77.51136016845703,-77.47657775878906,-76.70345306396484,-77.63951873779297,-79.3059310913086,-79.2293701171875,-78.87671661376953,-78.71760559082031,-80.5379867553711,-78.95498657226562,-78.09114074707031,-77.92793273925781,-77.517822265625,-79.12960052490234,-79.73125457763672,-78.37356567382812,-80.64508056640625,-81.41407012939453,-81.41455078125,-80.40309143066406,-79.81510925292969,-79.68727111816406,-80.19522857666016,-78.2330093383789,-76.9260025024414,-76.5164794921875,-78.77041625976562,-82.4446792602539,-83.78614044189453,-83.89618682861328,-83.31094360351562,-81.61516571044922,-83.02755737304688,1.0
-73.2955093383789,-74.63756561279297,-75.53894805908203,-74.45995330810547,-75.03451538085938,-76.5370101928711,-75.48141479492188,-74.09786987304688,-75.36690521240234,-76.40685272216797,-75.38897705078125,-75.5205078125,-75.3575439453125,-77.06771850585938,-77.69478607177734,-78.20381164550781,-77.51136016845703,-77.47657775878906,-76.70345306396484,-77.63951873779297,-79.3059310913086,-79.2293701171875,-78.87671661376953,-78.71760559082031,-80.5379867553711,-78.95498657226562,-78.09114074707031,-77.92793273925781,-77.517822265625,-79.12960052490234,-79.73125457763672,-78.37356567382812,-80.64508056640625,-81.41407012939453,-81.41455078125,-80.40309143066406,-79.81510925292969,-79.68727111816406,-80.19522857666016,-78.2330093383789,-76.9260025024414,-76.5164794921875,-78.77041625976562,-82.4446792602539,-83.78614044189453,-83.89618682861328,-83.31094360351562,-81.61516571044922,-83.02755737304688,-84.30696105957031,0.0
-74.63756561279297,-75.53894805908203,-74.45995330810547,-75.03451538085938,-76.5370101928711,-75.48141479492188,-74.09786987304688,-75.36690521240234,-76.40685272216797,-75.38897705078125,-75.5205078125,-75.3575439453125,-77.06771850585938,-77.69478607177734,-78.20381164550781,-77.51136016845703,-77.47657775878906,-76.70345306396484,-77.63951873779297,-79.3059310913086,-79.2293701171875,-78.87671661376953,-78.71760559082031,-80.5379867553711,-78.95498657226562,-78.09114074707031,-77.92793273925781,-77.517822265625,-79.12960052490234,-79.73125457763672,-78.37356567382812,-80.64508056640625,-81.41407012939453,-81.41455078125,-80.40309143066406,-79.81510925292969,-79.68727111816406,-80.19522857666016,-78.2330093383789,-76.9260025024414,-76.5164794921875,-78.77041625976562,-82.4446792602539,-83.78614044189453,-83.89618682861328,-83.31094360351562,-81.61516571044922,-83.02755737304688,-84.30696105957031,-84.84607696533203,1.0
-75.53894805908203,-74.45995330810547,-75.03451538085938,-76.5370101928711,-75.48141479492188,-74.09786987304688,-75.36690521240234,-76.40685272216797,-75.38897705078125,-75.5205078125,-75.3575439453125,-77.06771850585938,-77.69478607177734,-78.20381164550781,-77.51136016845703,-77.47657775878906,-76.70345306396484,-77.63951873779297,-79.3059310913086,-79.2293701171875,-78.87671661376953,-78.71760559082031,-80.5379867553711,-78.95498657226562,-78.09114074707031,-77.92793273925781,-77.517822265625,-79.12960052490234,-79.73125457763672,-78.37356567382812,-80.64508056640625,-81.41407012939453,-81.41455078125,-80.40309143066406,-79.81510925292969,-79.68727111816406,-80.19522857666016,-78.2330093383789,-76.9260025024414,-76.5164794921875,-78.77041625976562,-82.4446792602539,-83.78614044189453,-83.89618682861328,-83.31094360351562,-81.61516571044922,-83.02755737304688,-84.30696105957031,-84.84607696533203,-84.54145050048828,0.0
-74.45995330810547,-75.03451538085938,-76.5370101928711,-75.48141479492188,-74.09786987304688,-75.36690521240234,-76.40685272216797,-75.38897705078125,-75.5205078125,-75.3575439453125,-77.06771850585938,-77.69478607177734,-78.20381164550781,-77.51136016845703,-77.47657775878906,-76.70345306396484,-77.63951873779297,-79.3059310913086,-79.2293701171875,-78.87671661376953,-78.71760559082031,-80.5379867553711,-78.95498657226562,-78.09114074707031,-77.92793273925781,-77.517822265625,-79.12960052490234,-79.73125457763672,-78.37356567382812,-80.64508056640625,-81.41407012939453,-81.41455078125,-80.40309143066406,-79.81510925292969,-79.68727111816406,-80.19522857666016,-78.2330093383789,-76.9260025024414,-76.5164794921875,-78.77041625976562,-82.4446792602539,-83.78614044189453,-83.89618682861328,-83.31094360351562,-81.61516571044922,-83.02755737304688,-84.30696105957031,-84.84607696533203,-84.54145050048828,-84.75133514404297,0.0
-75.03451538085938,-76.5370101928711,-75.48141479492188,-74.09786987304688,-75.36690521240234,-76.40685272216797,-75.38897705078125,-75.5205078125,-75.3575439453125,-77.06771850585938,-77.69478607177734,-78.20381164550781,-77.51136016845703,-77.47657775878906,-76.70345306396484,-77.63951873779297,-79.3059310913086,-79.2293701171875,-78.87671661376953,-78.71760559082031,-80.5379867553711,-78.95498657226562,-78.09114074707031,-77.92793273925781,-77.517822265625,-79.12960052490234,-79.73125457763672,-78.37356567382812,-80.64508056640625,-81.41407012939453,-81.41455078125,-80.40309143066406,-79.81510925292969,-79.68727111816406,-80.19522857666016,-78.2330093383789,-76.9260025024414,-76.5164794921875,-78.77041625976562,-82.4446792602539,-83.78614044189453,-83.89618682861328,-83.31094360351562,-81.61516571044922,-83.02755737304688,-84.30696105957031,-84.84607696533203,-84.54145050048828,-84.75133514404297,-82.70439147949219,0.0
-76.5370101928711,-75.48141479492188,-74.09786987304688,-75.36690521240234,-76.40685272216797,-75.38897705078125,-75.5205078125,-75.3575439453125,-77.06771850585938,-77.69478607177734,-78.20381164550781,-77.51136016845703,-77.47657775878906,-76.70345306396484,-77.63951873779297,-79.3059310913086,-79.2293701171875,-78.87671661376953,-78.71760559082031,-80.5379867553711,-78.95498657226562,-78.09114074707031,-77.92793273925781,-77.517822265625,-79.12960052490234,-79.73125457763672,-78.37356567382812,-80.64508056640625,-81.41407012939453,-81.41455078125,-80.40309143066406,-79.81510925292969,-79.68727111816406,-80.19522857666016,-78.2330093383789,-76.9260025024414,-76.5164794921875,-78.77041625976562,-82.4446792602539,-83.78614044189453,-83.89618682861328,-83.31094360351562,-81.61516571044922,-83.02755737304688,-84.30696105957031,-84.84607696533203,-84.54145050048828,-84.75133514404297,-82.70439147949219,-81.40717315673828,0.0
-75.48141479492188,-74.09786987304688,-75.36690521240234,-76.40685272216797,-75.38897705078125,-75.5205078125,-75.3575439453125,-77.06771850585938,-77.69478607177734,-78.20381164550781,-77.51136016845703,-77.47657775878906,-76.70345306396484,-77.63951873779297,-79.3059310913086,-79.2293701171875,-78.87671661376953,-78.71760559082031,-80.5379867553711,-78.95498657226562,-78.09114074707031,-77.92793273925781,-77.517822265625,-79.12960052490234,-79.73125457763672,-78.37356567382812,-80.64508056640625,-81.41407012939453,-81.41455078125,-80.40309143066406,-79.81510925292969,-79.68727111816406,-80.19522857666016,-78.2330093383789,-76.9260025024414,-76.5164794921875,-78.77041625976562,-82.4446792602539,-83.78614044189453,-83.89618682861328,-83.31094360351562,-81.61516571044922,-83.02755737304688,-84.30696105957031,-84.84607696533203,-84.54145050048828,-84.75133514404297,-82.70439147949219,-81.40717315673828,-82.41221618652344,0.0
-74.09786987304688,-75.36690521240234,-76.40685272216797,-75.38897705078125,-75.5205078125,-75.3575439453125,-77.06771850585938,-77.69478607177734,-78.20381164550781,-77.51136016845703,-77.47657775878906,-76.70345306396484,-77.63951873779297,-79.3059310913086,-79.2293701171875,-78.87671661376953,-78.71760559082031,-80.5379867553711,-78.95498657226562,-78.09114074707031,-77.92793273925781,-77.517822265625,-79.12960052490234,-79.73125457763672,-78.37356567382812,-80.64508056640625,-81.41407012939453,-81.41455078125,-80.40309143066406,-79.81510925292969,-79.68727111816406,-80.19522857666016,-78.2330093383789,-76.9260025024414,-76.5164794921875,-78.77041625976562,-82.4446792602539,-83.78614044189453,-83.89618682861328,-83.31094360351562,-81.61516571044922,-83.02755737304688,-84.30696105957031,-84.84607696533203,-84.54145050048828,-84.75133514404297,-82.70439147949219,-81.40717315673828,-82.41221618652344,-80.96337890625,0.0
-75.36690521240234,-76.40685272216797,-75.38897705078125,-75.5205078125,-75.3575439453125,-77.06771850585938,-77.69478607177734,-78.20381164550781,-77.51136016845703,-77.47657775878906,-76.70345306396484,-77.63951873779297,-79.3059310913086,-79.2293701171875,-78.87671661376953,-78.71760559082031,-80.5379867553711,-78.95498657226562,-78.09114074707031,-77.92793273925781,-77.517822265625,-79.12960052490234,-79.73125457763672,-78.37356567382812,-80.64508056640625,-81.41407012939453,-81.41455078125,-80.40309143066406,-79.81510925292969,-79.68727111816406,-80.19522857666016,-78.2330093383789,-76.9260025024414,-76.5164794921875,-78.77041625976562,-82.4446792602539,-83.78614044189453,-83.89618682861328,-83.31094360351562,-81.61516571044922,-83.02755737304688,-84.30696105957031,-84.84607696533203,-84.54145050048828,-84.75133514404297,-82.70439147949219,-81.40717315673828,-82.41221618652344,-80.96337890625,-80.74380493164062,1.0
-76.40685272216797,-75.38897705078125,-75.5205078125,-75.3575439453125,-77.06771850585938,-77.69478607177734,-78.20381164550781,-77.51136016845703,-77.47657775878906,-76.70345306396484,-77.63951873779297,-79.3059310913086,-79.2293701171875,-78.87671661376953,-78.71760559082031,-80.5379867553711,-78.95498657226562,-78.09114074707031,-77.92793273925781,-77.517822265625,-79.12960052490234,-79.73125457763672,-78.37356567382812,-80.64508056640625,-81.41407012939453,-81.41455078125,-80.40309143066406,-79.81510925292969,-79.68727111816406,-80.19522857666016,-78.2330093383789,-76.9260025024414,-76.5164794921875,-78.77041625976562,-82.4446792602539,-83.78614044189453,-83.89618682861328,-83.31094360351562,-81.61516571044922,-83.02755737304688,-84.30696105957031,-84.84607696533203,-84.54145050048828,-84.75133514404297,-82.70439147949219,-81.40717315673828,-82.41221618652344,-80.96337890625,-80.74380493164062,-79.49998474121094,1.0
-75.38897705078125,-75.5205078125,-75.3575439453125,-77.06771850585938,-77.69478607177734,-78.20381164550781,-77.51136016845703,-77.47657775878906,-76.70345306396484,-77.63951873779297,-79.3059310913086,-79.2293701171875,-78.87671661376953,-78.71760559082031,-80.5379867553711,-78.95498657226562,-78.09114074707031,-77.92793273925781,-77.517822265625,-79.12960052490234,-79.73125457763672,-78.37356567382812,-80.64508056640625,-81.41407012939453,-81.41455078125,-80.40309143066406,-79.81510925292969,-79.68727111816406,-80.19522857666016,-78.2330093383789,-76.9260025024414,-76.5164794921875,-78.77041625976562,-82.4446792602539,-83.78614044189453,-83.89618682861328,-83.31094360351562,-81.61516571044922,-83.02755737304688,-84.30696105957031,-84.84607696533203,-84.54145050048828,-84.75133514404297,-82.70439147949219,-81.40717315673828,-82.41221618652344,-80.96337890625,-80.74380493164062,-79.49998474121094,-78.70525360107422,0.0
-75.5205078125,-75.3575439453125,-77.06771850585938,-77.69478607177734,-78.20381164550781,-77.51136016845703,-77.47657775878906,-76.70345306396484,-77.63951873779297,-79.3059310913086,-79.2293701171875,-78.87671661376953,-78.71760559082031,-80.5379867553711,-78.95498657226562,-78.09114074707031,-77.92793273925781,-77.517822265625,-79.12960052490234,-79.73125457763672,-78.37356567382812,-80.64508056640625,-81.41407012939453,-81.41455078125,-80.40309143066406,-79.81510925292969,-79.68727111816406,-80.19522857666016,-78.2330093383789,-76.9260025024414,-76.5164794921875,-78.77041625976562,-82.4446792602539,-83.78614044189453,-83.89618682861328,-83.31094360351562,-81.61516571044922,-83.02755737304688,-84.30696105957031,-84.84607696533203,-84.54145050048828,-84.75133514404297,-82.70439147949219,-81.40717315673828,-82.41221618652344,-80.96337890625,-80.74380493164062,-79.49998474121094,-78.70525360107422,-78.87439727783203,0.0
-75.3575439453125,-77.06771850585938,-77.69478607177734,-78.20381164550781,-77.51136016845703,-77.47657775878906,-76.70345306396484,-77.63951873779297,-79.3059310913086,-79.2293701171875,-78.87671661376953,-78.71760559082031,-80.5379867553711,-78.95498657226562,-78.09114074707031,-77.92793273925781,-77.517822265625,-79.12960052490234,-79.73125457763672,-78.37356567382812,-80.64508056640625,-81.41407012939453,-81.41455078125,-80.40309143066406,-79.81510925292969,-79.68727111816406,-80.19522857666016,-78.2330093383789,-76.9260025024414,-76.5164794921875,-78.77041625976562,-82.4446792602539,-83.78614044189453,-83.89618682861328,-83.31094360351562,-81.61516571044922,-83.02755737304688,-84.30696105957031,-84.84607696533203,-84.54145050048828,-84.75133514404297,-82.70439147949219,-81.40717315673828,-82.41221618652344,-80.96337890625,-80.74380493164062,-79.49998474121094,-78.70525360107422,-78.87439727783203,-78.13430786132812,0.0
-77.06771850585938,-77.69478607177734,-78.20381164550781,-77.51136016845703,-77.47657775878906,-76.70345306396484,-77.63951873779297,-79.3059310913086,-79.2293701171875,-78.87671661376953,-78.71760559082031,-80.5379867553711,-78.95498657226562,-78.09114074707031,-77.92793273925781,-77.517822265625,-79.12960052490234,-79.73125457763672,-78.37356567382812,-80.64508056640625,-81.41407012939453,-81.41455078125,-80.40309143066406,-79.81510925292969,-79.68727111816406,-80.19522857666016,-78.2330093383789,-76.9260025024414,-76.5164794921875,-78.77041625976562,-82.4446792602539,-83.78614044189453,-83.89618682861328,-83.31094360351562,-81.61516571044922,-83.02755737304688,-84.30696105957031,-84.84607696533203,-84.54145050048828,-84.75133514404297,-82.70439147949219,-81.40717315673828,-82.41221618652344,-80.96337890625,-80.74380493164062,-79.49998474121094,-78.70525360107422,-78.87439727783203,-78.13430786132812,-78.50196075439453,0.0
-77.69478607177734,-78.20381164550781,-77.51136016845703,-77.47657775878906,-76.70345306396484,-77.63951873779297,-79.3059310913086,-79.2293701171875,-78.87671661376953,-78.71760559082031,-80.5379867553711,-78.95498657226562,-78.09114074707031,-77.92793273925781,-77.517822265625,-79.12960052490234,-79.73125457763672,-78.37356567382812,-80.64508056640625,-81.41407012939453,-81.41455078125,-80.40309143066406,-79.81510925292969,-79.68727111816406,-80.19522857666016,-78.2330093383789,-76.9260025024414,-76.5164794921875,-78.77041625976562,-82.4446792602539,-83.78614044189453,-83.89618682861328,-83.31094360351562,-81.61516571044922,-83.02755737304688,-84.30696105957031,-84.84607696533203,-84.54145050048828,-84.75133514404297,-82.70439147949219,-81.40717315673828,-82.41221618652344,-80.96337890625,-80.74380493164062,-79.49998474121094,-78.70525360107422,-78.87439727783203,-78.13430786132812,-78.50196075439453,-79.28410339355469,0.0
-78.20381164550781,-77.51136016845703,-77.47657775878906,-76.70345306396484,-77.63951873779297,-79.3059310913086,-79.2293701171875,-78.87671661376953,-78.71760559082031,-80.5379867553711,-78.95498657226562,-78.09114074707031,-77.92793273925781,-77.517822265625,-79.12960052490234,-79.73125457763672,-78.37356567382812,-80.64508056640625,-81.41407012939453,-81.41455078125,-80.40309143066406,-79.81510925292969,-79.68727111816406,-80.19522857666016,-78.2330093383789,-76.9260025024414,-76.5164794921875,-78.77041625976562,-82.4446792602539,-83.78614044189453,-83.89618682861328,-83.31094360351562,-81.61516571044922,-83.02755737304688,-84.30696105957031,-84.84607696533203,-84.54145050048828,-84.75133514404297,-82.70439147949219,-81.40717315673828,-82.41221618652344,-80.96337890625,-80.74380493164062,-79.49998474121094,-78.70525360107422,-78.87439727783203,-78.13430786132812,-78.50196075439453,-79.28410339355469,-81.45842742919922,1.0
-77.51136016845703,-77.47657775878906,-76.70345306396484,-77.63951873779297,-79.3059310913086,-79.2293701171875,-78.87671661376953,-78.71760559082031,-80.5379867553711,-78.95498657226562,-78.09114074707031,-77.92793273925781,-77.517822265625,-79.12960052490234,-79.73125457763672,-78.37356567382812,-80.64508056640625,-81.41407012939453,-81.41455078125,-80.40309143066406,-79.81510925292969,-79.68727111816406,-80.19522857666016,-78.2330093383789,-76.9260025024414,-76.5164794921875,-78.77041625976562,-82.4446792602539,-83.78614044189453,-83.89618682861328,-83.31094360351562,-81.61516571044922,-83.02755737304688,-84.30696105957031,-84.84607696533203,-84.54145050048828,-84.75133514404297,-82.70439147949219,-81.40717315673828,-82.41221618652344,-80.96337890625,-80.74380493164062,-79.49998474121094,-78.70525360107422,-78.87439727783203,-78.13430786132812,-78.50196075439453,-79.28410339355469,-81.45842742919922,-83.53076171875,0.0
-77.47657775878906,-76.70345306396484,-77.63951873779297,-79.3059310913086,-79.2293701171875,-78.87671661376953,-78.71760559082031,-80.5379867553711,-78.95498657226562,-78.09114074707031,-77.92793273925781,-77.517822265625,-79.12960052490234,-79.73125457763672,-78.37356567382812,-80.64508056640625,-81.41407012939453,-81.41455078125,-80.40309143066406,-79.81510925292969,-79.68727111816406,-80.19522857666016,-78.2330093383789,-76.9260025024414,-76.5164794921875,-78.77041625976562,-82.4446792602539,-83.78614044189453,-83.89618682861328,-83.31094360351562,-81.61516571044922,-83.02755737304688,-84.30696105957031,-84.84607696533203,-84.54145050048828,-84.75133514404297,-82.70439147949219,-81.40717315673828,-82.41221618652344,-80.96337890625,-80.74380493164062,-79.49998474121094,-78.70525360107422,-78.87439727783203,-78.13430786132812,-78.50196075439453,-79.28410339355469,-81.45842742919922,-83.53076171875,-83.48434448242188,1.0
-76.70345306396484,-77.63951873779297,-79.3059310913086,-79.2293701171875,-78.87671661376953,-78.71760559082031,-80.5379867553711,-78.95498657226562,-78.09114074707031,-77.92793273925781,-77.517822265625,-79.12960052490234,-79.73125457763672,-78.37356567382812,-80.64508056640625,-81.41407012939453,-81.41455078125,-80.40309143066406,-79.81510925292969,-79.68727111816406,-80.19522857666016,-78.2330093383789,-76.9260025024414,-76.5164794921875,-78.77041625976562,-82.4446792602539,-83.78614044189453,-83.89618682861328,-83.31094360351562,-81.61516571044922,-83.02755737304688,-84.30696105957031,-84.84607696533203,-84.54145050048828,-84.75133514404297,-82.70439147949219,-81.40717315673828,-82.41221618652344,-80.96337890625,-80.74380493164062,-79.49998474121094,-78.70525360107422,-78.87439727783203,-78.13430786132812,-78.50196075439453,-79.28410339355469,-81.45842742919922,-83.53076171875,-83.48434448242188,-83.54115295410156,1.0
-77.63951873779297,-79.3059310913086,-79.2293701171875,-78.87671661376953,-78.71760559082031,-80.5379867553711,-78.95498657226562,-78.09114074707031,-77.92793273925781,-77.517822265625,-79.12960052490234,-79.73125457763672,-78.37356567382812,-80.64508056640625,-81.41407012939453,-81.41455078125,-80.40309143066406,-79.81510925292969,-79.68727111816406,-80.19522857666016,-78.2330093383789,-76.9260025024414,-76.5164794921875,-78.77041625976562,-82.4446792602539,-83.78614044189453,-83.89618682861328,-83.31094360351562,-81.61516571044922,-83.02755737304688,-84.30696105957031,-84.84607696533203,-84.54145050048828,-84.75133514404297,-82.70439147949219,-81.40717315673828,-82.41221618652344,-80.96337890625,-80.74380493164062,-79.49998474121094,-78.70525360107422,-78.87439727783203,-78.13430786132812,-78.50196075439453,-79.28410339355469,-81.45842742919922,-83.53076171875,-83.48434448242188,-83.54115295410156,-83.2131118774414,1.0
-79.3059310913086,-79.2293701171875,-78.87671661376953,-78.71760559082031,-80.5379867553711,-78.95498657226562,-78.09114074707031,-77.92793273925781,-77.517822265625,-79.12960052490234,-79.73125457763672,-78.37356567382812,-80.64508056640625,-81.41407012939453,-81.41455078125,-80.40309143066406,-79.81510925292969,-79.68727111816406,-80.19522857666016,-78.2330093383789,-76.9260025024414,-76.5164794921875,-78.77041625976562,-82.4446792602539,-83.78614044189453,-83.89618682861328,-83.31094360351562,-81.61516571044922,-83.02755737304688,-84.30696105957031,-84.84607696533203,-84.54145050048828,-84.75133514404297,-82.70439147949219,-81.40717315673828,-82.41221618652344,-80.96337890625,-80.74380493164062,-79.49998474121094,-78.70525360107422,-78.87439727783203,-78.13430786132812,-78.50196075439453,-79.28410339355469,-81.45842742919922,-83.53076171875,-83.48434448242188,-83.54115295410156,-83.2131118774414,-83.05703735351562,0.0
-79.2293701171875,-78.87671661376953,-78.71760559082031,-80.5379867553711,-78.95498657226562,-78.09114074707031,-77.92793273925781,-77.517822265625,-79.12960052490234,-79.73125457763672,-78.37356567382812,-80.64508056640625,-81.41407012939453,-81.41455078125,-80.40309143066406,-79.81510925292969,-79.68727111816406,-80.19522857666016,-78.2330093383789,-76.9260025024414,-76.5164794921875,-78.77041625976562,-82.4446792602539,-83.78614044189453,-83.89618682861328,-83.31094360351562,-81.61516571044922,-83.02755737304688,-84.30696105957031,-84.84607696533203,-84.54145050048828,-84.75133514404297,-82.70439147949219,-81.40717315673828,-82.41221618652344,-80.96337890625,-80.74380493164062,-79.49998474121094,-78.70525360107422,-78.87439727783203,-78.13430786132812,-78.50196075439453,-79.28410339355469,-81.45842742919922,-83.53076171875,-83.48434448242188,-83.54115295410156,-83.2131118774414,-83.05703735351562,-83.55196380615234,0.0
-78.87671661376953,-78.71760559082031,-80.5379867553711,-78.95498657226562,-78.09114074707031,-77.92793273925781,-77.517822265625,-79.12960052490234,-79.73125457763672,-78.37356567382812,-80.64508056640625,-81.41407012939453,-81.41455078125,-80.40309143066406,-79.81510925292969,-79.68727111816406,-80.19522857666016,-78.2330093383789,-76.9260025024414,-76.5164794921875,-78.77041625976562,-82.4446792602539,-83.78614044189453,-83.89618682861328,-83.31094360351562,-81.61516571044922,-83.02755737304688,-84.30696105957031,-84.84607696533203,-84.54145050048828,-84.75133514404297,-82.70439147949219,-81.40717315673828,-82.41221618652344,-80.96337890625,-80.74380493164062,-79.49998474121094,-78.70525360107422,-78.87439727783203,-78.13430786132812,-78.50196075439453,-79.28410339355469,-81.45842742919922,-83.53076171875,-83.48434448242188,-83.54115295410156,-83.2131118774414,-83.05703735351562,-83.55196380615234,-82.12105560302734,0.0
-78.71760559082031,-80.5379867553711,-78.95498657226562,-78.09114074707031,-77.92793273925781,-77.517822265625,-79.12960052490234,-79.73125457763672,-78.37356567382812,-80.64508056640625,-81.41407012939453,-81.41455078125,-80.40309143066406,-79.81510925292969,-79.68727111816406,-80.19522857666016,-78.2330093383789,-76.9260025024414,-76.5164794921875,-78.77041625976562,-82.4446792602539,-83.78614044189453,-83.89618682861328,-83.31094360351562,-81.61516571044922,-83.02755737304688,-84.30696105957031,-84.84607696533203,-84.54145050048828,-84.75133514404297,-82.70439147949219,-81.40717315673828,-82.41221618652344,-80.96337890625,-80.74380493164062,-79.49998474121094,-78.70525360107422,-78.87439727783203,-78.13430786132812,-78.50196075439453,-79.28410339355469,-81.45842742919922,-83.53076171875,-83.48434448242188,-83.54115295410156,-83.2131118774414,-83.05703735351562,-83.55196380615234,-82.12105560302734,-82.54783630371094,0.0
-80.5379867553711,-78.95498657226562,-78.09114074707031,-77.92793273925781,-77.517822265625,-79.12960052490234,-79.73125457763672,-78.37356567382812,-80.64508056640625,-81.41407012939453,-81.41455078125,-80.40309143066406,-79.81510925292969,-79.68727111816406,-80.19522857666016,-78.2330093383789,-76.9260025024414,-76.5164794921875,-78.77041625976562,-82.4446792602539,-83.78614044189453,-83.89618682861328,-83.31094360351562,-81.61516571044922,-83.02755737304688,-84.30696105957031,-84.84607696533203,-84.54145050048828,-84.75133514404297,-82.70439147949219,-81.40717315673828,-82.41221618652344,-80.96337890625,-80.74380493164062,-79.49998474121094,-78.70525360107422,-78.87439727783203,-78.13430786132812,-78.50196075439453,-79.28410339355469,-81.45842742919922,-83.53076171875,-83.48434448242188,-83.54115295410156,-83.2131118774414,-83.05703735351562,-83.55196380615234,-82.12105560302734,-82.54783630371094,-83.59503173828125,0.0
-78.95498657226562,-78.09114074707031,-77.92793273925781,-77.517822265625,-79.12960052490234,-79.73125457763672,-78.37356567382812,-80.64508056640625,-81.41407012939453,-81.41455078125,-80.40309143066406,-79.81510925292969,-79.68727111816406,-80.19522857666016,-78.2330093383789,-76.9260025024414,-76.5164794921875,-78.77041625976562,-82.4446792602539,-83.78614044189453,-83.89618682861328,-83.31094360351562,-81.61516571044922,-83.02755737304688,-84.30696105957031,-84.84607696533203,-84.54145050048828,-84.75133514404297,-82.70439147949219,-81.40717315673828,-82.41221618652344,-80.96337890625,-80.74380493164062,-79.49998474121094,-78.70525360107422,-78.87439727783203,-78.13430786132812,-78.50196075439453,-79.28410339355469,-81.45842742919922,-83.53076171875,-83.48434448242188,-83.54115295410156,-83.2131118774414,-83.05703735351562,-83.55196380615234,-82.12105560302734,-82.54783630371094,-83.59503173828125,-84.14700317382812,0.0
-78.09114074707031,-77.92793273925781,-77.517822265625,-79.12960052490234,-79.73125457763672,-78.37356567382812,-80.64508056640625,-81.41407012939453,-81.41455078125,-80.40309143066406,-79.81510925292969,-79.68727111816406,-80.19522857666016,-78.2330093383789,-76.9260025024414,-76.5164794921875,-78.77041625976562,-82.4446792602539,-83.78614044189453,-83.89618682861328,-83.31094360351562,-81.61516571044922,-83.02755737304688,-84.30696105957031,-84.84607696533203,-84.54145050048828,-84.75133514404297,-82.70439147949219,-81.40717315673828,-82.41221618652344,-80.96337890625,-80.74380493164062,-79.49998474121094,-78.70525360107422,-78.87439727783203,-78.13430786132812,-78.50196075439453,-79.28410339355469,-81.45842742919922,-83.53076171875,-83.48434448242188,-83.54115295410156,-83.2131118774414,-83.05703735351562,-83.55196380615234,-82.12105560302734,-82.54783630371094,-83.59503173828125,-84.14700317382812,-82.4643325805664,0.0
-77.92793273925781,-77.517822265625,-79.12960052490234,-79.73125457763672,-78.37356567382812,-80.64508056640625,-81.41407012939453,-81.41455078125,-80.40309143066406,-79.81510925292969,-79.68727111816406,-80.19522857666016,-78.2330093383789,-76.9260025024414,-76.5164794921875,-78.77041625976562,-82.4446792602539,-83.78614044189453,-83.89618682861328,-83.31094360351562,-81.61516571044922,-83.02755737304688,-84.30696105957031,-84.84607696533203,-84.54145050048828,-84.75133514404297,-82.70439147949219,-81.40717315673828,-82.41221618652344,-80.96337890625,-80.74380493164062,-79.49998474121094,-78.70525360107422,-78.87439727783203,-78.13430786132812,-78.50196075439453,-79.28410339355469,-81.45842742919922,-83.53076171875,-83.48434448242188,-83.54115295410156,-83.2131118774414,-83.05703735351562,-83.55196380615234,-82.12105560302734,-82.54783630371094,-83.59503173828125,-84.14700317382812,-82.4643325805664,-82.69368743896484,0.0
-77.517822265625,-79.12960052490234,-79.73125457763672,-78.37356567382812,-80.64508056640625,-81.41407012939453,-81.41455078125,-80.40309143066406,-79.81510925292969,-79.68727111816406,-80.19522857666016,-78.2330093383789,-76.9260025024414,-76.5164794921875,-78.77041625976562,-82.4446792602539,-83.78614044189453,-83.89618682861328,-83.31094360351562,-81.61516571044922,-83.02755737304688,-84.30696105957031,-84.84607696533203,-84.54145050048828,-84.75133514404297,-82.70439147949219,-81.40717315673828,-82.41221618652344,-80.96337890625,-80.74380493164062,-79.49998474121094,-78.70525360107422,-78.87439727783203,-78.13430786132812,-78.50196075439453,-79.28410339355469,-81.45842742919922,-83.53076171875,-83.48434448242188,-83.54115295410156,-83.2131118774414,-83.05703735351562,-83.55196380615234,-82.12105560302734,-82.54783630371094,-83.59503173828125,-84.14700317382812,-82.4643325805664,-82.69368743896484,-83.63627624511719,1.0
-79.12960052490234,-79.73125457763672,-78.37356567382812,-80.64508056640625,-81.41407012939453,-81.41455078125,-80.40309143066406,-79.81510925292969,-79.68727111816406,-80.19522857666016,-78.2330093383789,-76.9260025024414,-76.5164794921875,-78.77041625976562,-82.4446792602539,-83.78614044189453,-83.89618682861328,-83.31094360351562,-81.61516571044922,-83.02755737304688,-84.30696105957031,-84.84607696533203,-84.54145050048828,-84.75133514404297,-82.70439147949219,-81.40717315673828,-82.41221618652344,-80.96337890625,-80.74380493164062,-79.49998474121094,-78.70525360107422,-78.87439727783203,-78.13430786132812,-78.50196075439453,-79.28410339355469,-81.45842742919922,-83.53076171875,-83.48434448242188,-83.54115295410156,-83.2131118774414,-83.05703735351562,-83.55196380615234,-82.12105560302734,-82.54783630371094,-83.59503173828125,-84.14700317382812,-82.4643325805664,-82.69368743896484,-83.63627624511719,-83.68640899658203,1.0
-79.73125457763672,-78.37356567382812,-80.64508056640625,-81.41407012939453,-81.41455078125,-80.40309143066406,-79.81510925292969,-79.68727111816406,-80.19522857666016,-78.2330093383789,-76.9260025024414,-76.5164794921875,-78.77041625976562,-82.4446792602539,-83.78614044189453,-83.89618682861328,-83.31094360351562,-81.61516571044922,-83.02755737304688,-84.30696105957031,-84.84607696533203,-84.54145050048828,-84.75133514404297,-82.70439147949219,-81.40717315673828,-82.41221618652344,-80.96337890625,-80.74380493164062,-79.49998474121094,-78.70525360107422,-78.87439727783203,-78.13430786132812,-78.50196075439453,-79.28410339355469,-81.45842742919922,-83.53076171875,-83.48434448242188,-83.54115295410156,-83.2131118774414,-83.05703735351562,-83.55196380615234,-82.12105560302734,-82.54783630371094,-83.59503173828125,-84.14700317382812,-82.4643325805664,-82.69368743896484,-83.63627624511719,-83.68640899658203,-82.1546630859375,0.0
-78.37356567382812,-80.64508056640625,-81.41407012939453,-81.41455078125,-80.40309143066406,-79.81510925292969,-79.68727111816406,-80.19522857666016,-78.2330093383789,-76.9260025024414,-76.5164794921875,-78.77041625976562,-82.4446792602539,-83.78614044189453,-83.89618682861328,-83.31094360351562,-81.61516571044922,-83.02755737304688,-84.30696105957031,-84.84607696533203,-84.54145050048828,-84.75133514404297,-82.70439147949219,-81.40717315673828,-82.41221618652344,-80.96337890625,-80.74380493164062,-79.49998474121094,-78.70525360107422,-78.87439727783203,-78.13430786132812,-78.50196075439453,-79.28410339355469,-81.45842742919922,-83.53076171875,-83.48434448242188,-83.54115295410156,-83.2131118774414,-83.05703735351562,-83.55196380615234,-82.12105560302734,-82.54783630371094,-83.59503173828125,-84.14700317382812,-82.4643325805664,-82.69368743896484,-83.63627624511719,-83.68640899658203,-82.1546630859375,-81.20393371582031,0.0
-80.64508056640625,-81.41407012939453,-81.41455078125,-80.40309143066406,-79.81510925292969,-79.68727111816406,-80.19522857666016,-78.2330093383789,-76.9260025024414,-76.5164794921875,-78.77041625976562,-82.4446792602539,-83.78614044189453,-83.89618682861328,-83.31094360351562,-81.61516571044922,-83.02755737304688,-84.30696105957031,-84.84607696533203,-84.54145050048828,-84.75133514404297,-82.70439147949219,-81.40717315673828,-82.41221618652344,-80.96337890625,-80.74380493164062,-79.49998474121094,-78.70525360107422,-78.87439727783203,-78.13430786132812,-78.50196075439453,-79.28410339355469,-81.45842742919922,-83.53076171875,-83.48434448242188,-83.54115295410156,-83.2131118774414,-83.05703735351562,-83.55196380615234,-82.12105560302734,-82.54783630371094,-83.59503173828125,-84.14700317382812,-82.4643325805664,-82.69368743896484,-83.63627624511719,-83.68640899658203,-82.1546630859375,-81.20393371582031,-82.2903823852539,0.0
-81.41407012939453,-81.41455078125,-80.40309143066406,-79.81510925292969,-79.68727111816406,-80.19522857666016,-78.2330093383789,-76.9260025024414,-76.5164794921875,-78.77041625976562,-82.4446792602539,-83.78614044189453,-83.89618682861328,-83.31094360351562,-81.61516571044922,-83.02755737304688,-84.30696105957031,-84.84607696533203,-84.54145050048828,-84.75133514404297,-82.70439147949219,-81.40717315673828,-82.41221618652344,-80.96337890625,-80.74380493164062,-79.49998474121094,-78.70525360107422,-78.87439727783203,-78.13430786132812,-78.50196075439453,-79.28410339355469,-81.45842742919922,-83.53076171875,-83.48434448242188,-83.54115295410156,-83.2131118774414,-83.05703735351562,-83.55196380615234,-82.12105560302734,-82.54783630371094,-83.59503173828125,-84.14700317382812,-82.4643325805664,-82.69368743896484,-83.63627624511719,-83.68640899658203,-82.1546630859375,-81.20393371582031,-82.2903823852539,-83.1168441772461,0.0
-81.41455078125,-80.40309143066406,-79.81510925292969,-79.68727111816406,-80.19522857666016,-78.2330093383789,-76.9260025024414,-76.5164794921875,-78.77041625976562,-82.4446792602539,-83.78614044189453,-83.89618682861328,-83.31094360351562,-81.61516571044922,-83.02755737304688,-84.30696105957031,-84.84607696533203,-84.54145050048828,-84.75133514404297,-82.70439147949219,-81.40717315673828,-82.41221618652344,-80.96337890625,-80.74380493164062,-79.49998474121094,-78.70525360107422,-78.87439727783203,-78.13430786132812,-78.50196075439453,-79.28410339355469,-81.45842742919922,-83.53076171875,-83.48434448242188,-83.54115295410156,-83.2131118774414,-83.05703735351562,-83.55196380615234,-82.12105560302734,-82.54783630371094,-83.59503173828125,-84.14700317382812,-82.4643325805664,-82.69368743896484,-83.63627624511719,-83.68640899658203,-82.1546630859375,-81.20393371582031,-82.2903823852539,-83.1168441772461,-83.38146209716797,0.0
-80.40309143066406,-79.81510925292969,-79.68727111816406,-80.19522857666016,-78.2330093383789,-76.9260025024414,-76.5164794921875,-78.77041625976562,-82.4446792602539,-83.78614044189453,-83.89618682861328,-83.31094360351562,-81.61516571044922,-83.02755737304688,-84.30696105957031,-84.84607696533203,-84.54145050048828,-84.75133514404297,-82.70439147949219,-81.40717315673828,-82.41221618652344,-80.96337890625,-80.74380493164062,-79.49998474121094,-78.70525360107422,-78.87439727783203,-78.13430786132812,-78.50196075439453,-79.28410339355469,-81.45842742919922,-83.53076171875,-83.48434448242188,-83.54115295410156,-83.2131118774414,-83.05703735351562,-83.55196380615234,-82.12105560302734,-82.54783630371094,-83.59503173828125,-84.14700317382812,-82.4643325805664,-82.69368743896484,-83.63627624511719,-83.68640899658203,-82.1546630859375,-81.20393371582031,-82.2903823852539,-83.1168441772461,-83.38146209716797,-83.384521484375,0.0
-79.81510925292969,-79.68727111816406,-80.19522857666016,-78.2330093383789,-76.9260025024414,-76.5164794921875,-78.77041625976562,-82.4446792602539,-83.78614044189453,-83.89618682861328,-83.31094360351562,-81.61516571044922,-83.02755737304688,-84.30696105957031,-84.84607696533203,-84.54145050048828,-84.75133514404297,-82.70439147949219,-81.40717315673828,-82.41221618652344,-80.96337890625,-80.74380493164062,-79.49998474121094,-78.70525360107422,-78.87439727783203,-78.13430786132812,-78.50196075439453,-79.28410339355469,-81.45842742919922,-83.53076171875,-83.48434448242188,-83.54115295410156,-83.2131118774414,-83.05703735351562,-83.55196380615234,-82.12105560302734,-82.54783630371094,-83.59503173828125,-84.14700317382812,-82.4643325805664,-82.69368743896484,-83.63627624511719,-83.68640899658203,-82.1546630859375,-81.20393371582031,-82.2903823852539,-83.1168441772461,-83.38146209716797,-83.384521484375,-81.96513366699219,0.0
-79.68727111816406,-80.19522857666016,-78.2330093383789,-76.9260025024414,-76.5164794921875,-78.77041625976562,-82.4446792602539,-83.78614044189453,-83.89618682861328,-83.31094360351562,-81.61516571044922,-83.02755737304688,-84.30696105957031,-84.84607696533203,-84.54145050048828,-84.75133514404297,-82.70439147949219,-81.40717315673828,-82.41221618652344,-80.96337890625,-80.74380493164062,-79.49998474121094,-78.70525360107422,-78.87439727783203,-78.13430786132812,-78.50196075439453,-79.28410339355469,-81.45842742919922,-83.53076171875,-83.48434448242188,-83.54115295410156,-83.2131118774414,-83.05703735351562,-83.55196380615234,-82.12105560302734,-82.54783630371094,-83.59503173828125,-84.14700317382812,-82.4643325805664,-82.69368743896484,-83.63627624511719,-83.68640899658203,-82.1546630859375,-81.20393371582031,-82.2903823852539,-83.1168441772461,-83.38146209716797,-83.384521484375,-81.96513366699219,-81.08576965332031,0.0
-80.19522857666016,-78.2330093383789,-76.9260025024414,-76.5164794921875,-78.77041625976562,-82.4446792602539,-83.78614044189453,-83.89618682861328,-83.31094360351562,-81.61516571044922,-83.02755737304688,-84.30696105957031,-84.84607696533203,-84.54145050048828,-84.75133514404297,-82.70439147949219,-81.40717315673828,-82.41221618652344,-80.96337890625,-80.74380493164062,-79.49998474121094,-78.70525360107422,-78.87439727783203,-78.13430786132812,-78.50196075439453,-79.28410339355469,-81.45842742919922,-83.53076171875,-83.48434448242188,-83.54115295410156,-83.2131118774414,-83.05703735351562,-83.55196380615234,-82.12105560302734,-82.54783630371094,-83.59503173828125,-84.14700317382812,-82.4643325805664,-82.69368743896484,-83.63627624511719,-83.68640899658203,-82.1546630859375,-81.20393371582031,-82.2903823852539,-83.1168441772461,-83.38146209716797,-83.384521484375,-81.96513366699219,-81.08576965332031,-80.83183288574219,0.0
-78.2330093383789,-76.9260025024414,-76.5164794921875,-78.77041625976562,-82.4446792602539,-83.78614044189453,-83.89618682861328,-83.31094360351562,-81.61516571044922,-83.02755737304688,-84.30696105957031,-84.84607696533203,-84.54145050048828,-84.75133514404297,-82.70439147949219,-81.40717315673828,-82.41221618652344,-80.96337890625,-80.74380493164062,-79.49998474121094,-78.70525360107422,-78.87439727783203,-78.13430786132812,-78.50196075439453,-79.28410339355469,-81.45842742919922,-83.53076171875,-83.48434448242188,-83.54115295410156,-83.2131118774414,-83.05703735351562,-83.55196380615234,-82.12105560302734,-82.54783630371094,-83.59503173828125,-84.14700317382812,-82.4643325805664,-82.69368743896484,-83.63627624511719,-83.68640899658203,-82.1546630859375,-81.20393371582031,-82.2903823852539,-83.1168441772461,-83.38146209716797,-83.384521484375,-81.96513366699219,-81.08576965332031,-80.83183288574219,-80.82524871826172,0.0
-76.9260025024414,-76.5164794921875,-78.77041625976562,-82.4446792602539,-83.78614044189453,-83.89618682861328,-83.31094360351562,-81.61516571044922,-83.02755737304688,-84.30696105957031,-84.84607696533203,-84.54145050048828,-84.75133514404297,-82.70439147949219,-81.40717315673828,-82.41221618652344,-80.96337890625,-80.74380493164062,-79.49998474121094,-78.70525360107422,-78.87439727783203,-78.13430786132812,-78.50196075439453,-79.28410339355469,-81.45842742919922,-83.53076171875,-83.48434448242188,-83.54115295410156,-83.2131118774414,-83.05703735351562,-83.55196380615234,-82.12105560302734,-82.54783630371094,-83.59503173828125,-84.14700317382812,-82.4643325805664,-82.69368743896484,-83.63627624511719,-83.68640899658203,-82.1546630859375,-81.20393371582031,-82.2903823852539,-83.1168441772461,-83.38146209716797,-83.384521484375,-81.96513366699219,-81.08576965332031,-80.83183288574219,-80.82524871826172,-80.84800720214844,0.0
-76.5164794921875,-78.77041625976562,-82.4446792602539,-83.78614044189453,-83.89618682861328,-83.31094360351562,-81.61516571044922,-83.02755737304688,-84.30696105957031,-84.84607696533203,-84.54145050048828,-84.75133514404297,-82.70439147949219,-81.40717315673828,-82.41221618652344,-80.96337890625,-80.74380493164062,-79.49998474121094,-78.70525360107422,-78.87439727783203,-78.13430786132812,-78.50196075439453,-79.28410339355469,-81.45842742919922,-83.53076171875,-83.48434448242188,-83.54115295410156,-83.2131118774414,-83.05703735351562,-83.55196380615234,-82.12105560302734,-82.54783630371094,-83.59503173828125,-84.14700317382812,-82.4643325805664,-82.69368743896484,-83.63627624511719,-83.68640899658203,-82.1546630859375,-81.20393371582031,-82.2903823852539,-83.1168441772461,-83.38146209716797,-83.384521484375,-81.96513366699219,-81.08576965332031,-80.83183288574219,-80.82524871826172,-80.84800720214844,-80.84002685546875,0.0
-78.77041625976562,-82.4446792602539,-83.78614044189453,-83.89618682861328,-83.31094360351562,-81.61516571044922,-83.02755737304688,-84.30696105957031,-84.84607696533203,-84.54145050048828,-84.75133514404297,-82.70439147949219,-81.40717315673828,-82.41221618652344,-80.96337890625,-80.74380493164062,-79.49998474121094,-78.70525360107422,-78.87439727783203,-78.13430786132812,-78.50196075439453,-79.28410339355469,-81.45842742919922,-83.53076171875,-83.48434448242188,-83.54115295410156,-83.2131118774414,-83.05703735351562,-83.55196380615234,-82.12105560302734,-82.54783630371094,-83.59503173828125,-84.14700317382812,-82.4643325805664,-82.69368743896484,-83.63627624511719,-83.68640899658203,-82.1546630859375,-81.20393371582031,-82.2903823852539,-83.1168441772461,-83.38146209716797,-83.384521484375,-81.96513366699219,-81.08576965332031,-80.83183288574219,-80.82524871826172,-80.84800720214844,-80.84002685546875,-80.8056869506836,0.0
-82.4446792602539,-83.78614044189453,-83.89618682861328,-83.31094360351562,-81.61516571044922,-83.02755737304688,-84.30696105957031,-84.84607696533203,-84.54145050048828,-84.75133514404297,-82.70439147949219,-81.40717315673828,-82.41221618652344,-80.96337890625,-80.74380493164062,-79.49998474121094,-78.70525360107422,-78.87439727783203,-78.13430786132812,-78.50196075439453,-79.28410339355469,-81.45842742919922,-83.53076171875,-83.48434448242188,-83.54115295410156,-83.2131118774414,-83.05703735351562,-83.55196380615234,-82.12105560302734,-82.54783630371094,-83.59503173828125,-84.14700317382812,-82.4643325805664,-82.69368743896484,-83.63627624511719,-83.68640899658203,-82.1546630859375,-81.20393371582031,-82.2903823852539,-83.1168441772461,-83.38146209716797,-83.384521484375,-81.96513366699219,-81.08576965332031,-80.83183288574219,-80.82524871826172,-80.84800720214844,-80.84002685546875,-80.8056869506836,-82.13182830810547,0.0
-83.78614044189453,-83.89618682861328,-83.31094360351562,-81.61516571044922,-83.02755737304688,-84.30696105957031,-84.84607696533203,-84.54145050048828,-84.75133514404297,-82.70439147949219,-81.40717315673828,-82.41221618652344,-80.96337890625,-80.74380493164062,-79.49998474121094,-78.70525360107422,-78.87439727783203,-78.13430786132812,-78.50196075439453,-79.28410339355469,-81.45842742919922,-83.53076171875,-83.48434448242188,-83.54115295410156,-83.2131118774414,-83.05703735351562,-83.55196380615234,-82.12105560302734,-82.54783630371094,-83.59503173828125,-84.14700317382812,-82.4643325805664,-82.69368743896484,-83.63627624511719,-83.68640899658203,-82.1546630859375,-81.20393371582031,-82.2903823852539,-83.1168441772461,-83.38146209716797,-83.384521484375,-81.96513366699219,-81.08576965332031,-80.83183288574219,-80.82524871826172,-80.84800720214844,-80.84002685546875,-80.8056869506836,-82.13182830810547,-81.57205963134766,0.0
-83.89618682861328,-83.31094360351562,-81.61516571044922,-83.02755737304688,-84.30696105957031,-84.84607696533203,-84.54145050048828,-84.75133514404297,-82.70439147949219,-81.40717315673828,-82.41221618652344,-80.96337890625,-80.74380493164062,-79.49998474121094,-78.70525360107422,-78.87439727783203,-78.13430786132812,-78.50196075439453,-79.28410339355469,-81.45842742919922,-83.53076171875,-83.48434448242188,-83.54115295410156,-83.2131118774414,-83.05703735351562,-83.55196380615234,-82.12105560302734,-82.54783630371094,-83.59503173828125,-84.14700317382812,-82.4643325805664,-82.69368743896484,-83.63627624511719,-83.68640899658203,-82.1546630859375,-81.20393371582031,-82.2903823852539,-83.1168441772461,-83.38146209716797,-83.384521484375,-81.96513366699219,-81.08576965332031,-80.83183288574219,-80.82524871826172,-80.84800720214844,-80.84002685546875,-80.8056869506836,-82.13182830810547,-81.57205963134766,-80.94294738769531,0.0
-83.31094360351562,-81.61516571044922,-83.02755737304688,-84.30696105957031,-84.84607696533203,-84.54145050048828,-84.75133514404297,-82.70439147949219,-81.40717315673828,-82.41221618652344,-80.96337890625,-80.74380493164062,-79.49998474121094,-78.70525360107422,-78.87439727783203,-78.13430786132812,-78.50196075439453,-79.28410339355469,-81.45842742919922,-83.53076171875,-83.48434448242188,-83.54115295410156,-83.2131118774414,-83.05703735351562,-83.55196380615234,-82.12105560302734,-82.54783630371094,-83.59503173828125,-84.14700317382812,-82.4643325805664,-82.69368743896484,-83.63627624511719,-83.68640899658203,-82.1546630859375,-81.20393371582031,-82.2903823852539,-83.1168441772461,-83.38146209716797,-83.384521484375,-81.96513366699219,-81.08576965332031,-80.83183288574219,-80.82524871826172,-80.84800720214844,-80.84002685546875,-80.8056869506836,-82.13182830810547,-81.57205963134766,-80.94294738769531,-80.68802642822266,0.0
-81.61516571044922,-83.02755737304688,-84.30696105957031,-84.84607696533203,-84.54145050048828,-84.75133514404297,-82.70439147949219,-81.40717315673828,-82.41221618652344,-80.96337890625,-80.74380493164062,-79.49998474121094,-78.70525360107422,-78.87439727783203,-78.13430786132812,-78.50196075439453,-79.28410339355469,-81.45842742919922,-83.53076171875,-83.48434448242188,-83.54115295410156,-83.2131118774414,-83.05703735351562,-83.55196380615234,-82.12105560302734,-82.54783630371094,-83.59503173828125,-84.14700317382812,-82.4643325805664,-82.69368743896484,-83.63627624511719,-83.68640899658203,-82.1546630859375,-81.20393371582031,-82.2903823852539,-83.1168441772461,-83.38146209716797,-83.384521484375,-81.96513366699219,-81.08576965332031,-80.83183288574219,-80.82524871826172,-80.84800720214844,-80.84002685546875,-80.8056869506836,-82.13182830810547,-81.57205963134766,-80.94294738769531,-80.68802642822266,-80.648193359375,0.0
-83.02755737304688,-84.30696105957031,-84.84607696533203,-84.54145050048828,-84.75133514404297,-82.70439147949219,-81.40717315673828,-82.41221618652344,-80.96337890625,-80.74380493164062,-79.49998474121094,-78.70525360107422,-78.87439727783203,-78.13430786132812,-78.50196075439453,-79.28410339355469,-81.45842742919922,-83.53076171875,-83.48434448242188,-83.54115295410156,-83.2131118774414,-83.05703735351562,-83.55196380615234,-82.12105560302734,-82.54783630371094,-83.59503173828125,-84.14700317382812,-82.4643325805664,-82.69368743896484,-83.63627624511719,-83.68640899658203,-82.1546630859375,-81.20393371582031,-82.2903823852539,-83.1168441772461,-83.38146209716797,-83.384521484375,-81.96513366699219,-81.08576965332031,-80.83183288574219,-80.82524871826172,-80.84800720214844,-80.84002685546875,-80.8056869506836,-82.13182830810547,-81.57205963134766,-80.94294738769531,-80.68802642822266,-80.648193359375,-80.66876220703125,0.0
-84.30696105957031,-84.84607696533203,-84.54145050048828,-84.75133514404297,-82.70439147949219,-81.40717315673828,-82.41221618652344,-80.96337890625,-80.74380493164062,-79.49998474121094,-78.70525360107422,-78.87439727783203,-78.13430786132812,-78.50196075439453,-79.28410339355469,-81.45842742919922,-83.53076171875,-83.48434448242188,-83.54115295410156,-83.2131118774414,-83.05703735351562,-83.55196380615234,-82.12105560302734,-82.54783630371094,-83.59503173828125,-84.14700317382812,-82.4643325805664,-82.69368743896484,-83.63627624511719,-83.68640899658203,-82.1546630859375,-81.20393371582031,-82.2903823852539,-83.1168441772461,-83.38146209716797,-83.384521484375,-81.96513366699219,-81.08576965332031,-80.83183288574219,-80.82524871826172,-80.84800720214844,-80.84002685546875,-80.8056869506836,-82.13182830810547,-81.57205963134766,-80.94294738769531,-80.68802642822266,-80.648193359375,-80.66876220703125,-80.68706512451172,0.0
-84.84607696533203,-84.54145050048828,-84.75133514404297,-82.70439147949219,-81.40717315673828,-82.41221618652344,-80.96337890625,-80.74380493164062,-79.49998474121094,-78.70525360107422,-78.87439727783203,-78.13430786132812,-78.50196075439453,-79.28410339355469,-81.45842742919922,-83.53076171875,-83.48434448242188,-83.54115295410156,-83.2131118774414,-83.05703735351562,-83.55196380615234,-82.12105560302734,-82.54783630371094,-83.59503173828125,-84.14700317382812,-82.4643325805664,-82.69368743896484,-83.63627624511719,-83.68640899658203,-82.1546630859375,-81.20393371582031,-82.2903823852539,-83.1168441772461,-83.38146209716797,-83.384521484375,-81.96513366699219,-81.08576965332031,-80.83183288574219,-80.82524871826172,-80.84800720214844,-80.84002685546875,-80.8056869506836,-82.13182830810547,-81.57205963134766,-80.94294738769531,-80.68802642822266,-80.648193359375,-80.66876220703125,-80.68706512451172,-80.69126892089844,0.0
-84.54145050048828,-84.75133514404297,-82.70439147949219,-81.40717315673828,-82.41221618652344,-80.96337890625,-80.74380493164062,-79.49998474121094,-78.70525360107422,-78.87439727783203,-78.13430786132812,-78.50196075439453,-79.28410339355469,-81.45842742919922,-83.53076171875,-83.48434448242188,-83.54115295410156,-83.2131118774414,-83.05703735351562,-83.55196380615234,-82.12105560302734,-82.54783630371094,-83.59503173828125,-84.14700317382812,-82.4643325805664,-82.69368743896484,-83.63627624511719,-83.68640899658203,-82.1546630859375,-81.20393371582031,-82.2903823852539,-83.1168441772461,-83.38146209716797,-83.384521484375,-81.96513366699219,-81.08576965332031,-80.83183288574219,-80.82524871826172,-80.84800720214844,-80.84002685546875,-80.8056869506836,-82.13182830810547,-81.57205963134766,-80.94294738769531,-80.68802642822266,-80.648193359375,-80.66876220703125,-80.68706512451172,-80.69126892089844,-82.0556640625,0.0
-84.75133514404297,-82.70439147949219,-81.40717315673828,-82.41221618652344,-80.96337890625,-80.74380493164062,-79.49998474121094,-78.70525360107422,-78.87439727783203,-78.13430786132812,-78.50196075439453,-79.28410339355469,-81.45842742919922,-83.53076171875,-83.48434448242188,-83.54115295410156,-83.2131118774414,-83.05703735351562,-83.55196380615234,-82.12105560302734,-82.54783630371094,-83.59503173828125,-84.14700317382812,-82.4643325805664,-82.69368743896484,-83.63627624511719,-83.68640899658203,-82.1546630859375,-81.20393371582031,-82.2903823852539,-83.1168441772461,-83.38146209716797,-83.384521484375,-81.96513366699219,-81.08576965332031,-80.83183288574219,-80.82524871826172,-80.84800720214844,-80.84002685546875,-80.8056869506836,-82.13182830810547,-81.57205963134766,-80.94294738769531,-80.68802642822266,-80.648193359375,-80.66876220703125,-80.68706512451172,-80.69126892089844,-82.0556640625,-81.068603515625,0.0
-82.70439147949219,-81.40717315673828,-82.41221618652344,-80.96337890625,-80.74380493164062,-79.49998474121094,-78.70525360107422,-78.87439727783203,-78.13430786132812,-78.50196075439453,-79.28410339355469,-81.45842742919922,-83.53076171875,-83.48434448242188,-83.54115295410156,-83.2131118774414,-83.05703735351562,-83.55196380615234,-82.12105560302734,-82.54783630371094,-83.59503173828125,-84.14700317382812,-82.4643325805664,-82.69368743896484,-83.63627624511719,-83.68640899658203,-82.1546630859375,-81.20393371582031,-82.2903823852539,-83.1168441772461,-83.38146209716797,-83.384521484375,-81.96513366699219,-81.08576965332031,-80.83183288574219,-80.82524871826172,-80.84800720214844,-80.84002685546875,-80.8056869506836,-82.13182830810547,-81.57205963134766,-80.94294738769531,-80.68802642822266,-80.648193359375,-80.66876220703125,-80.68706512451172,-80.69126892089844,-82.0556640625,-81.068603515625,-80.6380386352539,0.0
-81.40717315673828,-82.41221618652344,-80.96337890625,-80.74380493164062,-79.49998474121094,-78.70525360107422,-78.87439727783203,-78.13430786132812,-78.50196075439453,-79.28410339355469,-81.45842742919922,-83.53076171875,-83.48434448242188,-83.54115295410156,-83.2131118774414,-83.05703735351562,-83.55196380615234,-82.12105560302734,-82.54783630371094,-83.59503173828125,-84.14700317382812,-82.4643325805664,-82.69368743896484,-83.63627624511719,-83.68640899658203,-82.1546630859375,-81.20393371582031,-82.2903823852539,-83.1168441772461,-83.38146209716797,-83.384521484375,-81.96513366699219,-81.08576965332031,-80.83183288574219,-80.82524871826172,-80.84800720214844,-80.84002685546875,-80.8056869506836,-82.13182830810547,-81.57205963134766,-80.94294738769531,-80.68802642822266,-80.648193359375,-80.66876220703125,-80.68706512451172,-80.69126892089844,-82.0556640625,-81.068603515625,-80.6380386352539,-79.2161865234375,0.0
-82.41221618652344,-80.96337890625,-80.74380493164062,-79.49998474121094,-78.70525360107422,-78.87439727783203,-78.13430786132812,-78.50196075439453,-79.28410339355469,-81.45842742919922,-83.53076171875,-83.48434448242188,-83.54115295410156,-83.2131118774414,-83.05703735351562,-83.55196380615234,-82.12105560302734,-82.54783630371094,-83.59503173828125,-84.14700317382812,-82.4643325805664,-82.69368743896484,-83.63627624511719,-83.68640899658203,-82.1546630859375,-81.20393371582031,-82.2903823852539,-83.1168441772461,-83.38146209716797,-83.384521484375,-81.96513366699219,-81.08576965332031,-80.83183288574219,-80.82524871826172,-80.84800720214844,-80.84002685546875,-80.8056869506836,-82.13182830810547,-81.57205963134766,-80.94294738769531,-80.68802642822266,-80.648193359375,-80.66876220703125,-80.68706512451172,-80.69126892089844,-82.0556640625,-81.068603515625,-80.6380386352539,-79.2161865234375,-78.41080474853516,0.0
-80.96337890625,-80.74380493164062,-79.49998474121094,-78.70525360107422,-78.87439727783203,-78.13430786132812,-78.50196075439453,-79.28410339355469,-81.45842742919922,-83.53076171875,-83.48434448242188,-83.54115295410156,-83.2131118774414,-83.05703735351562,-83.55196380615234,-82.12105560302734,-82.54783630371094,-83.59503173828125,-84.14700317382812,-82.4643325805664,-82.69368743896484,-83.63627624511719,-83.68640899658203,-82.1546630859375,-81.20393371582031,-82.2903823852539,-83.1168441772461,-83.38146209716797,-83.384521484375,-81.96513366699219,-81.08576965332031,-80.83183288574219,-80.82524871826172,-80.84800720214844,-80.84002685546875,-80.8056869506836,-82.13182830810547,-81.57205963134766,-80.94294738769531,-80.68802642822266,-80.648193359375,-80.66876220703125,-80.68706512451172,-80.69126892089844,-82.0556640625,-81.068603515625,-80.6380386352539,-79.2161865234375,-78.41080474853516,-78.19247436523438,0.0
-80.74380493164062,-79.49998474121094,-78.70525360107422,-78.87439727783203,-78.13430786132812,-78.50196075439453,-79.28410339355469,-81.45842742919922,-83.53076171875,-83.48434448242188,-83.54115295410156,-83.2131118774414,-83.05703735351562,-83.55196380615234,-82.12105560302734,-82.54783630371094,-83.59503173828125,-84.14700317382812,-82.4643325805664,-82.69368743896484,-83.63627624511719,-83.68640899658203,-82.1546630859375,-81.20393371582031,-82.2903823852539,-83.1168441772461,-83.38146209716797,-83.384521484375,-81.96513366699219,-81.08576965332031,-80.83183288574219,-80.82524871826172,-80.84800720214844,-80.84002685546875,-80.8056869506836,-82.13182830810547,-81.57205963134766,-80.94294738769531,-80.68802642822266,-80.648193359375,-80.66876220703125,-80.68706512451172,-80.69126892089844,-82.0556640625,-81.068603515625,-80.6380386352539,-79.2161865234375,-78.41080474853516,-78.19247436523438,-79.10237121582031,0.0
-79.49998474121094,-78.70525360107422,-78.87439727783203,-78.13430786132812,-78.50196075439453,-79.28410339355469,-81.45842742919922,-83.53076171875,-83.48434448242188,-83.54115295410156,-83.2131118774414,-83.05703735351562,-83.55196380615234,-82.12105560302734,-82.54783630371094,-83.59503173828125,-84.14700317382812,-82.4643325805664,-82.69368743896484,-83.63627624511719,-83.68640899658203,-82.1546630859375,-81.20393371582031,-82.2903823852539,-83.1168441772461,-83.38146209716797,-83.384521484375,-81.96513366699219,-81.08576965332031,-80.83183288574219,-80.82524871826172,-80.84800720214844,-80.84002685546875,-80.8056869506836,-82.13182830810547,-81.57205963134766,-80.94294738769531,-80.68802642822266,-80.648193359375,-80.66876220703125,-80.68706512451172,-80.69126892089844,-82.0556640625,-81.068603515625,-80.6380386352539,-79.2161865234375,-78.41080474853516,-78.19247436523438,-79.10237121582031,-77.81861114501953,0.0
-78.70525360107422,-78.87439727783203,-78.13430786132812,-78.50196075439453,-79.28410339355469,-81.45842742919922,-83.53076171875,-83.48434448242188,-83.54115295410156,-83.2131118774414,-83.05703735351562,-83.55196380615234,-82.12105560302734,-82.54783630371094,-83.59503173828125,-84.14700317382812,-82.4643325805664,-82.69368743896484,-83.63627624511719,-83.68640899658203,-82.1546630859375,-81.20393371582031,-82.2903823852539,-83.1168441772461,-83.38146209716797,-83.384521484375,-81.96513366699219,-81.08576965332031,-80.83183288574219,-80.82524871826172,-80.84800720214844,-80.84002685546875,-80.8056869506836,-82.13182830810547,-81.57205963134766,-80.94294738769531,-80.68802642822266,-80.648193359375,-80.66876220703125,-80.68706512451172,-80.69126892089844,-82.0556640625,-81.068603515625,-80.6380386352539,-79.2161865234375,-78.41080474853516,-78.19247436523438,-79.10237121582031,-77.81861114501953,-78.20067596435547,0.0
-78.87439727783203,-78.13430786132812,-78.50196075439453,-79.28410339355469,-81.45842742919922,-83.53076171875,-83.48434448242188,-83.54115295410156,-83.2131118774414,-83.05703735351562,-83.55196380615234,-82.12105560302734,-82.54783630371094,-83.59503173828125,-84.14700317382812,-82.4643325805664,-82.69368743896484,-83.63627624511719,-83.68640899658203,-82.1546630859375,-81.20393371582031,-82.2903823852539,-83.1168441772461,-83.38146209716797,-83.384521484375,-81.96513366699219,-81.08576965332031,-80.83183288574219,-80.82524871826172,-80.84800720214844,-80.84002685546875,-80.8056869506836,-82.13182830810547,-81.57205963134766,-80.94294738769531,-80.68802642822266,-80.648193359375,-80.66876220703125,-80.68706512451172,-80.69126892089844,-82.0556640625,-81.068603515625,-80.6380386352539,-79.2161865234375,-78.41080474853516,-78.19247436523438,-79.10237121582031,-77.81861114501953,-78.20067596435547,-79.13074493408203,1.0
-78.13430786132812,-78.50196075439453,-79.28410339355469,-81.45842742919922,-83.53076171875,-83.48434448242188,-83.54115295410156,-83.2131118774414,-83.05703735351562,-83.55196380615234,-82.12105560302734,-82.54783630371094,-83.59503173828125,-84.14700317382812,-82.4643325805664,-82.69368743896484,-83.63627624511719,-83.68640899658203,-82.1546630859375,-81.20393371582031,-82.2903823852539,-83.1168441772461,-83.38146209716797,-83.384521484375,-81.96513366699219,-81.08576965332031,-80.83183288574219,-80.82524871826172,-80.84800720214844,-80.84002685546875,-80.8056869506836,-82.13182830810547,-81.57205963134766,-80.94294738769531,-80.68802642822266,-80.648193359375,-80.66876220703125,-80.68706512451172,-80.69126892089844,-82.0556640625,-81.068603515625,-80.6380386352539,-79.2161865234375,-78.41080474853516,-78.19247436523438,-79.10237121582031,-77.81861114501953,-78.20067596435547,-79.13074493408203,-80.48843383789062,1.0
-78.50196075439453,-79.28410339355469,-81.45842742919922,-83.53076171875,-83.48434448242188,-83.54115295410156,-83.2131118774414,-83.05703735351562,-83.55196380615234,-82.12105560302734,-82.54783630371094,-83.59503173828125,-84.14700317382812,-82.4643325805664,-82.69368743896484,-83.63627624511719,-83.68640899658203,-82.1546630859375,-81.20393371582031,-82.2903823852539,-83.1168441772461,-83.38146209716797,-83.384521484375,-81.96513366699219,-81.08576965332031,-80.83183288574219,-80.82524871826172,-80.84800720214844,-80.84002685546875,-80.8056869506836,-82.13182830810547,-81.57205963134766,-80.94294738769531,-80.68802642822266,-80.648193359375,-80.66876220703125,-80.68706512451172,-80.69126892089844,-82.0556640625,-81.068603515625,-80.6380386352539,-79.2161865234375,-78.41080474853516,-78.19247436523438,-79.10237121582031,-77.81861114501953,-78.20067596435547,-79.13074493408203,-80.48843383789062,-79.2916259765625,0.0
-79.28410339355469,-81.45842742919922,-83.53076171875,-83.48434448242188,-83.54115295410156,-83.2131118774414,-83.05703735351562,-83.55196380615234,-82.12105560302734,-82.54783630371094,-83.59503173828125,-84.14700317382812,-82.4643325805664,-82.69368743896484,-83.63627624511719,-83.68640899658203,-82.1546630859375,-81.20393371582031,-82.2903823852539,-83.1168441772461,-83.38146209716797,-83.384521484375,-81.96513366699219,-81.08576965332031,-80.83183288574219,-80.82524871826172,-80.84800720214844,-80.84002685546875,-80.8056869506836,-82.13182830810547,-81.57205963134766,-80.94294738769531,-80.68802642822266,-80.648193359375,-80.66876220703125,-80.68706512451172,-80.69126892089844,-82.0556640625,-81.068603515625,-80.6380386352539,-79.2161865234375,-78.41080474853516,-78.19247436523438,-79.10237121582031,-77.81861114501953,-78.20067596435547,-79.13074493408203,-80.48843383789062,-79.2916259765625,-81.03489685058594,1.0
-81.45842742919922,-83.53076171875,-83.48434448242188,-83.54115295410156,-83.2131118774414,-83.05703735351562,-83.55196380615234,-82.12105560302734,-82.54783630371094,-83.59503173828125,-84.14700317382812,-82.4643325805664,-82.69368743896484,-83.63627624511719,-83.68640899658203,-82.1546630859375,-81.20393371582031,-82.2903823852539,-83.1168441772461,-83.38146209716797,-83.384521484375,-81.96513366699219,-81.08576965332031,-80.83183288574219,-80.82524871826172,-80.84800720214844,-80.84002685546875,-80.8056869506836,-82.13182830810547,-81.57205963134766,-80.94294738769531,-80.68802642822266,-80.648193359375,-80.66876220703125,-80.68706512451172,-80.69126892089844,-82.0556640625,-81.068603515625,-80.6380386352539,-79.2161865234375,-78.41080474853516,-78.19247436523438,-79.10237121582031,-77.81861114501953,-78.20067596435547,-79.13074493408203,-80.48843383789062,-79.2916259765625,-81.03489685058594,-82.83625793457031,1.0
-83.53076171875,-83.48434448242188,-83.54115295410156,-83.2131118774414,-83.05703735351562,-83.55196380615234,-82.12105560302734,-82.54783630371094,-83.59503173828125,-84.14700317382812,-82.4643325805664,-82.69368743896484,-83.63627624511719,-83.68640899658203,-82.1546630859375,-81.20393371582031,-82.2903823852539,-83.1168441772461,-83.38146209716797,-83.384521484375,-81.96513366699219,-81.08576965332031,-80.83183288574219,-80.82524871826172,-80.84800720214844,-80.84002685546875,-80.8056869506836,-82.13182830810547,-81.57205963134766,-80.94294738769531,-80.68802642822266,-80.648193359375,-80.66876220703125,-80.68706512451172,-80.69126892089844,-82.0556640625,-81.068603515625,-80.6380386352539,-79.2161865234375,-78.41080474853516,-78.19247436523438,-79.10237121582031,-77.81861114501953,-78.20067596435547,-79.13074493408203,-80.48843383789062,-79.2916259765625,-81.03489685058594,-82.83625793457031,-83.60453796386719,1.0
-83.48434448242188,-83.54115295410156,-83.2131118774414,-83.05703735351562,-83.55196380615234,-82.12105560302734,-82.54783630371094,-83.59503173828125,-84.14700317382812,-82.4643325805664,-82.69368743896484,-83.63627624511719,-83.68640899658203,-82.1546630859375,-81.20393371582031,-82.2903823852539,-83.1168441772461,-83.38146209716797,-83.384521484375,-81.96513366699219,-81.08576965332031,-80.83183288574219,-80.82524871826172,-80.84800720214844,-80.84002685546875,-80.8056869506836,-82.13182830810547,-81.57205963134766,-80.94294738769531,-80.68802642822266,-80.648193359375,-80.66876220703125,-80.68706512451172,-80.69126892089844,-82.0556640625,-81.068603515625,-80.6380386352539,-79.2161865234375,-78.41080474853516,-78.19247436523438,-79.10237121582031,-77.81861114501953,-78.20067596435547,-79.13074493408203,-80.48843383789062,-79.2916259765625,-81.03489685058594,-82.83625793457031,-83.60453796386719,-83.33257293701172,1.0
-83.54115295410156,-83.2131118774414,-83.05703735351562,-83.55196380615234,-82.12105560302734,-82.54783630371094,-83.59503173828125,-84.14700317382812,-82.4643325805664,-82.69368743896484,-83.63627624511719,-83.68640899658203,-82.1546630859375,-81.20393371582031,-82.2903823852539,-83.1168441772461,-83.38146209716797,-83.384521484375,-81.96513366699219,-81.08576965332031,-80.83183288574219,-80.82524871826172,-80.84800720214844,-80.84002685546875,-80.8056869506836,-82.13182830810547,-81.57205963134766,-80.94294738769531,-80.68802642822266,-80.648193359375,-80.66876220703125,-80.68706512451172,-80.69126892089844,-82.0556640625,-81.068603515625,-80.6380386352539,-79.2161865234375,-78.41080474853516,-78.19247436523438,-79.10237121582031,-77.81861114501953,-78.20067596435547,-79.13074493408203,-80.48843383789062,-79.2916259765625,-81.03489685058594,-82.83625793457031,-83.60453796386719,-83.33257293701172,-83.99249267578125,1.0
-83.2131118774414,-83.05703735351562,-83.55196380615234,-82.12105560302734,-82.54783630371094,-83.59503173828125,-84.14700317382812,-82.4643325805664,-82.69368743896484,-83.63627624511719,-83.68640899658203,-82.1546630859375,-81.20393371582031,-82.2903823852539,-83.1168441772461,-83.38146209716797,-83.384521484375,-81.96513366699219,-81.08576965332031,-80.83183288574219,-80.82524871826172,-80.84800720214844,-80.84002685546875,-80.8056869506836,-82.13182830810547,-81.57205963134766,-80.94294738769531,-80.68802642822266,-80.648193359375,-80.66876220703125,-80.68706512451172,-80.69126892089844,-82.0556640625,-81.068603515625,-80.6380386352539,-79.2161865234375,-78.41080474853516,-78.19247436523438,-79.10237121582031,-77.81861114501953,-78.20067596435547,-79.13074493408203,-80.48843383789062,-79.2916259765625,-81.03489685058594,-82.83625793457031,-83.60453796386719,-83.33257293701172,-83.99249267578125,-84.07894897460938,1.0
-83.05703735351562,-83.55196380615234,-82.12105560302734,-82.54783630371094,-83.59503173828125,-84.14700317382812,-82.4643325805664,-82.69368743896484,-83.63627624511719,-83.68640899658203,-82.1546630859375,-81.20393371582031,-82.2903823852539,-83.1168441772461,-83.38146209716797,-83.384521484375,-81.96513366699219,-81.08576965332031,-80.83183288574219,-80.82524871826172,-80.84800720214844,-80.84002685546875,-80.8056869506836,-82.13182830810547,-81.57205963134766,-80.94294738769531,-80.68802642822266,-80.648193359375,-80.66876220703125,-80.68706512451172,-80.69126892089844,-82.0556640625,-81.068603515625,-80.6380386352539,-79.2161865234375,-78.41080474853516,-78.19247436523438,-79.10237121582031,-77.81861114501953,-78.20067596435547,-79.13074493408203,-80.48843383789062,-79.2916259765625,-81.03489685058594,-82.83625793457031,-83.60453796386719,-83.33257293701172,-83.99249267578125,-84.07894897460938,-83.5998306274414,0.0
-83.55196380615234,-82.12105560302734,-82.54783630371094,-83.59503173828125,-84.14700317382812,-82.4643325805664,-82.69368743896484,-83.63627624511719,-83.68640899658203,-82.1546630859375,-81.20393371582031,-82.2903823852539,-83.1168441772461,-83.38146209716797,-83.384521484375,-81.96513366699219,-81.08576965332031,-80.83183288574219,-80.82524871826172,-80.84800720214844,-80.84002685546875,-80.8056869506836,-82.13182830810547,-81.57205963134766,-80.94294738769531,-80.68802642822266,-80.648193359375,-80.66876220703125,-80.68706512451172,-80.69126892089844,-82.0556640625,-81.068603515625,-80.6380386352539,-79.2161865234375,-78.41080474853516,-78.19247436523438,-79.10237121582031,-77.81861114501953,-78.20067596435547,-79.13074493408203,-80.48843383789062,-79.2916259765625,-81.03489685058594,-82.83625793457031,-83.60453796386719,-83.33257293701172,-83.99249267578125,-84.07894897460938,-83.5998306274414,-81.52165222167969,1.0
-82.12105560302734,-82.54783630371094,-83.59503173828125,-84.14700317382812,-82.4643325805664,-82.69368743896484,-83.63627624511719,-83.68640899658203,-82.1546630859375,-81.20393371582031,-82.2903823852539,-83.1168441772461,-83.38146209716797,-83.384521484375,-81.96513366699219,-81.08576965332031,-80.83183288574219,-80.82524871826172,-80.84800720214844,-80.84002685546875,-80.8056869506836,-82.13182830810547,-81.57205963134766,-80.94294738769531,-80.68802642822266,-80.648193359375,-80.66876220703125,-80.68706512451172,-80.69126892089844,-82.0556640625,-81.068603515625,-80.6380386352539,-79.2161865234375,-78.41080474853516,-78.19247436523438,-79.10237121582031,-77.81861114501953,-78.20067596435547,-79.13074493408203,-80.48843383789062,-79.2916259765625,-81.03489685058594,-82.83625793457031,-83.60453796386719,-83.33257293701172,-83.99249267578125,-84.07894897460938,-83.5998306274414,-81.52165222167969,-81.7544937133789,1.0
-82.54783630371094,-83.59503173828125,-84.14700317382812,-82.4643325805664,-82.69368743896484,-83.63627624511719,-83.68640899658203,-82.1546630859375,-81.20393371582031,-82.2903823852539,-83.1168441772461,-83.38146209716797,-83.384521484375,-81.96513366699219,-81.08576965332031,-80.83183288574219,-80.82524871826172,-80.84800720214844,-80.84002685546875,-80.8056869506836,-82.13182830810547,-81.57205963134766,-80.94294738769531,-80.68802642822266,-80.648193359375,-80.66876220703125,-80.68706512451172,-80.69126892089844,-82.0556640625,-81.068603515625,-80.6380386352539,-79.2161865234375,-78.41080474853516,-78.19247436523438,-79.10237121582031,-77.81861114501953,-78.20067596435547,-79.13074493408203,-80.48843383789062,-79.2916259765625,-81.03489685058594,-82.83625793457031,-83.60453796386719,-83.33257293701172,-83.99249267578125,-84.07894897460938,-83.5998306274414,-81.52165222167969,-81.7544937133789,-83.24639129638672,1.0
-83.59503173828125,-84.14700317382812,-82.4643325805664,-82.69368743896484,-83.63627624511719,-83.68640899658203,-82.1546630859375,-81.20393371582031,-82.2903823852539,-83.1168441772461,-83.38146209716797,-83.384521484375,-81.96513366699219,-81.08576965332031,-80.83183288574219,-80.82524871826172,-80.84800720214844,-80.84002685546875,-80.8056869506836,-82.13182830810547,-81.57205963134766,-80.94294738769531,-80.68802642822266,-80.648193359375,-80.66876220703125,-80.68706512451172,-80.69126892089844,-82.0556640625,-81.068603515625,-80.6380386352539,-79.2161865234375,-78.41080474853516,-78.19247436523438,-79.10237121582031,-77.81861114501953,-78.20067596435547,-79.13074493408203,-80.48843383789062,-79.2916259765625,-81.03489685058594,-82.83625793457031,-83.60453796386719,-83.33257293701172,-83.99249267578125,-84.07894897460938,-83.5998306274414,-81.52165222167969,-81.7544937133789,-83.24639129638672,-83.18697357177734,0.0
-84.14700317382812,-82.4643325805664,-82.69368743896484,-83.63627624511719,-83.68640899658203,-82.1546630859375,-81.20393371582031,-82.2903823852539,-83.1168441772461,-83.38146209716797,-83.384521484375,-81.96513366699219,-81.08576965332031,-80.83183288574219,-80.82524871826172,-80.84800720214844,-80.84002685546875,-80.8056869506836,-82.13182830810547,-81.57205963134766,-80.94294738769531,-80.68802642822266,-80.648193359375,-80.66876220703125,-80.68706512451172,-80.69126892089844,-82.0556640625,-81.068603515625,-80.6380386352539,-79.2161865234375,-78.41080474853516,-78.19247436523438,-79.10237121582031,-77.81861114501953,-78.20067596435547,-79.13074493408203,-80.48843383789062,-79.2916259765625,-81.03489685058594,-82.83625793457031,-83.60453796386719,-83.33257293701172,-83.99249267578125,-84.07894897460938,-83.5998306274414,-81.52165222167969,-81.7544937133789,-83.24639129638672,-83.18697357177734,-82.84490203857422,0.0
-82.4643325805664,-82.69368743896484,-83.63627624511719,-83.68640899658203,-82.1546630859375,-81.20393371582031,-82.2903823852539,-83.1168441772461,-83.38146209716797,-83.384521484375,-81.96513366699219,-81.08576965332031,-80.83183288574219,-80.82524871826172,-80.84800720214844,-80.84002685546875,-80.8056869506836,-82.13182830810547,-81.57205963134766,-80.94294738769531,-80.68802642822266,-80.648193359375,-80.66876220703125,-80.68706512451172,-80.69126892089844,-82.0556640625,-81.068603515625,-80.6380386352539,-79.2161865234375,-78.41080474853516,-78.19247436523438,-79.10237121582031,-77.81861114501953,-78.20067596435547,-79.13074493408203,-80.48843383789062,-79.2916259765625,-81.03489685058594,-82.83625793457031,-83.60453796386719,-83.33257293701172,-83.99249267578125,-84.07894897460938,-83.5998306274414,-81.52165222167969,-81.7544937133789,-83.24639129638672,-83.18697357177734,-82.84490203857422,-83.11141204833984,0.0
-82.69368743896484,-83.63627624511719,-83.68640899658203,-82.1546630859375,-81.20393371582031,-82.2903823852539,-83.1168441772461,-83.38146209716797,-83.384521484375,-81.96513366699219,-81.08576965332031,-80.83183288574219,-80.82524871826172,-80.84800720214844,-80.84002685546875,-80.8056869506836,-82.13182830810547,-81.57205963134766,-80.94294738769531,-80.68802642822266,-80.648193359375,-80.66876220703125,-80.68706512451172,-80.69126892089844,-82.0556640625,-81.068603515625,-80.6380386352539,-79.2161865234375,-78.41080474853516,-78.19247436523438,-79.10237121582031,-77.81861114501953,-78.20067596435547,-79.13074493408203,-80.48843383789062,-79.2916259765625,-81.03489685058594,-82.83625793457031,-83.60453796386719,-83.33257293701172,-83.99249267578125,-84.07894897460938,-83.5998306274414,-81.52165222167969,-81.7544937133789,-83.24639129638672,-83.18697357177734,-82.84490203857422,-83.11141204833984,-82.87279510498047,0.0
-83.63627624511719,-83.68640899658203,-82.1546630859375,-81.20393371582031,-82.2903823852539,-83.1168441772461,-83.38146209716797,-83.384521484375,-81.96513366699219,-81.08576965332031,-80.83183288574219,-80.82524871826172,-80.84800720214844,-80.84002685546875,-80.8056869506836,-82.13182830810547,-81.57205963134766,-80.94294738769531,-80.68802642822266,-80.648193359375,-80.66876220703125,-80.68706512451172,-80.69126892089844,-82.0556640625,-81.068603515625,-80.6380386352539,-79.2161865234375,-78.41080474853516,-78.19247436523438,-79.10237121582031,-77.81861114501953,-78.20067596435547,-79.13074493408203,-80.48843383789062,-79.2916259765625,-81.03489685058594,-82.83625793457031,-83.60453796386719,-83.33257293701172,-83.99249267578125,-84.07894897460938,-83.5998306274414,-81.52165222167969,-81.7544937133789,-83.24639129638672,-83.18697357177734,-82.84490203857422,-83.11141204833984,-82.87279510498047,-82.65377044677734,1.0
-83.68640899658203,-82.1546630859375,-81.20393371582031,-82.2903823852539,-83.1168441772461,-83.38146209716797,-83.384521484375,-81.96513366699219,-81.08576965332031,-80.83183288574219,-80.82524871826172,-80.84800720214844,-80.84002685546875,-80.8056869506836,-82.13182830810547,-81.57205963134766,-80.94294738769531,-80.68802642822266,-80.648193359375,-80.66876220703125,-80.68706512451172,-80.69126892089844,-82.0556640625,-81.068603515625,-80.6380386352539,-79.2161865234375,-78.41080474853516,-78.19247436523438,-79.10237121582031,-77.81861114501953,-78.20067596435547,-79.13074493408203,-80.48843383789062,-79.2916259765625,-81.03489685058594,-82.83625793457031,-83.60453796386719,-83.33257293701172,-83.99249267578125,-84.07894897460938,-83.5998306274414,-81.52165222167969,-81.7544937133789,-83.24639129638672,-83.18697357177734,-82.84490203857422,-83.11141204833984,-82.87279510498047,-82.65377044677734,-83.02044677734375,1.0
-82.1546630859375,-81.20393371582031,-82.2903823852539,-83.1168441772461,-83.38146209716797,-83.384521484375,-81.96513366699219,-81.08576965332031,-80.83183288574219,-80.82524871826172,-80.84800720214844,-80.84002685546875,-80.8056869506836,-82.13182830810547,-81.57205963134766,-80.94294738769531,-80.68802642822266,-80.648193359375,-80.66876220703125,-80.68706512451172,-80.69126892089844,-82.0556640625,-81.068603515625,-80.6380386352539,-79.2161865234375,-78.41080474853516,-78.19247436523438,-79.10237121582031,-77.81861114501953,-78.20067596435547,-79.13074493408203,-80.48843383789062,-79.2916259765625,-81.03489685058594,-82.83625793457031,-83.60453796386719,-83.33257293701172,-83.99249267578125,-84.07894897460938,-83.5998306274414,-81.52165222167969,-81.7544937133789,-83.24639129638672,-83.18697357177734,-82.84490203857422,-83.11141204833984,-82.87279510498047,-82.65377044677734,-83.02044677734375,-82.36972045898438,1.0
-81.20393371582031,-82.2903823852539,-83.1168441772461,-83.38146209716797,-83.384521484375,-81.96513366699219,-81.08576965332031,-80.83183288574219,-80.82524871826172,-80.84800720214844,-80.84002685546875,-80.8056869506836,-82.13182830810547,-81.57205963134766,-80.94294738769531,-80.68802642822266,-80.648193359375,-80.66876220703125,-80.68706512451172,-80.69126892089844,-82.0556640625,-81.068603515625,-80.6380386352539,-79.2161865234375,-78.41080474853516,-78.19247436523438,-79.10237121582031,-77.81861114501953,-78.20067596435547,-79.13074493408203,-80.48843383789062,-79.2916259765625,-81.03489685058594,-82.83625793457031,-83.60453796386719,-83.33257293701172,-83.99249267578125,-84.07894897460938,-83.5998306274414,-81.52165222167969,-81.7544937133789,-83.24639129638672,-83.18697357177734,-82.84490203857422,-83.11141204833984,-82.87279510498047,-82.65377044677734,-83.02044677734375,-82.36972045898438,-81.42403411865234,1.0
-82.2903823852539,-83.1168441772461,-83.38146209716797,-83.384521484375,-81.96513366699219,-81.08576965332031,-80.83183288574219,-80.82524871826172,-80.84800720214844,-80.84002685546875,-80.8056869506836,-82.13182830810547,-81.57205963134766,-80.94294738769531,-80.68802642822266,-80.648193359375,-80.66876220703125,-80.68706512451172,-80.69126892089844,-82.0556640625,-81.068603515625,-80.6380386352539,-79.2161865234375,-78.41080474853516,-78.19247436523438,-79.10237121582031,-77.81861114501953,-78.20067596435547,-79.13074493408203,-80.48843383789062,-79.2916259765625,-81.03489685058594,-82.83625793457031,-83.60453796386719,-83.33257293701172,-83.99249267578125,-84.07894897460938,-83.5998306274414,-81.52165222167969,-81.7544937133789,-83.24639129638672,-83.18697357177734,-82.84490203857422,-83.11141204833984,-82.87279510498047,-82.65377044677734,-83.02044677734375,-82.36972045898438,-81.42403411865234,-81.43077850341797,0.0
-83.1168441772461,-83.38146209716797,-83.384521484375,-81.96513366699219,-81.08576965332031,-80.83183288574219,-80.82524871826172,-80.84800720214844,-80.84002685546875,-80.8056869506836,-82.13182830810547,-81.57205963134766,-80.94294738769531,-80.68802642822266,-80.648193359375,-80.66876220703125,-80.68706512451172,-80.69126892089844,-82.0556640625,-81.068603515625,-80.6380386352539,-79.2161865234375,-78.41080474853516,-78.19247436523438,-79.10237121582031,-77.81861114501953,-78.20067596435547,-79.13074493408203,-80.48843383789062,-79.2916259765625,-81.03489685058594,-82.83625793457031,-83.60453796386719,-83.33257293701172,-83.99249267578125,-84.07894897460938,-83.5998306274414,-81.52165222167969,-81.7544937133789,-83.24639129638672,-83.18697357177734,-82.84490203857422,-83.11141204833984,-82.87279510498047,-82.65377044677734,-83.02044677734375,-82.36972045898438,-81.42403411865234,-81.43077850341797,-82.51736450195312,0.0
-83.38146209716797,-83.384521484375,-81.96513366699219,-81.08576965332031,-80.83183288574219,-80.82524871826172,-80.84800720214844,-80.84002685546875,-80.8056869506836,-82.13182830810547,-81.57205963134766,-80.94294738769531,-80.68802642822266,-80.648193359375,-80.66876220703125,-80.68706512451172,-80.69126892089844,-82.0556640625,-81.068603515625,-80.6380386352539,-79.2161865234375,-78.41080474853516,-78.19247436523438,-79.10237121582031,-77.81861114501953,-78.20067596435547,-79.13074493408203,-80.48843383789062,-79.2916259765625,-81.03489685058594,-82.83625793457031,-83.60453796386719,-83.33257293701172,-83.99249267578125,-84.07894897460938,-83.5998306274414,-81.52165222167969,-81.7544937133789,-83.24639129638672,-83.18697357177734,-82.84490203857422,-83.11141204833984,-82.87279510498047,-82.65377044677734,-83.02044677734375,-82.36972045898438,-81.42403411865234,-81.43077850341797,-82.51736450195312,-83.61631774902344,0.0
-83.384521484375,-81.96513366699219,-81.08576965332031,-80.83183288574219,-80.82524871826172,-80.84800720214844,-80.84002685546875,-80.8056869506836,-82.13182830810547,-81.57205963134766,-80.94294738769531,-80.68802642822266,-80.648193359375,-80.66876220703125,-80.68706512451172,-80.69126892089844,-82.0556640625,-81.068603515625,-80.6380386352539,-79.2161865234375,-78.41080474853516,-78.19247436523438,-79.10237121582031,-77.81861114501953,-78.20067596435547,-79.13074493408203,-80.48843383789062,-79.2916259765625,-81.03489685058594,-82.83625793457031,-83.60453796386719,-83.33257293701172,-83.99249267578125,-84.07894897460938,-83.5998306274414,-81.52165222167969,-81.7544937133789,-83.24639129638672,-83.18697357177734,-82.84490203857422,-83.11141204833984,-82.87279510498047,-82.65377044677734,-83.02044677734375,-82.36972045898438,-81.42403411865234,-81.43077850341797,-82.51736450195312,-83.61631774902344,-84.07003784179688,1.0
-81.96513366699219,-81.08576965332031,-80.83183288574219,-80.82524871826172,-80.84800720214844,-80.84002685546875,-80.8056869506836,-82.13182830810547,-81.57205963134766,-80.94294738769531,-80.68802642822266,-80.648193359375,-80.66876220703125,-80.68706512451172,-80.69126892089844,-82.0556640625,-81.068603515625,-80.6380386352539,-79.2161865234375,-78.41080474853516,-78.19247436523438,-79.10237121582031,-77.81861114501953,-78.20067596435547,-79.13074493408203,-80.48843383789062,-79.2916259765625,-81.03489685058594,-82.83625793457031,-83.60453796386719,-83.33257293701172,-83.99249267578125,-84.07894897460938,-83.5998306274414,-81.52165222167969,-81.7544937133789,-83.24639129638672,-83.18697357177734,-82.84490203857422,-83.11141204833984,-82.87279510498047,-82.65377044677734,-83.02044677734375,-82.36972045898438,-81.42403411865234,-81.43077850341797,-82.51736450195312,-83.61631774902344,-84.07003784179688,-81.85649871826172,0.0
-81.08576965332031,-80.83183288574219,-80.82524871826172,-80.84800720214844,-80.84002685546875,-80.8056869506836,-82.13182830810547,-81.57205963134766,-80.94294738769531,-80.68802642822266,-80.648193359375,-80.66876220703125,-80.68706512451172,-80.69126892089844,-82.0556640625,-81.068603515625,-80.6380386352539,-79.2161865234375,-78.41080474853516,-78.19247436523438,-79.10237121582031,-77.81861114501953,-78.20067596435547,-79.13074493408203,-80.48843383789062,-79.2916259765625,-81.03489685058594,-82.83625793457031,-83.60453796386719,-83.33257293701172,-83.99249267578125,-84.07894897460938,-83.5998306274414,-81.52165222167969,-81.7544937133789,-83.24639129638672,-83.18697357177734,-82.84490203857422,-83.11141204833984,-82.87279510498047,-82.65377044677734,-83.02044677734375,-82.36972045898438,-81.42403411865234,-81.43077850341797,-82.51736450195312,-83.61631774902344,-84.07003784179688,-81.85649871826172,-80.40778350830078,0.0
-80.83183288574219,-80.82524871826172,-80.84800720214844,-80.84002685546875,-80.8056869506836,-82.13182830810547,-81.57205963134766,-80.94294738769531,-80.68802642822266,-80.648193359375,-80.66876220703125,-80.68706512451172,-80.69126892089844,-82.0556640625,-81.068603515625,-80.6380386352539,-79.2161865234375,-78.41080474853516,-78.19247436523438,-79.10237121582031,-77.81861114501953,-78.20067596435547,-79.13074493408203,-80.48843383789062,-79.2916259765625,-81.03489685058594,-82.83625793457031,-83.60453796386719,-83.33257293701172,-83.99249267578125,-84.07894897460938,-83.5998306274414,-81.52165222167969,-81.7544937133789,-83.24639129638672,-83.18697357177734,-82.84490203857422,-83.11141204833984,-82.87279510498047,-82.65377044677734,-83.02044677734375,-82.36972045898438,-81.42403411865234,-81.43077850341797,-82.51736450195312,-83.61631774902344,-84.07003784179688,-81.85649871826172,-80.40778350830078,-79.51512145996094,0.0
-80.82524871826172,-80.84800720214844,-80.84002685546875,-80.8056869506836,-82.13182830810547,-81.57205963134766,-80.94294738769531,-80.68802642822266,-80.648193359375,-80.66876220703125,-80.68706512451172,-80.69126892089844,-82.0556640625,-81.068603515625,-80.6380386352539,-79.2161865234375,-78.41080474853516,-78.19247436523438,-79.10237121582031,-77.81861114501953,-78.20067596435547,-79.13074493408203,-80.48843383789062,-79.2916259765625,-81.03489685058594,-82.83625793457031,-83.60453796386719,-83.33257293701172,-83.99249267578125,-84.07894897460938,-83.5998306274414,-81.52165222167969,-81.7544937133789,-83.24639129638672,-83.18697357177734,-82.84490203857422,-83.11141204833984,-82.87279510498047,-82.65377044677734,-83.02044677734375,-82.36972045898438,-81.42403411865234,-81.43077850341797,-82.51736450195312,-83.61631774902344,-84.07003784179688,-81.85649871826172,-80.40778350830078,-79.51512145996094,-80.14007568359375,0.0
-80.84800720214844,-80.84002685546875,-80.8056869506836,-82.13182830810547,-81.57205963134766,-80.94294738769531,-80.68802642822266,-80.648193359375,-80.66876220703125,-80.68706512451172,-80.69126892089844,-82.0556640625,-81.068603515625,-80.6380386352539,-79.2161865234375,-78.41080474853516,-78.19247436523438,-79.10237121582031,-77.81861114501953,-78.20067596435547,-79.13074493408203,-80.48843383789062,-79.2916259765625,-81.03489685058594,-82.83625793457031,-83.60453796386719,-83.33257293701172,-83.99249267578125,-84.07894897460938,-83.5998306274414,-81.52165222167969,-81.7544937133789,-83.24639129638672,-83.18697357177734,-82.84490203857422,-83.11141204833984,-82.87279510498047,-82.65377044677734,-83.02044677734375,-82.36972045898438,-81.42403411865234,-81.43077850341797,-82.51736450195312,-83.61631774902344,-84.07003784179688,-81.85649871826172,-80.40778350830078,-79.51512145996094,-80.14007568359375,-80.66914367675781,0.0
-80.84002685546875,-80.8056869506836,-82.13182830810547,-81.57205963134766,-80.94294738769531,-80.68802642822266,-80.648193359375,-80.66876220703125,-80.68706512451172,-80.69126892089844,-82.0556640625,-81.068603515625,-80.6380386352539,-79.2161865234375,-78.41080474853516,-78.19247436523438,-79.10237121582031,-77.81861114501953,-78.20067596435547,-79.13074493408203,-80.48843383789062,-79.2916259765625,-81.03489685058594,-82.83625793457031,-83.60453796386719,-83.33257293701172,-83.99249267578125,-84.07894897460938,-83.5998306274414,-81.52165222167969,-81.7544937133789,-83.24639129638672,-83.18697357177734,-82.84490203857422,-83.11141204833984,-82.87279510498047,-82.65377044677734,-83.02044677734375,-82.36972045898438,-81.42403411865234,-81.43077850341797,-82.51736450195312,-83.61631774902344,-84.07003784179688,-81.85649871826172,-80.40778350830078,-79.51512145996094,-80.14007568359375,-80.66914367675781,-79.4480209350586,0.0
-80.8056869506836,-82.13182830810547,-81.57205963134766,-80.94294738769531,-80.68802642822266,-80.648193359375,-80.66876220703125,-80.68706512451172,-80.69126892089844,-82.0556640625,-81.068603515625,-80.6380386352539,-79.2161865234375,-78.41080474853516,-78.19247436523438,-79.10237121582031,-77.81861114501953,-78.20067596435547,-79.13074493408203,-80.48843383789062,-79.2916259765625,-81.03489685058594,-82.83625793457031,-83.60453796386719,-83.33257293701172,-83.99249267578125,-84.07894897460938,-83.5998306274414,-81.52165222167969,-81.7544937133789,-83.24639129638672,-83.18697357177734,-82.84490203857422,-83.11141204833984,-82.87279510498047,-82.65377044677734,-83.02044677734375,-82.36972045898438,-81.42403411865234,-81.43077850341797,-82.51736450195312,-83.61631774902344,-84.07003784179688,-81.85649871826172,-80.40778350830078,-79.51512145996094,-80.14007568359375,-80.66914367675781,-79.4480209350586,-78.566162109375,0.0
-82.13182830810547,-81.57205963134766,-80.94294738769531,-80.68802642822266,-80.648193359375,-80.66876220703125,-80.68706512451172,-80.69126892089844,-82.0556640625,-81.068603515625,-80.6380386352539,-79.2161865234375,-78.41080474853516,-78.19247436523438,-79.10237121582031,-77.81861114501953,-78.20067596435547,-79.13074493408203,-80.48843383789062,-79.2916259765625,-81.03489685058594,-82.83625793457031,-83.60453796386719,-83.33257293701172,-83.99249267578125,-84.07894897460938,-83.5998306274414,-81.52165222167969,-81.7544937133789,-83.24639129638672,-83.18697357177734,-82.84490203857422,-83.11141204833984,-82.87279510498047,-82.65377044677734,-83.02044677734375,-82.36972045898438,-81.42403411865234,-81.43077850341797,-82.51736450195312,-83.61631774902344,-84.07003784179688,-81.85649871826172,-80.40778350830078,-79.51512145996094,-80.14007568359375,-80.66914367675781,-79.4480209350586,-78.566162109375,-79.62198638916016,0.0
-81.57205963134766,-80.94294738769531,-80.68802642822266,-80.648193359375,-80.66876220703125,-80.68706512451172,-80.69126892089844,-82.0556640625,-81.068603515625,-80.6380386352539,-79.2161865234375,-78.41080474853516,-78.19247436523438,-79.10237121582031,-77.81861114501953,-78.20067596435547,-79.13074493408203,-80.48843383789062,-79.2916259765625,-81.03489685058594,-82.83625793457031,-83.60453796386719,-83.33257293701172,-83.99249267578125,-84.07894897460938,-83.5998306274414,-81.52165222167969,-81.7544937133789,-83.24639129638672,-83.18697357177734,-82.84490203857422,-83.11141204833984,-82.87279510498047,-82.65377044677734,-83.02044677734375,-82.36972045898438,-81.42403411865234,-81.43077850341797,-82.51736450195312,-83.61631774902344,-84.07003784179688,-81.85649871826172,-80.40778350830078,-79.51512145996094,-80.14007568359375,-80.66914367675781,-79.4480209350586,-78.566162109375,-79.62198638916016,-80.39083099365234,0.0
-80.94294738769531,-80.68802642822266,-80.648193359375,-80.66876220703125,-80.68706512451172,-80.69126892089844,-82.0556640625,-81.068603515625,-80.6380386352539,-79.2161865234375,-78.41080474853516,-78.19247436523438,-79.10237121582031,-77.81861114501953,-78.20067596435547,-79.13074493408203,-80.48843383789062,-79.2916259765625,-81.03489685058594,-82.83625793457031,-83.60453796386719,-83.33257293701172,-83.99249267578125,-84.07894897460938,-83.5998306274414,-81.52165222167969,-81.7544937133789,-83.24639129638672,-83.18697357177734,-82.84490203857422,-83.11141204833984,-82.87279510498047,-82.65377044677734,-83.02044677734375,-82.36972045898438,-81.42403411865234,-81.43077850341797,-82.51736450195312,-83.61631774902344,-84.07003784179688,-81.85649871826172,-80.40778350830078,-79.51512145996094,-80.14007568359375,-80.66914367675781,-79.4480209350586,-78.566162109375,-79.62198638916016,-80.39083099365234,-80.61065673828125,0.0
-80.68802642822266,-80.648193359375,-80.66876220703125,-80.68706512451172,-80.69126892089844,-82.0556640625,-81.068603515625,-80.6380386352539,-79.2161865234375,-78.41080474853516,-78.19247436523438,-79.10237121582031,-77.81861114501953,-78.20067596435547,-79.13074493408203,-80.48843383789062,-79.2916259765625,-81.03489685058594,-82.83625793457031,-83.60453796386719,-83.33257293701172,-83.99249267578125,-84.07894897460938,-83.5998306274414,-81.52165222167969,-81.7544937133789,-83.24639129638672,-83.18697357177734,-82.84490203857422,-83.11141204833984,-82.87279510498047,-82.65377044677734,-83.02044677734375,-82.36972045898438,-81.42403411865234,-81.43077850341797,-82.51736450195312,-83.61631774902344,-84.07003784179688,-81.85649871826172,-80.40778350830078,-79.51512145996094,-80.14007568359375,-80.66914367675781,-79.4480209350586,-78.566162109375,-79.62198638916016,-80.39083099365234,-80.61065673828125,-80.1304702758789,1.0
-80.648193359375,-80.66876220703125,-80.68706512451172,-80.69126892089844,-82.0556640625,-81.068603515625,-80.6380386352539,-79.2161865234375,-78.41080474853516,-78.19247436523438,-79.10237121582031,-77.81861114501953,-78.20067596435547,-79.13074493408203,-80.48843383789062,-79.2916259765625,-81.03489685058594,-82.83625793457031,-83.60453796386719,-83.33257293701172,-83.99249267578125,-84.07894897460938,-83.5998306274414,-81.52165222167969,-81.7544937133789,-83.24639129638672,-83.18697357177734,-82.84490203857422,-83.11141204833984,-82.87279510498047,-82.65377044677734,-83.02044677734375,-82.36972045898438,-81.42403411865234,-81.43077850341797,-82.51736450195312,-83.61631774902344,-84.07003784179688,-81.85649871826172,-80.40778350830078,-79.51512145996094,-80.14007568359375,-80.66914367675781,-79.4480209350586,-78.566162109375,-79.62198638916016,-80.39083099365234,-80.61065673828125,-80.1304702758789,-80.70790100097656,1.0
-80.66876220703125,-80.68706512451172,-80.69126892089844,-82.0556640625,-81.068603515625,-80.6380386352539,-79.2161865234375,-78.41080474853516,-78.19247436523438,-79.10237121582031,-77.81861114501953,-78.20067596435547,-79.13074493408203,-80.48843383789062,-79.2916259765625,-81.03489685058594,-82.83625793457031,-83.60453796386719,-83.33257293701172,-83.99249267578125,-84.07894897460938,-83.5998306274414,-81.52165222167969,-81.7544937133789,-83.24639129638672,-83.18697357177734,-82.84490203857422,-83.11141204833984,-82.87279510498047,-82.65377044677734,-83.02044677734375,-82.36972045898438,-81.42403411865234,-81.43077850341797,-82.51736450195312,-83.61631774902344,-84.07003784179688,-81.85649871826172,-80.40778350830078,-79.51512145996094,-80.14007568359375,-80.66914367675781,-79.4480209350586,-78.566162109375,-79.62198638916016,-80.39083099365234,-80.61065673828125,-80.1304702758789,-80.70790100097656,-77.93537902832031,1.0
-80.68706512451172,-80.69126892089844,-82.0556640625,-81.068603515625,-80.6380386352539,-79.2161865234375,-78.41080474853516,-78.19247436523438,-79.10237121582031,-77.81861114501953,-78.20067596435547,-79.13074493408203,-80.48843383789062,-79.2916259765625,-81.03489685058594,-82.83625793457031,-83.60453796386719,-83.33257293701172,-83.99249267578125,-84.07894897460938,-83.5998306274414,-81.52165222167969,-81.7544937133789,-83.24639129638672,-83.18697357177734,-82.84490203857422,-83.11141204833984,-82.87279510498047,-82.65377044677734,-83.02044677734375,-82.36972045898438,-81.42403411865234,-81.43077850341797,-82.51736450195312,-83.61631774902344,-84.07003784179688,-81.85649871826172,-80.40778350830078,-79.51512145996094,-80.14007568359375,-80.66914367675781,-79.4480209350586,-78.566162109375,-79.62198638916016,-80.39083099365234,-80.61065673828125,-80.1304702758789,-80.70790100097656,-77.93537902832031,-79.34422302246094,0.0
-80.69126892089844,-82.0556640625,-81.068603515625,-80.6380386352539,-79.2161865234375,-78.41080474853516,-78.19247436523438,-79.10237121582031,-77.81861114501953,-78.20067596435547,-79.13074493408203,-80.48843383789062,-79.2916259765625,-81.03489685058594,-82.83625793457031,-83.60453796386719,-83.33257293701172,-83.99249267578125,-84.07894897460938,-83.5998306274414,-81.52165222167969,-81.7544937133789,-83.24639129638672,-83.18697357177734,-82.84490203857422,-83.11141204833984,-82.87279510498047,-82.65377044677734,-83.02044677734375,-82.36972045898438,-81.42403411865234,-81.43077850341797,-82.51736450195312,-83.61631774902344,-84.07003784179688,-81.85649871826172,-80.40778350830078,-79.51512145996094,-80.14007568359375,-80.66914367675781,-79.4480209350586,-78.566162109375,-79.62198638916016,-80.39083099365234,-80.61065673828125,-80.1304702758789,-80.70790100097656,-77.93537902832031,-79.34422302246094,-81.68982696533203,0.0
-82.0556640625,-81.068603515625,-80.6380386352539,-79.2161865234375,-78.41080474853516,-78.19247436523438,-79.10237121582031,-77.81861114501953,-78.20067596435547,-79.13074493408203,-80.48843383789062,-79.2916259765625,-81.03489685058594,-82.83625793457031,-83.60453796386719,-83.33257293701172,-83.99249267578125,-84.07894897460938,-83.5998306274414,-81.52165222167969,-81.7544937133789,-83.24639129638672,-83.18697357177734,-82.84490203857422,-83.11141204833984,-82.87279510498047,-82.65377044677734,-83.02044677734375,-82.36972045898438,-81.42403411865234,-81.43077850341797,-82.51736450195312,-83.61631774902344,-84.07003784179688,-81.85649871826172,-80.40778350830078,-79.51512145996094,-80.14007568359375,-80.66914367675781,-79.4480209350586,-78.566162109375,-79.62198638916016,-80.39083099365234,-80.61065673828125,-80.1304702758789,-80.70790100097656,-77.93537902832031,-79.34422302246094,-81.68982696533203,-83.26936340332031,0.0
-81.068603515625,-80.6380386352539,-79.2161865234375,-78.41080474853516,-78.19247436523438,-79.10237121582031,-77.81861114501953,-78.20067596435547,-79.13074493408203,-80.48843383789062,-79.2916259765625,-81.03489685058594,-82.83625793457031,-83.60453796386719,-83.33257293701172,-83.99249267578125,-84.07894897460938,-83.5998306274414,-81.52165222167969,-81.7544937133789,-83.24639129638672,-83.18697357177734,-82.84490203857422,-83.11141204833984,-82.87279510498047,-82.65377044677734,-83.02044677734375,-82.36972045898438,-81.42403411865234,-81.43077850341797,-82.51736450195312,-83.61631774902344,-84.07003784179688,-81.85649871826172,-80.40778350830078,-79.51512145996094,-80.14007568359375,-80.66914367675781,-79.4480209350586,-78.566162109375,-79.62198638916016,-80.39083099365234,-80.61065673828125,-80.1304702758789,-80.70790100097656,-77.93537902832031,-79.34422302246094,-81.68982696533203,-83.26936340332031,-84.26652526855469,0.0
-80.6380386352539,-79.2161865234375,-78.41080474853516,-78.19247436523438,-79.10237121582031,-77.81861114501953,-78.20067596435547,-79.13074493408203,-80.48843383789062,-79.2916259765625,-81.03489685058594,-82.83625793457031,-83.60453796386719,-83.33257293701172,-83.99249267578125,-84.07894897460938,-83.5998306274414,-81.52165222167969,-81.7544937133789,-83.24639129638672,-83.18697357177734,-82.84490203857422,-83.11141204833984,-82.87279510498047,-82.65377044677734,-83.02044677734375,-82.36972045898438,-81.42403411865234,-81.43077850341797,-82.51736450195312,-83.61631774902344,-84.07003784179688,-81.85649871826172,-80.40778350830078,-79.51512145996094,-80.14007568359375,-80.66914367675781,-79.4480209350586,-78.566162109375,-79.62198638916016,-80.39083099365234,-80.61065673828125,-80.1304702758789,-80.70790100097656,-77.93537902832031,-79.34422302246094,-81.68982696533203,-83.26936340332031,-84.26652526855469,-84.6256103515625,1.0
-79.2161865234375,-78.41080474853516,-78.19247436523438,-79.10237121582031,-77.81861114501953,-78.20067596435547,-79.13074493408203,-80.48843383789062,-79.2916259765625,-81.03489685058594,-82.83625793457031,-83.60453796386719,-83.33257293701172,-83.99249267578125,-84.07894897460938,-83.5998306274414,-81.52165222167969,-81.7544937133789,-83.24639129638672,-83.18697357177734,-82.84490203857422,-83.11141204833984,-82.87279510498047,-82.65377044677734,-83.02044677734375,-82.36972045898438,-81.42403411865234,-81.43077850341797,-82.51736450195312,-83.61631774902344,-84.07003784179688,-81.85649871826172,-80.40778350830078,-79.51512145996094,-80.14007568359375,-80.66914367675781,-79.4480209350586,-78.566162109375,-79.62198638916016,-80.39083099365234,-80.61065673828125,-80.1304702758789,-80.70790100097656,-77.93537902832031,-79.34422302246094,-81.68982696533203,-83.26936340332031,-84.26652526855469,-84.6256103515625,-85.1593017578125,0.0
-78.41080474853516,-78.19247436523438,-79.10237121582031,-77.81861114501953,-78.20067596435547,-79.13074493408203,-80.48843383789062,-79.2916259765625,-81.03489685058594,-82.83625793457031,-83.60453796386719,-83.33257293701172,-83.99249267578125,-84.07894897460938,-83.5998306274414,-81.52165222167969,-81.7544937133789,-83.24639129638672,-83.18697357177734,-82.84490203857422,-83.11141204833984,-82.87279510498047,-82.65377044677734,-83.02044677734375,-82.36972045898438,-81.42403411865234,-81.43077850341797,-82.51736450195312,-83.61631774902344,-84.07003784179688,-81.85649871826172,-80.40778350830078,-79.51512145996094,-80.14007568359375,-80.66914367675781,-79.4480209350586,-78.566162109375,-79.62198638916016,-80.39083099365234,-80.61065673828125,-80.1304702758789,-80.70790100097656,-77.93537902832031,-79.34422302246094,-81.68982696533203,-83.26936340332031,-84.26652526855469,-84.6256103515625,-85.1593017578125,-85.49178314208984,0.0
-78.19247436523438,-79.10237121582031,-77.81861114501953,-78.20067596435547,-79.13074493408203,-80.48843383789062,-79.2916259765625,-81.03489685058594,-82.83625793457031,-83.60453796386719,-83.33257293701172,-83.99249267578125,-84.07894897460938,-83.5998306274414,-81.52165222167969,-81.7544937133789,-83.24639129638672,-83.18697357177734,-82.84490203857422,-83.11141204833984,-82.87279510498047,-82.65377044677734,-83.02044677734375,-82.36972045898438,-81.42403411865234,-81.43077850341797,-82.51736450195312,-83.61631774902344,-84.07003784179688,-81.85649871826172,-80.40778350830078,-79.51512145996094,-80.14007568359375,-80.66914367675781,-79.4480209350586,-78.566162109375,-79.62198638916016,-80.39083099365234,-80.61065673828125,-80.1304702758789,-80.70790100097656,-77.93537902832031,-79.34422302246094,-81.68982696533203,-83.26936340332031,-84.26652526855469,-84.6256103515625,-85.1593017578125,-85.49178314208984,-84.75598907470703,0.0
-79.10237121582031,-77.81861114501953,-78.20067596435547,-79.13074493408203,-80.48843383789062,-79.2916259765625,-81.03489685058594,-82.83625793457031,-83.60453796386719,-83.33257293701172,-83.99249267578125,-84.07894897460938,-83.5998306274414,-81.52165222167969,-81.7544937133789,-83.24639129638672,-83.18697357177734,-82.84490203857422,-83.11141204833984,-82.87279510498047,-82.65377044677734,-83.02044677734375,-82.36972045898438,-81.42403411865234,-81.43077850341797,-82.51736450195312,-83.61631774902344,-84.07003784179688,-81.85649871826172,-80.40778350830078,-79.51512145996094,-80.14007568359375,-80.66914367675781,-79.4480209350586,-78.566162109375,-79.62198638916016,-80.39083099365234,-80.61065673828125,-80.1304702758789,-80.70790100097656,-77.93537902832031,-79.34422302246094,-81.68982696533203,-83.26936340332031,-84.26652526855469,-84.6256103515625,-85.1593017578125,-85.49178314208984,-84.75598907470703,-84.30294036865234,0.0
-77.81861114501953,-78.20067596435547,-79.13074493408203,-80.48843383789062,-79.2916259765625,-81.03489685058594,-82.83625793457031,-83.60453796386719,-83.33257293701172,-83.99249267578125,-84.07894897460938,-83.5998306274414,-81.52165222167969,-81.7544937133789,-83.24639129638672,-83.18697357177734,-82.84490203857422,-83.11141204833984,-82.87279510498047,-82.65377044677734,-83.02044677734375,-82.36972045898438,-81.42403411865234,-81.43077850341797,-82.51736450195312,-83.61631774902344,-84.07003784179688,-81.85649871826172,-80.40778350830078,-79.51512145996094,-80.14007568359375,-80.66914367675781,-79.4480209350586,-78.566162109375,-79.62198638916016,-80.39083099365234,-80.61065673828125,-80.1304702758789,-80.70790100097656,-77.93537902832031,-79.34422302246094,-81.68982696533203,-83.26936340332031,-84.26652526855469,-84.6256103515625,-85.1593017578125,-85.49178314208984,-84.75598907470703,-84.30294036865234,-85.14189910888672,0.0
-78.20067596435547,-79.13074493408203,-80.48843383789062,-79.2916259765625,-81.03489685058594,-82.83625793457031,-83.60453796386719,-83.33257293701172,-83.99249267578125,-84.07894897460938,-83.5998306274414,-81.52165222167969,-81.7544937133789,-83.24639129638672,-83.18697357177734,-82.84490203857422,-83.11141204833984,-82.87279510498047,-82.65377044677734,-83.02044677734375,-82.36972045898438,-81.42403411865234,-81.43077850341797,-82.51736450195312,-83.61631774902344,-84.07003784179688,-81.85649871826172,-80.40778350830078,-79.51512145996094,-80.14007568359375,-80.66914367675781,-79.4480209350586,-78.566162109375,-79.62198638916016,-80.39083099365234,-80.61065673828125,-80.1304702758789,-80.70790100097656,-77.93537902832031,-79.34422302246094,-81.68982696533203,-83.26936340332031,-84.26652526855469,-84.6256103515625,-85.1593017578125,-85.49178314208984,-84.75598907470703,-84.30294036865234,-85.14189910888672,-84.88470458984375,1.0
-79.13074493408203,-80.48843383789062,-79.2916259765625,-81.03489685058594,-82.83625793457031,-83.60453796386719,-83.33257293701172,-83.99249267578125,-84.07894897460938,-83.5998306274414,-81.52165222167969,-81.7544937133789,-83.24639129638672,-83.18697357177734,-82.84490203857422,-83.11141204833984,-82.87279510498047,-82.65377044677734,-83.02044677734375,-82.36972045898438,-81.42403411865234,-81.43077850341797,-82.51736450195312,-83.61631774902344,-84.07003784179688,-81.85649871826172,-80.40778350830078,-79.51512145996094,-80.14007568359375,-80.66914367675781,-79.4480209350586,-78.566162109375,-79.62198638916016,-80.39083099365234,-80.61065673828125,-80.1304702758789,-80.70790100097656,-77.93537902832031,-79.34422302246094,-81.68982696533203,-83.26936340332031,-84.26652526855469,-84.6256103515625,-85.1593017578125,-85.49178314208984,-84.75598907470703,-84.30294036865234,-85.14189910888672,-84.88470458984375,-84.11817169189453,1.0
-80.48843383789062,-79.2916259765625,-81.03489685058594,-82.83625793457031,-83.60453796386719,-83.33257293701172,-83.99249267578125,-84.07894897460938,-83.5998306274414,-81.52165222167969,-81.7544937133789,-83.24639129638672,-83.18697357177734,-82.84490203857422,-83.11141204833984,-82.87279510498047,-82.65377044677734,-83.02044677734375,-82.36972045898438,-81.42403411865234,-81.43077850341797,-82.51736450195312,-83.61631774902344,-84.07003784179688,-81.85649871826172,-80.40778350830078,-79.51512145996094,-80.14007568359375,-80.66914367675781,-79.4480209350586,-78.566162109375,-79.62198638916016,-80.39083099365234,-80.61065673828125,-80.1304702758789,-80.70790100097656,-77.93537902832031,-79.34422302246094,-81.68982696533203,-83.26936340332031,-84.26652526855469,-84.6256103515625,-85.1593017578125,-85.49178314208984,-84.75598907470703,-84.30294036865234,-85.14189910888672,-84.88470458984375,-84.11817169189453,-85.53516387939453,0.0
-79.2916259765625,-81.03489685058594,-82.83625793457031,-83.60453796386719,-83.33257293701172,-83.99249267578125,-84.07894897460938,-83.5998306274414,-81.52165222167969,-81.7544937133789,-83.24639129638672,-83.18697357177734,-82.84490203857422,-83.11141204833984,-82.87279510498047,-82.65377044677734,-83.02044677734375,-82.36972045898438,-81.42403411865234,-81.43077850341797,-82.51736450195312,-83.61631774902344,-84.07003784179688,-81.85649871826172,-80.40778350830078,-79.51512145996094,-80.14007568359375,-80.66914367675781,-79.4480209350586,-78.566162109375,-79.62198638916016,-80.39083099365234,-80.61065673828125,-80.1304702758789,-80.70790100097656,-77.93537902832031,-79.34422302246094,-81.68982696533203,-83.26936340332031,-84.26652526855469,-84.6256103515625,-85.1593017578125,-85.49178314208984,-84.75598907470703,-84.30294036865234,-85.14189910888672,-84.88470458984375,-84.11817169189453,-85.53516387939453,-85.2196273803711,0.0
-81.03489685058594,-82.83625793457031,-83.60453796386719,-83.33257293701172,-83.99249267578125,-84.07894897460938,-83.5998306274414,-81.52165222167969,-81.7544937133789,-83.24639129638672,-83.18697357177734,-82.84490203857422,-83.11141204833984,-82.87279510498047,-82.65377044677734,-83.02044677734375,-82.36972045898438,-81.42403411865234,-81.43077850341797,-82.51736450195312,-83.61631774902344,-84.07003784179688,-81.85649871826172,-80.40778350830078,-79.51512145996094,-80.14007568359375,-80.66914367675781,-79.4480209350586,-78.566162109375,-79.62198638916016,-80.39083099365234,-80.61065673828125,-80.1304702758789,-80.70790100097656,-77.93537902832031,-79.34422302246094,-81.68982696533203,-83.26936340332031,-84.26652526855469,-84.6256103515625,-85.1593017578125,-85.49178314208984,-84.75598907470703,-84.30294036865234,-85.14189910888672,-84.88470458984375,-84.11817169189453,-85.53516387939453,-85.2196273803711,-84.25831604003906,0.0
-82.83625793457031,-83.60453796386719,-83.33257293701172,-83.99249267578125,-84.07894897460938,-83.5998306274414,-81.52165222167969,-81.7544937133789,-83.24639129638672,-83.18697357177734,-82.84490203857422,-83.11141204833984,-82.87279510498047,-82.65377044677734,-83.02044677734375,-82.36972045898438,-81.42403411865234,-81.43077850341797,-82.51736450195312,-83.61631774902344,-84.07003784179688,-81.85649871826172,-80.40778350830078,-79.51512145996094,-80.14007568359375,-80.66914367675781,-79.4480209350586,-78.566162109375,-79.62198638916016,-80.39083099365234,-80.61065673828125,-80.1304702758789,-80.70790100097656,-77.93537902832031,-79.34422302246094,-81.68982696533203,-83.26936340332031,-84.26652526855469,-84.6256103515625,-85.1593017578125,-85.49178314208984,-84.75598907470703,-84.30294036865234,-85.14189910888672,-84.88470458984375,-84.11817169189453,-85.53516387939453,-85.2196273803711,-84.25831604003906,-84.2002944946289,0.0
-83.60453796386719,-83.33257293701172,-83.99249267578125,-84.07894897460938,-83.5998306274414,-81.52165222167969,-81.7544937133789,-83.24639129638672,-83.18697357177734,-82.84490203857422,-83.11141204833984,-82.87279510498047,-82.65377044677734,-83.02044677734375,-82.36972045898438,-81.42403411865234,-81.43077850341797,-82.51736450195312,-83.61631774902344,-84.07003784179688,-81.85649871826172,-80.40778350830078,-79.51512145996094,-80.14007568359375,-80.66914367675781,-79.4480209350586,-78.566162109375,-79.62198638916016,-80.39083099365234,-80.61065673828125,-80.1304702758789,-80.70790100097656,-77.93537902832031,-79.34422302246094,-81.68982696533203,-83.26936340332031,-84.26652526855469,-84.6256103515625,-85.1593017578125,-85.49178314208984,-84.75598907470703,-84.30294036865234,-85.14189910888672,-84.88470458984375,-84.11817169189453,-85.53516387939453,-85.2196273803711,-84.25831604003906,-84.2002944946289,-84.79806518554688,0.0
-83.33257293701172,-83.99249267578125,-84.07894897460938,-83.5998306274414,-81.52165222167969,-81.7544937133789,-83.24639129638672,-83.18697357177734,-82.84490203857422,-83.11141204833984,-82.87279510498047,-82.65377044677734,-83.02044677734375,-82.36972045898438,-81.42403411865234,-81.43077850341797,-82.51736450195312,-83.61631774902344,-84.07003784179688,-81.85649871826172,-80.40778350830078,-79.51512145996094,-80.14007568359375,-80.66914367675781,-79.4480209350586,-78.566162109375,-79.62198638916016,-80.39083099365234,-80.61065673828125,-80.1304702758789,-80.70790100097656,-77.93537902832031,-79.34422302246094,-81.68982696533203,-83.26936340332031,-84.26652526855469,-84.6256103515625,-85.1593017578125,-85.49178314208984,-84.75598907470703,-84.30294036865234,-85.14189910888672,-84.88470458984375,-84.11817169189453,-85.53516387939453,-85.2196273803711,-84.25831604003906,-84.2002944946289,-84.79806518554688,-85.15699768066406,0.0
-83.99249267578125,-84.07894897460938,-83.5998306274414,-81.52165222167969,-81.7544937133789,-83.24639129638672,-83.18697357177734,-82.84490203857422,-83.11141204833984,-82.87279510498047,-82.65377044677734,-83.02044677734375,-82.36972045898438,-81.42403411865234,-81.43077850341797,-82.51736450195312,-83.61631774902344,-84.07003784179688,-81.85649871826172,-80.40778350830078,-79.51512145996094,-80.14007568359375,-80.66914367675781,-79.4480209350586,-78.566162109375,-79.62198638916016,-80.39083099365234,-80.61065673828125,-80.1304702758789,-80.70790100097656,-77.93537902832031,-79.34422302246094,-81.68982696533203,-83.26936340332031,-84.26652526855469,-84.6256103515625,-85.1593017578125,-85.49178314208984,-84.75598907470703,-84.30294036865234,-85.14189910888672,-84.88470458984375,-84.11817169189453,-85.53516387939453,-85.2196273803711,-84.25831604003906,-84.2002944946289,-84.79806518554688,-85.15699768066406,-84.34087371826172,0.0
-84.07894897460938,-83.5998306274414,-81.52165222167969,-81.7544937133789,-83.24639129638672,-83.18697357177734,-82.84490203857422,-83.11141204833984,-82.87279510498047,-82.65377044677734,-83.02044677734375,-82.36972045898438,-81.42403411865234,-81.43077850341797,-82.51736450195312,-83.61631774902344,-84.07003784179688,-81.85649871826172,-80.40778350830078,-79.51512145996094,-80.14007568359375,-80.66914367675781,-79.4480209350586,-78.566162109375,-79.62198638916016,-80.39083099365234,-80.61065673828125,-80.1304702758789,-80.70790100097656,-77.93537902832031,-79.34422302246094,-81.68982696533203,-83.26936340332031,-84.26652526855469,-84.6256103515625,-85.1593017578125,-85.49178314208984,-84.75598907470703,-84.30294036865234,-85.14189910888672,-84.88470458984375,-84.11817169189453,-85.53516387939453,-85.2196273803711,-84.25831604003906,-84.2002944946289,-84.79806518554688,-85.15699768066406,-84.34087371826172,-85.1199951171875,0.0
-83.5998306274414,-81.52165222167969,-81.7544937133789,-83.24639129638672,-83.18697357177734,-82.84490203857422,-83.11141204833984,-82.87279510498047,-82.65377044677734,-83.02044677734375,-82.36972045898438,-81.42403411865234,-81.43077850341797,-82.51736450195312,-83.61631774902344,-84.07003784179688,-81.85649871826172,-80.40778350830078,-79.51512145996094,-80.14007568359375,-80.66914367675781,-79.4480209350586,-78.566162109375,-79.62198638916016,-80.39083099365234,-80.61065673828125,-80.1304702758789,-80.70790100097656,-77.93537902832031,-79.34422302246094,-81.68982696533203,-83.26936340332031,-84.26652526855469,-84.6256103515625,-85.1593017578125,-85.49178314208984,-84.75598907470703,-84.30294036865234,-85.14189910888672,-84.88470458984375,-84.11817169189453,-85.53516387939453,-85.2196273803711,-84.25831604003906,-84.2002944946289,-84.79806518554688,-85.15699768066406,-84.34087371826172,-85.1199951171875,-85.32121276855469,0.0
-81.52165222167969,-81.7544937133789,-83.24639129638672,-83.18697357177734,-82.84490203857422,-83.11141204833984,-82.87279510498047,-82.65377044677734,-83.02044677734375,-82.36972045898438,-81.42403411865234,-81.43077850341797,-82.51736450195312,-83.61631774902344,-84.07003784179688,-81.85649871826172,-80.40778350830078,-79.51512145996094,-80.14007568359375,-80.66914367675781,-79.4480209350586,-78.566162109375,-79.62198638916016,-80.39083099365234,-80.61065673828125,-80.1304702758789,-80.70790100097656,-77.93537902832031,-79.34422302246094,-81.68982696533203,-83.26936340332031,-84.26652526855469,-84.6256103515625,-85.1593017578125,-85.49178314208984,-84.75598907470703,-84.30294036865234,-85.14189910888672,-84.88470458984375,-84.11817169189453,-85.53516387939453,-85.2196273803711,-84.25831604003906,-84.2002944946289,-84.79806518554688,-85.15699768066406,-84.34087371826172,-85.1199951171875,-85.32121276855469,-85.72122955322266,1.0
-81.7544937133789,-83.24639129638672,-83.18697357177734,-82.84490203857422,-83.11141204833984,-82.87279510498047,-82.65377044677734,-83.02044677734375,-82.36972045898438,-81.42403411865234,-81.43077850341797,-82.51736450195312,-83.61631774902344,-84.07003784179688,-81.85649871826172,-80.40778350830078,-79.51512145996094,-80.14007568359375,-80.66914367675781,-79.4480209350586,-78.566162109375,-79.62198638916016,-80.39083099365234,-80.61065673828125,-80.1304702758789,-80.70790100097656,-77.93537902832031,-79.34422302246094,-81.68982696533203,-83.26936340332031,-84.26652526855469,-84.6256103515625,-85.1593017578125,-85.49178314208984,-84.75598907470703,-84.30294036865234,-85.14189910888672,-84.88470458984375,-84.11817169189453,-85.53516387939453,-85.2196273803711,-84.25831604003906,-84.2002944946289,-84.79806518554688,-85.15699768066406,-84.34087371826172,-85.1199951171875,-85.32121276855469,-85.72122955322266,-84.13111114501953,1.0
-83.24639129638672,-83.18697357177734,-82.84490203857422,-83.11141204833984,-82.87279510498047,-82.65377044677734,-83.02044677734375,-82.36972045898438,-81.42403411865234,-81.43077850341797,-82.51736450195312,-83.61631774902344,-84.07003784179688,-81.85649871826172,-80.40778350830078,-79.51512145996094,-80.14007568359375,-80.66914367675781,-79.4480209350586,-78.566162109375,-79.62198638916016,-80.39083099365234,-80.61065673828125,-80.1304702758789,-80.70790100097656,-77.93537902832031,-79.34422302246094,-81.68982696533203,-83.26936340332031,-84.26652526855469,-84.6256103515625,-85.1593017578125,-85.49178314208984,-84.75598907470703,-84.30294036865234,-85.14189910888672,-84.88470458984375,-84.11817169189453,-85.53516387939453,-85.2196273803711,-84.25831604003906,-84.2002944946289,-84.79806518554688,-85.15699768066406,-84.34087371826172,-85.1199951171875,-85.32121276855469,-85.72122955322266,-84.13111114501953,-83.97393035888672,1.0
-83.18697357177734,-82.84490203857422,-83.11141204833984,-82.87279510498047,-82.65377044677734,-83.02044677734375,-82.36972045898438,-81.42403411865234,-81.43077850341797,-82.51736450195312,-83.61631774902344,-84.07003784179688,-81.85649871826172,-80.40778350830078,-79.51512145996094,-80.14007568359375,-80.66914367675781,-79.4480209350586,-78.566162109375,-79.62198638916016,-80.39083099365234,-80.61065673828125,-80.1304702758789,-80.70790100097656,-77.93537902832031,-79.34422302246094,-81.68982696533203,-83.26936340332031,-84.26652526855469,-84.6256103515625,-85.1593017578125,-85.49178314208984,-84.75598907470703,-84.30294036865234,-85.14189910888672,-84.88470458984375,-84.11817169189453,-85.53516387939453,-85.2196273803711,-84.25831604003906,-84.2002944946289,-84.79806518554688,-85.15699768066406,-84.34087371826172,-85.1199951171875,-85.32121276855469,-85.72122955322266,-84.13111114501953,-83.97393035888672,-85.1184310913086,0.0
-82.84490203857422,-83.11141204833984,-82.87279510498047,-82.65377044677734,-83.02044677734375,-82.36972045898438,-81.42403411865234,-81.43077850341797,-82.51736450195312,-83.61631774902344,-84.07003784179688,-81.85649871826172,-80.40778350830078,-79.51512145996094,-80.14007568359375,-80.66914367675781,-79.4480209350586,-78.566162109375,-79.62198638916016,-80.39083099365234,-80.61065673828125,-80.1304702758789,-80.70790100097656,-77.93537902832031,-79.34422302246094,-81.68982696533203,-83.26936340332031,-84.26652526855469,-84.6256103515625,-85.1593017578125,-85.49178314208984,-84.75598907470703,-84.30294036865234,-85.14189910888672,-84.88470458984375,-84.11817169189453,-85.53516387939453,-85.2196273803711,-84.25831604003906,-84.2002944946289,-84.79806518554688,-85.15699768066406,-84.34087371826172,-85.1199951171875,-85.32121276855469,-85.72122955322266,-84.13111114501953,-83.97393035888672,-85.1184310913086,-86.73746490478516,0.0
-83.11141204833984,-82.87279510498047,-82.65377044677734,-83.02044677734375,-82.36972045898438,-81.42403411865234,-81.43077850341797,-82.51736450195312,-83.61631774902344,-84.07003784179688,-81.85649871826172,-80.40778350830078,-79.51512145996094,-80.14007568359375,-80.66914367675781,-79.4480209350586,-78.566162109375,-79.62198638916016,-80.39083099365234,-80.61065673828125,-80.1304702758789,-80.70790100097656,-77.93537902832031,-79.34422302246094,-81.68982696533203,-83.26936340332031,-84.26652526855469,-84.6256103515625,-85.1593017578125,-85.49178314208984,-84.75598907470703,-84.30294036865234,-85.14189910888672,-84.88470458984375,-84.11817169189453,-85.53516387939453,-85.2196273803711,-84.25831604003906,-84.2002944946289,-84.79806518554688,-85.15699768066406,-84.34087371826172,-85.1199951171875,-85.32121276855469,-85.72122955322266,-84.13111114501953,-83.97393035888672,-85.1184310913086,-86.73746490478516,-86.62159729003906,1.0
-82.87279510498047,-82.65377044677734,-83.02044677734375,-82.36972045898438,-81.42403411865234,-81.43077850341797,-82.51736450195312,-83.61631774902344,-84.07003784179688,-81.85649871826172,-80.40778350830078,-79.51512145996094,-80.14007568359375,-80.66914367675781,-79.4480209350586,-78.566162109375,-79.62198638916016,-80.39083099365234,-80.61065673828125,-80.1304702758789,-80.70790100097656,-77.93537902832031,-79.34422302246094,-81.68982696533203,-83.26936340332031,-84.26652526855469,-84.6256103515625,-85.1593017578125,-85.49178314208984,-84.75598907470703,-84.30294036865234,-85.14189910888672,-84.88470458984375,-84.11817169189453,-85.53516387939453,-85.2196273803711,-84.25831604003906,-84.2002944946289,-84.79806518554688,-85.15699768066406,-84.34087371826172,-85.1199951171875,-85.32121276855469,-85.72122955322266,-84.13111114501953,-83.97393035888672,-85.1184310913086,-86.73746490478516,-86.62159729003906,-85.78498077392578,1.0
-82.65377044677734,-83.02044677734375,-82.36972045898438,-81.42403411865234,-81.43077850341797,-82.51736450195312,-83.61631774902344,-84.07003784179688,-81.85649871826172,-80.40778350830078,-79.51512145996094,-80.14007568359375,-80.66914367675781,-79.4480209350586,-78.566162109375,-79.62198638916016,-80.39083099365234,-80.61065673828125,-80.1304702758789,-80.70790100097656,-77.93537902832031,-79.34422302246094,-81.68982696533203,-83.26936340332031,-84.26652526855469,-84.6256103515625,-85.1593017578125,-85.49178314208984,-84.75598907470703,-84.30294036865234,-85.14189910888672,-84.88470458984375,-84.11817169189453,-85.53516387939453,-85.2196273803711,-84.25831604003906,-84.2002944946289,-84.79806518554688,-85.15699768066406,-84.34087371826172,-85.1199951171875,-85.32121276855469,-85.72122955322266,-84.13111114501953,-83.97393035888672,-85.1184310913086,-86.73746490478516,-86.62159729003906,-85.78498077392578,-83.95635223388672,1.0
-83.02044677734375,-82.36972045898438,-81.42403411865234,-81.43077850341797,-82.51736450195312,-83.61631774902344,-84.07003784179688,-81.85649871826172,-80.40778350830078,-79.51512145996094,-80.14007568359375,-80.66914367675781,-79.4480209350586,-78.566162109375,-79.62198638916016,-80.39083099365234,-80.61065673828125,-80.1304702758789,-80.70790100097656,-77.93537902832031,-79.34422302246094,-81.68982696533203,-83.26936340332031,-84.26652526855469,-84.6256103515625,-85.1593017578125,-85.49178314208984,-84.75598907470703,-84.30294036865234,-85.14189910888672,-84.88470458984375,-84.11817169189453,-85.53516387939453,-85.2196273803711,-84.25831604003906,-84.2002944946289,-84.79806518554688,-85.15699768066406,-84.34087371826172,-85.1199951171875,-85.32121276855469,-85.72122955322266,-84.13111114501953,-83.97393035888672,-85.1184310913086,-86.73746490478516,-86.62159729003906,-85.78498077392578,-83.95635223388672,-84.81658935546875,0.0
-82.36972045898438,-81.42403411865234,-81.43077850341797,-82.51736450195312,-83.61631774902344,-84.07003784179688,-81.85649871826172,-80.40778350830078,-79.51512145996094,-80.14007568359375,-80.66914367675781,-79.4480209350586,-78.566162109375,-79.62198638916016,-80.39083099365234,-80.61065673828125,-80.1304702758789,-80.70790100097656,-77.93537902832031,-79.34422302246094,-81.68982696533203,-83.26936340332031,-84.26652526855469,-84.6256103515625,-85.1593017578125,-85.49178314208984,-84.75598907470703,-84.30294036865234,-85.14189910888672,-84.88470458984375,-84.11817169189453,-85.53516387939453,-85.2196273803711,-84.25831604003906,-84.2002944946289,-84.79806518554688,-85.15699768066406,-84.34087371826172,-85.1199951171875,-85.32121276855469,-85.72122955322266,-84.13111114501953,-83.97393035888672,-85.1184310913086,-86.73746490478516,-86.62159729003906,-85.78498077392578,-83.95635223388672,-84.81658935546875,-85.72346496582031,0.0
-81.42403411865234,-81.43077850341797,-82.51736450195312,-83.61631774902344,-84.07003784179688,-81.85649871826172,-80.40778350830078,-79.51512145996094,-80.14007568359375,-80.66914367675781,-79.4480209350586,-78.566162109375,-79.62198638916016,-80.39083099365234,-80.61065673828125,-80.1304702758789,-80.70790100097656,-77.93537902832031,-79.34422302246094,-81.68982696533203,-83.26936340332031,-84.26652526855469,-84.6256103515625,-85.1593017578125,-85.49178314208984,-84.75598907470703,-84.30294036865234,-85.14189910888672,-84.88470458984375,-84.11817169189453,-85.53516387939453,-85.2196273803711,-84.25831604003906,-84.2002944946289,-84.79806518554688,-85.15699768066406,-84.34087371826172,-85.1199951171875,-85.32121276855469,-85.72122955322266,-84.13111114501953,-83.97393035888672,-85.1184310913086,-86.73746490478516,-86.62159729003906,-85.78498077392578,-83.95635223388672,-84.81658935546875,-85.72346496582031,-85.18183898925781,1.0
-81.43077850341797,-82.51736450195312,-83.61631774902344,-84.07003784179688,-81.85649871826172,-80.40778350830078,-79.51512145996094,-80.14007568359375,-80.66914367675781,-79.4480209350586,-78.566162109375,-79.62198638916016,-80.39083099365234,-80.61065673828125,-80.1304702758789,-80.70790100097656,-77.93537902832031,-79.34422302246094,-81.68982696533203,-83.26936340332031,-84.26652526855469,-84.6256103515625,-85.1593017578125,-85.49178314208984,-84.75598907470703,-84.30294036865234,-85.14189910888672,-84.88470458984375,-84.11817169189453,-85.53516387939453,-85.2196273803711,-84.25831604003906,-84.2002944946289,-84.79806518554688,-85.15699768066406,-84.34087371826172,-85.1199951171875,-85.32121276855469,-85.72122955322266,-84.13111114501953,-83.97393035888672,-85.1184310913086,-86.73746490478516,-86.62159729003906,-85.78498077392578,-83.95635223388672,-84.81658935546875,-85.72346496582031,-85.18183898925781,-84.67198181152344,1.0
-82.51736450195312,-83.61631774902344,-84.07003784179688,-81.85649871826172,-80.40778350830078,-79.51512145996094,-80.14007568359375,-80.66914367675781,-79.4480209350586,-78.566162109375,-79.62198638916016,-80.39083099365234,-80.61065673828125,-80.1304702758789,-80.70790100097656,-77.93537902832031,-79.34422302246094,-81.68982696533203,-83.26936340332031,-84.26652526855469,-84.6256103515625,-85.1593017578125,-85.49178314208984,-84.75598907470703,-84.30294036865234,-85.14189910888672,-84.88470458984375,-84.11817169189453,-85.53516387939453,-85.2196273803711,-84.25831604003906,-84.2002944946289,-84.79806518554688,-85.15699768066406,-84.34087371826172,-85.1199951171875,-85.32121276855469,-85.72122955322266,-84.13111114501953,-83.97393035888672,-85.1184310913086,-86.73746490478516,-86.62159729003906,-85.78498077392578,-83.95635223388672,-84.81658935546875,-85.72346496582031,-85.18183898925781,-84.67198181152344,-84.92705535888672,1.0
-83.61631774902344,-84.07003784179688,-81.85649871826172,-80.40778350830078,-79.51512145996094,-80.14007568359375,-80.66914367675781,-79.4480209350586,-78.566162109375,-79.62198638916016,-80.39083099365234,-80.61065673828125,-80.1304702758789,-80.70790100097656,-77.93537902832031,-79.34422302246094,-81.68982696533203,-83.26936340332031,-84.26652526855469,-84.6256103515625,-85.1593017578125,-85.49178314208984,-84.75598907470703,-84.30294036865234,-85.14189910888672,-84.88470458984375,-84.11817169189453,-85.53516387939453,-85.2196273803711,-84.25831604003906,-84.2002944946289,-84.79806518554688,-85.15699768066406,-84.34087371826172,-85.1199951171875,-85.32121276855469,-85.72122955322266,-84.13111114501953,-83.97393035888672,-85.1184310913086,-86.73746490478516,-86.62159729003906,-85.78498077392578,-83.95635223388672,-84.81658935546875,-85.72346496582031,-85.18183898925781,-84.67198181152344,-84.92705535888672,-86.07483673095703,1.0
-84.07003784179688,-81.85649871826172,-80.40778350830078,-79.51512145996094,-80.14007568359375,-80.66914367675781,-79.4480209350586,-78.566162109375,-79.62198638916016,-80.39083099365234,-80.61065673828125,-80.1304702758789,-80.70790100097656,-77.93537902832031,-79.34422302246094,-81.68982696533203,-83.26936340332031,-84.26652526855469,-84.6256103515625,-85.1593017578125,-85.49178314208984,-84.75598907470703,-84.30294036865234,-85.14189910888672,-84.88470458984375,-84.11817169189453,-85.53516387939453,-85.2196273803711,-84.25831604003906,-84.2002944946289,-84.79806518554688,-85.15699768066406,-84.34087371826172,-85.1199951171875,-85.32121276855469,-85.72122955322266,-84.13111114501953,-83.97393035888672,-85.1184310913086,-86.73746490478516,-86.62159729003906,-85.78498077392578,-83.95635223388672,-84.81658935546875,-85.72346496582031,-85.18183898925781,-84.67198181152344,-84.92705535888672,-86.07483673095703,-85.82547760009766,1.0
-81.85649871826172,-80.40778350830078,-79.51512145996094,-80.14007568359375,-80.66914367675781,-79.4480209350586,-78.566162109375,-79.62198638916016,-80.39083099365234,-80.61065673828125,-80.1304702758789,-80.70790100097656,-77.93537902832031,-79.34422302246094,-81.68982696533203,-83.26936340332031,-84.26652526855469,-84.6256103515625,-85.1593017578125,-85.49178314208984,-84.75598907470703,-84.30294036865234,-85.14189910888672,-84.88470458984375,-84.11817169189453,-85.53516387939453,-85.2196273803711,-84.25831604003906,-84.2002944946289,-84.79806518554688,-85.15699768066406,-84.34087371826172,-85.1199951171875,-85.32121276855469,-85.72122955322266,-84.13111114501953,-83.97393035888672,-85.1184310913086,-86.73746490478516,-86.62159729003906,-85.78498077392578,-83.95635223388672,-84.81658935546875,-85.72346496582031,-85.18183898925781,-84.67198181152344,-84.92705535888672,-86.07483673095703,-85.82547760009766,-84.98004913330078,0.0
-80.40778350830078,-79.51512145996094,-80.14007568359375,-80.66914367675781,-79.4480209350586,-78.566162109375,-79.62198638916016,-80.39083099365234,-80.61065673828125,-80.1304702758789,-80.70790100097656,-77.93537902832031,-79.34422302246094,-81.68982696533203,-83.26936340332031,-84.26652526855469,-84.6256103515625,-85.1593017578125,-85.49178314208984,-84.75598907470703,-84.30294036865234,-85.14189910888672,-84.88470458984375,-84.11817169189453,-85.53516387939453,-85.2196273803711,-84.25831604003906,-84.2002944946289,-84.79806518554688,-85.15699768066406,-84.34087371826172,-85.1199951171875,-85.32121276855469,-85.72122955322266,-84.13111114501953,-83.97393035888672,-85.1184310913086,-86.73746490478516,-86.62159729003906,-85.78498077392578,-83.95635223388672,-84.81658935546875,-85.72346496582031,-85.18183898925781,-84.67198181152344,-84.92705535888672,-86.07483673095703,-85.82547760009766,-84.98004913330078,-85.88109588623047,1.0
-79.51512145996094,-80.14007568359375,-80.66914367675781,-79.4480209350586,-78.566162109375,-79.62198638916016,-80.39083099365234,-80.61065673828125,-80.1304702758789,-80.70790100097656,-77.93537902832031,-79.34422302246094,-81.68982696533203,-83.26936340332031,-84.26652526855469,-84.6256103515625,-85.1593017578125,-85.49178314208984,-84.75598907470703,-84.30294036865234,-85.14189910888672,-84.88470458984375,-84.11817169189453,-85.53516387939453,-85.2196273803711,-84.25831604003906,-84.2002944946289,-84.79806518554688,-85.15699768066406,-84.34087371826172,-85.1199951171875,-85.32121276855469,-85.72122955322266,-84.13111114501953,-83.97393035888672,-85.1184310913086,-86.73746490478516,-86.62159729003906,-85.78498077392578,-83.95635223388672,-84.81658935546875,-85.72346496582031,-85.18183898925781,-84.67198181152344,-84.92705535888672,-86.07483673095703,-85.82547760009766,-84.98004913330078,-85.88109588623047,-85.25985717773438,1.0
-80.14007568359375,-80.66914367675781,-79.4480209350586,-78.566162109375,-79.62198638916016,-80.39083099365234,-80.61065673828125,-80.1304702758789,-80.70790100097656,-77.93537902832031,-79.34422302246094,-81.68982696533203,-83.26936340332031,-84.26652526855469,-84.6256103515625,-85.1593017578125,-85.49178314208984,-84.75598907470703,-84.30294036865234,-85.14189910888672,-84.88470458984375,-84.11817169189453,-85.53516387939453,-85.2196273803711,-84.25831604003906,-84.2002944946289,-84.79806518554688,-85.15699768066406,-84.34087371826172,-85.1199951171875,-85.32121276855469,-85.72122955322266,-84.13111114501953,-83.97393035888672,-85.1184310913086,-86.73746490478516,-86.62159729003906,-85.78498077392578,-83.95635223388672,-84.81658935546875,-85.72346496582031,-85.18183898925781,-84.67198181152344,-84.92705535888672,-86.07483673095703,-85.82547760009766,-84.98004913330078,-85.88109588623047,-85.25985717773438,-86.03223419189453,0.0
-80.66914367675781,-79.4480209350586,-78.566162109375,-79.62198638916016,-80.39083099365234,-80.61065673828125,-80.1304702758789,-80.70790100097656,-77.93537902832031,-79.34422302246094,-81.68982696533203,-83.26936340332031,-84.26652526855469,-84.6256103515625,-85.1593017578125,-85.49178314208984,-84.75598907470703,-84.30294036865234,-85.14189910888672,-84.88470458984375,-84.11817169189453,-85.53516387939453,-85.2196273803711,-84.25831604003906,-84.2002944946289,-84.79806518554688,-85.15699768066406,-84.34087371826172,-85.1199951171875,-85.32121276855469,-85.72122955322266,-84.13111114501953,-83.97393035888672,-85.1184310913086,-86.73746490478516,-86.62159729003906,-85.78498077392578,-83.95635223388672,-84.81658935546875,-85.72346496582031,-85.18183898925781,-84.67198181152344,-84.92705535888672,-86.07483673095703,-85.82547760009766,-84.98004913330078,-85.88109588623047,-85.25985717773438,-86.03223419189453,-87.11747741699219,1.0
-79.4480209350586,-78.566162109375,-79.62198638916016,-80.39083099365234,-80.61065673828125,-80.1304702758789,-80.70790100097656,-77.93537902832031,-79.34422302246094,-81.68982696533203,-83.26936340332031,-84.26652526855469,-84.6256103515625,-85.1593017578125,-85.49178314208984,-84.75598907470703,-84.30294036865234,-85.14189910888672,-84.88470458984375,-84.11817169189453,-85.53516387939453,-85.2196273803711,-84.25831604003906,-84.2002944946289,-84.79806518554688,-85.15699768066406,-84.34087371826172,-85.1199951171875,-85.32121276855469,-85.72122955322266,-84.13111114501953,-83.97393035888672,-85.1184310913086,-86.73746490478516,-86.62159729003906,-85.78498077392578,-83.95635223388672,-84.81658935546875,-85.72346496582031,-85.18183898925781,-84.67198181152344,-84.92705535888672,-86.07483673095703,-85.82547760009766,-84.98004913330078,-85.88109588623047,-85.25985717773438,-86.03223419189453,-87.11747741699219,-87.18586730957031,1.0
-78.566162109375,-79.62198638916016,-80.39083099365234,-80.61065673828125,-80.1304702758789,-80.70790100097656,-77.93537902832031,-79.34422302246094,-81.68982696533203,-83.26936340332031,-84.26652526855469,-84.6256103515625,-85.1593017578125,-85.49178314208984,-84.75598907470703,-84.30294036865234,-85.14189910888672,-84.88470458984375,-84.11817169189453,-85.53516387939453,-85.2196273803711,-84.25831604003906,-84.2002944946289,-84.79806518554688,-85.15699768066406,-84.34087371826172,-85.1199951171875,-85.32121276855469,-85.72122955322266,-84.13111114501953,-83.97393035888672,-85.1184310913086,-86.73746490478516,-86.62159729003906,-85.78498077392578,-83.95635223388672,-84.81658935546875,-85.72346496582031,-85.18183898925781,-84.67198181152344,-84.92705535888672,-86.07483673095703,-85.82547760009766,-84.98004913330078,-85.88109588623047,-85.25985717773438,-86.03223419189453,-87.11747741699219,-87.18586730957031,-87.03007507324219,0.0
-79.62198638916016,-80.39083099365234,-80.61065673828125,-80.1304702758789,-80.70790100097656,-77.93537902832031,-79.34422302246094,-81.68982696533203,-83.26936340332031,-84.26652526855469,-84.6256103515625,-85.1593017578125,-85.49178314208984,-84.75598907470703,-84.30294036865234,-85.14189910888672,-84.88470458984375,-84.11817169189453,-85.53516387939453,-85.2196273803711,-84.25831604003906,-84.2002944946289,-84.79806518554688,-85.15699768066406,-84.34087371826172,-85.1199951171875,-85.32121276855469,-85.72122955322266,-84.13111114501953,-83.97393035888672,-85.1184310913086,-86.73746490478516,-86.62159729003906,-85.78498077392578,-83.95635223388672,-84.81658935546875,-85.72346496582031,-85.18183898925781,-84.67198181152344,-84.92705535888672,-86.07483673095703,-85.82547760009766,-84.98004913330078,-85.88109588623047,-85.25985717773438,-86.03223419189453,-87.11747741699219,-87.18586730957031,-87.03007507324219,-86.501708984375,0.0
-80.39083099365234,-80.61065673828125,-80.1304702758789,-80.70790100097656,-77.93537902832031,-79.34422302246094,-81.68982696533203,-83.26936340332031,-84.26652526855469,-84.6256103515625,-85.1593017578125,-85.49178314208984,-84.75598907470703,-84.30294036865234,-85.14189910888672,-84.88470458984375,-84.11817169189453,-85.53516387939453,-85.2196273803711,-84.25831604003906,-84.2002944946289,-84.79806518554688,-85.15699768066406,-84.34087371826172,-85.1199951171875,-85.32121276855469,-85.72122955322266,-84.13111114501953,-83.97393035888672,-85.1184310913086,-86.73746490478516,-86.62159729003906,-85.78498077392578,-83.95635223388672,-84.81658935546875,-85.72346496582031,-85.18183898925781,-84.67198181152344,-84.92705535888672,-86.07483673095703,-85.82547760009766,-84.98004913330078,-85.88109588623047,-85.25985717773438,-86.03223419189453,-87.11747741699219,-87.18586730957031,-87.03007507324219,-86.501708984375,-86.67242431640625,1.0
-80.61065673828125,-80.1304702758789,-80.70790100097656,-77.93537902832031,-79.34422302246094,-81.68982696533203,-83.26936340332031,-84.26652526855469,-84.6256103515625,-85.1593017578125,-85.49178314208984,-84.75598907470703,-84.30294036865234,-85.14189910888672,-84.88470458984375,-84.11817169189453,-85.53516387939453,-85.2196273803711,-84.25831604003906,-84.2002944946289,-84.79806518554688,-85.15699768066406,-84.34087371826172,-85.1199951171875,-85.32121276855469,-85.72122955322266,-84.13111114501953,-83.97393035888672,-85.1184310913086,-86.73746490478516,-86.62159729003906,-85.78498077392578,-83.95635223388672,-84.81658935546875,-85.72346496582031,-85.18183898925781,-84.67198181152344,-84.92705535888672,-86.07483673095703,-85.82547760009766,-84.98004913330078,-85.88109588623047,-85.25985717773438,-86.03223419189453,-87.11747741699219,-87.18586730957031,-87.03007507324219,-86.501708984375,-86.67242431640625,-86.00161743164062,0.0
-80.1304702758789,-80.70790100097656,-77.93537902832031,-79.34422302246094,-81.68982696533203,-83.26936340332031,-84.26652526855469,-84.6256103515625,-85.1593017578125,-85.49178314208984,-84.75598907470703,-84.30294036865234,-85.14189910888672,-84.88470458984375,-84.11817169189453,-85.53516387939453,-85.2196273803711,-84.25831604003906,-84.2002944946289,-84.79806518554688,-85.15699768066406,-84.34087371826172,-85.1199951171875,-85.32121276855469,-85.72122955322266,-84.13111114501953,-83.97393035888672,-85.1184310913086,-86.73746490478516,-86.62159729003906,-85.78498077392578,-83.95635223388672,-84.81658935546875,-85.72346496582031,-85.18183898925781,-84.67198181152344,-84.92705535888672,-86.07483673095703,-85.82547760009766,-84.98004913330078,-85.88109588623047,-85.25985717773438,-86.03223419189453,-87.11747741699219,-87.18586730957031,-87.03007507324219,-86.501708984375,-86.67242431640625,-86.00161743164062,-84.64059448242188,0.0
-80.70790100097656,-77.93537902832031,-79.34422302246094,-81.68982696533203,-83.26936340332031,-84.26652526855469,-84.6256103515625,-85.1593017578125,-85.49178314208984,-84.75598907470703,-84.30294036865234,-85.14189910888672,-84.88470458984375,-84.11817169189453,-85.53516387939453,-85.2196273803711,-84.25831604003906,-84.2002944946289,-84.79806518554688,-85.15699768066406,-84.34087371826172,-85.1199951171875,-85.32121276855469,-85.72122955322266,-84.13111114501953,-83.97393035888672,-85.1184310913086,-86.73746490478516,-86.62159729003906,-85.78498077392578,-83.95635223388672,-84.81658935546875,-85.72346496582031,-85.18183898925781,-84.67198181152344,-84.92705535888672,-86.07483673095703,-85.82547760009766,-84.98004913330078,-85.88109588623047,-85.25985717773438,-86.03223419189453,-87.11747741699219,-87.18586730957031,-87.03007507324219,-86.501708984375,-86.67242431640625,-86.00161743164062,-84.64059448242188,-80.25094604492188,0.0
-77.93537902832031,-79.34422302246094,-81.68982696533203,-83.26936340332031,-84.26652526855469,-84.6256103515625,-85.1593017578125,-85.49178314208984,-84.75598907470703,-84.30294036865234,-85.14189910888672,-84.88470458984375,-84.11817169189453,-85.53516387939453,-85.2196273803711,-84.25831604003906,-84.2002944946289,-84.79806518554688,-85.15699768066406,-84.34087371826172,-85.1199951171875,-85.32121276855469,-85.72122955322266,-84.13111114501953,-83.97393035888672,-85.1184310913086,-86.73746490478516,-86.62159729003906,-85.78498077392578,-83.95635223388672,-84.81658935546875,-85.72346496582031,-85.18183898925781,-84.67198181152344,-84.92705535888672,-86.07483673095703,-85.82547760009766,-84.98004913330078,-85.88109588623047,-85.25985717773438,-86.03223419189453,-87.11747741699219,-87.18586730957031,-87.03007507324219,-86.501708984375,-86.67242431640625,-86.00161743164062,-84.64059448242188,-80.25094604492188,-77.79486846923828,1.0
-79.34422302246094,-81.68982696533203,-83.26936340332031,-84.26652526855469,-84.6256103515625,-85.1593017578125,-85.49178314208984,-84.75598907470703,-84.30294036865234,-85.14189910888672,-84.88470458984375,-84.11817169189453,-85.53516387939453,-85.2196273803711,-84.25831604003906,-84.2002944946289,-84.79806518554688,-85.15699768066406,-84.34087371826172,-85.1199951171875,-85.32121276855469,-85.72122955322266,-84.13111114501953,-83.97393035888672,-85.1184310913086,-86.73746490478516,-86.62159729003906,-85.78498077392578,-83.95635223388672,-84.81658935546875,-85.72346496582031,-85.18183898925781,-84.67198181152344,-84.92705535888672,-86.07483673095703,-85.82547760009766,-84.98004913330078,-85.88109588623047,-85.25985717773438,-86.03223419189453,-87.11747741699219,-87.18586730957031,-87.03007507324219,-86.501708984375,-86.67242431640625,-86.00161743164062,-84.64059448242188,-80.25094604492188,-77.79486846923828,-79.42701721191406,0.0
-81.68982696533203,-83.26936340332031,-84.26652526855469,-84.6256103515625,-85.1593017578125,-85.49178314208984,-84.75598907470703,-84.30294036865234,-85.14189910888672,-84.88470458984375,-84.11817169189453,-85.53516387939453,-85.2196273803711,-84.25831604003906,-84.2002944946289,-84.79806518554688,-85.15699768066406,-84.34087371826172,-85.1199951171875,-85.32121276855469,-85.72122955322266,-84.13111114501953,-83.97393035888672,-85.1184310913086,-86.73746490478516,-86.62159729003906,-85.78498077392578,-83.95635223388672,-84.81658935546875,-85.72346496582031,-85.18183898925781,-84.67198181152344,-84.92705535888672,-86.07483673095703,-85.82547760009766,-84.98004913330078,-85.88109588623047,-85.25985717773438,-86.03223419189453,-87.11747741699219,-87.18586730957031,-87.03007507324219,-86.501708984375,-86.67242431640625,-86.00161743164062,-84.64059448242188,-80.25094604492188,-77.79486846923828,-79.42701721191406,-79.38800811767578,0.0
-83.26936340332031,-84.26652526855469,-84.6256103515625,-85.1593017578125,-85.49178314208984,-84.75598907470703,-84.30294036865234,-85.14189910888672,-84.88470458984375,-84.11817169189453,-85.53516387939453,-85.2196273803711,-84.25831604003906,-84.2002944946289,-84.79806518554688,-85.15699768066406,-84.34087371826172,-85.1199951171875,-85.32121276855469,-85.72122955322266,-84.13111114501953,-83.97393035888672,-85.1184310913086,-86.73746490478516,-86.62159729003906,-85.78498077392578,-83.95635223388672,-84.81658935546875,-85.72346496582031,-85.18183898925781,-84.67198181152344,-84.92705535888672,-86.07483673095703,-85.82547760009766,-84.98004913330078,-85.88109588623047,-85.25985717773438,-86.03223419189453,-87.11747741699219,-87.18586730957031,-87.03007507324219,-86.501708984375,-86.67242431640625,-86.00161743164062,-84.64059448242188,-80.25094604492188,-77.79486846923828,-79.42701721191406,-79.38800811767578,-78.90824890136719,0.0
-84.26652526855469,-84.6256103515625,-85.1593017578125,-85.49178314208984,-84.75598907470703,-84.30294036865234,-85.14189910888672,-84.88470458984375,-84.11817169189453,-85.53516387939453,-85.2196273803711,-84.25831604003906,-84.2002944946289,-84.79806518554688,-85.15699768066406,-84.34087371826172,-85.1199951171875,-85.32121276855469,-85.72122955322266,-84.13111114501953,-83.97393035888672,-85.1184310913086,-86.73746490478516,-86.62159729003906,-85.78498077392578,-83.95635223388672,-84.81658935546875,-85.72346496582031,-85.18183898925781,-84.67198181152344,-84.92705535888672,-86.07483673095703,-85.82547760009766,-84.98004913330078,-85.88109588623047,-85.25985717773438,-86.03223419189453,-87.11747741699219,-87.18586730957031,-87.03007507324219,-86.501708984375,-86.67242431640625,-86.00161743164062,-84.64059448242188,-80.25094604492188,-77.79486846923828,-79.42701721191406,-79.38800811767578,-78.90824890136719,-78.54643249511719,1.0
-84.6256103515625,-85.1593017578125,-85.49178314208984,-84.75598907470703,-84.30294036865234,-85.14189910888672,-84.88470458984375,-84.11817169189453,-85.53516387939453,-85.2196273803711,-84.25831604003906,-84.2002944946289,-84.79806518554688,-85.15699768066406,-84.34087371826172,-85.1199951171875,-85.32121276855469,-85.72122955322266,-84.13111114501953,-83.97393035888672,-85.1184310913086,-86.73746490478516,-86.62159729003906,-85.78498077392578,-83.95635223388672,-84.81658935546875,-85.72346496582031,-85.18183898925781,-84.67198181152344,-84.92705535888672,-86.07483673095703,-85.82547760009766,-84.98004913330078,-85.88109588623047,-85.25985717773438,-86.03223419189453,-87.11747741699219,-87.18586730957031,-87.03007507324219,-86.501708984375,-86.67242431640625,-86.00161743164062,-84.64059448242188,-80.25094604492188,-77.79486846923828,-79.42701721191406,-79.38800811767578,-78.90824890136719,-78.54643249511719,-76.45838165283203,0.0
-85.1593017578125,-85.49178314208984,-84.75598907470703,-84.30294036865234,-85.14189910888672,-84.88470458984375,-84.11817169189453,-85.53516387939453,-85.2196273803711,-84.25831604003906,-84.2002944946289,-84.79806518554688,-85.15699768066406,-84.34087371826172,-85.1199951171875,-85.32121276855469,-85.72122955322266,-84.13111114501953,-83.97393035888672,-85.1184310913086,-86.73746490478516,-86.62159729003906,-85.78498077392578,-83.95635223388672,-84.81658935546875,-85.72346496582031,-85.18183898925781,-84.67198181152344,-84.92705535888672,-86.07483673095703,-85.82547760009766,-84.98004913330078,-85.88109588623047,-85.25985717773438,-86.03223419189453,-87.11747741699219,-87.18586730957031,-87.03007507324219,-86.501708984375,-86.67242431640625,-86.00161743164062,-84.64059448242188,-80.25094604492188,-77.79486846923828,-79.42701721191406,-79.38800811767578,-78.90824890136719,-78.54643249511719,-76.45838165283203,-75.62886047363281,0.0
-85.49178314208984,-84.75598907470703,-84.30294036865234,-85.14189910888672,-84.88470458984375,-84.11817169189453,-85.53516387939453,-85.2196273803711,-84.25831604003906,-84.2002944946289,-84.79806518554688,-85.15699768066406,-84.34087371826172,-85.1199951171875,-85.32121276855469,-85.72122955322266,-84.13111114501953,-83.97393035888672,-85.1184310913086,-86.73746490478516,-86.62159729003906,-85.78498077392578,-83.95635223388672,-84.81658935546875,-85.72346496582031,-85.18183898925781,-84.67198181152344,-84.92705535888672,-86.07483673095703,-85.82547760009766,-84.98004913330078,-85.88109588623047,-85.25985717773438,-86.03223419189453,-87.11747741699219,-87.18586730957031,-87.03007507324219,-86.501708984375,-86.67242431640625,-86.00161743164062,-84.64059448242188,-80.25094604492188,-77.79486846923828,-79.42701721191406,-79.38800811767578,-78.90824890136719,-78.54643249511719,-76.45838165283203,-75.62886047363281,-75.46211242675781,1.0
-84.75598907470703,-84.30294036865234,-85.14189910888672,-84.88470458984375,-84.11817169189453,-85.53516387939453,-85.2196273803711,-84.25831604003906,-84.2002944946289,-84.79806518554688,-85.15699768066406,-84.34087371826172,-85.1199951171875,-85.32121276855469,-85.72122955322266,-84.13111114501953,-83.97393035888672,-85.1184310913086,-86.73746490478516,-86.62159729003906,-85.78498077392578,-83.95635223388672,-84.81658935546875,-85.72346496582031,-85.18183898925781,-84.67198181152344,-84.92705535888672,-86.07483673095703,-85.82547760009766,-84.98004913330078,-85.88109588623047,-85.25985717773438,-86.03223419189453,-87.11747741699219,-87.18586730957031,-87.03007507324219,-86.501708984375,-86.67242431640625,-86.00161743164062,-84.64059448242188,-80.25094604492188,-77.79486846923828,-79.42701721191406,-79.38800811767578,-78.90824890136719,-78.54643249511719,-76.45838165283203,-75.62886047363281,-75.46211242675781,-74.96356201171875,0.0
-84.30294036865234,-85.14189910888672,-84.88470458984375,-84.11817169189453,-85.53516387939453,-85.2196273803711,-84.25831604003906,-84.2002944946289,-84.79806518554688,-85.15699768066406,-84.34087371826172,-85.1199951171875,-85.32121276855469,-85.72122955322266,-84.13111114501953,-83.97393035888672,-85.1184310913086,-86.73746490478516,-86.62159729003906,-85.78498077392578,-83.95635223388672,-84.81658935546875,-85.72346496582031,-85.18183898925781,-84.67198181152344,-84.92705535888672,-86.07483673095703,-85.82547760009766,-84.98004913330078,-85.88109588623047,-85.25985717773438,-86.03223419189453,-87.11747741699219,-87.18586730957031,-87.03007507324219,-86.501708984375,-86.67242431640625,-86.00161743164062,-84.64059448242188,-80.25094604492188,-77.79486846923828,-79.42701721191406,-79.38800811767578,-78.90824890136719,-78.54643249511719,-76.45838165283203,-75.62886047363281,-75.46211242675781,-74.96356201171875,-74.62662506103516,1.0
-85.14189910888672,-84.88470458984375,-84.11817169189453,-85.53516387939453,-85.2196273803711,-84.25831604003906,-84.2002944946289,-84.79806518554688,-85.15699768066406,-84.34087371826172,-85.1199951171875,-85.32121276855469,-85.72122955322266,-84.13111114501953,-83.97393035888672,-85.1184310913086,-86.73746490478516,-86.62159729003906,-85.78498077392578,-83.95635223388672,-84.81658935546875,-85.72346496582031,-85.18183898925781,-84.67198181152344,-84.92705535888672,-86.07483673095703,-85.82547760009766,-84.98004913330078,-85.88109588623047,-85.25985717773438,-86.03223419189453,-87.11747741699219,-87.18586730957031,-87.03007507324219,-86.501708984375,-86.67242431640625,-86.00161743164062,-84.64059448242188,-80.25094604492188,-77.79486846923828,-79.42701721191406,-79.38800811767578,-78.90824890136719,-78.54643249511719,-76.45838165283203,-75.62886047363281,-75.46211242675781,-74.96356201171875,-74.62662506103516,-74.93126678466797,0.0
-84.88470458984375,-84.11817169189453,-85.53516387939453,-85.2196273803711,-84.25831604003906,-84.2002944946289,-84.79806518554688,-85.15699768066406,-84.34087371826172,-85.1199951171875,-85.32121276855469,-85.72122955322266,-84.13111114501953,-83.97393035888672,-85.1184310913086,-86.73746490478516,-86.62159729003906,-85.78498077392578,-83.95635223388672,-84.81658935546875,-85.72346496582031,-85.18183898925781,-84.67198181152344,-84.92705535888672,-86.07483673095703,-85.82547760009766,-84.98004913330078,-85.88109588623047,-85.25985717773438,-86.03223419189453,-87.11747741699219,-87.18586730957031,-87.03007507324219,-86.501708984375,-86.67242431640625,-86.00161743164062,-84.64059448242188,-80.25094604492188,-77.79486846923828,-79.42701721191406,-79.38800811767578,-78.90824890136719,-78.54643249511719,-76.45838165283203,-75.62886047363281,-75.46211242675781,-74.96356201171875,-74.62662506103516,-74.93126678466797,-75.12818908691406,0.0
-84.11817169189453,-85.53516387939453,-85.2196273803711,-84.25831604003906,-84.2002944946289,-84.79806518554688,-85.15699768066406,-84.34087371826172,-85.1199951171875,-85.32121276855469,-85.72122955322266,-84.13111114501953,-83.97393035888672,-85.1184310913086,-86.73746490478516,-86.62159729003906,-85.78498077392578,-83.95635223388672,-84.81658935546875,-85.72346496582031,-85.18183898925781,-84.67198181152344,-84.92705535888672,-86.07483673095703,-85.82547760009766,-84.98004913330078,-85.88109588623047,-85.25985717773438,-86.03223419189453,-87.11747741699219,-87.18586730957031,-87.03007507324219,-86.501708984375,-86.67242431640625,-86.00161743164062,-84.64059448242188,-80.25094604492188,-77.79486846923828,-79.42701721191406,-79.38800811767578,-78.90824890136719,-78.54643249511719,-76.45838165283203,-75.62886047363281,-75.46211242675781,-74.96356201171875,-74.62662506103516,-74.93126678466797,-75.12818908691406,-74.68033599853516,0.0
-85.53516387939453,-85.2196273803711,-84.25831604003906,-84.2002944946289,-84.79806518554688,-85.15699768066406,-84.34087371826172,-85.1199951171875,-85.32121276855469,-85.72122955322266,-84.13111114501953,-83.97393035888672,-85.1184310913086,-86.73746490478516,-86.62159729003906,-85.78498077392578,-83.95635223388672,-84.81658935546875,-85.72346496582031,-85.18183898925781,-84.67198181152344,-84.92705535888672,-86.07483673095703,-85.82547760009766,-84.98004913330078,-85.88109588623047,-85.25985717773438,-86.03223419189453,-87.11747741699219,-87.18586730957031,-87.03007507324219,-86.501708984375,-86.67242431640625,-86.00161743164062,-84.64059448242188,-80.25094604492188,-77.79486846923828,-79.42701721191406,-79.38800811767578,-78.90824890136719,-78.54643249511719,-76.45838165283203,-75.62886047363281,-75.46211242675781,-74.96356201171875,-74.62662506103516,-74.93126678466797,-75.12818908691406,-74.68033599853516,-76.66101837158203,0.0
-85.2196273803711,-84.25831604003906,-84.2002944946289,-84.79806518554688,-85.15699768066406,-84.34087371826172,-85.1199951171875,-85.32121276855469,-85.72122955322266,-84.13111114501953,-83.97393035888672,-85.1184310913086,-86.73746490478516,-86.62159729003906,-85.78498077392578,-83.95635223388672,-84.81658935546875,-85.72346496582031,-85.18183898925781,-84.67198181152344,-84.92705535888672,-86.07483673095703,-85.82547760009766,-84.98004913330078,-85.88109588623047,-85.25985717773438,-86.03223419189453,-87.11747741699219,-87.18586730957031,-87.03007507324219,-86.501708984375,-86.67242431640625,-86.00161743164062,-84.64059448242188,-80.25094604492188,-77.79486846923828,-79.42701721191406,-79.38800811767578,-78.90824890136719,-78.54643249511719,-76.45838165283203,-75.62886047363281,-75.46211242675781,-74.96356201171875,-74.62662506103516,-74.93126678466797,-75.12818908691406,-74.68033599853516,-76.66101837158203,-77.48892974853516,0.0
-84.25831604003906,-84.2002944946289,-84.79806518554688,-85.15699768066406,-84.34087371826172,-85.1199951171875,-85.32121276855469,-85.72122955322266,-84.13111114501953,-83.97393035888672,-85.1184310913086,-86.73746490478516,-86.62159729003906,-85.78498077392578,-83.95635223388672,-84.81658935546875,-85.72346496582031,-85.18183898925781,-84.67198181152344,-84.92705535888672,-86.07483673095703,-85.82547760009766,-84.98004913330078,-85.88109588623047,-85.25985717773438,-86.03223419189453,-87.11747741699219,-87.18586730957031,-87.03007507324219,-86.501708984375,-86.67242431640625,-86.00161743164062,-84.64059448242188,-80.25094604492188,-77.79486846923828,-79.42701721191406,-79.38800811767578,-78.90824890136719,-78.54643249511719,-76.45838165283203,-75.62886047363281,-75.46211242675781,-74.96356201171875,-74.62662506103516,-74.93126678466797,-75.12818908691406,-74.68033599853516,-76.66101837158203,-77.48892974853516,-77.13337707519531,0.0
-84.2002944946289,-84.79806518554688,-85.15699768066406,-84.34087371826172,-85.1199951171875,-85.32121276855469,-85.72122955322266,-84.13111114501953,-83.97393035888672,-85.1184310913086,-86.73746490478516,-86.62159729003906,-85.78498077392578,-83.95635223388672,-84.81658935546875,-85.72346496582031,-85.18183898925781,-84.67198181152344,-84.92705535888672,-86.07483673095703,-85.82547760009766,-84.98004913330078,-85.88109588623047,-85.25985717773438,-86.03223419189453,-87.11747741699219,-87.18586730957031,-87.03007507324219,-86.501708984375,-86.67242431640625,-86.00161743164062,-84.64059448242188,-80.25094604492188,-77.79486846923828,-79.42701721191406,-79.38800811767578,-78.90824890136719,-78.54643249511719,-76.45838165283203,-75.62886047363281,-75.46211242675781,-74.96356201171875,-74.62662506103516,-74.93126678466797,-75.12818908691406,-74.68033599853516,-76.66101837158203,-77.48892974853516,-77.13337707519531,-76.79954528808594,0.0
-84.79806518554688,-85.15699768066406,-84.34087371826172,-85.1199951171875,-85.32121276855469,-85.72122955322266,-84.13111114501953,-83.97393035888672,-85.1184310913086,-86.73746490478516,-86.62159729003906,-85.78498077392578,-83.95635223388672,-84.81658935546875,-85.72346496582031,-85.18183898925781,-84.67198181152344,-84.92705535888672,-86.07483673095703,-85.82547760009766,-84.98004913330078,-85.88109588623047,-85.25985717773438,-86.03223419189453,-87.11747741699219,-87.18586730957031,-87.03007507324219,-86.501708984375,-86.67242431640625,-86.00161743164062,-84.64059448242188,-80.25094604492188,-77.79486846923828,-79.42701721191406,-79.38800811767578,-78.90824890136719,-78.54643249511719,-76.45838165283203,-75.62886047363281,-75.46211242675781,-74.96356201171875,-74.62662506103516,-74.93126678466797,-75.12818908691406,-74.68033599853516,-76.66101837158203,-77.48892974853516,-77.13337707519531,-76.79954528808594,-77.1683120727539,0.0
-85.15699768066406,-84.34087371826172,-85.1199951171875,-85.32121276855469,-85.72122955322266,-84.13111114501953,-83.97393035888672,-85.1184310913086,-86.73746490478516,-86.62159729003906,-85.78498077392578,-83.95635223388672,-84.81658935546875,-85.72346496582031,-85.18183898925781,-84.67198181152344,-84.92705535888672,-86.07483673095703,-85.82547760009766,-84.98004913330078,-85.88109588623047,-85.25985717773438,-86.03223419189453,-87.11747741699219,-87.18586730957031,-87.03007507324219,-86.501708984375,-86.67242431640625,-86.00161743164062,-84.64059448242188,-80.25094604492188,-77.79486846923828,-79.42701721191406,-79.38800811767578,-78.90824890136719,-78.54643249511719,-76.45838165283203,-75.62886047363281,-75.46211242675781,-74.96356201171875,-74.62662506103516,-74.93126678466797,-75.12818908691406,-74.68033599853516,-76.66101837158203,-77.48892974853516,-77.13337707519531,-76.79954528808594,-77.1683120727539,-77.9515380859375,0.0
-84.34087371826172,-85.1199951171875,-85.32121276855469,-85.72122955322266,-84.13111114501953,-83.97393035888672,-85.1184310913086,-86.73746490478516,-86.62159729003906,-85.78498077392578,-83.95635223388672,-84.81658935546875,-85.72346496582031,-85.18183898925781,-84.67198181152344,-84.92705535888672,-86.07483673095703,-85.82547760009766,-84.98004913330078,-85.88109588623047,-85.25985717773438,-86.03223419189453,-87.11747741699219,-87.18586730957031,-87.03007507324219,-86.501708984375,-86.67242431640625,-86.00161743164062,-84.64059448242188,-80.25094604492188,-77.79486846923828,-79.42701721191406,-79.38800811767578,-78.90824890136719,-78.54643249511719,-76.45838165283203,-75.62886047363281,-75.46211242675781,-74.96356201171875,-74.62662506103516,-74.93126678466797,-75.12818908691406,-74.68033599853516,-76.66101837158203,-77.48892974853516,-77.13337707519531,-76.79954528808594,-77.1683120727539,-77.9515380859375,-78.39207458496094,0.0
-85.1199951171875,-85.32121276855469,-85.72122955322266,-84.13111114501953,-83.97393035888672,-85.1184310913086,-86.73746490478516,-86.62159729003906,-85.78498077392578,-83.95635223388672,-84.81658935546875,-85.72346496582031,-85.18183898925781,-84.67198181152344,-84.92705535888672,-86.07483673095703,-85.82547760009766,-84.98004913330078,-85.88109588623047,-85.25985717773438,-86.03223419189453,-87.11747741699219,-87.18586730957031,-87.03007507324219,-86.501708984375,-86.67242431640625,-86.00161743164062,-84.64059448242188,-80.25094604492188,-77.79486846923828,-79.42701721191406,-79.38800811767578,-78.90824890136719,-78.54643249511719,-76.45838165283203,-75.62886047363281,-75.46211242675781,-74.96356201171875,-74.62662506103516,-74.93126678466797,-75.12818908691406,-74.68033599853516,-76.66101837158203,-77.48892974853516,-77.13337707519531,-76.79954528808594,-77.1683120727539,-77.9515380859375,-78.39207458496094,-78.5484619140625,0.0
-85.32121276855469,-85.72122955322266,-84.13111114501953,-83.97393035888672,-85.1184310913086,-86.73746490478516,-86.62159729003906,-85.78498077392578,-83.95635223388672,-84.81658935546875,-85.72346496582031,-85.18183898925781,-84.67198181152344,-84.92705535888672,-86.07483673095703,-85.82547760009766,-84.98004913330078,-85.88109588623047,-85.25985717773438,-86.03223419189453,-87.11747741699219,-87.18586730957031,-87.03007507324219,-86.501708984375,-86.67242431640625,-86.00161743164062,-84.64059448242188,-80.25094604492188,-77.79486846923828,-79.42701721191406,-79.38800811767578,-78.90824890136719,-78.54643249511719,-76.45838165283203,-75.62886047363281,-75.46211242675781,-74.96356201171875,-74.62662506103516,-74.93126678466797,-75.12818908691406,-74.68033599853516,-76.66101837158203,-77.48892974853516,-77.13337707519531,-76.79954528808594,-77.1683120727539,-77.9515380859375,-78.39207458496094,-78.5484619140625,-77.67786407470703,0.0
-85.72122955322266,-84.13111114501953,-83.97393035888672,-85.1184310913086,-86.73746490478516,-86.62159729003906,-85.78498077392578,-83.95635223388672,-84.81658935546875,-85.72346496582031,-85.18183898925781,-84.67198181152344,-84.92705535888672,-86.07483673095703,-85.82547760009766,-84.98004913330078,-85.88109588623047,-85.25985717773438,-86.03223419189453,-87.11747741699219,-87.18586730957031,-87.03007507324219,-86.501708984375,-86.67242431640625,-86.00161743164062,-84.64059448242188,-80.25094604492188,-77.79486846923828,-79.42701721191406,-79.38800811767578,-78.90824890136719,-78.54643249511719,-76.45838165283203,-75.62886047363281,-75.46211242675781,-74.96356201171875,-74.62662506103516,-74.93126678466797,-75.12818908691406,-74.68033599853516,-76.66101837158203,-77.48892974853516,-77.13337707519531,-76.79954528808594,-77.1683120727539,-77.9515380859375,-78.39207458496094,-78.5484619140625,-77.67786407470703,-77.1478271484375,0.0
-84.13111114501953,-83.97393035888672,-85.1184310913086,-86.73746490478516,-86.62159729003906,-85.78498077392578,-83.95635223388672,-84.81658935546875,-85.72346496582031,-85.18183898925781,-84.67198181152344,-84.92705535888672,-86.07483673095703,-85.82547760009766,-84.98004913330078,-85.88109588623047,-85.25985717773438,-86.03223419189453,-87.11747741699219,-87.18586730957031,-87.03007507324219,-86.501708984375,-86.67242431640625,-86.00161743164062,-84.64059448242188,-80.25094604492188,-77.79486846923828,-79.42701721191406,-79.38800811767578,-78.90824890136719,-78.54643249511719,-76.45838165283203,-75.62886047363281,-75.46211242675781,-74.96356201171875,-74.62662506103516,-74.93126678466797,-75.12818908691406,-74.68033599853516,-76.66101837158203,-77.48892974853516,-77.13337707519531,-76.79954528808594,-77.1683120727539,-77.9515380859375,-78.39207458496094,-78.5484619140625,-77.67786407470703,-77.1478271484375,-78.40682983398438,0.0
-83.97393035888672,-85.1184310913086,-86.73746490478516,-86.62159729003906,-85.78498077392578,-83.95635223388672,-84.81658935546875,-85.72346496582031,-85.18183898925781,-84.67198181152344,-84.92705535888672,-86.07483673095703,-85.82547760009766,-84.98004913330078,-85.88109588623047,-85.25985717773438,-86.03223419189453,-87.11747741699219,-87.18586730957031,-87.03007507324219,-86.501708984375,-86.67242431640625,-86.00161743164062,-84.64059448242188,-80.25094604492188,-77.79486846923828,-79.42701721191406,-79.38800811767578,-78.90824890136719,-78.54643249511719,-76.45838165283203,-75.62886047363281,-75.46211242675781,-74.96356201171875,-74.62662506103516,-74.93126678466797,-75.12818908691406,-74.68033599853516,-76.66101837158203,-77.48892974853516,-77.13337707519531,-76.79954528808594,-77.1683120727539,-77.9515380859375,-78.39207458496094,-78.5484619140625,-77.67786407470703,-77.1478271484375,-78.40682983398438,-79.28614807128906,0.0
-85.1184310913086,-86.73746490478516,-86.62159729003906,-85.78498077392578,-83.95635223388672,-84.81658935546875,-85.72346496582031,-85.18183898925781,-84.67198181152344,-84.92705535888672,-86.07483673095703,-85.82547760009766,-84.98004913330078,-85.88109588623047,-85.25985717773438,-86.03223419189453,-87.11747741699219,-87.18586730957031,-87.03007507324219,-86.501708984375,-86.67242431640625,-86.00161743164062,-84.64059448242188,-80.25094604492188,-77.79486846923828,-79.42701721191406,-79.38800811767578,-78.90824890136719,-78.54643249511719,-76.45838165283203,-75.62886047363281,-75.46211242675781,-74.96356201171875,-74.62662506103516,-74.93126678466797,-75.12818908691406,-74.68033599853516,-76.66101837158203,-77.48892974853516,-77.13337707519531,-76.79954528808594,-77.1683120727539,-77.9515380859375,-78.39207458496094,-78.5484619140625,-77.67786407470703,-77.1478271484375,-78.40682983398438,-79.28614807128906,-79.57763671875,0.0
-86.73746490478516,-86.62159729003906,-85.78498077392578,-83.95635223388672,-84.81658935546875,-85.72346496582031,-85.18183898925781,-84.67198181152344,-84.92705535888672,-86.07483673095703,-85.82547760009766,-84.98004913330078,-85.88109588623047,-85.25985717773438,-86.03223419189453,-87.11747741699219,-87.18586730957031,-87.03007507324219,-86.501708984375,-86.67242431640625,-86.00161743164062,-84.64059448242188,-80.25094604492188,-77.79486846923828,-79.42701721191406,-79.38800811767578,-78.90824890136719,-78.54643249511719,-76.45838165283203,-75.62886047363281,-75.46211242675781,-74.96356201171875,-74.62662506103516,-74.93126678466797,-75.12818908691406,-74.68033599853516,-76.66101837158203,-77.48892974853516,-77.13337707519531,-76.79954528808594,-77.1683120727539,-77.9515380859375,-78.39207458496094,-78.5484619140625,-77.67786407470703,-77.1478271484375,-78.40682983398438,-79.28614807128906,-79.57763671875,-79.61019134521484,0.0
-86.62159729003906,-85.78498077392578,-83.95635223388672,-84.81658935546875,-85.72346496582031,-85.18183898925781,-84.67198181152344,-84.92705535888672,-86.07483673095703,-85.82547760009766,-84.98004913330078,-85.88109588623047,-85.25985717773438,-86.03223419189453,-87.11747741699219,-87.18586730957031,-87.03007507324219,-86.501708984375,-86.67242431640625,-86.00161743164062,-84.64059448242188,-80.25094604492188,-77.79486846923828,-79.42701721191406,-79.38800811767578,-78.90824890136719,-78.54643249511719,-76.45838165283203,-75.62886047363281,-75.46211242675781,-74.96356201171875,-74.62662506103516,-74.93126678466797,-75.12818908691406,-74.68033599853516,-76.66101837158203,-77.48892974853516,-77.13337707519531,-76.79954528808594,-77.1683120727539,-77.9515380859375,-78.39207458496094,-78.5484619140625,-77.67786407470703,-77.1478271484375,-78.40682983398438,-79.28614807128906,-79.57763671875,-79.61019134521484,-78.21016693115234,0.0
-85.78498077392578,-83.95635223388672,-84.81658935546875,-85.72346496582031,-85.18183898925781,-84.67198181152344,-84.92705535888672,-86.07483673095703,-85.82547760009766,-84.98004913330078,-85.88109588623047,-85.25985717773438,-86.03223419189453,-87.11747741699219,-87.18586730957031,-87.03007507324219,-86.501708984375,-86.67242431640625,-86.00161743164062,-84.64059448242188,-80.25094604492188,-77.79486846923828,-79.42701721191406,-79.38800811767578,-78.90824890136719,-78.54643249511719,-76.45838165283203,-75.62886047363281,-75.46211242675781,-74.96356201171875,-74.62662506103516,-74.93126678466797,-75.12818908691406,-74.68033599853516,-76.66101837158203,-77.48892974853516,-77.13337707519531,-76.79954528808594,-77.1683120727539,-77.9515380859375,-78.39207458496094,-78.5484619140625,-77.67786407470703,-77.1478271484375,-78.40682983398438,-79.28614807128906,-79.57763671875,-79.61019134521484,-78.21016693115234,-77.36019897460938,0.0
-83.95635223388672,-84.81658935546875,-85.72346496582031,-85.18183898925781,-84.67198181152344,-84.92705535888672,-86.07483673095703,-85.82547760009766,-84.98004913330078,-85.88109588623047,-85.25985717773438,-86.03223419189453,-87.11747741699219,-87.18586730957031,-87.03007507324219,-86.501708984375,-86.67242431640625,-86.00161743164062,-84.64059448242188,-80.25094604492188,-77.79486846923828,-79.42701721191406,-79.38800811767578,-78.90824890136719,-78.54643249511719,-76.45838165283203,-75.62886047363281,-75.46211242675781,-74.96356201171875,-74.62662506103516,-74.93126678466797,-75.12818908691406,-74.68033599853516,-76.66101837158203,-77.48892974853516,-77.13337707519531,-76.79954528808594,-77.1683120727539,-77.9515380859375,-78.39207458496094,-78.5484619140625,-77.67786407470703,-77.1478271484375,-78.40682983398438,-79.28614807128906,-79.57763671875,-79.61019134521484,-78.21016693115234,-77.36019897460938,-76.66836547851562,0.0
-84.81658935546875,-85.72346496582031,-85.18183898925781,-84.67198181152344,-84.92705535888672,-86.07483673095703,-85.82547760009766,-84.98004913330078,-85.88109588623047,-85.25985717773438,-86.03223419189453,-87.11747741699219,-87.18586730957031,-87.03007507324219,-86.501708984375,-86.67242431640625,-86.00161743164062,-84.64059448242188,-80.25094604492188,-77.79486846923828,-79.42701721191406,-79.38800811767578,-78.90824890136719,-78.54643249511719,-76.45838165283203,-75.62886047363281,-75.46211242675781,-74.96356201171875,-74.62662506103516,-74.93126678466797,-75.12818908691406,-74.68033599853516,-76.66101837158203,-77.48892974853516,-77.13337707519531,-76.79954528808594,-77.1683120727539,-77.9515380859375,-78.39207458496094,-78.5484619140625,-77.67786407470703,-77.1478271484375,-78.40682983398438,-79.28614807128906,-79.57763671875,-79.61019134521484,-78.21016693115234,-77.36019897460938,-76.66836547851562,-77.32140350341797,0.0
-85.72346496582031,-85.18183898925781,-84.67198181152344,-84.92705535888672,-86.07483673095703,-85.82547760009766,-84.98004913330078,-85.88109588623047,-85.25985717773438,-86.03223419189453,-87.11747741699219,-87.18586730957031,-87.03007507324219,-86.501708984375,-86.67242431640625,-86.00161743164062,-84.64059448242188,-80.25094604492188,-77.79486846923828,-79.42701721191406,-79.38800811767578,-78.90824890136719,-78.54643249511719,-76.45838165283203,-75.62886047363281,-75.46211242675781,-74.96356201171875,-74.62662506103516,-74.93126678466797,-75.12818908691406,-74.68033599853516,-76.66101837158203,-77.48892974853516,-77.13337707519531,-76.79954528808594,-77.1683120727539,-77.9515380859375,-78.39207458496094,-78.5484619140625,-77.67786407470703,-77.1478271484375,-78.40682983398438,-79.28614807128906,-79.57763671875,-79.61019134521484,-78.21016693115234,-77.36019897460938,-76.66836547851562,-77.32140350341797,-77.37403869628906,0.0
-85.18183898925781,-84.67198181152344,-84.92705535888672,-86.07483673095703,-85.82547760009766,-84.98004913330078,-85.88109588623047,-85.25985717773438,-86.03223419189453,-87.11747741699219,-87.18586730957031,-87.03007507324219,-86.501708984375,-86.67242431640625,-86.00161743164062,-84.64059448242188,-80.25094604492188,-77.79486846923828,-79.42701721191406,-79.38800811767578,-78.90824890136719,-78.54643249511719,-76.45838165283203,-75.62886047363281,-75.46211242675781,-74.96356201171875,-74.62662506103516,-74.93126678466797,-75.12818908691406,-74.68033599853516,-76.66101837158203,-77.48892974853516,-77.13337707519531,-76.79954528808594,-77.1683120727539,-77.9515380859375,-78.39207458496094,-78.5484619140625,-77.67786407470703,-77.1478271484375,-78.40682983398438,-79.28614807128906,-79.57763671875,-79.61019134521484,-78.21016693115234,-77.36019897460938,-76.66836547851562,-77.32140350341797,-77.37403869628906,-77.245361328125,0.0
-84.67198181152344,-84.92705535888672,-86.07483673095703,-85.82547760009766,-84.98004913330078,-85.88109588623047,-85.25985717773438,-86.03223419189453,-87.11747741699219,-87.18586730957031,-87.03007507324219,-86.501708984375,-86.67242431640625,-86.00161743164062,-84.64059448242188,-80.25094604492188,-77.79486846923828,-79.42701721191406,-79.38800811767578,-78.90824890136719,-78.54643249511719,-76.45838165283203,-75.62886047363281,-75.46211242675781,-74.96356201171875,-74.62662506103516,-74.93126678466797,-75.12818908691406,-74.68033599853516,-76.66101837158203,-77.48892974853516,-77.13337707519531,-76.79954528808594,-77.1683120727539,-77.9515380859375,-78.39207458496094,-78.5484619140625,-77.67786407470703,-77.1478271484375,-78.40682983398438,-79.28614807128906,-79.57763671875,-79.61019134521484,-78.21016693115234,-77.36019897460938,-76.66836547851562,-77.32140350341797,-77.37403869628906,-77.245361328125,-77.14186096191406,0.0
-84.92705535888672,-86.07483673095703,-85.82547760009766,-84.98004913330078,-85.88109588623047,-85.25985717773438,-86.03223419189453,-87.11747741699219,-87.18586730957031,-87.03007507324219,-86.501708984375,-86.67242431640625,-86.00161743164062,-84.64059448242188,-80.25094604492188,-77.79486846923828,-79.42701721191406,-79.38800811767578,-78.90824890136719,-78.54643249511719,-76.45838165283203,-75.62886047363281,-75.46211242675781,-74.96356201171875,-74.62662506103516,-74.93126678466797,-75.12818908691406,-74.68033599853516,-76.66101837158203,-77.48892974853516,-77.13337707519531,-76.79954528808594,-77.1683120727539,-77.9515380859375,-78.39207458496094,-78.5484619140625,-77.67786407470703,-77.1478271484375,-78.40682983398438,-79.28614807128906,-79.57763671875,-79.61019134521484,-78.21016693115234,-77.36019897460938,-76.66836547851562,-77.32140350341797,-77.37403869628906,-77.245361328125,-77.14186096191406,-77.54069519042969,0.0
-86.07483673095703,-85.82547760009766,-84.98004913330078,-85.88109588623047,-85.25985717773438,-86.03223419189453,-87.11747741699219,-87.18586730957031,-87.03007507324219,-86.501708984375,-86.67242431640625,-86.00161743164062,-84.64059448242188,-80.25094604492188,-77.79486846923828,-79.42701721191406,-79.38800811767578,-78.90824890136719,-78.54643249511719,-76.45838165283203,-75.62886047363281,-75.46211242675781,-74.96356201171875,-74.62662506103516,-74.93126678466797,-75.12818908691406,-74.68033599853516,-76.66101837158203,-77.48892974853516,-77.13337707519531,-76.79954528808594,-77.1683120727539,-77.9515380859375,-78.39207458496094,-78.5484619140625,-77.67786407470703,-77.1478271484375,-78.40682983398438,-79.28614807128906,-79.57763671875,-79.61019134521484,-78.21016693115234,-77.36019897460938,-76.66836547851562,-77.32140350341797,-77.37403869628906,-77.245361328125,-77.14186096191406,-77.54069519042969,-78.24385833740234,0.0
-85.82547760009766,-84.98004913330078,-85.88109588623047,-85.25985717773438,-86.03223419189453,-87.11747741699219,-87.18586730957031,-87.03007507324219,-86.501708984375,-86.67242431640625,-86.00161743164062,-84.64059448242188,-80.25094604492188,-77.79486846923828,-79.42701721191406,-79.38800811767578,-78.90824890136719,-78.54643249511719,-76.45838165283203,-75.62886047363281,-75.46211242675781,-74.96356201171875,-74.62662506103516,-74.93126678466797,-75.12818908691406,-74.68033599853516,-76.66101837158203,-77.48892974853516,-77.13337707519531,-76.79954528808594,-77.1683120727539,-77.9515380859375,-78.39207458496094,-78.5484619140625,-77.67786407470703,-77.1478271484375,-78.40682983398438,-79.28614807128906,-79.57763671875,-79.61019134521484,-78.21016693115234,-77.36019897460938,-76.66836547851562,-77.32140350341797,-77.37403869628906,-77.245361328125,-77.14186096191406,-77.54069519042969,-78.24385833740234,-77.65801239013672,0.0
-84.98004913330078,-85.88109588623047,-85.25985717773438,-86.03223419189453,-87.11747741699219,-87.18586730957031,-87.03007507324219,-86.501708984375,-86.67242431640625,-86.00161743164062,-84.64059448242188,-80.25094604492188,-77.79486846923828,-79.42701721191406,-79.38800811767578,-78.90824890136719,-78.54643249511719,-76.45838165283203,-75.62886047363281,-75.46211242675781,-74.96356201171875,-74.62662506103516,-74.93126678466797,-75.12818908691406,-74.68033599853516,-76.66101837158203,-77.48892974853516,-77.13337707519531,-76.79954528808594,-77.1683120727539,-77.9515380859375,-78.39207458496094,-78.5484619140625,-77.67786407470703,-77.1478271484375,-78.40682983398438,-79.28614807128906,-79.57763671875,-79.61019134521484,-78.21016693115234,-77.36019897460938,-76.66836547851562,-77.32140350341797,-77.37403869628906,-77.245361328125,-77.14186096191406,-77.54069519042969,-78.24385833740234,-77.65801239013672,-77.62137603759766,0.0
-85.88109588623047,-85.25985717773438,-86.03223419189453,-87.11747741699219,-87.18586730957031,-87.03007507324219,-86.501708984375,-86.67242431640625,-86.00161743164062,-84.64059448242188,-80.25094604492188,-77.79486846923828,-79.42701721191406,-79.38800811767578,-78.90824890136719,-78.54643249511719,-76.45838165283203,-75.62886047363281,-75.46211242675781,-74.96356201171875,-74.62662506103516,-74.93126678466797,-75.12818908691406,-74.68033599853516,-76.66101837158203,-77.48892974853516,-77.13337707519531,-76.79954528808594,-77.1683120727539,-77.9515380859375,-78.39207458496094,-78.5484619140625,-77.67786407470703,-77.1478271484375,-78.40682983398438,-79.28614807128906,-79.57763671875,-79.61019134521484,-78.21016693115234,-77.36019897460938,-76.66836547851562,-77.32140350341797,-77.37403869628906,-77.245361328125,-77.14186096191406,-77.54069519042969,-78.24385833740234,-77.65801239013672,-77.62137603759766,-77.26602172851562,0.0
-85.25985717773438,-86.03223419189453,-87.11747741699219,-87.18586730957031,-87.03007507324219,-86.501708984375,-86.67242431640625,-86.00161743164062,-84.64059448242188,-80.25094604492188,-77.79486846923828,-79.42701721191406,-79.38800811767578,-78.90824890136719,-78.54643249511719,-76.45838165283203,-75.62886047363281,-75.46211242675781,-74.96356201171875,-74.62662506103516,-74.93126678466797,-75.12818908691406,-74.68033599853516,-76.66101837158203,-77.48892974853516,-77.13337707519531,-76.79954528808594,-77.1683120727539,-77.9515380859375,-78.39207458496094,-78.5484619140625,-77.67786407470703,-77.1478271484375,-78.40682983398438,-79.28614807128906,-79.57763671875,-79.61019134521484,-78.21016693115234,-77.36019897460938,-76.66836547851562,-77.32140350341797,-77.37403869628906,-77.245361328125,-77.14186096191406,-77.54069519042969,-78.24385833740234,-77.65801239013672,-77.62137603759766,-77.26602172851562,-77.51264953613281,0.0
-86.03223419189453,-87.11747741699219,-87.18586730957031,-87.03007507324219,-86.501708984375,-86.67242431640625,-86.00161743164062,-84.64059448242188,-80.25094604492188,-77.79486846923828,-79.42701721191406,-79.38800811767578,-78.90824890136719,-78.54643249511719,-76.45838165283203,-75.62886047363281,-75.46211242675781,-74.96356201171875,-74.62662506103516,-74.93126678466797,-75.12818908691406,-74.68033599853516,-76.66101837158203,-77.48892974853516,-77.13337707519531,-76.79954528808594,-77.1683120727539,-77.9515380859375,-78.39207458496094,-78.5484619140625,-77.67786407470703,-77.1478271484375,-78.40682983398438,-79.28614807128906,-79.57763671875,-79.61019134521484,-78.21016693115234,-77.36019897460938,-76.66836547851562,-77.32140350341797,-77.37403869628906,-77.245361328125,-77.14186096191406,-77.54069519042969,-78.24385833740234,-77.65801239013672,-77.62137603759766,-77.26602172851562,-77.51264953613281,-77.74126434326172,0.0
-87.11747741699219,-87.18586730957031,-87.03007507324219,-86.501708984375,-86.67242431640625,-86.00161743164062,-84.64059448242188,-80.25094604492188,-77.79486846923828,-79.42701721191406,-79.38800811767578,-78.90824890136719,-78.54643249511719,-76.45838165283203,-75.62886047363281,-75.46211242675781,-74.96356201171875,-74.62662506103516,-74.93126678466797,-75.12818908691406,-74.68033599853516,-76.66101837158203,-77.48892974853516,-77.13337707519531,-76.79954528808594,-77.1683120727539,-77.9515380859375,-78.39207458496094,-78.5484619140625,-77.67786407470703,-77.1478271484375,-78.40682983398438,-79.28614807128906,-79.57763671875,-79.61019134521484,-78.21016693115234,-77.36019897460938,-76.66836547851562,-77.32140350341797,-77.37403869628906,-77.245361328125,-77.14186096191406,-77.54069519042969,-78.24385833740234,-77.65801239013672,-77.62137603759766,-77.26602172851562,-77.51264953613281,-77.74126434326172,-77.36882781982422,0.0
-87.18586730957031,-87.03007507324219,-86.501708984375,-86.67242431640625,-86.00161743164062,-84.64059448242188,-80.25094604492188,-77.79486846923828,-79.42701721191406,-79.38800811767578,-78.90824890136719,-78.54643249511719,-76.45838165283203,-75.62886047363281,-75.46211242675781,-74.96356201171875,-74.62662506103516,-74.93126678466797,-75.12818908691406,-74.68033599853516,-76.66101837158203,-77.48892974853516,-77.13337707519531,-76.79954528808594,-77.1683120727539,-77.9515380859375,-78.39207458496094,-78.5484619140625,-77.67786407470703,-77.1478271484375,-78.40682983398438,-79.28614807128906,-79.57763671875,-79.61019134521484,-78.21016693115234,-77.36019897460938,-76.66836547851562,-77.32140350341797,-77.37403869628906,-77.245361328125,-77.14186096191406,-77.54069519042969,-78.24385833740234,-77.65801239013672,-77.62137603759766,-77.26602172851562,-77.51264953613281,-77.74126434326172,-77.36882781982422,-77.1026840209961,0.0
-87.03007507324219,-86.501708984375,-86.67242431640625,-86.00161743164062,-84.64059448242188,-80.25094604492188,-77.79486846923828,-79.42701721191406,-79.38800811767578,-78.90824890136719,-78.54643249511719,-76.45838165283203,-75.62886047363281,-75.46211242675781,-74.96356201171875,-74.62662506103516,-74.93126678466797,-75.12818908691406,-74.68033599853516,-76.66101837158203,-77.48892974853516,-77.13337707519531,-76.79954528808594,-77.1683120727539,-77.9515380859375,-78.39207458496094,-78.5484619140625,-77.67786407470703,-77.1478271484375,-78.40682983398438,-79.28614807128906,-79.57763671875,-79.61019134521484,-78.21016693115234,-77.36019897460938,-76.66836547851562,-77.32140350341797,-77.37403869628906,-77.245361328125,-77.14186096191406,-77.54069519042969,-78.24385833740234,-77.65801239013672,-77.62137603759766,-77.26602172851562,-77.51264953613281,-77.74126434326172,-77.36882781982422,-77.1026840209961,-77.01863861083984,0.0
-86.501708984375,-86.67242431640625,-86.00161743164062,-84.64059448242188,-80.25094604492188,-77.79486846923828,-79.42701721191406,-79.38800811767578,-78.90824890136719,-78.54643249511719,-76.45838165283203,-75.62886047363281,-75.46211242675781,-74.96356201171875,-74.62662506103516,-74.93126678466797,-75.12818908691406,-74.68033599853516,-76.66101837158203,-77.48892974853516,-77.13337707519531,-76.79954528808594,-77.1683120727539,-77.9515380859375,-78.39207458496094,-78.5484619140625,-77.67786407470703,-77.1478271484375,-78.40682983398438,-79.28614807128906,-79.57763671875,-79.61019134521484,-78.21016693115234,-77.36019897460938,-76.66836547851562,-77.32140350341797,-77.37403869628906,-77.245361328125,-77.14186096191406,-77.54069519042969,-78.24385833740234,-77.65801239013672,-77.62137603759766,-77.26602172851562,-77.51264953613281,-77.74126434326172,-77.36882781982422,-77.1026840209961,-77.01863861083984,-76.54911041259766,0.0
-86.67242431640625,-86.00161743164062,-84.64059448242188,-80.25094604492188,-77.79486846923828,-79.42701721191406,-79.38800811767578,-78.90824890136719,-78.54643249511719,-76.45838165283203,-75.62886047363281,-75.46211242675781,-74.96356201171875,-74.62662506103516,-74.93126678466797,-75.12818908691406,-74.68033599853516,-76.66101837158203,-77.48892974853516,-77.13337707519531,-76.79954528808594,-77.1683120727539,-77.9515380859375,-78.39207458496094,-78.5484619140625,-77.67786407470703,-77.1478271484375,-78.40682983398438,-79.28614807128906,-79.57763671875,-79.61019134521484,-78.21016693115234,-77.36019897460938,-76.66836547851562,-77.32140350341797,-77.37403869628906,-77.245361328125,-77.14186096191406,-77.54069519042969,-78.24385833740234,-77.65801239013672,-77.62137603759766,-77.26602172851562,-77.51264953613281,-77.74126434326172,-77.36882781982422,-77.1026840209961,-77.01863861083984,-76.54911041259766,-77.1969985961914,0.0
-86.00161743164062,-84.64059448242188,-80.25094604492188,-77.79486846923828,-79.42701721191406,-79.38800811767578,-78.90824890136719,-78.54643249511719,-76.45838165283203,-75.62886047363281,-75.46211242675781,-74.96356201171875,-74.62662506103516,-74.93126678466797,-75.12818908691406,-74.68033599853516,-76.66101837158203,-77.48892974853516,-77.13337707519531,-76.79954528808594,-77.1683120727539,-77.9515380859375,-78.39207458496094,-78.5484619140625,-77.67786407470703,-77.1478271484375,-78.40682983398438,-79.28614807128906,-79.57763671875,-79.61019134521484,-78.21016693115234,-77.36019897460938,-76.66836547851562,-77.32140350341797,-77.37403869628906,-77.245361328125,-77.14186096191406,-77.54069519042969,-78.24385833740234,-77.65801239013672,-77.62137603759766,-77.26602172851562,-77.51264953613281,-77.74126434326172,-77.36882781982422,-77.1026840209961,-77.01863861083984,-76.54911041259766,-77.1969985961914,-77.21630859375,0.0
-84.64059448242188,-80.25094604492188,-77.79486846923828,-79.42701721191406,-79.38800811767578,-78.90824890136719,-78.54643249511719,-76.45838165283203,-75.62886047363281,-75.46211242675781,-74.96356201171875,-74.62662506103516,-74.93126678466797,-75.12818908691406,-74.68033599853516,-76.66101837158203,-77.48892974853516,-77.13337707519531,-76.79954528808594,-77.1683120727539,-77.9515380859375,-78.39207458496094,-78.5484619140625,-77.67786407470703,-77.1478271484375,-78.40682983398438,-79.28614807128906,-79.57763671875,-79.61019134521484,-78.21016693115234,-77.36019897460938,-76.66836547851562,-77.32140350341797,-77.37403869628906,-77.245361328125,-77.14186096191406,-77.54069519042969,-78.24385833740234,-77.65801239013672,-77.62137603759766,-77.26602172851562,-77.51264953613281,-77.74126434326172,-77.36882781982422,-77.1026840209961,-77.01863861083984,-76.54911041259766,-77.1969985961914,-77.21630859375,-77.08289337158203,0.0
-80.25094604492188,-77.79486846923828,-79.42701721191406,-79.38800811767578,-78.90824890136719,-78.54643249511719,-76.45838165283203,-75.62886047363281,-75.46211242675781,-74.96356201171875,-74.62662506103516,-74.93126678466797,-75.12818908691406,-74.68033599853516,-76.66101837158203,-77.48892974853516,-77.13337707519531,-76.79954528808594,-77.1683120727539,-77.9515380859375,-78.39207458496094,-78.5484619140625,-77.67786407470703,-77.1478271484375,-78.40682983398438,-79.28614807128906,-79.57763671875,-79.61019134521484,-78.21016693115234,-77.36019897460938,-76.66836547851562,-77.32140350341797,-77.37403869628906,-77.245361328125,-77.14186096191406,-77.54069519042969,-78.24385833740234,-77.65801239013672,-77.62137603759766,-77.26602172851562,-77.51264953613281,-77.74126434326172,-77.36882781982422,-77.1026840209961,-77.01863861083984,-76.54911041259766,-77.1969985961914,-77.21630859375,-77.08289337158203,-77.00125122070312,0.0
-77.79486846923828,-79.42701721191406,-79.38800811767578,-78.90824890136719,-78.54643249511719,-76.45838165283203,-75.62886047363281,-75.46211242675781,-74.96356201171875,-74.62662506103516,-74.93126678466797,-75.12818908691406,-74.68033599853516,-76.66101837158203,-77.48892974853516,-77.13337707519531,-76.79954528808594,-77.1683120727539,-77.9515380859375,-78.39207458496094,-78.5484619140625,-77.67786407470703,-77.1478271484375,-78.40682983398438,-79.28614807128906,-79.57763671875,-79.61019134521484,-78.21016693115234,-77.36019897460938,-76.66836547851562,-77.32140350341797,-77.37403869628906,-77.245361328125,-77.14186096191406,-77.54069519042969,-78.24385833740234,-77.65801239013672,-77.62137603759766,-77.26602172851562,-77.51264953613281,-77.74126434326172,-77.36882781982422,-77.1026840209961,-77.01863861083984,-76.54911041259766,-77.1969985961914,-77.21630859375,-77.08289337158203,-77.00125122070312,-76.97158813476562,0.0
-79.42701721191406,-79.38800811767578,-78.90824890136719,-78.54643249511719,-76.45838165283203,-75.62886047363281,-75.46211242675781,-74.96356201171875,-74.62662506103516,-74.93126678466797,-75.12818908691406,-74.68033599853516,-76.66101837158203,-77.48892974853516,-77.13337707519531,-76.79954528808594,-77.1683120727539,-77.9515380859375,-78.39207458496094,-78.5484619140625,-77.67786407470703,-77.1478271484375,-78.40682983398438,-79.28614807128906,-79.57763671875,-79.61019134521484,-78.21016693115234,-77.36019897460938,-76.66836547851562,-77.32140350341797,-77.37403869628906,-77.245361328125,-77.14186096191406,-77.54069519042969,-78.24385833740234,-77.65801239013672,-77.62137603759766,-77.26602172851562,-77.51264953613281,-77.74126434326172,-77.36882781982422,-77.1026840209961,-77.01863861083984,-76.54911041259766,-77.1969985961914,-77.21630859375,-77.08289337158203,-77.00125122070312,-76.97158813476562,-76.50086212158203,0.0
-79.38800811767578,-78.90824890136719,-78.54643249511719,-76.45838165283203,-75.62886047363281,-75.46211242675781,-74.96356201171875,-74.62662506103516,-74.93126678466797,-75.12818908691406,-74.68033599853516,-76.66101837158203,-77.48892974853516,-77.13337707519531,-76.79954528808594,-77.1683120727539,-77.9515380859375,-78.39207458496094,-78.5484619140625,-77.67786407470703,-77.1478271484375,-78.40682983398438,-79.28614807128906,-79.57763671875,-79.61019134521484,-78.21016693115234,-77.36019897460938,-76.66836547851562,-77.32140350341797,-77.37403869628906,-77.245361328125,-77.14186096191406,-77.54069519042969,-78.24385833740234,-77.65801239013672,-77.62137603759766,-77.26602172851562,-77.51264953613281,-77.74126434326172,-77.36882781982422,-77.1026840209961,-77.01863861083984,-76.54911041259766,-77.1969985961914,-77.21630859375,-77.08289337158203,-77.00125122070312,-76.97158813476562,-76.50086212158203,-76.21580505371094,0.0
-78.90824890136719,-78.54643249511719,-76.45838165283203,-75.62886047363281,-75.46211242675781,-74.96356201171875,-74.62662506103516,-74.93126678466797,-75.12818908691406,-74.68033599853516,-76.66101837158203,-77.48892974853516,-77.13337707519531,-76.79954528808594,-77.1683120727539,-77.9515380859375,-78.39207458496094,-78.5484619140625,-77.67786407470703,-77.1478271484375,-78.40682983398438,-79.28614807128906,-79.57763671875,-79.61019134521484,-78.21016693115234,-77.36019897460938,-76.66836547851562,-77.32140350341797,-77.37403869628906,-77.245361328125,-77.14186096191406,-77.54069519042969,-78.24385833740234,-77.65801239013672,-77.62137603759766,-77.26602172851562,-77.51264953613281,-77.74126434326172,-77.36882781982422,-77.1026840209961,-77.01863861083984,-76.54911041259766,-77.1969985961914,-77.21630859375,-77.08289337158203,-77.00125122070312,-76.97158813476562,-76.50086212158203,-76.21580505371094,-76.13176727294922,0.0
-78.54643249511719,-76.45838165283203,-75.62886047363281,-75.46211242675781,-74.96356201171875,-74.62662506103516,-74.93126678466797,-75.12818908691406,-74.68033599853516,-76.66101837158203,-77.48892974853516,-77.13337707519531,-76.79954528808594,-77.1683120727539,-77.9515380859375,-78.39207458496094,-78.5484619140625,-77.67786407470703,-77.1478271484375,-78.40682983398438,-79.28614807128906,-79.57763671875,-79.61019134521484,-78.21016693115234,-77.36019897460938,-76.66836547851562,-77.32140350341797,-77.37403869628906,-77.245361328125,-77.14186096191406,-77.54069519042969,-78.24385833740234,-77.65801239013672,-77.62137603759766,-77.26602172851562,-77.51264953613281,-77.74126434326172,-77.36882781982422,-77.1026840209961,-77.01863861083984,-76.54911041259766,-77.1969985961914,-77.21630859375,-77.08289337158203,-77.00125122070312,-76.97158813476562,-76.50086212158203,-76.21580505371094,-76.13176727294922,-76.12359619140625,0.0
-76.45838165283203,-75.62886047363281,-75.46211242675781,-74.96356201171875,-74.62662506103516,-74.93126678466797,-75.12818908691406,-74.68033599853516,-76.66101837158203,-77.48892974853516,-77.13337707519531,-76.79954528808594,-77.1683120727539,-77.9515380859375,-78.39207458496094,-78.5484619140625,-77.67786407470703,-77.1478271484375,-78.40682983398438,-79.28614807128906,-79.57763671875,-79.61019134521484,-78.21016693115234,-77.36019897460938,-76.66836547851562,-77.32140350341797,-77.37403869628906,-77.245361328125,-77.14186096191406,-77.54069519042969,-78.24385833740234,-77.65801239013672,-77.62137603759766,-77.26602172851562,-77.51264953613281,-77.74126434326172,-77.36882781982422,-77.1026840209961,-77.01863861083984,-76.54911041259766,-77.1969985961914,-77.21630859375,-77.08289337158203,-77.00125122070312,-76.97158813476562,-76.50086212158203,-76.21580505371094,-76.13176727294922,-76.12359619140625,-76.12266540527344,1.0
-75.62886047363281,-75.46211242675781,-74.96356201171875,-74.62662506103516,-74.93126678466797,-75.12818908691406,-74.68033599853516,-76.66101837158203,-77.48892974853516,-77.13337707519531,-76.79954528808594,-77.1683120727539,-77.9515380859375,-78.39207458496094,-78.5484619140625,-77.67786407470703,-77.1478271484375,-78.40682983398438,-79.28614807128906,-79.57763671875,-79.61019134521484,-78.21016693115234,-77.36019897460938,-76.66836547851562,-77.32140350341797,-77.37403869628906,-77.245361328125,-77.14186096191406,-77.54069519042969,-78.24385833740234,-77.65801239013672,-77.62137603759766,-77.26602172851562,-77.51264953613281,-77.74126434326172,-77.36882781982422,-77.1026840209961,-77.01863861083984,-76.54911041259766,-77.1969985961914,-77.21630859375,-77.08289337158203,-77.00125122070312,-76.97158813476562,-76.50086212158203,-76.21580505371094,-76.13176727294922,-76.12359619140625,-76.12266540527344,-77.03712463378906,1.0
-75.46211242675781,-74.96356201171875,-74.62662506103516,-74.93126678466797,-75.12818908691406,-74.68033599853516,-76.66101837158203,-77.48892974853516,-77.13337707519531,-76.79954528808594,-77.1683120727539,-77.9515380859375,-78.39207458496094,-78.5484619140625,-77.67786407470703,-77.1478271484375,-78.40682983398438,-79.28614807128906,-79.57763671875,-79.61019134521484,-78.21016693115234,-77.36019897460938,-76.66836547851562,-77.32140350341797,-77.37403869628906,-77.245361328125,-77.14186096191406,-77.54069519042969,-78.24385833740234,-77.65801239013672,-77.62137603759766,-77.26602172851562,-77.51264953613281,-77.74126434326172,-77.36882781982422,-77.1026840209961,-77.01863861083984,-76.54911041259766,-77.1969985961914,-77.21630859375,-77.08289337158203,-77.00125122070312,-76.97158813476562,-76.50086212158203,-76.21580505371094,-76.13176727294922,-76.12359619140625,-76.12266540527344,-77.03712463378906,-75.73135375976562,1.0
-74.96356201171875,-74.62662506103516,-74.93126678466797,-75.12818908691406,-74.68033599853516,-76.66101837158203,-77.48892974853516,-77.13337707519531,-76.79954528808594,-77.1683120727539,-77.9515380859375,-78.39207458496094,-78.5484619140625,-77.67786407470703,-77.1478271484375,-78.40682983398438,-79.28614807128906,-79.57763671875,-79.61019134521484,-78.21016693115234,-77.36019897460938,-76.66836547851562,-77.32140350341797,-77.37403869628906,-77.245361328125,-77.14186096191406,-77.54069519042969,-78.24385833740234,-77.65801239013672,-77.62137603759766,-77.26602172851562,-77.51264953613281,-77.74126434326172,-77.36882781982422,-77.1026840209961,-77.01863861083984,-76.54911041259766,-77.1969985961914,-77.21630859375,-77.08289337158203,-77.00125122070312,-76.97158813476562,-76.50086212158203,-76.21580505371094,-76.13176727294922,-76.12359619140625,-76.12266540527344,-77.03712463378906,-75.73135375976562,-75.67350006103516,0.0
-74.62662506103516,-74.93126678466797,-75.12818908691406,-74.68033599853516,-76.66101837158203,-77.48892974853516,-77.13337707519531,-76.79954528808594,-77.1683120727539,-77.9515380859375,-78.39207458496094,-78.5484619140625,-77.67786407470703,-77.1478271484375,-78.40682983398438,-79.28614807128906,-79.57763671875,-79.61019134521484,-78.21016693115234,-77.36019897460938,-76.66836547851562,-77.32140350341797,-77.37403869628906,-77.245361328125,-77.14186096191406,-77.54069519042969,-78.24385833740234,-77.65801239013672,-77.62137603759766,-77.26602172851562,-77.51264953613281,-77.74126434326172,-77.36882781982422,-77.1026840209961,-77.01863861083984,-76.54911041259766,-77.1969985961914,-77.21630859375,-77.08289337158203,-77.00125122070312,-76.97158813476562,-76.50086212158203,-76.21580505371094,-76.13176727294922,-76.12359619140625,-76.12266540527344,-77.03712463378906,-75.73135375976562,-75.67350006103516,-76.83096313476562,1.0
-74.93126678466797,-75.12818908691406,-74.68033599853516,-76.66101837158203,-77.48892974853516,-77.13337707519531,-76.79954528808594,-77.1683120727539,-77.9515380859375,-78.39207458496094,-78.5484619140625,-77.67786407470703,-77.1478271484375,-78.40682983398438,-79.28614807128906,-79.57763671875,-79.61019134521484,-78.21016693115234,-77.36019897460938,-76.66836547851562,-77.32140350341797,-77.37403869628906,-77.245361328125,-77.14186096191406,-77.54069519042969,-78.24385833740234,-77.65801239013672,-77.62137603759766,-77.26602172851562,-77.51264953613281,-77.74126434326172,-77.36882781982422,-77.1026840209961,-77.01863861083984,-76.54911041259766,-77.1969985961914,-77.21630859375,-77.08289337158203,-77.00125122070312,-76.97158813476562,-76.50086212158203,-76.21580505371094,-76.13176727294922,-76.12359619140625,-76.12266540527344,-77.03712463378906,-75.73135375976562,-75.67350006103516,-76.83096313476562,-77.06119537353516,0.0
-75.12818908691406,-74.68033599853516,-76.66101837158203,-77.48892974853516,-77.13337707519531,-76.79954528808594,-77.1683120727539,-77.9515380859375,-78.39207458496094,-78.5484619140625,-77.67786407470703,-77.1478271484375,-78.40682983398438,-79.28614807128906,-79.57763671875,-79.61019134521484,-78.21016693115234,-77.36019897460938,-76.66836547851562,-77.32140350341797,-77.37403869628906,-77.245361328125,-77.14186096191406,-77.54069519042969,-78.24385833740234,-77.65801239013672,-77.62137603759766,-77.26602172851562,-77.51264953613281,-77.74126434326172,-77.36882781982422,-77.1026840209961,-77.01863861083984,-76.54911041259766,-77.1969985961914,-77.21630859375,-77.08289337158203,-77.00125122070312,-76.97158813476562,-76.50086212158203,-76.21580505371094,-76.13176727294922,-76.12359619140625,-76.12266540527344,-77.03712463378906,-75.73135375976562,-75.67350006103516,-76.83096313476562,-77.06119537353516,-77.43351745605469,1.0
-74.68033599853516,-76.66101837158203,-77.48892974853516,-77.13337707519531,-76.79954528808594,-77.1683120727539,-77.9515380859375,-78.39207458496094,-78.5484619140625,-77.67786407470703,-77.1478271484375,-78.40682983398438,-79.28614807128906,-79.57763671875,-79.61019134521484,-78.21016693115234,-77.36019897460938,-76.66836547851562,-77.32140350341797,-77.37403869628906,-77.245361328125,-77.14186096191406,-77.54069519042969,-78.24385833740234,-77.65801239013672,-77.62137603759766,-77.26602172851562,-77.51264953613281,-77.74126434326172,-77.36882781982422,-77.1026840209961,-77.01863861083984,-76.54911041259766,-77.1969985961914,-77.21630859375,-77.08289337158203,-77.00125122070312,-76.97158813476562,-76.50086212158203,-76.21580505371094,-76.13176727294922,-76.12359619140625,-76.12266540527344,-77.03712463378906,-75.73135375976562,-75.67350006103516,-76.83096313476562,-77.06119537353516,-77.43351745605469,-76.71235656738281,1.0
-76.66101837158203,-77.48892974853516,-77.13337707519531,-76.79954528808594,-77.1683120727539,-77.9515380859375,-78.39207458496094,-78.5484619140625,-77.67786407470703,-77.1478271484375,-78.40682983398438,-79.28614807128906,-79.57763671875,-79.61019134521484,-78.21016693115234,-77.36019897460938,-76.66836547851562,-77.32140350341797,-77.37403869628906,-77.245361328125,-77.14186096191406,-77.54069519042969,-78.24385833740234,-77.65801239013672,-77.62137603759766,-77.26602172851562,-77.51264953613281,-77.74126434326172,-77.36882781982422,-77.1026840209961,-77.01863861083984,-76.54911041259766,-77.1969985961914,-77.21630859375,-77.08289337158203,-77.00125122070312,-76.97158813476562,-76.50086212158203,-76.21580505371094,-76.13176727294922,-76.12359619140625,-76.12266540527344,-77.03712463378906,-75.73135375976562,-75.67350006103516,-76.83096313476562,-77.06119537353516,-77.43351745605469,-76.71235656738281,-75.74142456054688,1.0
-77.48892974853516,-77.13337707519531,-76.79954528808594,-77.1683120727539,-77.9515380859375,-78.39207458496094,-78.5484619140625,-77.67786407470703,-77.1478271484375,-78.40682983398438,-79.28614807128906,-79.57763671875,-79.61019134521484,-78.21016693115234,-77.36019897460938,-76.66836547851562,-77.32140350341797,-77.37403869628906,-77.245361328125,-77.14186096191406,-77.54069519042969,-78.24385833740234,-77.65801239013672,-77.62137603759766,-77.26602172851562,-77.51264953613281,-77.74126434326172,-77.36882781982422,-77.1026840209961,-77.01863861083984,-76.54911041259766,-77.1969985961914,-77.21630859375,-77.08289337158203,-77.00125122070312,-76.97158813476562,-76.50086212158203,-76.21580505371094,-76.13176727294922,-76.12359619140625,-76.12266540527344,-77.03712463378906,-75.73135375976562,-75.67350006103516,-76.83096313476562,-77.06119537353516,-77.43351745605469,-76.71235656738281,-75.74142456054688,-75.77396392822266,1.0
-77.13337707519531,-76.79954528808594,-77.1683120727539,-77.9515380859375,-78.39207458496094,-78.5484619140625,-77.67786407470703,-77.1478271484375,-78.40682983398438,-79.28614807128906,-79.57763671875,-79.61019134521484,-78.21016693115234,-77.36019897460938,-76.66836547851562,-77.32140350341797,-77.37403869628906,-77.245361328125,-77.14186096191406,-77.54069519042969,-78.24385833740234,-77.65801239013672,-77.62137603759766,-77.26602172851562,-77.51264953613281,-77.74126434326172,-77.36882781982422,-77.1026840209961,-77.01863861083984,-76.54911041259766,-77.1969985961914,-77.21630859375,-77.08289337158203,-77.00125122070312,-76.97158813476562,-76.50086212158203,-76.21580505371094,-76.13176727294922,-76.12359619140625,-76.12266540527344,-77.03712463378906,-75.73135375976562,-75.67350006103516,-76.83096313476562,-77.06119537353516,-77.43351745605469,-76.71235656738281,-75.74142456054688,-75.77396392822266,-75.51749420166016,0.0
-76.79954528808594,-77.1683120727539,-77.9515380859375,-78.39207458496094,-78.5484619140625,-77.67786407470703,-77.1478271484375,-78.40682983398438,-79.28614807128906,-79.57763671875,-79.61019134521484,-78.21016693115234,-77.36019897460938,-76.66836547851562,-77.32140350341797,-77.37403869628906,-77.245361328125,-77.14186096191406,-77.54069519042969,-78.24385833740234,-77.65801239013672,-77.62137603759766,-77.26602172851562,-77.51264953613281,-77.74126434326172,-77.36882781982422,-77.1026840209961,-77.01863861083984,-76.54911041259766,-77.1969985961914,-77.21630859375,-77.08289337158203,-77.00125122070312,-76.97158813476562,-76.50086212158203,-76.21580505371094,-76.13176727294922,-76.12359619140625,-76.12266540527344,-77.03712463378906,-75.73135375976562,-75.67350006103516,-76.83096313476562,-77.06119537353516,-77.43351745605469,-76.71235656738281,-75.74142456054688,-75.77396392822266,-75.51749420166016,-74.4092025756836,0.0
-77.1683120727539,-77.9515380859375,-78.39207458496094,-78.5484619140625,-77.67786407470703,-77.1478271484375,-78.40682983398438,-79.28614807128906,-79.57763671875,-79.61019134521484,-78.21016693115234,-77.36019897460938,-76.66836547851562,-77.32140350341797,-77.37403869628906,-77.245361328125,-77.14186096191406,-77.54069519042969,-78.24385833740234,-77.65801239013672,-77.62137603759766,-77.26602172851562,-77.51264953613281,-77.74126434326172,-77.36882781982422,-77.1026840209961,-77.01863861083984,-76.54911041259766,-77.1969985961914,-77.21630859375,-77.08289337158203,-77.00125122070312,-76.97158813476562,-76.50086212158203,-76.21580505371094,-76.13176727294922,-76.12359619140625,-76.12266540527344,-77.03712463378906,-75.73135375976562,-75.67350006103516,-76.83096313476562,-77.06119537353516,-77.43351745605469,-76.71235656738281,-75.74142456054688,-75.77396392822266,-75.51749420166016,-74.4092025756836,-74.24725341796875,1.0
-77.9515380859375,-78.39207458496094,-78.5484619140625,-77.67786407470703,-77.1478271484375,-78.40682983398438,-79.28614807128906,-79.57763671875,-79.61019134521484,-78.21016693115234,-77.36019897460938,-76.66836547851562,-77.32140350341797,-77.37403869628906,-77.245361328125,-77.14186096191406,-77.54069519042969,-78.24385833740234,-77.65801239013672,-77.62137603759766,-77.26602172851562,-77.51264953613281,-77.74126434326172,-77.36882781982422,-77.1026840209961,-77.01863861083984,-76.54911041259766,-77.1969985961914,-77.21630859375,-77.08289337158203,-77.00125122070312,-76.97158813476562,-76.50086212158203,-76.21580505371094,-76.13176727294922,-76.12359619140625,-76.12266540527344,-77.03712463378906,-75.73135375976562,-75.67350006103516,-76.83096313476562,-77.06119537353516,-77.43351745605469,-76.71235656738281,-75.74142456054688,-75.77396392822266,-75.51749420166016,-74.4092025756836,-74.24725341796875,-75.27432250976562,1.0
-78.39207458496094,-78.5484619140625,-77.67786407470703,-77.1478271484375,-78.40682983398438,-79.28614807128906,-79.57763671875,-79.61019134521484,-78.21016693115234,-77.36019897460938,-76.66836547851562,-77.32140350341797,-77.37403869628906,-77.245361328125,-77.14186096191406,-77.54069519042969,-78.24385833740234,-77.65801239013672,-77.62137603759766,-77.26602172851562,-77.51264953613281,-77.74126434326172,-77.36882781982422,-77.1026840209961,-77.01863861083984,-76.54911041259766,-77.1969985961914,-77.21630859375,-77.08289337158203,-77.00125122070312,-76.97158813476562,-76.50086212158203,-76.21580505371094,-76.13176727294922,-76.12359619140625,-76.12266540527344,-77.03712463378906,-75.73135375976562,-75.67350006103516,-76.83096313476562,-77.06119537353516,-77.43351745605469,-76.71235656738281,-75.74142456054688,-75.77396392822266,-75.51749420166016,-74.4092025756836,-74.24725341796875,-75.27432250976562,-75.88910675048828,1.0
-78.5484619140625,-77.67786407470703,-77.1478271484375,-78.40682983398438,-79.28614807128906,-79.57763671875,-79.61019134521484,-78.21016693115234,-77.36019897460938,-76.66836547851562,-77.32140350341797,-77.37403869628906,-77.245361328125,-77.14186096191406,-77.54069519042969,-78.24385833740234,-77.65801239013672,-77.62137603759766,-77.26602172851562,-77.51264953613281,-77.74126434326172,-77.36882781982422,-77.1026840209961,-77.01863861083984,-76.54911041259766,-77.1969985961914,-77.21630859375,-77.08289337158203,-77.00125122070312,-76.97158813476562,-76.50086212158203,-76.21580505371094,-76.13176727294922,-76.12359619140625,-76.12266540527344,-77.03712463378906,-75.73135375976562,-75.67350006103516,-76.83096313476562,-77.06119537353516,-77.43351745605469,-76.71235656738281,-75.74142456054688,-75.77396392822266,-75.51749420166016,-74.4092025756836,-74.24725341796875,-75.27432250976562,-75.88910675048828,-76.03504180908203,1.0
-77.67786407470703,-77.1478271484375,-78.40682983398438,-79.28614807128906,-79.57763671875,-79.61019134521484,-78.21016693115234,-77.36019897460938,-76.66836547851562,-77.32140350341797,-77.37403869628906,-77.245361328125,-77.14186096191406,-77.54069519042969,-78.24385833740234,-77.65801239013672,-77.62137603759766,-77.26602172851562,-77.51264953613281,-77.74126434326172,-77.36882781982422,-77.1026840209961,-77.01863861083984,-76.54911041259766,-77.1969985961914,-77.21630859375,-77.08289337158203,-77.00125122070312,-76.97158813476562,-76.50086212158203,-76.21580505371094,-76.13176727294922,-76.12359619140625,-76.12266540527344,-77.03712463378906,-75.73135375976562,-75.67350006103516,-76.83096313476562,-77.06119537353516,-77.43351745605469,-76.71235656738281,-75.74142456054688,-75.77396392822266,-75.51749420166016,-74.4092025756836,-74.24725341796875,-75.27432250976562,-75.88910675048828,-76.03504180908203,-74.60322570800781,0.0
-77.1478271484375,-78.40682983398438,-79.28614807128906,-79.57763671875,-79.61019134521484,-78.21016693115234,-77.36019897460938,-76.66836547851562,-77.32140350341797,-77.37403869628906,-77.245361328125,-77.14186096191406,-77.54069519042969,-78.24385833740234,-77.65801239013672,-77.62137603759766,-77.26602172851562,-77.51264953613281,-77.74126434326172,-77.36882781982422,-77.1026840209961,-77.01863861083984,-76.54911041259766,-77.1969985961914,-77.21630859375,-77.08289337158203,-77.00125122070312,-76.97158813476562,-76.50086212158203,-76.21580505371094,-76.13176727294922,-76.12359619140625,-76.12266540527344,-77.03712463378906,-75.73135375976562,-75.67350006103516,-76.83096313476562,-77.06119537353516,-77.43351745605469,-76.71235656738281,-75.74142456054688,-75.77396392822266,-75.51749420166016,-74.4092025756836,-74.24725341796875,-75.27432250976562,-75.88910675048828,-76.03504180908203,-74.60322570800781,-74.63158416748047,0.0
-78.40682983398438,-79.28614807128906,-79.57763671875,-79.61019134521484,-78.21016693115234,-77.36019897460938,-76.66836547851562,-77.32140350341797,-77.37403869628906,-77.245361328125,-77.14186096191406,-77.54069519042969,-78.24385833740234,-77.65801239013672,-77.62137603759766,-77.26602172851562,-77.51264953613281,-77.74126434326172,-77.36882781982422,-77.1026840209961,-77.01863861083984,-76.54911041259766,-77.1969985961914,-77.21630859375,-77.08289337158203,-77.00125122070312,-76.97158813476562,-76.50086212158203,-76.21580505371094,-76.13176727294922,-76.12359619140625,-76.12266540527344,-77.03712463378906,-75.73135375976562,-75.67350006103516,-76.83096313476562,-77.06119537353516,-77.43351745605469,-76.71235656738281,-75.74142456054688,-75.77396392822266,-75.51749420166016,-74.4092025756836,-74.24725341796875,-75.27432250976562,-75.88910675048828,-76.03504180908203,-74.60322570800781,-74.63158416748047,-77.23562622070312,0.0
-79.28614807128906,-79.57763671875,-79.61019134521484,-78.21016693115234,-77.36019897460938,-76.66836547851562,-77.32140350341797,-77.37403869628906,-77.245361328125,-77.14186096191406,-77.54069519042969,-78.24385833740234,-77.65801239013672,-77.62137603759766,-77.26602172851562,-77.51264953613281,-77.74126434326172,-77.36882781982422,-77.1026840209961,-77.01863861083984,-76.54911041259766,-77.1969985961914,-77.21630859375,-77.08289337158203,-77.00125122070312,-76.97158813476562,-76.50086212158203,-76.21580505371094,-76.13176727294922,-76.12359619140625,-76.12266540527344,-77.03712463378906,-75.73135375976562,-75.67350006103516,-76.83096313476562,-77.06119537353516,-77.43351745605469,-76.71235656738281,-75.74142456054688,-75.77396392822266,-75.51749420166016,-74.4092025756836,-74.24725341796875,-75.27432250976562,-75.88910675048828,-76.03504180908203,-74.60322570800781,-74.63158416748047,-77.23562622070312,-76.95954895019531,0.0
-79.57763671875,-79.61019134521484,-78.21016693115234,-77.36019897460938,-76.66836547851562,-77.32140350341797,-77.37403869628906,-77.245361328125,-77.14186096191406,-77.54069519042969,-78.24385833740234,-77.65801239013672,-77.62137603759766,-77.26602172851562,-77.51264953613281,-77.74126434326172,-77.36882781982422,-77.1026840209961,-77.01863861083984,-76.54911041259766,-77.1969985961914,-77.21630859375,-77.08289337158203,-77.00125122070312,-76.97158813476562,-76.50086212158203,-76.21580505371094,-76.13176727294922,-76.12359619140625,-76.12266540527344,-77.03712463378906,-75.73135375976562,-75.67350006103516,-76.83096313476562,-77.06119537353516,-77.43351745605469,-76.71235656738281,-75.74142456054688,-75.77396392822266,-75.51749420166016,-74.4092025756836,-74.24725341796875,-75.27432250976562,-75.88910675048828,-76.03504180908203,-74.60322570800781,-74.63158416748047,-77.23562622070312,-76.95954895019531,-75.34844970703125,0.0
-79.61019134521484,-78.21016693115234,-77.36019897460938,-76.66836547851562,-77.32140350341797,-77.37403869628906,-77.245361328125,-77.14186096191406,-77.54069519042969,-78.24385833740234,-77.65801239013672,-77.62137603759766,-77.26602172851562,-77.51264953613281,-77.74126434326172,-77.36882781982422,-77.1026840209961,-77.01863861083984,-76.54911041259766,-77.1969985961914,-77.21630859375,-77.08289337158203,-77.00125122070312,-76.97158813476562,-76.50086212158203,-76.21580505371094,-76.13176727294922,-76.12359619140625,-76.12266540527344,-77.03712463378906,-75.73135375976562,-75.67350006103516,-76.83096313476562,-77.06119537353516,-77.43351745605469,-76.71235656738281,-75.74142456054688,-75.77396392822266,-75.51749420166016,-74.4092025756836,-74.24725341796875,-75.27432250976562,-75.88910675048828,-76.03504180908203,-74.60322570800781,-74.63158416748047,-77.23562622070312,-76.95954895019531,-75.34844970703125,-74.47523498535156,0.0
-78.21016693115234,-77.36019897460938,-76.66836547851562,-77.32140350341797,-77.37403869628906,-77.245361328125,-77.14186096191406,-77.54069519042969,-78.24385833740234,-77.65801239013672,-77.62137603759766,-77.26602172851562,-77.51264953613281,-77.74126434326172,-77.36882781982422,-77.1026840209961,-77.01863861083984,-76.54911041259766,-77.1969985961914,-77.21630859375,-77.08289337158203,-77.00125122070312,-76.97158813476562,-76.50086212158203,-76.21580505371094,-76.13176727294922,-76.12359619140625,-76.12266540527344,-77.03712463378906,-75.73135375976562,-75.67350006103516,-76.83096313476562,-77.06119537353516,-77.43351745605469,-76.71235656738281,-75.74142456054688,-75.77396392822266,-75.51749420166016,-74.4092025756836,-74.24725341796875,-75.27432250976562,-75.88910675048828,-76.03504180908203,-74.60322570800781,-74.63158416748047,-77.23562622070312,-76.95954895019531,-75.34844970703125,-74.47523498535156,-75.1989974975586,0.0
-77.36019897460938,-76.66836547851562,-77.32140350341797,-77.37403869628906,-77.245361328125,-77.14186096191406,-77.54069519042969,-78.24385833740234,-77.65801239013672,-77.62137603759766,-77.26602172851562,-77.51264953613281,-77.74126434326172,-77.36882781982422,-77.1026840209961,-77.01863861083984,-76.54911041259766,-77.1969985961914,-77.21630859375,-77.08289337158203,-77.00125122070312,-76.97158813476562,-76.50086212158203,-76.21580505371094,-76.13176727294922,-76.12359619140625,-76.12266540527344,-77.03712463378906,-75.73135375976562,-75.67350006103516,-76.83096313476562,-77.06119537353516,-77.43351745605469,-76.71235656738281,-75.74142456054688,-75.77396392822266,-75.51749420166016,-74.4092025756836,-74.24725341796875,-75.27432250976562,-75.88910675048828,-76.03504180908203,-74.60322570800781,-74.63158416748047,-77.23562622070312,-76.95954895019531,-75.34844970703125,-74.47523498535156,-75.1989974975586,-77.18179321289062,0.0
-76.66836547851562,-77.32140350341797,-77.37403869628906,-77.245361328125,-77.14186096191406,-77.54069519042969,-78.24385833740234,-77.65801239013672,-77.62137603759766,-77.26602172851562,-77.51264953613281,-77.74126434326172,-77.36882781982422,-77.1026840209961,-77.01863861083984,-76.54911041259766,-77.1969985961914,-77.21630859375,-77.08289337158203,-77.00125122070312,-76.97158813476562,-76.50086212158203,-76.21580505371094,-76.13176727294922,-76.12359619140625,-76.12266540527344,-77.03712463378906,-75.73135375976562,-75.67350006103516,-76.83096313476562,-77.06119537353516,-77.43351745605469,-76.71235656738281,-75.74142456054688,-75.77396392822266,-75.51749420166016,-74.4092025756836,-74.24725341796875,-75.27432250976562,-75.88910675048828,-76.03504180908203,-74.60322570800781,-74.63158416748047,-77.23562622070312,-76.95954895019531,-75.34844970703125,-74.47523498535156,-75.1989974975586,-77.18179321289062,-77.7861557006836,1.0
-77.32140350341797,-77.37403869628906,-77.245361328125,-77.14186096191406,-77.54069519042969,-78.24385833740234,-77.65801239013672,-77.62137603759766,-77.26602172851562,-77.51264953613281,-77.74126434326172,-77.36882781982422,-77.1026840209961,-77.01863861083984,-76.54911041259766,-77.1969985961914,-77.21630859375,-77.08289337158203,-77.00125122070312,-76.97158813476562,-76.50086212158203,-76.21580505371094,-76.13176727294922,-76.12359619140625,-76.12266540527344,-77.03712463378906,-75.73135375976562,-75.67350006103516,-76.83096313476562,-77.06119537353516,-77.43351745605469,-76.71235656738281,-75.74142456054688,-75.77396392822266,-75.51749420166016,-74.4092025756836,-74.24725341796875,-75.27432250976562,-75.88910675048828,-76.03504180908203,-74.60322570800781,-74.63158416748047,-77.23562622070312,-76.95954895019531,-75.34844970703125,-74.47523498535156,-75.1989974975586,-77.18179321289062,-77.7861557006836,-76.38864135742188,0.0
-77.37403869628906,-77.245361328125,-77.14186096191406,-77.54069519042969,-78.24385833740234,-77.65801239013672,-77.62137603759766,-77.26602172851562,-77.51264953613281,-77.74126434326172,-77.36882781982422,-77.1026840209961,-77.01863861083984,-76.54911041259766,-77.1969985961914,-77.21630859375,-77.08289337158203,-77.00125122070312,-76.97158813476562,-76.50086212158203,-76.21580505371094,-76.13176727294922,-76.12359619140625,-76.12266540527344,-77.03712463378906,-75.73135375976562,-75.67350006103516,-76.83096313476562,-77.06119537353516,-77.43351745605469,-76.71235656738281,-75.74142456054688,-75.77396392822266,-75.51749420166016,-74.4092025756836,-74.24725341796875,-75.27432250976562,-75.88910675048828,-76.03504180908203,-74.60322570800781,-74.63158416748047,-77.23562622070312,-76.95954895019531,-75.34844970703125,-74.47523498535156,-75.1989974975586,-77.18179321289062,-77.7861557006836,-76.38864135742188,-75.91561126708984,1.0
-77.245361328125,-77.14186096191406,-77.54069519042969,-78.24385833740234,-77.65801239013672,-77.62137603759766,-77.26602172851562,-77.51264953613281,-77.74126434326172,-77.36882781982422,-77.1026840209961,-77.01863861083984,-76.54911041259766,-77.1969985961914,-77.21630859375,-77.08289337158203,-77.00125122070312,-76.97158813476562,-76.50086212158203,-76.21580505371094,-76.13176727294922,-76.12359619140625,-76.12266540527344,-77.03712463378906,-75.73135375976562,-75.67350006103516,-76.83096313476562,-77.06119537353516,-77.43351745605469,-76.71235656738281,-75.74142456054688,-75.77396392822266,-75.51749420166016,-74.4092025756836,-74.24725341796875,-75.27432250976562,-75.88910675048828,-76.03504180908203,-74.60322570800781,-74.63158416748047,-77.23562622070312,-76.95954895019531,-75.34844970703125,-74.47523498535156,-75.1989974975586,-77.18179321289062,-77.7861557006836,-76.38864135742188,-75.91561126708984,-77.31070709228516,1.0
-77.14186096191406,-77.54069519042969,-78.24385833740234,-77.65801239013672,-77.62137603759766,-77.26602172851562,-77.51264953613281,-77.74126434326172,-77.36882781982422,-77.1026840209961,-77.01863861083984,-76.54911041259766,-77.1969985961914,-77.21630859375,-77.08289337158203,-77.00125122070312,-76.97158813476562,-76.50086212158203,-76.21580505371094,-76.13176727294922,-76.12359619140625,-76.12266540527344,-77.03712463378906,-75.73135375976562,-75.67350006103516,-76.83096313476562,-77.06119537353516,-77.43351745605469,-76.71235656738281,-75.74142456054688,-75.77396392822266,-75.51749420166016,-74.4092025756836,-74.24725341796875,-75.27432250976562,-75.88910675048828,-76.03504180908203,-74.60322570800781,-74.63158416748047,-77.23562622070312,-76.95954895019531,-75.34844970703125,-74.47523498535156,-75.1989974975586,-77.18179321289062,-77.7861557006836,-76.38864135742188,-75.91561126708984,-77.31070709228516,-76.86439514160156,1.0
-77.54069519042969,-78.24385833740234,-77.65801239013672,-77.62137603759766,-77.26602172851562,-77.51264953613281,-77.74126434326172,-77.36882781982422,-77.1026840209961,-77.01863861083984,-76.54911041259766,-77.1969985961914,-77.21630859375,-77.08289337158203,-77.00125122070312,-76.97158813476562,-76.50086212158203,-76.21580505371094,-76.13176727294922,-76.12359619140625,-76.12266540527344,-77.03712463378906,-75.73135375976562,-75.67350006103516,-76.83096313476562,-77.06119537353516,-77.43351745605469,-76.71235656738281,-75.74142456054688,-75.77396392822266,-75.51749420166016,-74.4092025756836,-74.24725341796875,-75.27432250976562,-75.88910675048828,-76.03504180908203,-74.60322570800781,-74.63158416748047,-77.23562622070312,-76.95954895019531,-75.34844970703125,-74.47523498535156,-75.1989974975586,-77.18179321289062,-77.7861557006836,-76.38864135742188,-75.91561126708984,-77.31070709228516,-76.86439514160156,-73.98760986328125,0.0
-78.24385833740234,-77.65801239013672,-77.62137603759766,-77.26602172851562,-77.51264953613281,-77.74126434326172,-77.36882781982422,-77.1026840209961,-77.01863861083984,-76.54911041259766,-77.1969985961914,-77.21630859375,-77.08289337158203,-77.00125122070312,-76.97158813476562,-76.50086212158203,-76.21580505371094,-76.13176727294922,-76.12359619140625,-76.12266540527344,-77.03712463378906,-75.73135375976562,-75.67350006103516,-76.83096313476562,-77.06119537353516,-77.43351745605469,-76.71235656738281,-75.74142456054688,-75.77396392822266,-75.51749420166016,-74.4092025756836,-74.24725341796875,-75.27432250976562,-75.88910675048828,-76.03504180908203,-74.60322570800781,-74.63158416748047,-77.23562622070312,-76.95954895019531,-75.34844970703125,-74.47523498535156,-75.1989974975586,-77.18179321289062,-77.7861557006836,-76.38864135742188,-75.91561126708984,-77.31070709228516,-76.86439514160156,-73.98760986328125,-74.69284057617188,0.0
-77.65801239013672,-77.62137603759766,-77.26602172851562,-77.51264953613281,-77.74126434326172,-77.36882781982422,-77.1026840209961,-77.01863861083984,-76.54911041259766,-77.1969985961914,-77.21630859375,-77.08289337158203,-77.00125122070312,-76.97158813476562,-76.50086212158203,-76.21580505371094,-76.13176727294922,-76.12359619140625,-76.12266540527344,-77.03712463378906,-75.73135375976562,-75.67350006103516,-76.83096313476562,-77.06119537353516,-77.43351745605469,-76.71235656738281,-75.74142456054688,-75.77396392822266,-75.51749420166016,-74.4092025756836,-74.24725341796875,-75.27432250976562,-75.88910675048828,-76.03504180908203,-74.60322570800781,-74.63158416748047,-77.23562622070312,-76.95954895019531,-75.34844970703125,-74.47523498535156,-75.1989974975586,-77.18179321289062,-77.7861557006836,-76.38864135742188,-75.91561126708984,-77.31070709228516,-76.86439514160156,-73.98760986328125,-74.69284057617188,-74.7445068359375,0.0
-77.62137603759766,-77.26602172851562,-77.51264953613281,-77.74126434326172,-77.36882781982422,-77.1026840209961,-77.01863861083984,-76.54911041259766,-77.1969985961914,-77.21630859375,-77.08289337158203,-77.00125122070312,-76.97158813476562,-76.50086212158203,-76.21580505371094,-76.13176727294922,-76.12359619140625,-76.12266540527344,-77.03712463378906,-75.73135375976562,-75.67350006103516,-76.83096313476562,-77.06119537353516,-77.43351745605469,-76.71235656738281,-75.74142456054688,-75.77396392822266,-75.51749420166016,-74.4092025756836,-74.24725341796875,-75.27432250976562,-75.88910675048828,-76.03504180908203,-74.60322570800781,-74.63158416748047,-77.23562622070312,-76.95954895019531,-75.34844970703125,-74.47523498535156,-75.1989974975586,-77.18179321289062,-77.7861557006836,-76.38864135742188,-75.91561126708984,-77.31070709228516,-76.86439514160156,-73.98760986328125,-74.69284057617188,-74.7445068359375,-76.89189147949219,0.0
-77.26602172851562,-77.51264953613281,-77.74126434326172,-77.36882781982422,-77.1026840209961,-77.01863861083984,-76.54911041259766,-77.1969985961914,-77.21630859375,-77.08289337158203,-77.00125122070312,-76.97158813476562,-76.50086212158203,-76.21580505371094,-76.13176727294922,-76.12359619140625,-76.12266540527344,-77.03712463378906,-75.73135375976562,-75.67350006103516,-76.83096313476562,-77.06119537353516,-77.43351745605469,-76.71235656738281,-75.74142456054688,-75.77396392822266,-75.51749420166016,-74.4092025756836,-74.24725341796875,-75.27432250976562,-75.88910675048828,-76.03504180908203,-74.60322570800781,-74.63158416748047,-77.23562622070312,-76.95954895019531,-75.34844970703125,-74.47523498535156,-75.1989974975586,-77.18179321289062,-77.7861557006836,-76.38864135742188,-75.91561126708984,-77.31070709228516,-76.86439514160156,-73.98760986328125,-74.69284057617188,-74.7445068359375,-76.89189147949219,-77.2672119140625,1.0
-77.51264953613281,-77.74126434326172,-77.36882781982422,-77.1026840209961,-77.01863861083984,-76.54911041259766,-77.1969985961914,-77.21630859375,-77.08289337158203,-77.00125122070312,-76.97158813476562,-76.50086212158203,-76.21580505371094,-76.13176727294922,-76.12359619140625,-76.12266540527344,-77.03712463378906,-75.73135375976562,-75.67350006103516,-76.83096313476562,-77.06119537353516,-77.43351745605469,-76.71235656738281,-75.74142456054688,-75.77396392822266,-75.51749420166016,-74.4092025756836,-74.24725341796875,-75.27432250976562,-75.88910675048828,-76.03504180908203,-74.60322570800781,-74.63158416748047,-77.23562622070312,-76.95954895019531,-75.34844970703125,-74.47523498535156,-75.1989974975586,-77.18179321289062,-77.7861557006836,-76.38864135742188,-75.91561126708984,-77.31070709228516,-76.86439514160156,-73.98760986328125,-74.69284057617188,-74.7445068359375,-76.89189147949219,-77.2672119140625,-75.18898010253906,0.0
-77.74126434326172,-77.36882781982422,-77.1026840209961,-77.01863861083984,-76.54911041259766,-77.1969985961914,-77.21630859375,-77.08289337158203,-77.00125122070312,-76.97158813476562,-76.50086212158203,-76.21580505371094,-76.13176727294922,-76.12359619140625,-76.12266540527344,-77.03712463378906,-75.73135375976562,-75.67350006103516,-76.83096313476562,-77.06119537353516,-77.43351745605469,-76.71235656738281,-75.74142456054688,-75.77396392822266,-75.51749420166016,-74.4092025756836,-74.24725341796875,-75.27432250976562,-75.88910675048828,-76.03504180908203,-74.60322570800781,-74.63158416748047,-77.23562622070312,-76.95954895019531,-75.34844970703125,-74.47523498535156,-75.1989974975586,-77.18179321289062,-77.7861557006836,-76.38864135742188,-75.91561126708984,-77.31070709228516,-76.86439514160156,-73.98760986328125,-74.69284057617188,-74.7445068359375,-76.89189147949219,-77.2672119140625,-75.18898010253906,-73.86859893798828,1.0
-77.36882781982422,-77.1026840209961,-77.01863861083984,-76.54911041259766,-77.1969985961914,-77.21630859375,-77.08289337158203,-77.00125122070312,-76.97158813476562,-76.50086212158203,-76.21580505371094,-76.13176727294922,-76.12359619140625,-76.12266540527344,-77.03712463378906,-75.73135375976562,-75.67350006103516,-76.83096313476562,-77.06119537353516,-77.43351745605469,-76.71235656738281,-75.74142456054688,-75.77396392822266,-75.51749420166016,-74.4092025756836,-74.24725341796875,-75.27432250976562,-75.88910675048828,-76.03504180908203,-74.60322570800781,-74.63158416748047,-77.23562622070312,-76.95954895019531,-75.34844970703125,-74.47523498535156,-75.1989974975586,-77.18179321289062,-77.7861557006836,-76.38864135742188,-75.91561126708984,-77.31070709228516,-76.86439514160156,-73.98760986328125,-74.69284057617188,-74.7445068359375,-76.89189147949219,-77.2672119140625,-75.18898010253906,-73.86859893798828,-71.60033416748047,0.0
-77.1026840209961,-77.01863861083984,-76.54911041259766,-77.1969985961914,-77.21630859375,-77.08289337158203,-77.00125122070312,-76.97158813476562,-76.50086212158203,-76.21580505371094,-76.13176727294922,-76.12359619140625,-76.12266540527344,-77.03712463378906,-75.73135375976562,-75.67350006103516,-76.83096313476562,-77.06119537353516,-77.43351745605469,-76.71235656738281,-75.74142456054688,-75.77396392822266,-75.51749420166016,-74.4092025756836,-74.24725341796875,-75.27432250976562,-75.88910675048828,-76.03504180908203,-74.60322570800781,-74.63158416748047,-77.23562622070312,-76.95954895019531,-75.34844970703125,-74.47523498535156,-75.1989974975586,-77.18179321289062,-77.7861557006836,-76.38864135742188,-75.91561126708984,-77.31070709228516,-76.86439514160156,-73.98760986328125,-74.69284057617188,-74.7445068359375,-76.89189147949219,-77.2672119140625,-75.18898010253906,-73.86859893798828,-71.60033416748047,-69.98014831542969,0.0
-77.01863861083984,-76.54911041259766,-77.1969985961914,-77.21630859375,-77.08289337158203,-77.00125122070312,-76.97158813476562,-76.50086212158203,-76.21580505371094,-76.13176727294922,-76.12359619140625,-76.12266540527344,-77.03712463378906,-75.73135375976562,-75.67350006103516,-76.83096313476562,-77.06119537353516,-77.43351745605469,-76.71235656738281,-75.74142456054688,-75.77396392822266,-75.51749420166016,-74.4092025756836,-74.24725341796875,-75.27432250976562,-75.88910675048828,-76.03504180908203,-74.60322570800781,-74.63158416748047,-77.23562622070312,-76.95954895019531,-75.34844970703125,-74.47523498535156,-75.1989974975586,-77.18179321289062,-77.7861557006836,-76.38864135742188,-75.91561126708984,-77.31070709228516,-76.86439514160156,-73.98760986328125,-74.69284057617188,-74.7445068359375,-76.89189147949219,-77.2672119140625,-75.18898010253906,-73.86859893798828,-71.60033416748047,-69.98014831542969,-69.41170501708984,0.0
-76.54911041259766,-77.1969985961914,-77.21630859375,-77.08289337158203,-77.00125122070312,-76.97158813476562,-76.50086212158203,-76.21580505371094,-76.13176727294922,-76.12359619140625,-76.12266540527344,-77.03712463378906,-75.73135375976562,-75.67350006103516,-76.83096313476562,-77.06119537353516,-77.43351745605469,-76.71235656738281,-75.74142456054688,-75.77396392822266,-75.51749420166016,-74.4092025756836,-74.24725341796875,-75.27432250976562,-75.88910675048828,-76.03504180908203,-74.60322570800781,-74.63158416748047,-77.23562622070312,-76.95954895019531,-75.34844970703125,-74.47523498535156,-75.1989974975586,-77.18179321289062,-77.7861557006836,-76.38864135742188,-75.91561126708984,-77.31070709228516,-76.86439514160156,-73.98760986328125,-74.69284057617188,-74.7445068359375,-76.89189147949219,-77.2672119140625,-75.18898010253906,-73.86859893798828,-71.60033416748047,-69.98014831542969,-69.41170501708984,-69.3066635131836,0.0
-77.1969985961914,-77.21630859375,-77.08289337158203,-77.00125122070312,-76.97158813476562,-76.50086212158203,-76.21580505371094,-76.13176727294922,-76.12359619140625,-76.12266540527344,-77.03712463378906,-75.73135375976562,-75.67350006103516,-76.83096313476562,-77.06119537353516,-77.43351745605469,-76.71235656738281,-75.74142456054688,-75.77396392822266,-75.51749420166016,-74.4092025756836,-74.24725341796875,-75.27432250976562,-75.88910675048828,-76.03504180908203,-74.60322570800781,-74.63158416748047,-77.23562622070312,-76.95954895019531,-75.34844970703125,-74.47523498535156,-75.1989974975586,-77.18179321289062,-77.7861557006836,-76.38864135742188,-75.91561126708984,-77.31070709228516,-76.86439514160156,-73.98760986328125,-74.69284057617188,-74.7445068359375,-76.89189147949219,-77.2672119140625,-75.18898010253906,-73.86859893798828,-71.60033416748047,-69.98014831542969,-69.41170501708984,-69.3066635131836,-69.26419830322266,0.0
-77.21630859375,-77.08289337158203,-77.00125122070312,-76.97158813476562,-76.50086212158203,-76.21580505371094,-76.13176727294922,-76.12359619140625,-76.12266540527344,-77.03712463378906,-75.73135375976562,-75.67350006103516,-76.83096313476562,-77.06119537353516,-77.43351745605469,-76.71235656738281,-75.74142456054688,-75.77396392822266,-75.51749420166016,-74.4092025756836,-74.24725341796875,-75.27432250976562,-75.88910675048828,-76.03504180908203,-74.60322570800781,-74.63158416748047,-77.23562622070312,-76.95954895019531,-75.34844970703125,-74.47523498535156,-75.1989974975586,-77.18179321289062,-77.7861557006836,-76.38864135742188,-75.91561126708984,-77.31070709228516,-76.86439514160156,-73.98760986328125,-74.69284057617188,-74.7445068359375,-76.89189147949219,-77.2672119140625,-75.18898010253906,-73.86859893798828,-71.60033416748047,-69.98014831542969,-69.41170501708984,-69.3066635131836,-69.26419830322266,-69.17079162597656,0.0
-77.08289337158203,-77.00125122070312,-76.97158813476562,-76.50086212158203,-76.21580505371094,-76.13176727294922,-76.12359619140625,-76.12266540527344,-77.03712463378906,-75.73135375976562,-75.67350006103516,-76.83096313476562,-77.06119537353516,-77.43351745605469,-76.71235656738281,-75.74142456054688,-75.77396392822266,-75.51749420166016,-74.4092025756836,-74.24725341796875,-75.27432250976562,-75.88910675048828,-76.03504180908203,-74.60322570800781,-74.63158416748047,-77.23562622070312,-76.95954895019531,-75.34844970703125,-74.47523498535156,-75.1989974975586,-77.18179321289062,-77.7861557006836,-76.38864135742188,-75.91561126708984,-77.31070709228516,-76.86439514160156,-73.98760986328125,-74.69284057617188,-74.7445068359375,-76.89189147949219,-77.2672119140625,-75.18898010253906,-73.86859893798828,-71.60033416748047,-69.98014831542969,-69.41170501708984,-69.3066635131836,-69.26419830322266,-69.17079162597656,-69.03874969482422,0.0
-77.00125122070312,-76.97158813476562,-76.50086212158203,-76.21580505371094,-76.13176727294922,-76.12359619140625,-76.12266540527344,-77.03712463378906,-75.73135375976562,-75.67350006103516,-76.83096313476562,-77.06119537353516,-77.43351745605469,-76.71235656738281,-75.74142456054688,-75.77396392822266,-75.51749420166016,-74.4092025756836,-74.24725341796875,-75.27432250976562,-75.88910675048828,-76.03504180908203,-74.60322570800781,-74.63158416748047,-77.23562622070312,-76.95954895019531,-75.34844970703125,-74.47523498535156,-75.1989974975586,-77.18179321289062,-77.7861557006836,-76.38864135742188,-75.91561126708984,-77.31070709228516,-76.86439514160156,-73.98760986328125,-74.69284057617188,-74.7445068359375,-76.89189147949219,-77.2672119140625,-75.18898010253906,-73.86859893798828,-71.60033416748047,-69.98014831542969,-69.41170501708984,-69.3066635131836,-69.26419830322266,-69.17079162597656,-69.03874969482422,-68.9030990600586,0.0
-76.97158813476562,-76.50086212158203,-76.21580505371094,-76.13176727294922,-76.12359619140625,-76.12266540527344,-77.03712463378906,-75.73135375976562,-75.67350006103516,-76.83096313476562,-77.06119537353516,-77.43351745605469,-76.71235656738281,-75.74142456054688,-75.77396392822266,-75.51749420166016,-74.4092025756836,-74.24725341796875,-75.27432250976562,-75.88910675048828,-76.03504180908203,-74.60322570800781,-74.63158416748047,-77.23562622070312,-76.95954895019531,-75.34844970703125,-74.47523498535156,-75.1989974975586,-77.18179321289062,-77.7861557006836,-76.38864135742188,-75.91561126708984,-77.31070709228516,-76.86439514160156,-73.98760986328125,-74.69284057617188,-74.7445068359375,-76.89189147949219,-77.2672119140625,-75.18898010253906,-73.86859893798828,-71.60033416748047,-69.98014831542969,-69.41170501708984,-69.3066635131836,-69.26419830322266,-69.17079162597656,-69.03874969482422,-68.9030990600586,-68.78736877441406,0.0
-76.50086212158203,-76.21580505371094,-76.13176727294922,-76.12359619140625,-76.12266540527344,-77.03712463378906,-75.73135375976562,-75.67350006103516,-76.83096313476562,-77.06119537353516,-77.43351745605469,-76.71235656738281,-75.74142456054688,-75.77396392822266,-75.51749420166016,-74.4092025756836,-74.24725341796875,-75.27432250976562,-75.88910675048828,-76.03504180908203,-74.60322570800781,-74.63158416748047,-77.23562622070312,-76.95954895019531,-75.34844970703125,-74.47523498535156,-75.1989974975586,-77.18179321289062,-77.7861557006836,-76.38864135742188,-75.91561126708984,-77.31070709228516,-76.86439514160156,-73.98760986328125,-74.69284057617188,-74.7445068359375,-76.89189147949219,-77.2672119140625,-75.18898010253906,-73.86859893798828,-71.60033416748047,-69.98014831542969,-69.41170501708984,-69.3066635131836,-69.26419830322266,-69.17079162597656,-69.03874969482422,-68.9030990600586,-68.78736877441406,-68.70046997070312,0.0
-76.21580505371094,-76.13176727294922,-76.12359619140625,-76.12266540527344,-77.03712463378906,-75.73135375976562,-75.67350006103516,-76.83096313476562,-77.06119537353516,-77.43351745605469,-76.71235656738281,-75.74142456054688,-75.77396392822266,-75.51749420166016,-74.4092025756836,-74.24725341796875,-75.27432250976562,-75.88910675048828,-76.03504180908203,-74.60322570800781,-74.63158416748047,-77.23562622070312,-76.95954895019531,-75.34844970703125,-74.47523498535156,-75.1989974975586,-77.18179321289062,-77.7861557006836,-76.38864135742188,-75.91561126708984,-77.31070709228516,-76.86439514160156,-73.98760986328125,-74.69284057617188,-74.7445068359375,-76.89189147949219,-77.2672119140625,-75.18898010253906,-73.86859893798828,-71.60033416748047,-69.98014831542969,-69.41170501708984,-69.3066635131836,-69.26419830322266,-69.17079162597656,-69.03874969482422,-68.9030990600586,-68.78736877441406,-68.70046997070312,-68.64190673828125,0.0
-76.13176727294922,-76.12359619140625,-76.12266540527344,-77.03712463378906,-75.73135375976562,-75.67350006103516,-76.83096313476562,-77.06119537353516,-77.43351745605469,-76.71235656738281,-75.74142456054688,-75.77396392822266,-75.51749420166016,-74.4092025756836,-74.24725341796875,-75.27432250976562,-75.88910675048828,-76.03504180908203,-74.60322570800781,-74.63158416748047,-77.23562622070312,-76.95954895019531,-75.34844970703125,-74.47523498535156,-75.1989974975586,-77.18179321289062,-77.7861557006836,-76.38864135742188,-75.91561126708984,-77.31070709228516,-76.86439514160156,-73.98760986328125,-74.69284057617188,-74.7445068359375,-76.89189147949219,-77.2672119140625,-75.18898010253906,-73.86859893798828,-71.60033416748047,-69.98014831542969,-69.41170501708984,-69.3066635131836,-69.26419830322266,-69.17079162597656,-69.03874969482422,-68.9030990600586,-68.78736877441406,-68.70046997070312,-68.64190673828125,-68.60686492919922,0.0
-76.12359619140625,-76.12266540527344,-77.03712463378906,-75.73135375976562,-75.67350006103516,-76.83096313476562,-77.06119537353516,-77.43351745605469,-76.71235656738281,-75.74142456054688,-75.77396392822266,-75.51749420166016,-74.4092025756836,-74.24725341796875,-75.27432250976562,-75.88910675048828,-76.03504180908203,-74.60322570800781,-74.63158416748047,-77.23562622070312,-76.95954895019531,-75.34844970703125,-74.47523498535156,-75.1989974975586,-77.18179321289062,-77.7861557006836,-76.38864135742188,-75.91561126708984,-77.31070709228516,-76.86439514160156,-73.98760986328125,-74.69284057617188,-74.7445068359375,-76.89189147949219,-77.2672119140625,-75.18898010253906,-73.86859893798828,-71.60033416748047,-69.98014831542969,-69.41170501708984,-69.3066635131836,-69.26419830322266,-69.17079162597656,-69.03874969482422,-68.9030990600586,-68.78736877441406,-68.70046997070312,-68.64190673828125,-68.60686492919922,-68.58936309814453,0.0
-76.12266540527344,-77.03712463378906,-75.73135375976562,-75.67350006103516,-76.83096313476562,-77.06119537353516,-77.43351745605469,-76.71235656738281,-75.74142456054688,-75.77396392822266,-75.51749420166016,-74.4092025756836,-74.24725341796875,-75.27432250976562,-75.88910675048828,-76.03504180908203,-74.60322570800781,-74.63158416748047,-77.23562622070312,-76.95954895019531,-75.34844970703125,-74.47523498535156,-75.1989974975586,-77.18179321289062,-77.7861557006836,-76.38864135742188,-75.91561126708984,-77.31070709228516,-76.86439514160156,-73.98760986328125,-74.69284057617188,-74.7445068359375,-76.89189147949219,-77.2672119140625,-75.18898010253906,-73.86859893798828,-71.60033416748047,-69.98014831542969,-69.41170501708984,-69.3066635131836,-69.26419830322266,-69.17079162597656,-69.03874969482422,-68.9030990600586,-68.78736877441406,-68.70046997070312,-68.64190673828125,-68.60686492919922,-68.58936309814453,-68.58386993408203,0.0
-77.03712463378906,-75.73135375976562,-75.67350006103516,-76.83096313476562,-77.06119537353516,-77.43351745605469,-76.71235656738281,-75.74142456054688,-75.77396392822266,-75.51749420166016,-74.4092025756836,-74.24725341796875,-75.27432250976562,-75.88910675048828,-76.03504180908203,-74.60322570800781,-74.63158416748047,-77.23562622070312,-76.95954895019531,-75.34844970703125,-74.47523498535156,-75.1989974975586,-77.18179321289062,-77.7861557006836,-76.38864135742188,-75.91561126708984,-77.31070709228516,-76.86439514160156,-73.98760986328125,-74.69284057617188,-74.7445068359375,-76.89189147949219,-77.2672119140625,-75.18898010253906,-73.86859893798828,-71.60033416748047,-69.98014831542969,-69.41170501708984,-69.3066635131836,-69.26419830322266,-69.17079162597656,-69.03874969482422,-68.9030990600586,-68.78736877441406,-68.70046997070312,-68.64190673828125,-68.60686492919922,-68.58936309814453,-68.58386993408203,-67.16973876953125,1.0
-75.73135375976562,-75.67350006103516,-76.83096313476562,-77.06119537353516,-77.43351745605469,-76.71235656738281,-75.74142456054688,-75.77396392822266,-75.51749420166016,-74.4092025756836,-74.24725341796875,-75.27432250976562,-75.88910675048828,-76.03504180908203,-74.60322570800781,-74.63158416748047,-77.23562622070312,-76.95954895019531,-75.34844970703125,-74.47523498535156,-75.1989974975586,-77.18179321289062,-77.7861557006836,-76.38864135742188,-75.91561126708984,-77.31070709228516,-76.86439514160156,-73.98760986328125,-74.69284057617188,-74.7445068359375,-76.89189147949219,-77.2672119140625,-75.18898010253906,-73.86859893798828,-71.60033416748047,-69.98014831542969,-69.41170501708984,-69.3066635131836,-69.26419830322266,-69.17079162597656,-69.03874969482422,-68.9030990600586,-68.78736877441406,-68.70046997070312,-68.64190673828125,-68.60686492919922,-68.58936309814453,-68.58386993408203,-67.16973876953125,-65.85382080078125,0.0
-75.67350006103516,-76.83096313476562,-77.06119537353516,-77.43351745605469,-76.71235656738281,-75.74142456054688,-75.77396392822266,-75.51749420166016,-74.4092025756836,-74.24725341796875,-75.27432250976562,-75.88910675048828,-76.03504180908203,-74.60322570800781,-74.63158416748047,-77.23562622070312,-76.95954895019531,-75.34844970703125,-74.47523498535156,-75.1989974975586,-77.18179321289062,-77.7861557006836,-76.38864135742188,-75.91561126708984,-77.31070709228516,-76.86439514160156,-73.98760986328125,-74.69284057617188,-74.7445068359375,-76.89189147949219,-77.2672119140625,-75.18898010253906,-73.86859893798828,-71.60033416748047,-69.98014831542969,-69.41170501708984,-69.3066635131836,-69.26419830322266,-69.17079162597656,-69.03874969482422,-68.9030990600586,-68.78736877441406,-68.70046997070312,-68.64190673828125,-68.60686492919922,-68.58936309814453,-68.58386993408203,-67.16973876953125,-65.85382080078125,-67.6997299194336,0.0
-76.83096313476562,-77.06119537353516,-77.43351745605469,-76.71235656738281,-75.74142456054688,-75.77396392822266,-75.51749420166016,-74.4092025756836,-74.24725341796875,-75.27432250976562,-75.88910675048828,-76.03504180908203,-74.60322570800781,-74.63158416748047,-77.23562622070312,-76.95954895019531,-75.34844970703125,-74.47523498535156,-75.1989974975586,-77.18179321289062,-77.7861557006836,-76.38864135742188,-75.91561126708984,-77.31070709228516,-76.86439514160156,-73.98760986328125,-74.69284057617188,-74.7445068359375,-76.89189147949219,-77.2672119140625,-75.18898010253906,-73.86859893798828,-71.60033416748047,-69.98014831542969,-69.41170501708984,-69.3066635131836,-69.26419830322266,-69.17079162597656,-69.03874969482422,-68.9030990600586,-68.78736877441406,-68.70046997070312,-68.64190673828125,-68.60686492919922,-68.58936309814453,-68.58386993408203,-67.16973876953125,-65.85382080078125,-67.6997299194336,-63.33702850341797,0.0
-77.06119537353516,-77.43351745605469,-76.71235656738281,-75.74142456054688,-75.77396392822266,-75.51749420166016,-74.4092025756836,-74.24725341796875,-75.27432250976562,-75.88910675048828,-76.03504180908203,-74.60322570800781,-74.63158416748047,-77.23562622070312,-76.95954895019531,-75.34844970703125,-74.47523498535156,-75.1989974975586,-77.18179321289062,-77.7861557006836,-76.38864135742188,-75.91561126708984,-77.31070709228516,-76.86439514160156,-73.98760986328125,-74.69284057617188,-74.7445068359375,-76.89189147949219,-77.2672119140625,-75.18898010253906,-73.86859893798828,-71.60033416748047,-69.98014831542969,-69.41170501708984,-69.3066635131836,-69.26419830322266,-69.17079162597656,-69.03874969482422,-68.9030990600586,-68.78736877441406,-68.70046997070312,-68.64190673828125,-68.60686492919922,-68.58936309814453,-68.58386993408203,-67.16973876953125,-65.85382080078125,-67.6997299194336,-63.33702850341797,-61.302642822265625,0.0
-77.43351745605469,-76.71235656738281,-75.74142456054688,-75.77396392822266,-75.51749420166016,-74.4092025756836,-74.24725341796875,-75.27432250976562,-75.88910675048828,-76.03504180908203,-74.60322570800781,-74.63158416748047,-77.23562622070312,-76.95954895019531,-75.34844970703125,-74.47523498535156,-75.1989974975586,-77.18179321289062,-77.7861557006836,-76.38864135742188,-75.91561126708984,-77.31070709228516,-76.86439514160156,-73.98760986328125,-74.69284057617188,-74.7445068359375,-76.89189147949219,-77.2672119140625,-75.18898010253906,-73.86859893798828,-71.60033416748047,-69.98014831542969,-69.41170501708984,-69.3066635131836,-69.26419830322266,-69.17079162597656,-69.03874969482422,-68.9030990600586,-68.78736877441406,-68.70046997070312,-68.64190673828125,-68.60686492919922,-68.58936309814453,-68.58386993408203,-67.16973876953125,-65.85382080078125,-67.6997299194336,-63.33702850341797,-61.302642822265625,-62.3570556640625,0.0
-76.71235656738281,-75.74142456054688,-75.77396392822266,-75.51749420166016,-74.4092025756836,-74.24725341796875,-75.27432250976562,-75.88910675048828,-76.03504180908203,-74.60322570800781,-74.63158416748047,-77.23562622070312,-76.95954895019531,-75.34844970703125,-74.47523498535156,-75.1989974975586,-77.18179321289062,-77.7861557006836,-76.38864135742188,-75.91561126708984,-77.31070709228516,-76.86439514160156,-73.98760986328125,-74.69284057617188,-74.7445068359375,-76.89189147949219,-77.2672119140625,-75.18898010253906,-73.86859893798828,-71.60033416748047,-69.98014831542969,-69.41170501708984,-69.3066635131836,-69.26419830322266,-69.17079162597656,-69.03874969482422,-68.9030990600586,-68.78736877441406,-68.70046997070312,-68.64190673828125,-68.60686492919922,-68.58936309814453,-68.58386993408203,-67.16973876953125,-65.85382080078125,-67.6997299194336,-63.33702850341797,-61.302642822265625,-62.3570556640625,-63.24256896972656,0.0
-75.74142456054688,-75.77396392822266,-75.51749420166016,-74.4092025756836,-74.24725341796875,-75.27432250976562,-75.88910675048828,-76.03504180908203,-74.60322570800781,-74.63158416748047,-77.23562622070312,-76.95954895019531,-75.34844970703125,-74.47523498535156,-75.1989974975586,-77.18179321289062,-77.7861557006836,-76.38864135742188,-75.91561126708984,-77.31070709228516,-76.86439514160156,-73.98760986328125,-74.69284057617188,-74.7445068359375,-76.89189147949219,-77.2672119140625,-75.18898010253906,-73.86859893798828,-71.60033416748047,-69.98014831542969,-69.41170501708984,-69.3066635131836,-69.26419830322266,-69.17079162597656,-69.03874969482422,-68.9030990600586,-68.78736877441406,-68.70046997070312,-68.64190673828125,-68.60686492919922,-68.58936309814453,-68.58386993408203,-67.16973876953125,-65.85382080078125,-67.6997299194336,-63.33702850341797,-61.302642822265625,-62.3570556640625,-63.24256896972656,-63.9503173828125,0.0
-75.77396392822266,-75.51749420166016,-74.4092025756836,-74.24725341796875,-75.27432250976562,-75.88910675048828,-76.03504180908203,-74.60322570800781,-74.63158416748047,-77.23562622070312,-76.95954895019531,-75.34844970703125,-74.47523498535156,-75.1989974975586,-77.18179321289062,-77.7861557006836,-76.38864135742188,-75.91561126708984,-77.31070709228516,-76.86439514160156,-73.98760986328125,-74.69284057617188,-74.7445068359375,-76.89189147949219,-77.2672119140625,-75.18898010253906,-73.86859893798828,-71.60033416748047,-69.98014831542969,-69.41170501708984,-69.3066635131836,-69.26419830322266,-69.17079162597656,-69.03874969482422,-68.9030990600586,-68.78736877441406,-68.70046997070312,-68.64190673828125,-68.60686492919922,-68.58936309814453,-68.58386993408203,-67.16973876953125,-65.85382080078125,-67.6997299194336,-63.33702850341797,-61.302642822265625,-62.3570556640625,-63.24256896972656,-63.9503173828125,-63.67089080810547,0.0
-75.51749420166016,-74.4092025756836,-74.24725341796875,-75.27432250976562,-75.88910675048828,-76.03504180908203,-74.60322570800781,-74.63158416748047,-77.23562622070312,-76.95954895019531,-75.34844970703125,-74.47523498535156,-75.1989974975586,-77.18179321289062,-77.7861557006836,-76.38864135742188,-75.91561126708984,-77.31070709228516,-76.86439514160156,-73.98760986328125,-74.69284057617188,-74.7445068359375,-76.89189147949219,-77.2672119140625,-75.18898010253906,-73.86859893798828,-71.60033416748047,-69.98014831542969,-69.41170501708984,-69.3066635131836,-69.26419830322266,-69.17079162597656,-69.03874969482422,-68.9030990600586,-68.78736877441406,-68.70046997070312,-68.64190673828125,-68.60686492919922,-68.58936309814453,-68.58386993408203,-67.16973876953125,-65.85382080078125,-67.6997299194336,-63.33702850341797,-61.302642822265625,-62.3570556640625,-63.24256896972656,-63.9503173828125,-63.67089080810547,-63.3171272277832,0.0
-74.4092025756836,-74.24725341796875,-75.27432250976562,-75.88910675048828,-76.03504180908203,-74.60322570800781,-74.63158416748047,-77.23562622070312,-76.95954895019531,-75.34844970703125,-74.47523498535156,-75.1989974975586,-77.18179321289062,-77.7861557006836,-76.38864135742188,-75.91561126708984,-77.31070709228516,-76.86439514160156,-73.98760986328125,-74.69284057617188,-74.7445068359375,-76.89189147949219,-77.2672119140625,-75.18898010253906,-73.86859893798828,-71.60033416748047,-69.98014831542969,-69.41170501708984,-69.3066635131836,-69.26419830322266,-69.17079162597656,-69.03874969482422,-68.9030990600586,-68.78736877441406,-68.70046997070312,-68.64190673828125,-68.60686492919922,-68.58936309814453,-68.58386993408203,-67.16973876953125,-65.85382080078125,-67.6997299194336,-63.33702850341797,-61.302642822265625,-62.3570556640625,-63.24256896972656,-63.9503173828125,-63.67089080810547,-63.3171272277832,-63.12564468383789,0.0
-74.24725341796875,-75.27432250976562,-75.88910675048828,-76.03504180908203,-74.60322570800781,-74.63158416748047,-77.23562622070312,-76.95954895019531,-75.34844970703125,-74.47523498535156,-75.1989974975586,-77.18179321289062,-77.7861557006836,-76.38864135742188,-75.91561126708984,-77.31070709228516,-76.86439514160156,-73.98760986328125,-74.69284057617188,-74.7445068359375,-76.89189147949219,-77.2672119140625,-75.18898010253906,-73.86859893798828,-71.60033416748047,-69.98014831542969,-69.41170501708984,-69.3066635131836,-69.26419830322266,-69.17079162597656,-69.03874969482422,-68.9030990600586,-68.78736877441406,-68.70046997070312,-68.64190673828125,-68.60686492919922,-68.58936309814453,-68.58386993408203,-67.16973876953125,-65.85382080078125,-67.6997299194336,-63.33702850341797,-61.302642822265625,-62.3570556640625,-63.24256896972656,-63.9503173828125,-63.67089080810547,-63.3171272277832,-63.12564468383789,-65.8830337524414,0.0
-75.27432250976562,-75.88910675048828,-76.03504180908203,-74.60322570800781,-74.63158416748047,-77.23562622070312,-76.95954895019531,-75.34844970703125,-74.47523498535156,-75.1989974975586,-77.18179321289062,-77.7861557006836,-76.38864135742188,-75.91561126708984,-77.31070709228516,-76.86439514160156,-73.98760986328125,-74.69284057617188,-74.7445068359375,-76.89189147949219,-77.2672119140625,-75.18898010253906,-73.86859893798828,-71.60033416748047,-69.98014831542969,-69.41170501708984,-69.3066635131836,-69.26419830322266,-69.17079162597656,-69.03874969482422,-68.9030990600586,-68.78736877441406,-68.70046997070312,-68.64190673828125,-68.60686492919922,-68.58936309814453,-68.58386993408203,-67.16973876953125,-65.85382080078125,-67.6997299194336,-63.33702850341797,-61.302642822265625,-62.3570556640625,-63.24256896972656,-63.9503173828125,-63.67089080810547,-63.3171272277832,-63.12564468383789,-65.8830337524414,-66.14126586914062,0.0
-75.88910675048828,-76.03504180908203,-74.60322570800781,-74.63158416748047,-77.23562622070312,-76.95954895019531,-75.34844970703125,-74.47523498535156,-75.1989974975586,-77.18179321289062,-77.7861557006836,-76.38864135742188,-75.91561126708984,-77.31070709228516,-76.86439514160156,-73.98760986328125,-74.69284057617188,-74.7445068359375,-76.89189147949219,-77.2672119140625,-75.18898010253906,-73.86859893798828,-71.60033416748047,-69.98014831542969,-69.41170501708984,-69.3066635131836,-69.26419830322266,-69.17079162597656,-69.03874969482422,-68.9030990600586,-68.78736877441406,-68.70046997070312,-68.64190673828125,-68.60686492919922,-68.58936309814453,-68.58386993408203,-67.16973876953125,-65.85382080078125,-67.6997299194336,-63.33702850341797,-61.302642822265625,-62.3570556640625,-63.24256896972656,-63.9503173828125,-63.67089080810547,-63.3171272277832,-63.12564468383789,-65.8830337524414,-66.14126586914062,-65.7733154296875,0.0
-76.03504180908203,-74.60322570800781,-74.63158416748047,-77.23562622070312,-76.95954895019531,-75.34844970703125,-74.47523498535156,-75.1989974975586,-77.18179321289062,-77.7861557006836,-76.38864135742188,-75.91561126708984,-77.31070709228516,-76.86439514160156,-73.98760986328125,-74.69284057617188,-74.7445068359375,-76.89189147949219,-77.2672119140625,-75.18898010253906,-73.86859893798828,-71.60033416748047,-69.98014831542969,-69.41170501708984,-69.3066635131836,-69.26419830322266,-69.17079162597656,-69.03874969482422,-68.9030990600586,-68.78736877441406,-68.70046997070312,-68.64190673828125,-68.60686492919922,-68.58936309814453,-68.58386993408203,-67.16973876953125,-65.85382080078125,-67.6997299194336,-63.33702850341797,-61.302642822265625,-62.3570556640625,-63.24256896972656,-63.9503173828125,-63.67089080810547,-63.3171272277832,-63.12564468383789,-65.8830337524414,-66.14126586914062,-65.7733154296875,-65.57044982910156,0.0
-74.60322570800781,-74.63158416748047,-77.23562622070312,-76.95954895019531,-75.34844970703125,-74.47523498535156,-75.1989974975586,-77.18179321289062,-77.7861557006836,-76.38864135742188,-75.91561126708984,-77.31070709228516,-76.86439514160156,-73.98760986328125,-74.69284057617188,-74.7445068359375,-76.89189147949219,-77.2672119140625,-75.18898010253906,-73.86859893798828,-71.60033416748047,-69.98014831542969,-69.41170501708984,-69.3066635131836,-69.26419830322266,-69.17079162597656,-69.03874969482422,-68.9030990600586,-68.78736877441406,-68.70046997070312,-68.64190673828125,-68.60686492919922,-68.58936309814453,-68.58386993408203,-67.16973876953125,-65.85382080078125,-67.6997299194336,-63.33702850341797,-61.302642822265625,-62.3570556640625,-63.24256896972656,-63.9503173828125,-63.67089080810547,-63.3171272277832,-63.12564468383789,-65.8830337524414,-66.14126586914062,-65.7733154296875,-65.57044982910156,-65.0850830078125,0.0
-74.63158416748047,-77.23562622070312,-76.95954895019531,-75.34844970703125,-74.47523498535156,-75.1989974975586,-77.18179321289062,-77.7861557006836,-76.38864135742188,-75.91561126708984,-77.31070709228516,-76.86439514160156,-73.98760986328125,-74.69284057617188,-74.7445068359375,-76.89189147949219,-77.2672119140625,-75.18898010253906,-73.86859893798828,-71.60033416748047,-69.98014831542969,-69.41170501708984,-69.3066635131836,-69.26419830322266,-69.17079162597656,-69.03874969482422,-68.9030990600586,-68.78736877441406,-68.70046997070312,-68.64190673828125,-68.60686492919922,-68.58936309814453,-68.58386993408203,-67.16973876953125,-65.85382080078125,-67.6997299194336,-63.33702850341797,-61.302642822265625,-62.3570556640625,-63.24256896972656,-63.9503173828125,-63.67089080810547,-63.3171272277832,-63.12564468383789,-65.8830337524414,-66.14126586914062,-65.7733154296875,-65.57044982910156,-65.0850830078125,-67.22931671142578,0.0
-77.23562622070312,-76.95954895019531,-75.34844970703125,-74.47523498535156,-75.1989974975586,-77.18179321289062,-77.7861557006836,-76.38864135742188,-75.91561126708984,-77.31070709228516,-76.86439514160156,-73.98760986328125,-74.69284057617188,-74.7445068359375,-76.89189147949219,-77.2672119140625,-75.18898010253906,-73.86859893798828,-71.60033416748047,-69.98014831542969,-69.41170501708984,-69.3066635131836,-69.26419830322266,-69.17079162597656,-69.03874969482422,-68.9030990600586,-68.78736877441406,-68.70046997070312,-68.64190673828125,-68.60686492919922,-68.58936309814453,-68.58386993408203,-67.16973876953125,-65.85382080078125,-67.6997299194336,-63.33702850341797,-61.302642822265625,-62.3570556640625,-63.24256896972656,-63.9503173828125,-63.67089080810547,-63.3171272277832,-63.12564468383789,-65.8830337524414,-66.14126586914062,-65.7733154296875,-65.57044982910156,-65.0850830078125,-67.22931671142578,-67.70329284667969,0.0
-76.95954895019531,-75.34844970703125,-74.47523498535156,-75.1989974975586,-77.18179321289062,-77.7861557006836,-76.38864135742188,-75.91561126708984,-77.31070709228516,-76.86439514160156,-73.98760986328125,-74.69284057617188,-74.7445068359375,-76.89189147949219,-77.2672119140625,-75.18898010253906,-73.86859893798828,-71.60033416748047,-69.98014831542969,-69.41170501708984,-69.3066635131836,-69.26419830322266,-69.17079162597656,-69.03874969482422,-68.9030990600586,-68.78736877441406,-68.70046997070312,-68.64190673828125,-68.60686492919922,-68.58936309814453,-68.58386993408203,-67.16973876953125,-65.85382080078125,-67.6997299194336,-63.33702850341797,-61.302642822265625,-62.3570556640625,-63.24256896972656,-63.9503173828125,-63.67089080810547,-63.3171272277832,-63.12564468383789,-65.8830337524414,-66.14126586914062,-65.7733154296875,-65.57044982910156,-65.0850830078125,-67.22931671142578,-67.70329284667969,-67.60357666015625,0.0
-75.34844970703125,-74.47523498535156,-75.1989974975586,-77.18179321289062,-77.7861557006836,-76.38864135742188,-75.91561126708984,-77.31070709228516,-76.86439514160156,-73.98760986328125,-74.69284057617188,-74.7445068359375,-76.89189147949219,-77.2672119140625,-75.18898010253906,-73.86859893798828,-71.60033416748047,-69.98014831542969,-69.41170501708984,-69.3066635131836,-69.26419830322266,-69.17079162597656,-69.03874969482422,-68.9030990600586,-68.78736877441406,-68.70046997070312,-68.64190673828125,-68.60686492919922,-68.58936309814453,-68.58386993408203,-67.16973876953125,-65.85382080078125,-67.6997299194336,-63.33702850341797,-61.302642822265625,-62.3570556640625,-63.24256896972656,-63.9503173828125,-63.67089080810547,-63.3171272277832,-63.12564468383789,-65.8830337524414,-66.14126586914062,-65.7733154296875,-65.57044982910156,-65.0850830078125,-67.22931671142578,-67.70329284667969,-67.60357666015625,-67.51943969726562,1.0
-74.47523498535156,-75.1989974975586,-77.18179321289062,-77.7861557006836,-76.38864135742188,-75.91561126708984,-77.31070709228516,-76.86439514160156,-73.98760986328125,-74.69284057617188,-74.7445068359375,-76.89189147949219,-77.2672119140625,-75.18898010253906,-73.86859893798828,-71.60033416748047,-69.98014831542969,-69.41170501708984,-69.3066635131836,-69.26419830322266,-69.17079162597656,-69.03874969482422,-68.9030990600586,-68.78736877441406,-68.70046997070312,-68.64190673828125,-68.60686492919922,-68.58936309814453,-68.58386993408203,-67.16973876953125,-65.85382080078125,-67.6997299194336,-63.33702850341797,-61.302642822265625,-62.3570556640625,-63.24256896972656,-63.9503173828125,-63.67089080810547,-63.3171272277832,-63.12564468383789,-65.8830337524414,-66.14126586914062,-65.7733154296875,-65.57044982910156,-65.0850830078125,-67.22931671142578,-67.70329284667969,-67.60357666015625,-67.51943969726562,-76.65631866455078,0.0
-75.1989974975586,-77.18179321289062,-77.7861557006836,-76.38864135742188,-75.91561126708984,-77.31070709228516,-76.86439514160156,-73.98760986328125,-74.69284057617188,-74.7445068359375,-76.89189147949219,-77.2672119140625,-75.18898010253906,-73.86859893798828,-71.60033416748047,-69.98014831542969,-69.41170501708984,-69.3066635131836,-69.26419830322266,-69.17079162597656,-69.03874969482422,-68.9030990600586,-68.78736877441406,-68.70046997070312,-68.64190673828125,-68.60686492919922,-68.58936309814453,-68.58386993408203,-67.16973876953125,-65.85382080078125,-67.6997299194336,-63.33702850341797,-61.302642822265625,-62.3570556640625,-63.24256896972656,-63.9503173828125,-63.67089080810547,-63.3171272277832,-63.12564468383789,-65.8830337524414,-66.14126586914062,-65.7733154296875,-65.57044982910156,-65.0850830078125,-67.22931671142578,-67.70329284667969,-67.60357666015625,-67.51943969726562,-76.65631866455078,-81.91910552978516,0.0
-77.18179321289062,-77.7861557006836,-76.38864135742188,-75.91561126708984,-77.31070709228516,-76.86439514160156,-73.98760986328125,-74.69284057617188,-74.7445068359375,-76.89189147949219,-77.2672119140625,-75.18898010253906,-73.86859893798828,-71.60033416748047,-69.98014831542969,-69.41170501708984,-69.3066635131836,-69.26419830322266,-69.17079162597656,-69.03874969482422,-68.9030990600586,-68.78736877441406,-68.70046997070312,-68.64190673828125,-68.60686492919922,-68.58936309814453,-68.58386993408203,-67.16973876953125,-65.85382080078125,-67.6997299194336,-63.33702850341797,-61.302642822265625,-62.3570556640625,-63.24256896972656,-63.9503173828125,-63.67089080810547,-63.3171272277832,-63.12564468383789,-65.8830337524414,-66.14126586914062,-65.7733154296875,-65.57044982910156,-65.0850830078125,-67.22931671142578,-67.70329284667969,-67.60357666015625,-67.51943969726562,-76.65631866455078,-81.91910552978516,-83.44281768798828,0.0
-77.7861557006836,-76.38864135742188,-75.91561126708984,-77.31070709228516,-76.86439514160156,-73.98760986328125,-74.69284057617188,-74.7445068359375,-76.89189147949219,-77.2672119140625,-75.18898010253906,-73.86859893798828,-71.60033416748047,-69.98014831542969,-69.41170501708984,-69.3066635131836,-69.26419830322266,-69.17079162597656,-69.03874969482422,-68.9030990600586,-68.78736877441406,-68.70046997070312,-68.64190673828125,-68.60686492919922,-68.58936309814453,-68.58386993408203,-67.16973876953125,-65.85382080078125,-67.6997299194336,-63.33702850341797,-61.302642822265625,-62.3570556640625,-63.24256896972656,-63.9503173828125,-63.67089080810547,-63.3171272277832,-63.12564468383789,-65.8830337524414,-66.14126586914062,-65.7733154296875,-65.57044982910156,-65.0850830078125,-67.22931671142578,-67.70329284667969,-67.60357666015625,-67.51943969726562,-76.65631866455078,-81.91910552978516,-83.44281768798828,-83.59290313720703,0.0
-76.38864135742188,-75.91561126708984,-77.31070709228516,-76.86439514160156,-73.98760986328125,-74.69284057617188,-74.7445068359375,-76.89189147949219,-77.2672119140625,-75.18898010253906,-73.86859893798828,-71.60033416748047,-69.98014831542969,-69.41170501708984,-69.3066635131836,-69.26419830322266,-69.17079162597656,-69.03874969482422,-68.9030990600586,-68.78736877441406,-68.70046997070312,-68.64190673828125,-68.60686492919922,-68.58936309814453,-68.58386993408203,-67.16973876953125,-65.85382080078125,-67.6997299194336,-63.33702850341797,-61.302642822265625,-62.3570556640625,-63.24256896972656,-63.9503173828125,-63.67089080810547,-63.3171272277832,-63.12564468383789,-65.8830337524414,-66.14126586914062,-65.7733154296875,-65.57044982910156,-65.0850830078125,-67.22931671142578,-67.70329284667969,-67.60357666015625,-67.51943969726562,-76.65631866455078,-81.91910552978516,-83.44281768798828,-83.59290313720703,-83.16703796386719,0.0
-75.91561126708984,-77.31070709228516,-76.86439514160156,-73.98760986328125,-74.69284057617188,-74.7445068359375,-76.89189147949219,-77.2672119140625,-75.18898010253906,-73.86859893798828,-71.60033416748047,-69.98014831542969,-69.41170501708984,-69.3066635131836,-69.26419830322266,-69.17079162597656,-69.03874969482422,-68.9030990600586,-68.78736877441406,-68.70046997070312,-68.64190673828125,-68.60686492919922,-68.58936309814453,-68.58386993408203,-67.16973876953125,-65.85382080078125,-67.6997299194336,-63.33702850341797,-61.302642822265625,-62.3570556640625,-63.24256896972656,-63.9503173828125,-63.67089080810547,-63.3171272277832,-63.12564468383789,-65.8830337524414,-66.14126586914062,-65.7733154296875,-65.57044982910156,-65.0850830078125,-67.22931671142578,-67.70329284667969,-67.60357666015625,-67.51943969726562,-76.65631866455078,-81.91910552978516,-83.44281768798828,-83.59290313720703,-83.16703796386719,-83.54480743408203,0.0
-77.31070709228516,-76.86439514160156,-73.98760986328125,-74.69284057617188,-74.7445068359375,-76.89189147949219,-77.2672119140625,-75.18898010253906,-73.86859893798828,-71.60033416748047,-69.98014831542969,-69.41170501708984,-69.3066635131836,-69.26419830322266,-69.17079162597656,-69.03874969482422,-68.9030990600586,-68.78736877441406,-68.70046997070312,-68.64190673828125,-68.60686492919922,-68.58936309814453,-68.58386993408203,-67.16973876953125,-65.85382080078125,-67.6997299194336,-63.33702850341797,-61.302642822265625,-62.3570556640625,-63.24256896972656,-63.9503173828125,-63.67089080810547,-63.3171272277832,-63.12564468383789,-65.8830337524414,-66.14126586914062,-65.7733154296875,-65.57044982910156,-65.0850830078125,-67.22931671142578,-67.70329284667969,-67.60357666015625,-67.51943969726562,-76.65631866455078,-81.91910552978516,-83.44281768798828,-83.59290313720703,-83.16703796386719,-83.54480743408203,-83.62741088867188,0.0
-76.86439514160156,-73.98760986328125,-74.69284057617188,-74.7445068359375,-76.89189147949219,-77.2672119140625,-75.18898010253906,-73.86859893798828,-71.60033416748047,-69.98014831542969,-69.41170501708984,-69.3066635131836,-69.26419830322266,-69.17079162597656,-69.03874969482422,-68.9030990600586,-68.78736877441406,-68.70046997070312,-68.64190673828125,-68.60686492919922,-68.58936309814453,-68.58386993408203,-67.16973876953125,-65.85382080078125,-67.6997299194336,-63.33702850341797,-61.302642822265625,-62.3570556640625,-63.24256896972656,-63.9503173828125,-63.67089080810547,-63.3171272277832,-63.12564468383789,-65.8830337524414,-66.14126586914062,-65.7733154296875,-65.57044982910156,-65.0850830078125,-67.22931671142578,-67.70329284667969,-67.60357666015625,-67.51943969726562,-76.65631866455078,-81.91910552978516,-83.44281768798828,-83.59290313720703,-83.16703796386719,-83.54480743408203,-83.62741088867188,-83.78091430664062,0.0
-73.98760986328125,-74.69284057617188,-74.7445068359375,-76.89189147949219,-77.2672119140625,-75.18898010253906,-73.86859893798828,-71.60033416748047,-69.98014831542969,-69.41170501708984,-69.3066635131836,-69.26419830322266,-69.17079162597656,-69.03874969482422,-68.9030990600586,-68.78736877441406,-68.70046997070312,-68.64190673828125,-68.60686492919922,-68.58936309814453,-68.58386993408203,-67.16973876953125,-65.85382080078125,-67.6997299194336,-63.33702850341797,-61.302642822265625,-62.3570556640625,-63.24256896972656,-63.9503173828125,-63.67089080810547,-63.3171272277832,-63.12564468383789,-65.8830337524414,-66.14126586914062,-65.7733154296875,-65.57044982910156,-65.0850830078125,-67.22931671142578,-67.70329284667969,-67.60357666015625,-67.51943969726562,-76.65631866455078,-81.91910552978516,-83.44281768798828,-83.59290313720703,-83.16703796386719,-83.54480743408203,-83.62741088867188,-83.78091430664062,-84.91986083984375,0.0
-74.69284057617188,-74.7445068359375,-76.89189147949219,-77.2672119140625,-75.18898010253906,-73.86859893798828,-71.60033416748047,-69.98014831542969,-69.41170501708984,-69.3066635131836,-69.26419830322266,-69.17079162597656,-69.03874969482422,-68.9030990600586,-68.78736877441406,-68.70046997070312,-68.64190673828125,-68.60686492919922,-68.58936309814453,-68.58386993408203,-67.16973876953125,-65.85382080078125,-67.6997299194336,-63.33702850341797,-61.302642822265625,-62.3570556640625,-63.24256896972656,-63.9503173828125,-63.67089080810547,-63.3171272277832,-63.12564468383789,-65.8830337524414,-66.14126586914062,-65.7733154296875,-65.57044982910156,-65.0850830078125,-67.22931671142578,-67.70329284667969,-67.60357666015625,-67.51943969726562,-76.65631866455078,-81.91910552978516,-83.44281768798828,-83.59290313720703,-83.16703796386719,-83.54480743408203,-83.62741088867188,-83.78091430664062,-84.91986083984375,-85.25287628173828,0.0
-74.7445068359375,-76.89189147949219,-77.2672119140625,-75.18898010253906,-73.86859893798828,-71.60033416748047,-69.98014831542969,-69.41170501708984,-69.3066635131836,-69.26419830322266,-69.17079162597656,-69.03874969482422,-68.9030990600586,-68.78736877441406,-68.70046997070312,-68.64190673828125,-68.60686492919922,-68.58936309814453,-68.58386993408203,-67.16973876953125,-65.85382080078125,-67.6997299194336,-63.33702850341797,-61.302642822265625,-62.3570556640625,-63.24256896972656,-63.9503173828125,-63.67089080810547,-63.3171272277832,-63.12564468383789,-65.8830337524414,-66.14126586914062,-65.7733154296875,-65.57044982910156,-65.0850830078125,-67.22931671142578,-67.70329284667969,-67.60357666015625,-67.51943969726562,-76.65631866455078,-81.91910552978516,-83.44281768798828,-83.59290313720703,-83.16703796386719,-83.54480743408203,-83.62741088867188,-83.78091430664062,-84.91986083984375,-85.25287628173828,-84.8421630859375,0.0
-76.89189147949219,-77.2672119140625,-75.18898010253906,-73.86859893798828,-71.60033416748047,-69.98014831542969,-69.41170501708984,-69.3066635131836,-69.26419830322266,-69.17079162597656,-69.03874969482422,-68.9030990600586,-68.78736877441406,-68.70046997070312,-68.64190673828125,-68.60686492919922,-68.58936309814453,-68.58386993408203,-67.16973876953125,-65.85382080078125,-67.6997299194336,-63.33702850341797,-61.302642822265625,-62.3570556640625,-63.24256896972656,-63.9503173828125,-63.67089080810547,-63.3171272277832,-63.12564468383789,-65.8830337524414,-66.14126586914062,-65.7733154296875,-65.57044982910156,-65.0850830078125,-67.22931671142578,-67.70329284667969,-67.60357666015625,-67.51943969726562,-76.65631866455078,-81.91910552978516,-83.44281768798828,-83.59290313720703,-83.16703796386719,-83.54480743408203,-83.62741088867188,-83.78091430664062,-84.91986083984375,-85.25287628173828,-84.8421630859375,-84.57565307617188,0.0
-77.2672119140625,-75.18898010253906,-73.86859893798828,-71.60033416748047,-69.98014831542969,-69.41170501708984,-69.3066635131836,-69.26419830322266,-69.17079162597656,-69.03874969482422,-68.9030990600586,-68.78736877441406,-68.70046997070312,-68.64190673828125,-68.60686492919922,-68.58936309814453,-68.58386993408203,-67.16973876953125,-65.85382080078125,-67.6997299194336,-63.33702850341797,-61.302642822265625,-62.3570556640625,-63.24256896972656,-63.9503173828125,-63.67089080810547,-63.3171272277832,-63.12564468383789,-65.8830337524414,-66.14126586914062,-65.7733154296875,-65.57044982910156,-65.0850830078125,-67.22931671142578,-67.70329284667969,-67.60357666015625,-67.51943969726562,-76.65631866455078,-81.91910552978516,-83.44281768798828,-83.59290313720703,-83.16703796386719,-83.54480743408203,-83.62741088867188,-83.78091430664062,-84.91986083984375,-85.25287628173828,-84.8421630859375,-84.57565307617188,-85.42169189453125,0.0
-75.18898010253906,-73.86859893798828,-71.60033416748047,-69.98014831542969,-69.41170501708984,-69.3066635131836,-69.26419830322266,-69.17079162597656,-69.03874969482422,-68.9030990600586,-68.78736877441406,-68.70046997070312,-68.64190673828125,-68.60686492919922,-68.58936309814453,-68.58386993408203,-67.16973876953125,-65.85382080078125,-67.6997299194336,-63.33702850341797,-61.302642822265625,-62.3570556640625,-63.24256896972656,-63.9503173828125,-63.67089080810547,-63.3171272277832,-63.12564468383789,-65.8830337524414,-66.14126586914062,-65.7733154296875,-65.57044982910156,-65.0850830078125,-67.22931671142578,-67.70329284667969,-67.60357666015625,-67.51943969726562,-76.65631866455078,-81.91910552978516,-83.44281768798828,-83.59290313720703,-83.16703796386719,-83.54480743408203,-83.62741088867188,-83.78091430664062,-84.91986083984375,-85.25287628173828,-84.8421630859375,-84.57565307617188,-85.42169189453125,-86.00200653076172,0.0
-73.86859893798828,-71.60033416748047,-69.98014831542969,-69.41170501708984,-69.3066635131836,-69.26419830322266,-69.17079162597656,-69.03874969482422,-68.9030990600586,-68.78736877441406,-68.70046997070312,-68.64190673828125,-68.60686492919922,-68.58936309814453,-68.58386993408203,-67.16973876953125,-65.85382080078125,-67.6997299194336,-63.33702850341797,-61.302642822265625,-62.3570556640625,-63.24256896972656,-63.9503173828125,-63.67089080810547,-63.3171272277832,-63.12564468383789,-65.8830337524414,-66.14126586914062,-65.7733154296875,-65.57044982910156,-65.0850830078125,-67.22931671142578,-67.70329284667969,-67.60357666015625,-67.51943969726562,-76.65631866455078,-81.91910552978516,-83.44281768798828,-83.59290313720703,-83.16703796386719,-83.54480743408203,-83.62741088867188,-83.78091430664062,-84.91986083984375,-85.25287628173828,-84.8421630859375,-84.57565307617188,-85.42169189453125,-86.00200653076172,-84.82331848144531,0.0
-71.60033416748047,-69.98014831542969,-69.41170501708984,-69.3066635131836,-69.26419830322266,-69.17079162597656,-69.03874969482422,-68.9030990600586,-68.78736877441406,-68.70046997070312,-68.64190673828125,-68.60686492919922,-68.58936309814453,-68.58386993408203,-67.16973876953125,-65.85382080078125,-67.6997299194336,-63.33702850341797,-61.302642822265625,-62.3570556640625,-63.24256896972656,-63.9503173828125,-63.67089080810547,-63.3171272277832,-63.12564468383789,-65.8830337524414,-66.14126586914062,-65.7733154296875,-65.57044982910156,-65.0850830078125,-67.22931671142578,-67.70329284667969,-67.60357666015625,-67.51943969726562,-76.65631866455078,-81.91910552978516,-83.44281768798828,-83.59290313720703,-83.16703796386719,-83.54480743408203,-83.62741088867188,-83.78091430664062,-84.91986083984375,-85.25287628173828,-84.8421630859375,-84.57565307617188,-85.42169189453125,-86.00200653076172,-84.82331848144531,-84.42996215820312,0.0
-69.98014831542969,-69.41170501708984,-69.3066635131836,-69.26419830322266,-69.17079162597656,-69.03874969482422,-68.9030990600586,-68.78736877441406,-68.70046997070312,-68.64190673828125,-68.60686492919922,-68.58936309814453,-68.58386993408203,-67.16973876953125,-65.85382080078125,-67.6997299194336,-63.33702850341797,-61.302642822265625,-62.3570556640625,-63.24256896972656,-63.9503173828125,-63.67089080810547,-63.3171272277832,-63.12564468383789,-65.8830337524414,-66.14126586914062,-65.7733154296875,-65.57044982910156,-65.0850830078125,-67.22931671142578,-67.70329284667969,-67.60357666015625,-67.51943969726562,-76.65631866455078,-81.91910552978516,-83.44281768798828,-83.59290313720703,-83.16703796386719,-83.54480743408203,-83.62741088867188,-83.78091430664062,-84.91986083984375,-85.25287628173828,-84.8421630859375,-84.57565307617188,-85.42169189453125,-86.00200653076172,-84.82331848144531,-84.42996215820312,-84.42594909667969,0.0
-69.41170501708984,-69.3066635131836,-69.26419830322266,-69.17079162597656,-69.03874969482422,-68.9030990600586,-68.78736877441406,-68.70046997070312,-68.64190673828125,-68.60686492919922,-68.58936309814453,-68.58386993408203,-67.16973876953125,-65.85382080078125,-67.6997299194336,-63.33702850341797,-61.302642822265625,-62.3570556640625,-63.24256896972656,-63.9503173828125,-63.67089080810547,-63.3171272277832,-63.12564468383789,-65.8830337524414,-66.14126586914062,-65.7733154296875,-65.57044982910156,-65.0850830078125,-67.22931671142578,-67.70329284667969,-67.60357666015625,-67.51943969726562,-76.65631866455078,-81.91910552978516,-83.44281768798828,-83.59290313720703,-83.16703796386719,-83.54480743408203,-83.62741088867188,-83.78091430664062,-84.91986083984375,-85.25287628173828,-84.8421630859375,-84.57565307617188,-85.42169189453125,-86.00200653076172,-84.82331848144531,-84.42996215820312,-84.42594909667969,-84.46990203857422,0.0
-69.3066635131836,-69.26419830322266,-69.17079162597656,-69.03874969482422,-68.9030990600586,-68.78736877441406,-68.70046997070312,-68.64190673828125,-68.60686492919922,-68.58936309814453,-68.58386993408203,-67.16973876953125,-65.85382080078125,-67.6997299194336,-63.33702850341797,-61.302642822265625,-62.3570556640625,-63.24256896972656,-63.9503173828125,-63.67089080810547,-63.3171272277832,-63.12564468383789,-65.8830337524414,-66.14126586914062,-65.7733154296875,-65.57044982910156,-65.0850830078125,-67.22931671142578,-67.70329284667969,-67.60357666015625,-67.51943969726562,-76.65631866455078,-81.91910552978516,-83.44281768798828,-83.59290313720703,-83.16703796386719,-83.54480743408203,-83.62741088867188,-83.78091430664062,-84.91986083984375,-85.25287628173828,-84.8421630859375,-84.57565307617188,-85.42169189453125,-86.00200653076172,-84.82331848144531,-84.42996215820312,-84.42594909667969,-84.46990203857422,-84.02355194091797,0.0
-69.26419830322266,-69.17079162597656,-69.03874969482422,-68.9030990600586,-68.78736877441406,-68.70046997070312,-68.64190673828125,-68.60686492919922,-68.58936309814453,-68.58386993408203,-67.16973876953125,-65.85382080078125,-67.6997299194336,-63.33702850341797,-61.302642822265625,-62.3570556640625,-63.24256896972656,-63.9503173828125,-63.67089080810547,-63.3171272277832,-63.12564468383789,-65.8830337524414,-66.14126586914062,-65.7733154296875,-65.57044982910156,-65.0850830078125,-67.22931671142578,-67.70329284667969,-67.60357666015625,-67.51943969726562,-76.65631866455078,-81.91910552978516,-83.44281768798828,-83.59290313720703,-83.16703796386719,-83.54480743408203,-83.62741088867188,-83.78091430664062,-84.91986083984375,-85.25287628173828,-84.8421630859375,-84.57565307617188,-85.42169189453125,-86.00200653076172,-84.82331848144531,-84.42996215820312,-84.42594909667969,-84.46990203857422,-84.02355194091797,-83.7191390991211,0.0
-69.17079162597656,-69.03874969482422,-68.9030990600586,-68.78736877441406,-68.70046997070312,-68.64190673828125,-68.60686492919922,-68.58936309814453,-68.58386993408203,-67.16973876953125,-65.85382080078125,-67.6997299194336,-63.33702850341797,-61.302642822265625,-62.3570556640625,-63.24256896972656,-63.9503173828125,-63.67089080810547,-63.3171272277832,-63.12564468383789,-65.8830337524414,-66.14126586914062,-65.7733154296875,-65.57044982910156,-65.0850830078125,-67.22931671142578,-67.70329284667969,-67.60357666015625,-67.51943969726562,-76.65631866455078,-81.91910552978516,-83.44281768798828,-83.59290313720703,-83.16703796386719,-83.54480743408203,-83.62741088867188,-83.78091430664062,-84.91986083984375,-85.25287628173828,-84.8421630859375,-84.57565307617188,-85.42169189453125,-86.00200653076172,-84.82331848144531,-84.42996215820312,-84.42594909667969,-84.46990203857422,-84.02355194091797,-83.7191390991211,-83.60191345214844,0.0
-69.03874969482422,-68.9030990600586,-68.78736877441406,-68.70046997070312,-68.64190673828125,-68.60686492919922,-68.58936309814453,-68.58386993408203,-67.16973876953125,-65.85382080078125,-67.6997299194336,-63.33702850341797,-61.302642822265625,-62.3570556640625,-63.24256896972656,-63.9503173828125,-63.67089080810547,-63.3171272277832,-63.12564468383789,-65.8830337524414,-66.14126586914062,-65.7733154296875,-65.57044982910156,-65.0850830078125,-67.22931671142578,-67.70329284667969,-67.60357666015625,-67.51943969726562,-76.65631866455078,-81.91910552978516,-83.44281768798828,-83.59290313720703,-83.16703796386719,-83.54480743408203,-83.62741088867188,-83.78091430664062,-84.91986083984375,-85.25287628173828,-84.8421630859375,-84.57565307617188,-85.42169189453125,-86.00200653076172,-84.82331848144531,-84.42996215820312,-84.42594909667969,-84.46990203857422,-84.02355194091797,-83.7191390991211,-83.60191345214844,-83.56271362304688,0.0
-68.9030990600586,-68.78736877441406,-68.70046997070312,-68.64190673828125,-68.60686492919922,-68.58936309814453,-68.58386993408203,-67.16973876953125,-65.85382080078125,-67.6997299194336,-63.33702850341797,-61.302642822265625,-62.3570556640625,-63.24256896972656,-63.9503173828125,-63.67089080810547,-63.3171272277832,-63.12564468383789,-65.8830337524414,-66.14126586914062,-65.7733154296875,-65.57044982910156,-65.0850830078125,-67.22931671142578,-67.70329284667969,-67.60357666015625,-67.51943969726562,-76.65631866455078,-81.91910552978516,-83.44281768798828,-83.59290313720703,-83.16703796386719,-83.54480743408203,-83.62741088867188,-83.78091430664062,-84.91986083984375,-85.25287628173828,-84.8421630859375,-84.57565307617188,-85.42169189453125,-86.00200653076172,-84.82331848144531,-84.42996215820312,-84.42594909667969,-84.46990203857422,-84.02355194091797,-83.7191390991211,-83.60191345214844,-83.56271362304688,-83.53755187988281,0.0
-68.78736877441406,-68.70046997070312,-68.64190673828125,-68.60686492919922,-68.58936309814453,-68.58386993408203,-67.16973876953125,-65.85382080078125,-67.6997299194336,-63.33702850341797,-61.302642822265625,-62.3570556640625,-63.24256896972656,-63.9503173828125,-63.67089080810547,-63.3171272277832,-63.12564468383789,-65.8830337524414,-66.14126586914062,-65.7733154296875,-65.57044982910156,-65.0850830078125,-67.22931671142578,-67.70329284667969,-67.60357666015625,-67.51943969726562,-76.65631866455078,-81.91910552978516,-83.44281768798828,-83.59290313720703,-83.16703796386719,-83.54480743408203,-83.62741088867188,-83.78091430664062,-84.91986083984375,-85.25287628173828,-84.8421630859375,-84.57565307617188,-85.42169189453125,-86.00200653076172,-84.82331848144531,-84.42996215820312,-84.42594909667969,-84.46990203857422,-84.02355194091797,-83.7191390991211,-83.60191345214844,-83.56271362304688,-83.53755187988281,-83.96415710449219,0.0
-68.70046997070312,-68.64190673828125,-68.60686492919922,-68.58936309814453,-68.58386993408203,-67.16973876953125,-65.85382080078125,-67.6997299194336,-63.33702850341797,-61.302642822265625,-62.3570556640625,-63.24256896972656,-63.9503173828125,-63.67089080810547,-63.3171272277832,-63.12564468383789,-65.8830337524414,-66.14126586914062,-65.7733154296875,-65.57044982910156,-65.0850830078125,-67.22931671142578,-67.70329284667969,-67.60357666015625,-67.51943969726562,-76.65631866455078,-81.91910552978516,-83.44281768798828,-83.59290313720703,-83.16703796386719,-83.54480743408203,-83.62741088867188,-83.78091430664062,-84.91986083984375,-85.25287628173828,-84.8421630859375,-84.57565307617188,-85.42169189453125,-86.00200653076172,-84.82331848144531,-84.42996215820312,-84.42594909667969,-84.46990203857422,-84.02355194091797,-83.7191390991211,-83.60191345214844,-83.56271362304688,-83.53755187988281,-83.96415710449219,-83.76385498046875,0.0
-68.64190673828125,-68.60686492919922,-68.58936309814453,-68.58386993408203,-67.16973876953125,-65.85382080078125,-67.6997299194336,-63.33702850341797,-61.302642822265625,-62.3570556640625,-63.24256896972656,-63.9503173828125,-63.67089080810547,-63.3171272277832,-63.12564468383789,-65.8830337524414,-66.14126586914062,-65.7733154296875,-65.57044982910156,-65.0850830078125,-67.22931671142578,-67.70329284667969,-67.60357666015625,-67.51943969726562,-76.65631866455078,-81.91910552978516,-83.44281768798828,-83.59290313720703,-83.16703796386719,-83.54480743408203,-83.62741088867188,-83.78091430664062,-84.91986083984375,-85.25287628173828,-84.8421630859375,-84.57565307617188,-85.42169189453125,-86.00200653076172,-84.82331848144531,-84.42996215820312,-84.42594909667969,-84.46990203857422,-84.02355194091797,-83.7191390991211,-83.60191345214844,-83.56271362304688,-83.53755187988281,-83.96415710449219,-83.76385498046875,-83.53934478759766,0.0
-68.60686492919922,-68.58936309814453,-68.58386993408203,-67.16973876953125,-65.85382080078125,-67.6997299194336,-63.33702850341797,-61.302642822265625,-62.3570556640625,-63.24256896972656,-63.9503173828125,-63.67089080810547,-63.3171272277832,-63.12564468383789,-65.8830337524414,-66.14126586914062,-65.7733154296875,-65.57044982910156,-65.0850830078125,-67.22931671142578,-67.70329284667969,-67.60357666015625,-67.51943969726562,-76.65631866455078,-81.91910552978516,-83.44281768798828,-83.59290313720703,-83.16703796386719,-83.54480743408203,-83.62741088867188,-83.78091430664062,-84.91986083984375,-85.25287628173828,-84.8421630859375,-84.57565307617188,-85.42169189453125,-86.00200653076172,-84.82331848144531,-84.42996215820312,-84.42594909667969,-84.46990203857422,-84.02355194091797,-83.7191390991211,-83.60191345214844,-83.56271362304688,-83.53755187988281,-83.96415710449219,-83.76385498046875,-83.53934478759766,-81.60822296142578,0.0
-68.58936309814453,-68.58386993408203,-67.16973876953125,-65.85382080078125,-67.6997299194336,-63.33702850341797,-61.302642822265625,-62.3570556640625,-63.24256896972656,-63.9503173828125,-63.67089080810547,-63.3171272277832,-63.12564468383789,-65.8830337524414,-66.14126586914062,-65.7733154296875,-65.57044982910156,-65.0850830078125,-67.22931671142578,-67.70329284667969,-67.60357666015625,-67.51943969726562,-76.65631866455078,-81.91910552978516,-83.44281768798828,-83.59290313720703,-83.16703796386719,-83.54480743408203,-83.62741088867188,-83.78091430664062,-84.91986083984375,-85.25287628173828,-84.8421630859375,-84.57565307617188,-85.42169189453125,-86.00200653076172,-84.82331848144531,-84.42996215820312,-84.42594909667969,-84.46990203857422,-84.02355194091797,-83.7191390991211,-83.60191345214844,-83.56271362304688,-83.53755187988281,-83.96415710449219,-83.76385498046875,-83.53934478759766,-81.60822296142578,-80.44679260253906,0.0
-68.58386993408203,-67.16973876953125,-65.85382080078125,-67.6997299194336,-63.33702850341797,-61.302642822265625,-62.3570556640625,-63.24256896972656,-63.9503173828125,-63.67089080810547,-63.3171272277832,-63.12564468383789,-65.8830337524414,-66.14126586914062,-65.7733154296875,-65.57044982910156,-65.0850830078125,-67.22931671142578,-67.70329284667969,-67.60357666015625,-67.51943969726562,-76.65631866455078,-81.91910552978516,-83.44281768798828,-83.59290313720703,-83.16703796386719,-83.54480743408203,-83.62741088867188,-83.78091430664062,-84.91986083984375,-85.25287628173828,-84.8421630859375,-84.57565307617188,-85.42169189453125,-86.00200653076172,-84.82331848144531,-84.42996215820312,-84.42594909667969,-84.46990203857422,-84.02355194091797,-83.7191390991211,-83.60191345214844,-83.56271362304688,-83.53755187988281,-83.96415710449219,-83.76385498046875,-83.53934478759766,-81.60822296142578,-80.44679260253906,-80.56775665283203,0.0
-67.16973876953125,-65.85382080078125,-67.6997299194336,-63.33702850341797,-61.302642822265625,-62.3570556640625,-63.24256896972656,-63.9503173828125,-63.67089080810547,-63.3171272277832,-63.12564468383789,-65.8830337524414,-66.14126586914062,-65.7733154296875,-65.57044982910156,-65.0850830078125,-67.22931671142578,-67.70329284667969,-67.60357666015625,-67.51943969726562,-76.65631866455078,-81.91910552978516,-83.44281768798828,-83.59290313720703,-83.16703796386719,-83.54480743408203,-83.62741088867188,-83.78091430664062,-84.91986083984375,-85.25287628173828,-84.8421630859375,-84.57565307617188,-85.42169189453125,-86.00200653076172,-84.82331848144531,-84.42996215820312,-84.42594909667969,-84.46990203857422,-84.02355194091797,-83.7191390991211,-83.60191345214844,-83.56271362304688,-83.53755187988281,-83.96415710449219,-83.76385498046875,-83.53934478759766,-81.60822296142578,-80.44679260253906,-80.56775665283203,-81.28060150146484,0.0
-65.85382080078125,-67.6997299194336,-63.33702850341797,-61.302642822265625,-62.3570556640625,-63.24256896972656,-63.9503173828125,-63.67089080810547,-63.3171272277832,-63.12564468383789,-65.8830337524414,-66.14126586914062,-65.7733154296875,-65.57044982910156,-65.0850830078125,-67.22931671142578,-67.70329284667969,-67.60357666015625,-67.51943969726562,-76.65631866455078,-81.91910552978516,-83.44281768798828,-83.59290313720703,-83.16703796386719,-83.54480743408203,-83.62741088867188,-83.78091430664062,-84.91986083984375,-85.25287628173828,-84.8421630859375,-84.57565307617188,-85.42169189453125,-86.00200653076172,-84.82331848144531,-84.42996215820312,-84.42594909667969,-84.46990203857422,-84.02355194091797,-83.7191390991211,-83.60191345214844,-83.56271362304688,-83.53755187988281,-83.96415710449219,-83.76385498046875,-83.53934478759766,-81.60822296142578,-80.44679260253906,-80.56775665283203,-81.28060150146484,-82.1059799194336,0.0
-67.6997299194336,-63.33702850341797,-61.302642822265625,-62.3570556640625,-63.24256896972656,-63.9503173828125,-63.67089080810547,-63.3171272277832,-63.12564468383789,-65.8830337524414,-66.14126586914062,-65.7733154296875,-65.57044982910156,-65.0850830078125,-67.22931671142578,-67.70329284667969,-67.60357666015625,-67.51943969726562,-76.65631866455078,-81.91910552978516,-83.44281768798828,-83.59290313720703,-83.16703796386719,-83.54480743408203,-83.62741088867188,-83.78091430664062,-84.91986083984375,-85.25287628173828,-84.8421630859375,-84.57565307617188,-85.42169189453125,-86.00200653076172,-84.82331848144531,-84.42996215820312,-84.42594909667969,-84.46990203857422,-84.02355194091797,-83.7191390991211,-83.60191345214844,-83.56271362304688,-83.53755187988281,-83.96415710449219,-83.76385498046875,-83.53934478759766,-81.60822296142578,-80.44679260253906,-80.56775665283203,-81.28060150146484,-82.1059799194336,-80.14537811279297,0.0
-63.33702850341797,-61.302642822265625,-62.3570556640625,-63.24256896972656,-63.9503173828125,-63.67089080810547,-63.3171272277832,-63.12564468383789,-65.8830337524414,-66.14126586914062,-65.7733154296875,-65.57044982910156,-65.0850830078125,-67.22931671142578,-67.70329284667969,-67.60357666015625,-67.51943969726562,-76.65631866455078,-81.91910552978516,-83.44281768798828,-83.59290313720703,-83.16703796386719,-83.54480743408203,-83.62741088867188,-83.78091430664062,-84.91986083984375,-85.25287628173828,-84.8421630859375,-84.57565307617188,-85.42169189453125,-86.00200653076172,-84.82331848144531,-84.42996215820312,-84.42594909667969,-84.46990203857422,-84.02355194091797,-83.7191390991211,-83.60191345214844,-83.56271362304688,-83.53755187988281,-83.96415710449219,-83.76385498046875,-83.53934478759766,-81.60822296142578,-80.44679260253906,-80.56775665283203,-81.28060150146484,-82.1059799194336,-80.14537811279297,-78.74435424804688,0.0
-61.302642822265625,-62.3570556640625,-63.24256896972656,-63.9503173828125,-63.67089080810547,-63.3171272277832,-63.12564468383789,-65.8830337524414,-66.14126586914062,-65.7733154296875,-65.57044982910156,-65.0850830078125,-67.22931671142578,-67.70329284667969,-67.60357666015625,-67.51943969726562,-76.65631866455078,-81.91910552978516,-83.44281768798828,-83.59290313720703,-83.16703796386719,-83.54480743408203,-83.62741088867188,-83.78091430664062,-84.91986083984375,-85.25287628173828,-84.8421630859375,-84.57565307617188,-85.42169189453125,-86.00200653076172,-84.82331848144531,-84.42996215820312,-84.42594909667969,-84.46990203857422,-84.02355194091797,-83.7191390991211,-83.60191345214844,-83.56271362304688,-83.53755187988281,-83.96415710449219,-83.76385498046875,-83.53934478759766,-81.60822296142578,-80.44679260253906,-80.56775665283203,-81.28060150146484,-82.1059799194336,-80.14537811279297,-78.74435424804688,-76.86933898925781,0.0
-62.3570556640625,-63.24256896972656,-63.9503173828125,-63.67089080810547,-63.3171272277832,-63.12564468383789,-65.8830337524414,-66.14126586914062,-65.7733154296875,-65.57044982910156,-65.0850830078125,-67.22931671142578,-67.70329284667969,-67.60357666015625,-67.51943969726562,-76.65631866455078,-81.91910552978516,-83.44281768798828,-83.59290313720703,-83.16703796386719,-83.54480743408203,-83.62741088867188,-83.78091430664062,-84.91986083984375,-85.25287628173828,-84.8421630859375,-84.57565307617188,-85.42169189453125,-86.00200653076172,-84.82331848144531,-84.42996215820312,-84.42594909667969,-84.46990203857422,-84.02355194091797,-83.7191390991211,-83.60191345214844,-83.56271362304688,-83.53755187988281,-83.96415710449219,-83.76385498046875,-83.53934478759766,-81.60822296142578,-80.44679260253906,-80.56775665283203,-81.28060150146484,-82.1059799194336,-80.14537811279297,-78.74435424804688,-76.86933898925781,-75.93943786621094,0.0
-63.24256896972656,-63.9503173828125,-63.67089080810547,-63.3171272277832,-63.12564468383789,-65.8830337524414,-66.14126586914062,-65.7733154296875,-65.57044982910156,-65.0850830078125,-67.22931671142578,-67.70329284667969,-67.60357666015625,-67.51943969726562,-76.65631866455078,-81.91910552978516,-83.44281768798828,-83.59290313720703,-83.16703796386719,-83.54480743408203,-83.62741088867188,-83.78091430664062,-84.91986083984375,-85.25287628173828,-84.8421630859375,-84.57565307617188,-85.42169189453125,-86.00200653076172,-84.82331848144531,-84.42996215820312,-84.42594909667969,-84.46990203857422,-84.02355194091797,-83.7191390991211,-83.60191345214844,-83.56271362304688,-83.53755187988281,-83.96415710449219,-83.76385498046875,-83.53934478759766,-81.60822296142578,-80.44679260253906,-80.56775665283203,-81.28060150146484,-82.1059799194336,-80.14537811279297,-78.74435424804688,-76.86933898925781,-75.93943786621094,-77.077392578125,0.0
-63.9503173828125,-63.67089080810547,-63.3171272277832,-63.12564468383789,-65.8830337524414,-66.14126586914062,-65.7733154296875,-65.57044982910156,-65.0850830078125,-67.22931671142578,-67.70329284667969,-67.60357666015625,-67.51943969726562,-76.65631866455078,-81.91910552978516,-83.44281768798828,-83.59290313720703,-83.16703796386719,-83.54480743408203,-83.62741088867188,-83.78091430664062,-84.91986083984375,-85.25287628173828,-84.8421630859375,-84.57565307617188,-85.42169189453125,-86.00200653076172,-84.82331848144531,-84.42996215820312,-84.42594909667969,-84.46990203857422,-84.02355194091797,-83.7191390991211,-83.60191345214844,-83.56271362304688,-83.53755187988281,-83.96415710449219,-83.76385498046875,-83.53934478759766,-81.60822296142578,-80.44679260253906,-80.56775665283203,-81.28060150146484,-82.1059799194336,-80.14537811279297,-78.74435424804688,-76.86933898925781,-75.93943786621094,-77.077392578125,-77.87458038330078,0.0
-63.67089080810547,-63.3171272277832,-63.12564468383789,-65.8830337524414,-66.14126586914062,-65.7733154296875,-65.57044982910156,-65.0850830078125,-67.22931671142578,-67.70329284667969,-67.60357666015625,-67.51943969726562,-76.65631866455078,-81.91910552978516,-83.44281768798828,-83.59290313720703,-83.16703796386719,-83.54480743408203,-83.62741088867188,-83.78091430664062,-84.91986083984375,-85.25287628173828,-84.8421630859375,-84.57565307617188,-85.42169189453125,-86.00200653076172,-84.82331848144531,-84.42996215820312,-84.42594909667969,-84.46990203857422,-84.02355194091797,-83.7191390991211,-83.60191345214844,-83.56271362304688,-83.53755187988281,-83.96415710449219,-83.76385498046875,-83.53934478759766,-81.60822296142578,-80.44679260253906,-80.56775665283203,-81.28060150146484,-82.1059799194336,-80.14537811279297,-78.74435424804688,-76.86933898925781,-75.93943786621094,-77.077392578125,-77.87458038330078,-78.0662612915039,0.0
-63.3171272277832,-63.12564468383789,-65.8830337524414,-66.14126586914062,-65.7733154296875,-65.57044982910156,-65.0850830078125,-67.22931671142578,-67.70329284667969,-67.60357666015625,-67.51943969726562,-76.65631866455078,-81.91910552978516,-83.44281768798828,-83.59290313720703,-83.16703796386719,-83.54480743408203,-83.62741088867188,-83.78091430664062,-84.91986083984375,-85.25287628173828,-84.8421630859375,-84.57565307617188,-85.42169189453125,-86.00200653076172,-84.82331848144531,-84.42996215820312,-84.42594909667969,-84.46990203857422,-84.02355194091797,-83.7191390991211,-83.60191345214844,-83.56271362304688,-83.53755187988281,-83.96415710449219,-83.76385498046875,-83.53934478759766,-81.60822296142578,-80.44679260253906,-80.56775665283203,-81.28060150146484,-82.1059799194336,-80.14537811279297,-78.74435424804688,-76.86933898925781,-75.93943786621094,-77.077392578125,-77.87458038330078,-78.0662612915039,-80.73612213134766,0.0
-63.12564468383789,-65.8830337524414,-66.14126586914062,-65.7733154296875,-65.57044982910156,-65.0850830078125,-67.22931671142578,-67.70329284667969,-67.60357666015625,-67.51943969726562,-76.65631866455078,-81.91910552978516,-83.44281768798828,-83.59290313720703,-83.16703796386719,-83.54480743408203,-83.62741088867188,-83.78091430664062,-84.91986083984375,-85.25287628173828,-84.8421630859375,-84.57565307617188,-85.42169189453125,-86.00200653076172,-84.82331848144531,-84.42996215820312,-84.42594909667969,-84.46990203857422,-84.02355194091797,-83.7191390991211,-83.60191345214844,-83.56271362304688,-83.53755187988281,-83.96415710449219,-83.76385498046875,-83.53934478759766,-81.60822296142578,-80.44679260253906,-80.56775665283203,-81.28060150146484,-82.1059799194336,-80.14537811279297,-78.74435424804688,-76.86933898925781,-75.93943786621094,-77.077392578125,-77.87458038330078,-78.0662612915039,-80.73612213134766,-80.0414810180664,0.0
-65.8830337524414,-66.14126586914062,-65.7733154296875,-65.57044982910156,-65.0850830078125,-67.22931671142578,-67.70329284667969,-67.60357666015625,-67.51943969726562,-76.65631866455078,-81.91910552978516,-83.44281768798828,-83.59290313720703,-83.16703796386719,-83.54480743408203,-83.62741088867188,-83.78091430664062,-84.91986083984375,-85.25287628173828,-84.8421630859375,-84.57565307617188,-85.42169189453125,-86.00200653076172,-84.82331848144531,-84.42996215820312,-84.42594909667969,-84.46990203857422,-84.02355194091797,-83.7191390991211,-83.60191345214844,-83.56271362304688,-83.53755187988281,-83.96415710449219,-83.76385498046875,-83.53934478759766,-81.60822296142578,-80.44679260253906,-80.56775665283203,-81.28060150146484,-82.1059799194336,-80.14537811279297,-78.74435424804688,-76.86933898925781,-75.93943786621094,-77.077392578125,-77.87458038330078,-78.0662612915039,-80.73612213134766,-80.0414810180664,-77.67060852050781,0.0
-66.14126586914062,-65.7733154296875,-65.57044982910156,-65.0850830078125,-67.22931671142578,-67.70329284667969,-67.60357666015625,-67.51943969726562,-76.65631866455078,-81.91910552978516,-83.44281768798828,-83.59290313720703,-83.16703796386719,-83.54480743408203,-83.62741088867188,-83.78091430664062,-84.91986083984375,-85.25287628173828,-84.8421630859375,-84.57565307617188,-85.42169189453125,-86.00200653076172,-84.82331848144531,-84.42996215820312,-84.42594909667969,-84.46990203857422,-84.02355194091797,-83.7191390991211,-83.60191345214844,-83.56271362304688,-83.53755187988281,-83.96415710449219,-83.76385498046875,-83.53934478759766,-81.60822296142578,-80.44679260253906,-80.56775665283203,-81.28060150146484,-82.1059799194336,-80.14537811279297,-78.74435424804688,-76.86933898925781,-75.93943786621094,-77.077392578125,-77.87458038330078,-78.0662612915039,-80.73612213134766,-80.0414810180664,-77.67060852050781,-75.94573211669922,0.0
-65.7733154296875,-65.57044982910156,-65.0850830078125,-67.22931671142578,-67.70329284667969,-67.60357666015625,-67.51943969726562,-76.65631866455078,-81.91910552978516,-83.44281768798828,-83.59290313720703,-83.16703796386719,-83.54480743408203,-83.62741088867188,-83.78091430664062,-84.91986083984375,-85.25287628173828,-84.8421630859375,-84.57565307617188,-85.42169189453125,-86.00200653076172,-84.82331848144531,-84.42996215820312,-84.42594909667969,-84.46990203857422,-84.02355194091797,-83.7191390991211,-83.60191345214844,-83.56271362304688,-83.53755187988281,-83.96415710449219,-83.76385498046875,-83.53934478759766,-81.60822296142578,-80.44679260253906,-80.56775665283203,-81.28060150146484,-82.1059799194336,-80.14537811279297,-78.74435424804688,-76.86933898925781,-75.93943786621094,-77.077392578125,-77.87458038330078,-78.0662612915039,-80.73612213134766,-80.0414810180664,-77.67060852050781,-75.94573211669922,-75.8373794555664,0.0
-65.57044982910156,-65.0850830078125,-67.22931671142578,-67.70329284667969,-67.60357666015625,-67.51943969726562,-76.65631866455078,-81.91910552978516,-83.44281768798828,-83.59290313720703,-83.16703796386719,-83.54480743408203,-83.62741088867188,-83.78091430664062,-84.91986083984375,-85.25287628173828,-84.8421630859375,-84.57565307617188,-85.42169189453125,-86.00200653076172,-84.82331848144531,-84.42996215820312,-84.42594909667969,-84.46990203857422,-84.02355194091797,-83.7191390991211,-83.60191345214844,-83.56271362304688,-83.53755187988281,-83.96415710449219,-83.76385498046875,-83.53934478759766,-81.60822296142578,-80.44679260253906,-80.56775665283203,-81.28060150146484,-82.1059799194336,-80.14537811279297,-78.74435424804688,-76.86933898925781,-75.93943786621094,-77.077392578125,-77.87458038330078,-78.0662612915039,-80.73612213134766,-80.0414810180664,-77.67060852050781,-75.94573211669922,-75.8373794555664,-75.62593078613281,0.0
-65.0850830078125,-67.22931671142578,-67.70329284667969,-67.60357666015625,-67.51943969726562,-76.65631866455078,-81.91910552978516,-83.44281768798828,-83.59290313720703,-83.16703796386719,-83.54480743408203,-83.62741088867188,-83.78091430664062,-84.91986083984375,-85.25287628173828,-84.8421630859375,-84.57565307617188,-85.42169189453125,-86.00200653076172,-84.82331848144531,-84.42996215820312,-84.42594909667969,-84.46990203857422,-84.02355194091797,-83.7191390991211,-83.60191345214844,-83.56271362304688,-83.53755187988281,-83.96415710449219,-83.76385498046875,-83.53934478759766,-81.60822296142578,-80.44679260253906,-80.56775665283203,-81.28060150146484,-82.1059799194336,-80.14537811279297,-78.74435424804688,-76.86933898925781,-75.93943786621094,-77.077392578125,-77.87458038330078,-78.0662612915039,-80.73612213134766,-80.0414810180664,-77.67060852050781,-75.94573211669922,-75.8373794555664,-75.62593078613281,-76.8829116821289,0.0
-67.22931671142578,-67.70329284667969,-67.60357666015625,-67.51943969726562,-76.65631866455078,-81.91910552978516,-83.44281768798828,-83.59290313720703,-83.16703796386719,-83.54480743408203,-83.62741088867188,-83.78091430664062,-84.91986083984375,-85.25287628173828,-84.8421630859375,-84.57565307617188,-85.42169189453125,-86.00200653076172,-84.82331848144531,-84.42996215820312,-84.42594909667969,-84.46990203857422,-84.02355194091797,-83.7191390991211,-83.60191345214844,-83.56271362304688,-83.53755187988281,-83.96415710449219,-83.76385498046875,-83.53934478759766,-81.60822296142578,-80.44679260253906,-80.56775665283203,-81.28060150146484,-82.1059799194336,-80.14537811279297,-78.74435424804688,-76.86933898925781,-75.93943786621094,-77.077392578125,-77.87458038330078,-78.0662612915039,-80.73612213134766,-80.0414810180664,-77.67060852050781,-75.94573211669922,-75.8373794555664,-75.62593078613281,-76.8829116821289,-78.13422393798828,0.0
-67.70329284667969,-67.60357666015625,-67.51943969726562,-76.65631866455078,-81.91910552978516,-83.44281768798828,-83.59290313720703,-83.16703796386719,-83.54480743408203,-83.62741088867188,-83.78091430664062,-84.91986083984375,-85.25287628173828,-84.8421630859375,-84.57565307617188,-85.42169189453125,-86.00200653076172,-84.82331848144531,-84.42996215820312,-84.42594909667969,-84.46990203857422,-84.02355194091797,-83.7191390991211,-83.60191345214844,-83.56271362304688,-83.53755187988281,-83.96415710449219,-83.76385498046875,-83.53934478759766,-81.60822296142578,-80.44679260253906,-80.56775665283203,-81.28060150146484,-82.1059799194336,-80.14537811279297,-78.74435424804688,-76.86933898925781,-75.93943786621094,-77.077392578125,-77.87458038330078,-78.0662612915039,-80.73612213134766,-80.0414810180664,-77.67060852050781,-75.94573211669922,-75.8373794555664,-75.62593078613281,-76.8829116821289,-78.13422393798828,-77.23575592041016,0.0
-67.60357666015625,-67.51943969726562,-76.65631866455078,-81.91910552978516,-83.44281768798828,-83.59290313720703,-83.16703796386719,-83.54480743408203,-83.62741088867188,-83.78091430664062,-84.91986083984375,-85.25287628173828,-84.8421630859375,-84.57565307617188,-85.42169189453125,-86.00200653076172,-84.82331848144531,-84.42996215820312,-84.42594909667969,-84.46990203857422,-84.02355194091797,-83.7191390991211,-83.60191345214844,-83.56271362304688,-83.53755187988281,-83.96415710449219,-83.76385498046875,-83.53934478759766,-81.60822296142578,-80.44679260253906,-80.56775665283203,-81.28060150146484,-82.1059799194336,-80.14537811279297,-78.74435424804688,-76.86933898925781,-75.93943786621094,-77.077392578125,-77.87458038330078,-78.0662612915039,-80.73612213134766,-80.0414810180664,-77.67060852050781,-75.94573211669922,-75.8373794555664,-75.62593078613281,-76.8829116821289,-78.13422393798828,-77.23575592041016,-75.96739959716797,0.0
-67.51943969726562,-76.65631866455078,-81.91910552978516,-83.44281768798828,-83.59290313720703,-83.16703796386719,-83.54480743408203,-83.62741088867188,-83.78091430664062,-84.91986083984375,-85.25287628173828,-84.8421630859375,-84.57565307617188,-85.42169189453125,-86.00200653076172,-84.82331848144531,-84.42996215820312,-84.42594909667969,-84.46990203857422,-84.02355194091797,-83.7191390991211,-83.60191345214844,-83.56271362304688,-83.53755187988281,-83.96415710449219,-83.76385498046875,-83.53934478759766,-81.60822296142578,-80.44679260253906,-80.56775665283203,-81.28060150146484,-82.1059799194336,-80.14537811279297,-78.74435424804688,-76.86933898925781,-75.93943786621094,-77.077392578125,-77.87458038330078,-78.0662612915039,-80.73612213134766,-80.0414810180664,-77.67060852050781,-75.94573211669922,-75.8373794555664,-75.62593078613281,-76.8829116821289,-78.13422393798828,-77.23575592041016,-75.96739959716797,-75.37713623046875,0.0
-76.65631866455078,-81.91910552978516,-83.44281768798828,-83.59290313720703,-83.16703796386719,-83.54480743408203,-83.62741088867188,-83.78091430664062,-84.91986083984375,-85.25287628173828,-84.8421630859375,-84.57565307617188,-85.42169189453125,-86.00200653076172,-84.82331848144531,-84.42996215820312,-84.42594909667969,-84.46990203857422,-84.02355194091797,-83.7191390991211,-83.60191345214844,-83.56271362304688,-83.53755187988281,-83.96415710449219,-83.76385498046875,-83.53934478759766,-81.60822296142578,-80.44679260253906,-80.56775665283203,-81.28060150146484,-82.1059799194336,-80.14537811279297,-78.74435424804688,-76.86933898925781,-75.93943786621094,-77.077392578125,-77.87458038330078,-78.0662612915039,-80.73612213134766,-80.0414810180664,-77.67060852050781,-75.94573211669922,-75.8373794555664,-75.62593078613281,-76.8829116821289,-78.13422393798828,-77.23575592041016,-75.96739959716797,-75.37713623046875,-74.77922058105469,0.0
-81.91910552978516,-83.44281768798828,-83.59290313720703,-83.16703796386719,-83.54480743408203,-83.62741088867188,-83.78091430664062,-84.91986083984375,-85.25287628173828,-84.8421630859375,-84.57565307617188,-85.42169189453125,-86.00200653076172,-84.82331848144531,-84.42996215820312,-84.42594909667969,-84.46990203857422,-84.02355194091797,-83.7191390991211,-83.60191345214844,-83.56271362304688,-83.53755187988281,-83.96415710449219,-83.76385498046875,-83.53934478759766,-81.60822296142578,-80.44679260253906,-80.56775665283203,-81.28060150146484,-82.1059799194336,-80.14537811279297,-78.74435424804688,-76.86933898925781,-75.93943786621094,-77.077392578125,-77.87458038330078,-78.0662612915039,-80.73612213134766,-80.0414810180664,-77.67060852050781,-75.94573211669922,-75.8373794555664,-75.62593078613281,-76.8829116821289,-78.13422393798828,-77.23575592041016,-75.96739959716797,-75.37713623046875,-74.77922058105469,-73.57074737548828,0.0
-83.44281768798828,-83.59290313720703,-83.16703796386719,-83.54480743408203,-83.62741088867188,-83.78091430664062,-84.91986083984375,-85.25287628173828,-84.8421630859375,-84.57565307617188,-85.42169189453125,-86.00200653076172,-84.82331848144531,-84.42996215820312,-84.42594909667969,-84.46990203857422,-84.02355194091797,-83.7191390991211,-83.60191345214844,-83.56271362304688,-83.53755187988281,-83.96415710449219,-83.76385498046875,-83.53934478759766,-81.60822296142578,-80.44679260253906,-80.56775665283203,-81.28060150146484,-82.1059799194336,-80.14537811279297,-78.74435424804688,-76.86933898925781,-75.93943786621094,-77.077392578125,-77.87458038330078,-78.0662612915039,-80.73612213134766,-80.0414810180664,-77.67060852050781,-75.94573211669922,-75.8373794555664,-75.62593078613281,-76.8829116821289,-78.13422393798828,-77.23575592041016,-75.96739959716797,-75.37713623046875,-74.77922058105469,-73.57074737548828,-73.86709594726562,0.0
-83.59290313720703,-83.16703796386719,-83.54480743408203,-83.62741088867188,-83.78091430664062,-84.91986083984375,-85.25287628173828,-84.8421630859375,-84.57565307617188,-85.42169189453125,-86.00200653076172,-84.82331848144531,-84.42996215820312,-84.42594909667969,-84.46990203857422,-84.02355194091797,-83.7191390991211,-83.60191345214844,-83.56271362304688,-83.53755187988281,-83.96415710449219,-83.76385498046875,-83.53934478759766,-81.60822296142578,-80.44679260253906,-80.56775665283203,-81.28060150146484,-82.1059799194336,-80.14537811279297,-78.74435424804688,-76.86933898925781,-75.93943786621094,-77.077392578125,-77.87458038330078,-78.0662612915039,-80.73612213134766,-80.0414810180664,-77.67060852050781,-75.94573211669922,-75.8373794555664,-75.62593078613281,-76.8829116821289,-78.13422393798828,-77.23575592041016,-75.96739959716797,-75.37713623046875,-74.77922058105469,-73.57074737548828,-73.86709594726562,-74.71302032470703,0.0
-83.16703796386719,-83.54480743408203,-83.62741088867188,-83.78091430664062,-84.91986083984375,-85.25287628173828,-84.8421630859375,-84.57565307617188,-85.42169189453125,-86.00200653076172,-84.82331848144531,-84.42996215820312,-84.42594909667969,-84.46990203857422,-84.02355194091797,-83.7191390991211,-83.60191345214844,-83.56271362304688,-83.53755187988281,-83.96415710449219,-83.76385498046875,-83.53934478759766,-81.60822296142578,-80.44679260253906,-80.56775665283203,-81.28060150146484,-82.1059799194336,-80.14537811279297,-78.74435424804688,-76.86933898925781,-75.93943786621094,-77.077392578125,-77.87458038330078,-78.0662612915039,-80.73612213134766,-80.0414810180664,-77.67060852050781,-75.94573211669922,-75.8373794555664,-75.62593078613281,-76.8829116821289,-78.13422393798828,-77.23575592041016,-75.96739959716797,-75.37713623046875,-74.77922058105469,-73.57074737548828,-73.86709594726562,-74.71302032470703,-75.11643981933594,0.0
-83.54480743408203,-83.62741088867188,-83.78091430664062,-84.91986083984375,-85.25287628173828,-84.8421630859375,-84.57565307617188,-85.42169189453125,-86.00200653076172,-84.82331848144531,-84.42996215820312,-84.42594909667969,-84.46990203857422,-84.02355194091797,-83.7191390991211,-83.60191345214844,-83.56271362304688,-83.53755187988281,-83.96415710449219,-83.76385498046875,-83.53934478759766,-81.60822296142578,-80.44679260253906,-80.56775665283203,-81.28060150146484,-82.1059799194336,-80.14537811279297,-78.74435424804688,-76.86933898925781,-75.93943786621094,-77.077392578125,-77.87458038330078,-78.0662612915039,-80.73612213134766,-80.0414810180664,-77.67060852050781,-75.94573211669922,-75.8373794555664,-75.62593078613281,-76.8829116821289,-78.13422393798828,-77.23575592041016,-75.96739959716797,-75.37713623046875,-74.77922058105469,-73.57074737548828,-73.86709594726562,-74.71302032470703,-75.11643981933594,-75.16790771484375,0.0
-83.62741088867188,-83.78091430664062,-84.91986083984375,-85.25287628173828,-84.8421630859375,-84.57565307617188,-85.42169189453125,-86.00200653076172,-84.82331848144531,-84.42996215820312,-84.42594909667969,-84.46990203857422,-84.02355194091797,-83.7191390991211,-83.60191345214844,-83.56271362304688,-83.53755187988281,-83.96415710449219,-83.76385498046875,-83.53934478759766,-81.60822296142578,-80.44679260253906,-80.56775665283203,-81.28060150146484,-82.1059799194336,-80.14537811279297,-78.74435424804688,-76.86933898925781,-75.93943786621094,-77.077392578125,-77.87458038330078,-78.0662612915039,-80.73612213134766,-80.0414810180664,-77.67060852050781,-75.94573211669922,-75.8373794555664,-75.62593078613281,-76.8829116821289,-78.13422393798828,-77.23575592041016,-75.96739959716797,-75.37713623046875,-74.77922058105469,-73.57074737548828,-73.86709594726562,-74.71302032470703,-75.11643981933594,-75.16790771484375,-74.1742172241211,0.0
-83.78091430664062,-84.91986083984375,-85.25287628173828,-84.8421630859375,-84.57565307617188,-85.42169189453125,-86.00200653076172,-84.82331848144531,-84.42996215820312,-84.42594909667969,-84.46990203857422,-84.02355194091797,-83.7191390991211,-83.60191345214844,-83.56271362304688,-83.53755187988281,-83.96415710449219,-83.76385498046875,-83.53934478759766,-81.60822296142578,-80.44679260253906,-80.56775665283203,-81.28060150146484,-82.1059799194336,-80.14537811279297,-78.74435424804688,-76.86933898925781,-75.93943786621094,-77.077392578125,-77.87458038330078,-78.0662612915039,-80.73612213134766,-80.0414810180664,-77.67060852050781,-75.94573211669922,-75.8373794555664,-75.62593078613281,-76.8829116821289,-78.13422393798828,-77.23575592041016,-75.96739959716797,-75.37713623046875,-74.77922058105469,-73.57074737548828,-73.86709594726562,-74.71302032470703,-75.11643981933594,-75.16790771484375,-74.1742172241211,-78.6030502319336,0.0
-84.91986083984375,-85.25287628173828,-84.8421630859375,-84.57565307617188,-85.42169189453125,-86.00200653076172,-84.82331848144531,-84.42996215820312,-84.42594909667969,-84.46990203857422,-84.02355194091797,-83.7191390991211,-83.60191345214844,-83.56271362304688,-83.53755187988281,-83.96415710449219,-83.76385498046875,-83.53934478759766,-81.60822296142578,-80.44679260253906,-80.56775665283203,-81.28060150146484,-82.1059799194336,-80.14537811279297,-78.74435424804688,-76.86933898925781,-75.93943786621094,-77.077392578125,-77.87458038330078,-78.0662612915039,-80.73612213134766,-80.0414810180664,-77.67060852050781,-75.94573211669922,-75.8373794555664,-75.62593078613281,-76.8829116821289,-78.13422393798828,-77.23575592041016,-75.96739959716797,-75.37713623046875,-74.77922058105469,-73.57074737548828,-73.86709594726562,-74.71302032470703,-75.11643981933594,-75.16790771484375,-74.1742172241211,-78.6030502319336,-82.42528533935547,0.0
-85.25287628173828,-84.8421630859375,-84.57565307617188,-85.42169189453125,-86.00200653076172,-84.82331848144531,-84.42996215820312,-84.42594909667969,-84.46990203857422,-84.02355194091797,-83.7191390991211,-83.60191345214844,-83.56271362304688,-83.53755187988281,-83.96415710449219,-83.76385498046875,-83.53934478759766,-81.60822296142578,-80.44679260253906,-80.56775665283203,-81.28060150146484,-82.1059799194336,-80.14537811279297,-78.74435424804688,-76.86933898925781,-75.93943786621094,-77.077392578125,-77.87458038330078,-78.0662612915039,-80.73612213134766,-80.0414810180664,-77.67060852050781,-75.94573211669922,-75.8373794555664,-75.62593078613281,-76.8829116821289,-78.13422393798828,-77.23575592041016,-75.96739959716797,-75.37713623046875,-74.77922058105469,-73.57074737548828,-73.86709594726562,-74.71302032470703,-75.11643981933594,-75.16790771484375,-74.1742172241211,-78.6030502319336,-82.42528533935547,-82.1119155883789,0.0
-84.8421630859375,-84.57565307617188,-85.42169189453125,-86.00200653076172,-84.82331848144531,-84.42996215820312,-84.42594909667969,-84.46990203857422,-84.02355194091797,-83.7191390991211,-83.60191345214844,-83.56271362304688,-83.53755187988281,-83.96415710449219,-83.76385498046875,-83.53934478759766,-81.60822296142578,-80.44679260253906,-80.56775665283203,-81.28060150146484,-82.1059799194336,-80.14537811279297,-78.74435424804688,-76.86933898925781,-75.93943786621094,-77.077392578125,-77.87458038330078,-78.0662612915039,-80.73612213134766,-80.0414810180664,-77.67060852050781,-75.94573211669922,-75.8373794555664,-75.62593078613281,-76.8829116821289,-78.13422393798828,-77.23575592041016,-75.96739959716797,-75.37713623046875,-74.77922058105469,-73.57074737548828,-73.86709594726562,-74.71302032470703,-75.11643981933594,-75.16790771484375,-74.1742172241211,-78.6030502319336,-82.42528533935547,-82.1119155883789,-86.62776184082031,0.0
-84.57565307617188,-85.42169189453125,-86.00200653076172,-84.82331848144531,-84.42996215820312,-84.42594909667969,-84.46990203857422,-84.02355194091797,-83.7191390991211,-83.60191345214844,-83.56271362304688,-83.53755187988281,-83.96415710449219,-83.76385498046875,-83.53934478759766,-81.60822296142578,-80.44679260253906,-80.56775665283203,-81.28060150146484,-82.1059799194336,-80.14537811279297,-78.74435424804688,-76.86933898925781,-75.93943786621094,-77.077392578125,-77.87458038330078,-78.0662612915039,-80.73612213134766,-80.0414810180664,-77.67060852050781,-75.94573211669922,-75.8373794555664,-75.62593078613281,-76.8829116821289,-78.13422393798828,-77.23575592041016,-75.96739959716797,-75.37713623046875,-74.77922058105469,-73.57074737548828,-73.86709594726562,-74.71302032470703,-75.11643981933594,-75.16790771484375,-74.1742172241211,-78.6030502319336,-82.42528533935547,-82.1119155883789,-86.62776184082031,-87.93421936035156,0.0
-85.42169189453125,-86.00200653076172,-84.82331848144531,-84.42996215820312,-84.42594909667969,-84.46990203857422,-84.02355194091797,-83.7191390991211,-83.60191345214844,-83.56271362304688,-83.53755187988281,-83.96415710449219,-83.76385498046875,-83.53934478759766,-81.60822296142578,-80.44679260253906,-80.56775665283203,-81.28060150146484,-82.1059799194336,-80.14537811279297,-78.74435424804688,-76.86933898925781,-75.93943786621094,-77.077392578125,-77.87458038330078,-78.0662612915039,-80.73612213134766,-80.0414810180664,-77.67060852050781,-75.94573211669922,-75.8373794555664,-75.62593078613281,-76.8829116821289,-78.13422393798828,-77.23575592041016,-75.96739959716797,-75.37713623046875,-74.77922058105469,-73.57074737548828,-73.86709594726562,-74.71302032470703,-75.11643981933594,-75.16790771484375,-74.1742172241211,-78.6030502319336,-82.42528533935547,-82.1119155883789,-86.62776184082031,-87.93421936035156,-87.92042541503906,0.0
-86.00200653076172,-84.82331848144531,-84.42996215820312,-84.42594909667969,-84.46990203857422,-84.02355194091797,-83.7191390991211,-83.60191345214844,-83.56271362304688,-83.53755187988281,-83.96415710449219,-83.76385498046875,-83.53934478759766,-81.60822296142578,-80.44679260253906,-80.56775665283203,-81.28060150146484,-82.1059799194336,-80.14537811279297,-78.74435424804688,-76.86933898925781,-75.93943786621094,-77.077392578125,-77.87458038330078,-78.0662612915039,-80.73612213134766,-80.0414810180664,-77.67060852050781,-75.94573211669922,-75.8373794555664,-75.62593078613281,-76.8829116821289,-78.13422393798828,-77.23575592041016,-75.96739959716797,-75.37713623046875,-74.77922058105469,-73.57074737548828,-73.86709594726562,-74.71302032470703,-75.11643981933594,-75.16790771484375,-74.1742172241211,-78.6030502319336,-82.42528533935547,-82.1119155883789,-86.62776184082031,-87.93421936035156,-87.92042541503906,-89.20416259765625,0.0
-84.82331848144531,-84.42996215820312,-84.42594909667969,-84.46990203857422,-84.02355194091797,-83.7191390991211,-83.60191345214844,-83.56271362304688,-83.53755187988281,-83.96415710449219,-83.76385498046875,-83.53934478759766,-81.60822296142578,-80.44679260253906,-80.56775665283203,-81.28060150146484,-82.1059799194336,-80.14537811279297,-78.74435424804688,-76.86933898925781,-75.93943786621094,-77.077392578125,-77.87458038330078,-78.0662612915039,-80.73612213134766,-80.0414810180664,-77.67060852050781,-75.94573211669922,-75.8373794555664,-75.62593078613281,-76.8829116821289,-78.13422393798828,-77.23575592041016,-75.96739959716797,-75.37713623046875,-74.77922058105469,-73.57074737548828,-73.86709594726562,-74.71302032470703,-75.11643981933594,-75.16790771484375,-74.1742172241211,-78.6030502319336,-82.42528533935547,-82.1119155883789,-86.62776184082031,-87.93421936035156,-87.92042541503906,-89.20416259765625,-90.19754028320312,0.0
-84.42996215820312,-84.42594909667969,-84.46990203857422,-84.02355194091797,-83.7191390991211,-83.60191345214844,-83.56271362304688,-83.53755187988281,-83.96415710449219,-83.76385498046875,-83.53934478759766,-81.60822296142578,-80.44679260253906,-80.56775665283203,-81.28060150146484,-82.1059799194336,-80.14537811279297,-78.74435424804688,-76.86933898925781,-75.93943786621094,-77.077392578125,-77.87458038330078,-78.0662612915039,-80.73612213134766,-80.0414810180664,-77.67060852050781,-75.94573211669922,-75.8373794555664,-75.62593078613281,-76.8829116821289,-78.13422393798828,-77.23575592041016,-75.96739959716797,-75.37713623046875,-74.77922058105469,-73.57074737548828,-73.86709594726562,-74.71302032470703,-75.11643981933594,-75.16790771484375,-74.1742172241211,-78.6030502319336,-82.42528533935547,-82.1119155883789,-86.62776184082031,-87.93421936035156,-87.92042541503906,-89.20416259765625,-90.19754028320312,-90.71045684814453,0.0
-84.42594909667969,-84.46990203857422,-84.02355194091797,-83.7191390991211,-83.60191345214844,-83.56271362304688,-83.53755187988281,-83.96415710449219,-83.76385498046875,-83.53934478759766,-81.60822296142578,-80.44679260253906,-80.56775665283203,-81.28060150146484,-82.1059799194336,-80.14537811279297,-78.74435424804688,-76.86933898925781,-75.93943786621094,-77.077392578125,-77.87458038330078,-78.0662612915039,-80.73612213134766,-80.0414810180664,-77.67060852050781,-75.94573211669922,-75.8373794555664,-75.62593078613281,-76.8829116821289,-78.13422393798828,-77.23575592041016,-75.96739959716797,-75.37713623046875,-74.77922058105469,-73.57074737548828,-73.86709594726562,-74.71302032470703,-75.11643981933594,-75.16790771484375,-74.1742172241211,-78.6030502319336,-82.42528533935547,-82.1119155883789,-86.62776184082031,-87.93421936035156,-87.92042541503906,-89.20416259765625,-90.19754028320312,-90.71045684814453,-90.1011962890625,0.0
-84.46990203857422,-84.02355194091797,-83.7191390991211,-83.60191345214844,-83.56271362304688,-83.53755187988281,-83.96415710449219,-83.76385498046875,-83.53934478759766,-81.60822296142578,-80.44679260253906,-80.56775665283203,-81.28060150146484,-82.1059799194336,-80.14537811279297,-78.74435424804688,-76.86933898925781,-75.93943786621094,-77.077392578125,-77.87458038330078,-78.0662612915039,-80.73612213134766,-80.0414810180664,-77.67060852050781,-75.94573211669922,-75.8373794555664,-75.62593078613281,-76.8829116821289,-78.13422393798828,-77.23575592041016,-75.96739959716797,-75.37713623046875,-74.77922058105469,-73.57074737548828,-73.86709594726562,-74.71302032470703,-75.11643981933594,-75.16790771484375,-74.1742172241211,-78.6030502319336,-82.42528533935547,-82.1119155883789,-86.62776184082031,-87.93421936035156,-87.92042541503906,-89.20416259765625,-90.19754028320312,-90.71045684814453,-90.1011962890625,-88.84125518798828,0.0
-84.02355194091797,-83.7191390991211,-83.60191345214844,-83.56271362304688,-83.53755187988281,-83.96415710449219,-83.76385498046875,-83.53934478759766,-81.60822296142578,-80.44679260253906,-80.56775665283203,-81.28060150146484,-82.1059799194336,-80.14537811279297,-78.74435424804688,-76.86933898925781,-75.93943786621094,-77.077392578125,-77.87458038330078,-78.0662612915039,-80.73612213134766,-80.0414810180664,-77.67060852050781,-75.94573211669922,-75.8373794555664,-75.62593078613281,-76.8829116821289,-78.13422393798828,-77.23575592041016,-75.96739959716797,-75.37713623046875,-74.77922058105469,-73.57074737548828,-73.86709594726562,-74.71302032470703,-75.11643981933594,-75.16790771484375,-74.1742172241211,-78.6030502319336,-82.42528533935547,-82.1119155883789,-86.62776184082031,-87.93421936035156,-87.92042541503906,-89.20416259765625,-90.19754028320312,-90.71045684814453,-90.1011962890625,-88.84125518798828,-88.27040100097656,0.0
-83.7191390991211,-83.60191345214844,-83.56271362304688,-83.53755187988281,-83.96415710449219,-83.76385498046875,-83.53934478759766,-81.60822296142578,-80.44679260253906,-80.56775665283203,-81.28060150146484,-82.1059799194336,-80.14537811279297,-78.74435424804688,-76.86933898925781,-75.93943786621094,-77.077392578125,-77.87458038330078,-78.0662612915039,-80.73612213134766,-80.0414810180664,-77.67060852050781,-75.94573211669922,-75.8373794555664,-75.62593078613281,-76.8829116821289,-78.13422393798828,-77.23575592041016,-75.96739959716797,-75.37713623046875,-74.77922058105469,-73.57074737548828,-73.86709594726562,-74.71302032470703,-75.11643981933594,-75.16790771484375,-74.1742172241211,-78.6030502319336,-82.42528533935547,-82.1119155883789,-86.62776184082031,-87.93421936035156,-87.92042541503906,-89.20416259765625,-90.19754028320312,-90.71045684814453,-90.1011962890625,-88.84125518798828,-88.27040100097656,-84.57723236083984,0.0
-83.60191345214844,-83.56271362304688,-83.53755187988281,-83.96415710449219,-83.76385498046875,-83.53934478759766,-81.60822296142578,-80.44679260253906,-80.56775665283203,-81.28060150146484,-82.1059799194336,-80.14537811279297,-78.74435424804688,-76.86933898925781,-75.93943786621094,-77.077392578125,-77.87458038330078,-78.0662612915039,-80.73612213134766,-80.0414810180664,-77.67060852050781,-75.94573211669922,-75.8373794555664,-75.62593078613281,-76.8829116821289,-78.13422393798828,-77.23575592041016,-75.96739959716797,-75.37713623046875,-74.77922058105469,-73.57074737548828,-73.86709594726562,-74.71302032470703,-75.11643981933594,-75.16790771484375,-74.1742172241211,-78.6030502319336,-82.42528533935547,-82.1119155883789,-86.62776184082031,-87.93421936035156,-87.92042541503906,-89.20416259765625,-90.19754028320312,-90.71045684814453,-90.1011962890625,-88.84125518798828,-88.27040100097656,-84.57723236083984,-83.7649917602539,0.0
-83.56271362304688,-83.53755187988281,-83.96415710449219,-83.76385498046875,-83.53934478759766,-81.60822296142578,-80.44679260253906,-80.56775665283203,-81.28060150146484,-82.1059799194336,-80.14537811279297,-78.74435424804688,-76.86933898925781,-75.93943786621094,-77.077392578125,-77.87458038330078,-78.0662612915039,-80.73612213134766,-80.0414810180664,-77.67060852050781,-75.94573211669922,-75.8373794555664,-75.62593078613281,-76.8829116821289,-78.13422393798828,-77.23575592041016,-75.96739959716797,-75.37713623046875,-74.77922058105469,-73.57074737548828,-73.86709594726562,-74.71302032470703,-75.11643981933594,-75.16790771484375,-74.1742172241211,-78.6030502319336,-82.42528533935547,-82.1119155883789,-86.62776184082031,-87.93421936035156,-87.92042541503906,-89.20416259765625,-90.19754028320312,-90.71045684814453,-90.1011962890625,-88.84125518798828,-88.27040100097656,-84.57723236083984,-83.7649917602539,-83.9860610961914,0.0
-83.53755187988281,-83.96415710449219,-83.76385498046875,-83.53934478759766,-81.60822296142578,-80.44679260253906,-80.56775665283203,-81.28060150146484,-82.1059799194336,-80.14537811279297,-78.74435424804688,-76.86933898925781,-75.93943786621094,-77.077392578125,-77.87458038330078,-78.0662612915039,-80.73612213134766,-80.0414810180664,-77.67060852050781,-75.94573211669922,-75.8373794555664,-75.62593078613281,-76.8829116821289,-78.13422393798828,-77.23575592041016,-75.96739959716797,-75.37713623046875,-74.77922058105469,-73.57074737548828,-73.86709594726562,-74.71302032470703,-75.11643981933594,-75.16790771484375,-74.1742172241211,-78.6030502319336,-82.42528533935547,-82.1119155883789,-86.62776184082031,-87.93421936035156,-87.92042541503906,-89.20416259765625,-90.19754028320312,-90.71045684814453,-90.1011962890625,-88.84125518798828,-88.27040100097656,-84.57723236083984,-83.7649917602539,-83.9860610961914,-84.1643295288086,0.0
-83.96415710449219,-83.76385498046875,-83.53934478759766,-81.60822296142578,-80.44679260253906,-80.56775665283203,-81.28060150146484,-82.1059799194336,-80.14537811279297,-78.74435424804688,-76.86933898925781,-75.93943786621094,-77.077392578125,-77.87458038330078,-78.0662612915039,-80.73612213134766,-80.0414810180664,-77.67060852050781,-75.94573211669922,-75.8373794555664,-75.62593078613281,-76.8829116821289,-78.13422393798828,-77.23575592041016,-75.96739959716797,-75.37713623046875,-74.77922058105469,-73.57074737548828,-73.86709594726562,-74.71302032470703,-75.11643981933594,-75.16790771484375,-74.1742172241211,-78.6030502319336,-82.42528533935547,-82.1119155883789,-86.62776184082031,-87.93421936035156,-87.92042541503906,-89.20416259765625,-90.19754028320312,-90.71045684814453,-90.1011962890625,-88.84125518798828,-88.27040100097656,-84.57723236083984,-83.7649917602539,-83.9860610961914,-84.1643295288086,-85.04545593261719,0.0
-83.76385498046875,-83.53934478759766,-81.60822296142578,-80.44679260253906,-80.56775665283203,-81.28060150146484,-82.1059799194336,-80.14537811279297,-78.74435424804688,-76.86933898925781,-75.93943786621094,-77.077392578125,-77.87458038330078,-78.0662612915039,-80.73612213134766,-80.0414810180664,-77.67060852050781,-75.94573211669922,-75.8373794555664,-75.62593078613281,-76.8829116821289,-78.13422393798828,-77.23575592041016,-75.96739959716797,-75.37713623046875,-74.77922058105469,-73.57074737548828,-73.86709594726562,-74.71302032470703,-75.11643981933594,-75.16790771484375,-74.1742172241211,-78.6030502319336,-82.42528533935547,-82.1119155883789,-86.62776184082031,-87.93421936035156,-87.92042541503906,-89.20416259765625,-90.19754028320312,-90.71045684814453,-90.1011962890625,-88.84125518798828,-88.27040100097656,-84.57723236083984,-83.7649917602539,-83.9860610961914,-84.1643295288086,-85.04545593261719,-86.81976318359375,0.0
-83.53934478759766,-81.60822296142578,-80.44679260253906,-80.56775665283203,-81.28060150146484,-82.1059799194336,-80.14537811279297,-78.74435424804688,-76.86933898925781,-75.93943786621094,-77.077392578125,-77.87458038330078,-78.0662612915039,-80.73612213134766,-80.0414810180664,-77.67060852050781,-75.94573211669922,-75.8373794555664,-75.62593078613281,-76.8829116821289,-78.13422393798828,-77.23575592041016,-75.96739959716797,-75.37713623046875,-74.77922058105469,-73.57074737548828,-73.86709594726562,-74.71302032470703,-75.11643981933594,-75.16790771484375,-74.1742172241211,-78.6030502319336,-82.42528533935547,-82.1119155883789,-86.62776184082031,-87.93421936035156,-87.92042541503906,-89.20416259765625,-90.19754028320312,-90.71045684814453,-90.1011962890625,-88.84125518798828,-88.27040100097656,-84.57723236083984,-83.7649917602539,-83.9860610961914,-84.1643295288086,-85.04545593261719,-86.81976318359375,-88.56622314453125,0.0
-81.60822296142578,-80.44679260253906,-80.56775665283203,-81.28060150146484,-82.1059799194336,-80.14537811279297,-78.74435424804688,-76.86933898925781,-75.93943786621094,-77.077392578125,-77.87458038330078,-78.0662612915039,-80.73612213134766,-80.0414810180664,-77.67060852050781,-75.94573211669922,-75.8373794555664,-75.62593078613281,-76.8829116821289,-78.13422393798828,-77.23575592041016,-75.96739959716797,-75.37713623046875,-74.77922058105469,-73.57074737548828,-73.86709594726562,-74.71302032470703,-75.11643981933594,-75.16790771484375,-74.1742172241211,-78.6030502319336,-82.42528533935547,-82.1119155883789,-86.62776184082031,-87.93421936035156,-87.92042541503906,-89.20416259765625,-90.19754028320312,-90.71045684814453,-90.1011962890625,-88.84125518798828,-88.27040100097656,-84.57723236083984,-83.7649917602539,-83.9860610961914,-84.1643295288086,-85.04545593261719,-86.81976318359375,-88.56622314453125,-89.2648696899414,0.0
-80.44679260253906,-80.56775665283203,-81.28060150146484,-82.1059799194336,-80.14537811279297,-78.74435424804688,-76.86933898925781,-75.93943786621094,-77.077392578125,-77.87458038330078,-78.0662612915039,-80.73612213134766,-80.0414810180664,-77.67060852050781,-75.94573211669922,-75.8373794555664,-75.62593078613281,-76.8829116821289,-78.13422393798828,-77.23575592041016,-75.96739959716797,-75.37713623046875,-74.77922058105469,-73.57074737548828,-73.86709594726562,-74.71302032470703,-75.11643981933594,-75.16790771484375,-74.1742172241211,-78.6030502319336,-82.42528533935547,-82.1119155883789,-86.62776184082031,-87.93421936035156,-87.92042541503906,-89.20416259765625,-90.19754028320312,-90.71045684814453,-90.1011962890625,-88.84125518798828,-88.27040100097656,-84.57723236083984,-83.7649917602539,-83.9860610961914,-84.1643295288086,-85.04545593261719,-86.81976318359375,-88.56622314453125,-89.2648696899414,-88.01010131835938,0.0
-80.56775665283203,-81.28060150146484,-82.1059799194336,-80.14537811279297,-78.74435424804688,-76.86933898925781,-75.93943786621094,-77.077392578125,-77.87458038330078,-78.0662612915039,-80.73612213134766,-80.0414810180664,-77.67060852050781,-75.94573211669922,-75.8373794555664,-75.62593078613281,-76.8829116821289,-78.13422393798828,-77.23575592041016,-75.96739959716797,-75.37713623046875,-74.77922058105469,-73.57074737548828,-73.86709594726562,-74.71302032470703,-75.11643981933594,-75.16790771484375,-74.1742172241211,-78.6030502319336,-82.42528533935547,-82.1119155883789,-86.62776184082031,-87.93421936035156,-87.92042541503906,-89.20416259765625,-90.19754028320312,-90.71045684814453,-90.1011962890625,-88.84125518798828,-88.27040100097656,-84.57723236083984,-83.7649917602539,-83.9860610961914,-84.1643295288086,-85.04545593261719,-86.81976318359375,-88.56622314453125,-89.2648696899414,-88.01010131835938,-87.1121826171875,0.0
-81.28060150146484,-82.1059799194336,-80.14537811279297,-78.74435424804688,-76.86933898925781,-75.93943786621094,-77.077392578125,-77.87458038330078,-78.0662612915039,-80.73612213134766,-80.0414810180664,-77.67060852050781,-75.94573211669922,-75.8373794555664,-75.62593078613281,-76.8829116821289,-78.13422393798828,-77.23575592041016,-75.96739959716797,-75.37713623046875,-74.77922058105469,-73.57074737548828,-73.86709594726562,-74.71302032470703,-75.11643981933594,-75.16790771484375,-74.1742172241211,-78.6030502319336,-82.42528533935547,-82.1119155883789,-86.62776184082031,-87.93421936035156,-87.92042541503906,-89.20416259765625,-90.19754028320312,-90.71045684814453,-90.1011962890625,-88.84125518798828,-88.27040100097656,-84.57723236083984,-83.7649917602539,-83.9860610961914,-84.1643295288086,-85.04545593261719,-86.81976318359375,-88.56622314453125,-89.2648696899414,-88.01010131835938,-87.1121826171875,-86.8569107055664,0.0
-82.1059799194336,-80.14537811279297,-78.74435424804688,-76.86933898925781,-75.93943786621094,-77.077392578125,-77.87458038330078,-78.0662612915039,-80.73612213134766,-80.0414810180664,-77.67060852050781,-75.94573211669922,-75.8373794555664,-75.62593078613281,-76.8829116821289,-78.13422393798828,-77.23575592041016,-75.96739959716797,-75.37713623046875,-74.77922058105469,-73.57074737548828,-73.86709594726562,-74.71302032470703,-75.11643981933594,-75.16790771484375,-74.1742172241211,-78.6030502319336,-82.42528533935547,-82.1119155883789,-86.62776184082031,-87.93421936035156,-87.92042541503906,-89.20416259765625,-90.19754028320312,-90.71045684814453,-90.1011962890625,-88.84125518798828,-88.27040100097656,-84.57723236083984,-83.7649917602539,-83.9860610961914,-84.1643295288086,-85.04545593261719,-86.81976318359375,-88.56622314453125,-89.2648696899414,-88.01010131835938,-87.1121826171875,-86.8569107055664,-87.35369110107422,0.0
-80.14537811279297,-78.74435424804688,-76.86933898925781,-75.93943786621094,-77.077392578125,-77.87458038330078,-78.0662612915039,-80.73612213134766,-80.0414810180664,-77.67060852050781,-75.94573211669922,-75.8373794555664,-75.62593078613281,-76.8829116821289,-78.13422393798828,-77.23575592041016,-75.96739959716797,-75.37713623046875,-74.77922058105469,-73.57074737548828,-73.86709594726562,-74.71302032470703,-75.11643981933594,-75.16790771484375,-74.1742172241211,-78.6030502319336,-82.42528533935547,-82.1119155883789,-86.62776184082031,-87.93421936035156,-87.92042541503906,-89.20416259765625,-90.19754028320312,-90.71045684814453,-90.1011962890625,-88.84125518798828,-88.27040100097656,-84.57723236083984,-83.7649917602539,-83.9860610961914,-84.1643295288086,-85.04545593261719,-86.81976318359375,-88.56622314453125,-89.2648696899414,-88.01010131835938,-87.1121826171875,-86.8569107055664,-87.35369110107422,-87.74449157714844,0.0
-78.74435424804688,-76.86933898925781,-75.93943786621094,-77.077392578125,-77.87458038330078,-78.0662612915039,-80.73612213134766,-80.0414810180664,-77.67060852050781,-75.94573211669922,-75.8373794555664,-75.62593078613281,-76.8829116821289,-78.13422393798828,-77.23575592041016,-75.96739959716797,-75.37713623046875,-74.77922058105469,-73.57074737548828,-73.86709594726562,-74.71302032470703,-75.11643981933594,-75.16790771484375,-74.1742172241211,-78.6030502319336,-82.42528533935547,-82.1119155883789,-86.62776184082031,-87.93421936035156,-87.92042541503906,-89.20416259765625,-90.19754028320312,-90.71045684814453,-90.1011962890625,-88.84125518798828,-88.27040100097656,-84.57723236083984,-83.7649917602539,-83.9860610961914,-84.1643295288086,-85.04545593261719,-86.81976318359375,-88.56622314453125,-89.2648696899414,-88.01010131835938,-87.1121826171875,-86.8569107055664,-87.35369110107422,-87.74449157714844,-87.9119873046875,0.0
-76.86933898925781,-75.93943786621094,-77.077392578125,-77.87458038330078,-78.0662612915039,-80.73612213134766,-80.0414810180664,-77.67060852050781,-75.94573211669922,-75.8373794555664,-75.62593078613281,-76.8829116821289,-78.13422393798828,-77.23575592041016,-75.96739959716797,-75.37713623046875,-74.77922058105469,-73.57074737548828,-73.86709594726562,-74.71302032470703,-75.11643981933594,-75.16790771484375,-74.1742172241211,-78.6030502319336,-82.42528533935547,-82.1119155883789,-86.62776184082031,-87.93421936035156,-87.92042541503906,-89.20416259765625,-90.19754028320312,-90.71045684814453,-90.1011962890625,-88.84125518798828,-88.27040100097656,-84.57723236083984,-83.7649917602539,-83.9860610961914,-84.1643295288086,-85.04545593261719,-86.81976318359375,-88.56622314453125,-89.2648696899414,-88.01010131835938,-87.1121826171875,-86.8569107055664,-87.35369110107422,-87.74449157714844,-87.9119873046875,-87.96278381347656,0.0
-75.93943786621094,-77.077392578125,-77.87458038330078,-78.0662612915039,-80.73612213134766,-80.0414810180664,-77.67060852050781,-75.94573211669922,-75.8373794555664,-75.62593078613281,-76.8829116821289,-78.13422393798828,-77.23575592041016,-75.96739959716797,-75.37713623046875,-74.77922058105469,-73.57074737548828,-73.86709594726562,-74.71302032470703,-75.11643981933594,-75.16790771484375,-74.1742172241211,-78.6030502319336,-82.42528533935547,-82.1119155883789,-86.62776184082031,-87.93421936035156,-87.92042541503906,-89.20416259765625,-90.19754028320312,-90.71045684814453,-90.1011962890625,-88.84125518798828,-88.27040100097656,-84.57723236083984,-83.7649917602539,-83.9860610961914,-84.1643295288086,-85.04545593261719,-86.81976318359375,-88.56622314453125,-89.2648696899414,-88.01010131835938,-87.1121826171875,-86.8569107055664,-87.35369110107422,-87.74449157714844,-87.9119873046875,-87.96278381347656,-87.97657012939453,0.0
-77.077392578125,-77.87458038330078,-78.0662612915039,-80.73612213134766,-80.0414810180664,-77.67060852050781,-75.94573211669922,-75.8373794555664,-75.62593078613281,-76.8829116821289,-78.13422393798828,-77.23575592041016,-75.96739959716797,-75.37713623046875,-74.77922058105469,-73.57074737548828,-73.86709594726562,-74.71302032470703,-75.11643981933594,-75.16790771484375,-74.1742172241211,-78.6030502319336,-82.42528533935547,-82.1119155883789,-86.62776184082031,-87.93421936035156,-87.92042541503906,-89.20416259765625,-90.19754028320312,-90.71045684814453,-90.1011962890625,-88.84125518798828,-88.27040100097656,-84.57723236083984,-83.7649917602539,-83.9860610961914,-84.1643295288086,-85.04545593261719,-86.81976318359375,-88.56622314453125,-89.2648696899414,-88.01010131835938,-87.1121826171875,-86.8569107055664,-87.35369110107422,-87.74449157714844,-87.9119873046875,-87.96278381347656,-87.97657012939453,-88.88011169433594,0.0
-77.87458038330078,-78.0662612915039,-80.73612213134766,-80.0414810180664,-77.67060852050781,-75.94573211669922,-75.8373794555664,-75.62593078613281,-76.8829116821289,-78.13422393798828,-77.23575592041016,-75.96739959716797,-75.37713623046875,-74.77922058105469,-73.57074737548828,-73.86709594726562,-74.71302032470703,-75.11643981933594,-75.16790771484375,-74.1742172241211,-78.6030502319336,-82.42528533935547,-82.1119155883789,-86.62776184082031,-87.93421936035156,-87.92042541503906,-89.20416259765625,-90.19754028320312,-90.71045684814453,-90.1011962890625,-88.84125518798828,-88.27040100097656,-84.57723236083984,-83.7649917602539,-83.9860610961914,-84.1643295288086,-85.04545593261719,-86.81976318359375,-88.56622314453125,-89.2648696899414,-88.01010131835938,-87.1121826171875,-86.8569107055664,-87.35369110107422,-87.74449157714844,-87.9119873046875,-87.96278381347656,-87.97657012939453,-88.88011169433594,-89.45669555664062,0.0
-78.0662612915039,-80.73612213134766,-80.0414810180664,-77.67060852050781,-75.94573211669922,-75.8373794555664,-75.62593078613281,-76.8829116821289,-78.13422393798828,-77.23575592041016,-75.96739959716797,-75.37713623046875,-74.77922058105469,-73.57074737548828,-73.86709594726562,-74.71302032470703,-75.11643981933594,-75.16790771484375,-74.1742172241211,-78.6030502319336,-82.42528533935547,-82.1119155883789,-86.62776184082031,-87.93421936035156,-87.92042541503906,-89.20416259765625,-90.19754028320312,-90.71045684814453,-90.1011962890625,-88.84125518798828,-88.27040100097656,-84.57723236083984,-83.7649917602539,-83.9860610961914,-84.1643295288086,-85.04545593261719,-86.81976318359375,-88.56622314453125,-89.2648696899414,-88.01010131835938,-87.1121826171875,-86.8569107055664,-87.35369110107422,-87.74449157714844,-87.9119873046875,-87.96278381347656,-87.97657012939453,-88.88011169433594,-89.45669555664062,-89.64265441894531,0.0
-80.73612213134766,-80.0414810180664,-77.67060852050781,-75.94573211669922,-75.8373794555664,-75.62593078613281,-76.8829116821289,-78.13422393798828,-77.23575592041016,-75.96739959716797,-75.37713623046875,-74.77922058105469,-73.57074737548828,-73.86709594726562,-74.71302032470703,-75.11643981933594,-75.16790771484375,-74.1742172241211,-78.6030502319336,-82.42528533935547,-82.1119155883789,-86.62776184082031,-87.93421936035156,-87.92042541503906,-89.20416259765625,-90.19754028320312,-90.71045684814453,-90.1011962890625,-88.84125518798828,-88.27040100097656,-84.57723236083984,-83.7649917602539,-83.9860610961914,-84.1643295288086,-85.04545593261719,-86.81976318359375,-88.56622314453125,-89.2648696899414,-88.01010131835938,-87.1121826171875,-86.8569107055664,-87.35369110107422,-87.74449157714844,-87.9119873046875,-87.96278381347656,-87.97657012939453,-88.88011169433594,-89.45669555664062,-89.64265441894531,-89.22280883789062,1.0
-80.0414810180664,-77.67060852050781,-75.94573211669922,-75.8373794555664,-75.62593078613281,-76.8829116821289,-78.13422393798828,-77.23575592041016,-75.96739959716797,-75.37713623046875,-74.77922058105469,-73.57074737548828,-73.86709594726562,-74.71302032470703,-75.11643981933594,-75.16790771484375,-74.1742172241211,-78.6030502319336,-82.42528533935547,-82.1119155883789,-86.62776184082031,-87.93421936035156,-87.92042541503906,-89.20416259765625,-90.19754028320312,-90.71045684814453,-90.1011962890625,-88.84125518798828,-88.27040100097656,-84.57723236083984,-83.7649917602539,-83.9860610961914,-84.1643295288086,-85.04545593261719,-86.81976318359375,-88.56622314453125,-89.2648696899414,-88.01010131835938,-87.1121826171875,-86.8569107055664,-87.35369110107422,-87.74449157714844,-87.9119873046875,-87.96278381347656,-87.97657012939453,-88.88011169433594,-89.45669555664062,-89.64265441894531,-89.22280883789062,-88.49503326416016,0.0
-77.67060852050781,-75.94573211669922,-75.8373794555664,-75.62593078613281,-76.8829116821289,-78.13422393798828,-77.23575592041016,-75.96739959716797,-75.37713623046875,-74.77922058105469,-73.57074737548828,-73.86709594726562,-74.71302032470703,-75.11643981933594,-75.16790771484375,-74.1742172241211,-78.6030502319336,-82.42528533935547,-82.1119155883789,-86.62776184082031,-87.93421936035156,-87.92042541503906,-89.20416259765625,-90.19754028320312,-90.71045684814453,-90.1011962890625,-88.84125518798828,-88.27040100097656,-84.57723236083984,-83.7649917602539,-83.9860610961914,-84.1643295288086,-85.04545593261719,-86.81976318359375,-88.56622314453125,-89.2648696899414,-88.01010131835938,-87.1121826171875,-86.8569107055664,-87.35369110107422,-87.74449157714844,-87.9119873046875,-87.96278381347656,-87.97657012939453,-88.88011169433594,-89.45669555664062,-89.64265441894531,-89.22280883789062,-88.49503326416016,-88.14398956298828,1.0
-75.94573211669922,-75.8373794555664,-75.62593078613281,-76.8829116821289,-78.13422393798828,-77.23575592041016,-75.96739959716797,-75.37713623046875,-74.77922058105469,-73.57074737548828,-73.86709594726562,-74.71302032470703,-75.11643981933594,-75.16790771484375,-74.1742172241211,-78.6030502319336,-82.42528533935547,-82.1119155883789,-86.62776184082031,-87.93421936035156,-87.92042541503906,-89.20416259765625,-90.19754028320312,-90.71045684814453,-90.1011962890625,-88.84125518798828,-88.27040100097656,-84.57723236083984,-83.7649917602539,-83.9860610961914,-84.1643295288086,-85.04545593261719,-86.81976318359375,-88.56622314453125,-89.2648696899414,-88.01010131835938,-87.1121826171875,-86.8569107055664,-87.35369110107422,-87.74449157714844,-87.9119873046875,-87.96278381347656,-87.97657012939453,-88.88011169433594,-89.45669555664062,-89.64265441894531,-89.22280883789062,-88.49503326416016,-88.14398956298828,-88.52977752685547,0.0
-75.8373794555664,-75.62593078613281,-76.8829116821289,-78.13422393798828,-77.23575592041016,-75.96739959716797,-75.37713623046875,-74.77922058105469,-73.57074737548828,-73.86709594726562,-74.71302032470703,-75.11643981933594,-75.16790771484375,-74.1742172241211,-78.6030502319336,-82.42528533935547,-82.1119155883789,-86.62776184082031,-87.93421936035156,-87.92042541503906,-89.20416259765625,-90.19754028320312,-90.71045684814453,-90.1011962890625,-88.84125518798828,-88.27040100097656,-84.57723236083984,-83.7649917602539,-83.9860610961914,-84.1643295288086,-85.04545593261719,-86.81976318359375,-88.56622314453125,-89.2648696899414,-88.01010131835938,-87.1121826171875,-86.8569107055664,-87.35369110107422,-87.74449157714844,-87.9119873046875,-87.96278381347656,-87.97657012939453,-88.88011169433594,-89.45669555664062,-89.64265441894531,-89.22280883789062,-88.49503326416016,-88.14398956298828,-88.52977752685547,-86.5821762084961,0.0
-75.62593078613281,-76.8829116821289,-78.13422393798828,-77.23575592041016,-75.96739959716797,-75.37713623046875,-74.77922058105469,-73.57074737548828,-73.86709594726562,-74.71302032470703,-75.11643981933594,-75.16790771484375,-74.1742172241211,-78.6030502319336,-82.42528533935547,-82.1119155883789,-86.62776184082031,-87.93421936035156,-87.92042541503906,-89.20416259765625,-90.19754028320312,-90.71045684814453,-90.1011962890625,-88.84125518798828,-88.27040100097656,-84.57723236083984,-83.7649917602539,-83.9860610961914,-84.1643295288086,-85.04545593261719,-86.81976318359375,-88.56622314453125,-89.2648696899414,-88.01010131835938,-87.1121826171875,-86.8569107055664,-87.35369110107422,-87.74449157714844,-87.9119873046875,-87.96278381347656,-87.97657012939453,-88.88011169433594,-89.45669555664062,-89.64265441894531,-89.22280883789062,-88.49503326416016,-88.14398956298828,-88.52977752685547,-86.5821762084961,-85.26897430419922,0.0
-76.8829116821289,-78.13422393798828,-77.23575592041016,-75.96739959716797,-75.37713623046875,-74.77922058105469,-73.57074737548828,-73.86709594726562,-74.71302032470703,-75.11643981933594,-75.16790771484375,-74.1742172241211,-78.6030502319336,-82.42528533935547,-82.1119155883789,-86.62776184082031,-87.93421936035156,-87.92042541503906,-89.20416259765625,-90.19754028320312,-90.71045684814453,-90.1011962890625,-88.84125518798828,-88.27040100097656,-84.57723236083984,-83.7649917602539,-83.9860610961914,-84.1643295288086,-85.04545593261719,-86.81976318359375,-88.56622314453125,-89.2648696899414,-88.01010131835938,-87.1121826171875,-86.8569107055664,-87.35369110107422,-87.74449157714844,-87.9119873046875,-87.96278381347656,-87.97657012939453,-88.88011169433594,-89.45669555664062,-89.64265441894531,-89.22280883789062,-88.49503326416016,-88.14398956298828,-88.52977752685547,-86.5821762084961,-85.26897430419922,-85.29740142822266,0.0
-78.13422393798828,-77.23575592041016,-75.96739959716797,-75.37713623046875,-74.77922058105469,-73.57074737548828,-73.86709594726562,-74.71302032470703,-75.11643981933594,-75.16790771484375,-74.1742172241211,-78.6030502319336,-82.42528533935547,-82.1119155883789,-86.62776184082031,-87.93421936035156,-87.92042541503906,-89.20416259765625,-90.19754028320312,-90.71045684814453,-90.1011962890625,-88.84125518798828,-88.27040100097656,-84.57723236083984,-83.7649917602539,-83.9860610961914,-84.1643295288086,-85.04545593261719,-86.81976318359375,-88.56622314453125,-89.2648696899414,-88.01010131835938,-87.1121826171875,-86.8569107055664,-87.35369110107422,-87.74449157714844,-87.9119873046875,-87.96278381347656,-87.97657012939453,-88.88011169433594,-89.45669555664062,-89.64265441894531,-89.22280883789062,-88.49503326416016,-88.14398956298828,-88.52977752685547,-86.5821762084961,-85.26897430419922,-85.29740142822266,-85.06369018554688,0.0
-77.23575592041016,-75.96739959716797,-75.37713623046875,-74.77922058105469,-73.57074737548828,-73.86709594726562,-74.71302032470703,-75.11643981933594,-75.16790771484375,-74.1742172241211,-78.6030502319336,-82.42528533935547,-82.1119155883789,-86.62776184082031,-87.93421936035156,-87.92042541503906,-89.20416259765625,-90.19754028320312,-90.71045684814453,-90.1011962890625,-88.84125518798828,-88.27040100097656,-84.57723236083984,-83.7649917602539,-83.9860610961914,-84.1643295288086,-85.04545593261719,-86.81976318359375,-88.56622314453125,-89.2648696899414,-88.01010131835938,-87.1121826171875,-86.8569107055664,-87.35369110107422,-87.74449157714844,-87.9119873046875,-87.96278381347656,-87.97657012939453,-88.88011169433594,-89.45669555664062,-89.64265441894531,-89.22280883789062,-88.49503326416016,-88.14398956298828,-88.52977752685547,-86.5821762084961,-85.26897430419922,-85.29740142822266,-85.06369018554688,-84.39430236816406,0.0
-75.96739959716797,-75.37713623046875,-74.77922058105469,-73.57074737548828,-73.86709594726562,-74.71302032470703,-75.11643981933594,-75.16790771484375,-74.1742172241211,-78.6030502319336,-82.42528533935547,-82.1119155883789,-86.62776184082031,-87.93421936035156,-87.92042541503906,-89.20416259765625,-90.19754028320312,-90.71045684814453,-90.1011962890625,-88.84125518798828,-88.27040100097656,-84.57723236083984,-83.7649917602539,-83.9860610961914,-84.1643295288086,-85.04545593261719,-86.81976318359375,-88.56622314453125,-89.2648696899414,-88.01010131835938,-87.1121826171875,-86.8569107055664,-87.35369110107422,-87.74449157714844,-87.9119873046875,-87.96278381347656,-87.97657012939453,-88.88011169433594,-89.45669555664062,-89.64265441894531,-89.22280883789062,-88.49503326416016,-88.14398956298828,-88.52977752685547,-86.5821762084961,-85.26897430419922,-85.29740142822266,-85.06369018554688,-84.39430236816406,-83.52056884765625,0.0
-75.37713623046875,-74.77922058105469,-73.57074737548828,-73.86709594726562,-74.71302032470703,-75.11643981933594,-75.16790771484375,-74.1742172241211,-78.6030502319336,-82.42528533935547,-82.1119155883789,-86.62776184082031,-87.93421936035156,-87.92042541503906,-89.20416259765625,-90.19754028320312,-90.71045684814453,-90.1011962890625,-88.84125518798828,-88.27040100097656,-84.57723236083984,-83.7649917602539,-83.9860610961914,-84.1643295288086,-85.04545593261719,-86.81976318359375,-88.56622314453125,-89.2648696899414,-88.01010131835938,-87.1121826171875,-86.8569107055664,-87.35369110107422,-87.74449157714844,-87.9119873046875,-87.96278381347656,-87.97657012939453,-88.88011169433594,-89.45669555664062,-89.64265441894531,-89.22280883789062,-88.49503326416016,-88.14398956298828,-88.52977752685547,-86.5821762084961,-85.26897430419922,-85.29740142822266,-85.06369018554688,-84.39430236816406,-83.52056884765625,-83.05545043945312,0.0
-74.77922058105469,-73.57074737548828,-73.86709594726562,-74.71302032470703,-75.11643981933594,-75.16790771484375,-74.1742172241211,-78.6030502319336,-82.42528533935547,-82.1119155883789,-86.62776184082031,-87.93421936035156,-87.92042541503906,-89.20416259765625,-90.19754028320312,-90.71045684814453,-90.1011962890625,-88.84125518798828,-88.27040100097656,-84.57723236083984,-83.7649917602539,-83.9860610961914,-84.1643295288086,-85.04545593261719,-86.81976318359375,-88.56622314453125,-89.2648696899414,-88.01010131835938,-87.1121826171875,-86.8569107055664,-87.35369110107422,-87.74449157714844,-87.9119873046875,-87.96278381347656,-87.97657012939453,-88.88011169433594,-89.45669555664062,-89.64265441894531,-89.22280883789062,-88.49503326416016,-88.14398956298828,-88.52977752685547,-86.5821762084961,-85.26897430419922,-85.29740142822266,-85.06369018554688,-84.39430236816406,-83.52056884765625,-83.05545043945312,-83.33514404296875,0.0
-73.57074737548828,-73.86709594726562,-74.71302032470703,-75.11643981933594,-75.16790771484375,-74.1742172241211,-78.6030502319336,-82.42528533935547,-82.1119155883789,-86.62776184082031,-87.93421936035156,-87.92042541503906,-89.20416259765625,-90.19754028320312,-90.71045684814453,-90.1011962890625,-88.84125518798828,-88.27040100097656,-84.57723236083984,-83.7649917602539,-83.9860610961914,-84.1643295288086,-85.04545593261719,-86.81976318359375,-88.56622314453125,-89.2648696899414,-88.01010131835938,-87.1121826171875,-86.8569107055664,-87.35369110107422,-87.74449157714844,-87.9119873046875,-87.96278381347656,-87.97657012939453,-88.88011169433594,-89.45669555664062,-89.64265441894531,-89.22280883789062,-88.49503326416016,-88.14398956298828,-88.52977752685547,-86.5821762084961,-85.26897430419922,-85.29740142822266,-85.06369018554688,-84.39430236816406,-83.52056884765625,-83.05545043945312,-83.33514404296875,-82.16531372070312,0.0
-73.86709594726562,-74.71302032470703,-75.11643981933594,-75.16790771484375,-74.1742172241211,-78.6030502319336,-82.42528533935547,-82.1119155883789,-86.62776184082031,-87.93421936035156,-87.92042541503906,-89.20416259765625,-90.19754028320312,-90.71045684814453,-90.1011962890625,-88.84125518798828,-88.27040100097656,-84.57723236083984,-83.7649917602539,-83.9860610961914,-84.1643295288086,-85.04545593261719,-86.81976318359375,-88.56622314453125,-89.2648696899414,-88.01010131835938,-87.1121826171875,-86.8569107055664,-87.35369110107422,-87.74449157714844,-87.9119873046875,-87.96278381347656,-87.97657012939453,-88.88011169433594,-89.45669555664062,-89.64265441894531,-89.22280883789062,-88.49503326416016,-88.14398956298828,-88.52977752685547,-86.5821762084961,-85.26897430419922,-85.29740142822266,-85.06369018554688,-84.39430236816406,-83.52056884765625,-83.05545043945312,-83.33514404296875,-82.16531372070312,-81.78724670410156,0.0
-74.71302032470703,-75.11643981933594,-75.16790771484375,-74.1742172241211,-78.6030502319336,-82.42528533935547,-82.1119155883789,-86.62776184082031,-87.93421936035156,-87.92042541503906,-89.20416259765625,-90.19754028320312,-90.71045684814453,-90.1011962890625,-88.84125518798828,-88.27040100097656,-84.57723236083984,-83.7649917602539,-83.9860610961914,-84.1643295288086,-85.04545593261719,-86.81976318359375,-88.56622314453125,-89.2648696899414,-88.01010131835938,-87.1121826171875,-86.8569107055664,-87.35369110107422,-87.74449157714844,-87.9119873046875,-87.96278381347656,-87.97657012939453,-88.88011169433594,-89.45669555664062,-89.64265441894531,-89.22280883789062,-88.49503326416016,-88.14398956298828,-88.52977752685547,-86.5821762084961,-85.26897430419922,-85.29740142822266,-85.06369018554688,-84.39430236816406,-83.52056884765625,-83.05545043945312,-83.33514404296875,-82.16531372070312,-81.78724670410156,-81.29389190673828,0.0
-75.11643981933594,-75.16790771484375,-74.1742172241211,-78.6030502319336,-82.42528533935547,-82.1119155883789,-86.62776184082031,-87.93421936035156,-87.92042541503906,-89.20416259765625,-90.19754028320312,-90.71045684814453,-90.1011962890625,-88.84125518798828,-88.27040100097656,-84.57723236083984,-83.7649917602539,-83.9860610961914,-84.1643295288086,-85.04545593261719,-86.81976318359375,-88.56622314453125,-89.2648696899414,-88.01010131835938,-87.1121826171875,-86.8569107055664,-87.35369110107422,-87.74449157714844,-87.9119873046875,-87.96278381347656,-87.97657012939453,-88.88011169433594,-89.45669555664062,-89.64265441894531,-89.22280883789062,-88.49503326416016,-88.14398956298828,-88.52977752685547,-86.5821762084961,-85.26897430419922,-85.29740142822266,-85.06369018554688,-84.39430236816406,-83.52056884765625,-83.05545043945312,-83.33514404296875,-82.16531372070312,-81.78724670410156,-81.29389190673828,-82.37590026855469,0.0
-75.16790771484375,-74.1742172241211,-78.6030502319336,-82.42528533935547,-82.1119155883789,-86.62776184082031,-87.93421936035156,-87.92042541503906,-89.20416259765625,-90.19754028320312,-90.71045684814453,-90.1011962890625,-88.84125518798828,-88.27040100097656,-84.57723236083984,-83.7649917602539,-83.9860610961914,-84.1643295288086,-85.04545593261719,-86.81976318359375,-88.56622314453125,-89.2648696899414,-88.01010131835938,-87.1121826171875,-86.8569107055664,-87.35369110107422,-87.74449157714844,-87.9119873046875,-87.96278381347656,-87.97657012939453,-88.88011169433594,-89.45669555664062,-89.64265441894531,-89.22280883789062,-88.49503326416016,-88.14398956298828,-88.52977752685547,-86.5821762084961,-85.26897430419922,-85.29740142822266,-85.06369018554688,-84.39430236816406,-83.52056884765625,-83.05545043945312,-83.33514404296875,-82.16531372070312,-81.78724670410156,-81.29389190673828,-82.37590026855469,-82.6513442993164,0.0
-74.1742172241211,-78.6030502319336,-82.42528533935547,-82.1119155883789,-86.62776184082031,-87.93421936035156,-87.92042541503906,-89.20416259765625,-90.19754028320312,-90.71045684814453,-90.1011962890625,-88.84125518798828,-88.27040100097656,-84.57723236083984,-83.7649917602539,-83.9860610961914,-84.1643295288086,-85.04545593261719,-86.81976318359375,-88.56622314453125,-89.2648696899414,-88.01010131835938,-87.1121826171875,-86.8569107055664,-87.35369110107422,-87.74449157714844,-87.9119873046875,-87.96278381347656,-87.97657012939453,-88.88011169433594,-89.45669555664062,-89.64265441894531,-89.22280883789062,-88.49503326416016,-88.14398956298828,-88.52977752685547,-86.5821762084961,-85.26897430419922,-85.29740142822266,-85.06369018554688,-84.39430236816406,-83.52056884765625,-83.05545043945312,-83.33514404296875,-82.16531372070312,-81.78724670410156,-81.29389190673828,-82.37590026855469,-82.6513442993164,-83.02203369140625,1.0
-78.6030502319336,-82.42528533935547,-82.1119155883789,-86.62776184082031,-87.93421936035156,-87.92042541503906,-89.20416259765625,-90.19754028320312,-90.71045684814453,-90.1011962890625,-88.84125518798828,-88.27040100097656,-84.57723236083984,-83.7649917602539,-83.9860610961914,-84.1643295288086,-85.04545593261719,-86.81976318359375,-88.56622314453125,-89.2648696899414,-88.01010131835938,-87.1121826171875,-86.8569107055664,-87.35369110107422,-87.74449157714844,-87.9119873046875,-87.96278381347656,-87.97657012939453,-88.88011169433594,-89.45669555664062,-89.64265441894531,-89.22280883789062,-88.49503326416016,-88.14398956298828,-88.52977752685547,-86.5821762084961,-85.26897430419922,-85.29740142822266,-85.06369018554688,-84.39430236816406,-83.52056884765625,-83.05545043945312,-83.33514404296875,-82.16531372070312,-81.78724670410156,-81.29389190673828,-82.37590026855469,-82.6513442993164,-83.02203369140625,-81.8276138305664,1.0
-82.42528533935547,-82.1119155883789,-86.62776184082031,-87.93421936035156,-87.92042541503906,-89.20416259765625,-90.19754028320312,-90.71045684814453,-90.1011962890625,-88.84125518798828,-88.27040100097656,-84.57723236083984,-83.7649917602539,-83.9860610961914,-84.1643295288086,-85.04545593261719,-86.81976318359375,-88.56622314453125,-89.2648696899414,-88.01010131835938,-87.1121826171875,-86.8569107055664,-87.35369110107422,-87.74449157714844,-87.9119873046875,-87.96278381347656,-87.97657012939453,-88.88011169433594,-89.45669555664062,-89.64265441894531,-89.22280883789062,-88.49503326416016,-88.14398956298828,-88.52977752685547,-86.5821762084961,-85.26897430419922,-85.29740142822266,-85.06369018554688,-84.39430236816406,-83.52056884765625,-83.05545043945312,-83.33514404296875,-82.16531372070312,-81.78724670410156,-81.29389190673828,-82.37590026855469,-82.6513442993164,-83.02203369140625,-81.8276138305664,-81.00634765625,0.0
-82.1119155883789,-86.62776184082031,-87.93421936035156,-87.92042541503906,-89.20416259765625,-90.19754028320312,-90.71045684814453,-90.1011962890625,-88.84125518798828,-88.27040100097656,-84.57723236083984,-83.7649917602539,-83.9860610961914,-84.1643295288086,-85.04545593261719,-86.81976318359375,-88.56622314453125,-89.2648696899414,-88.01010131835938,-87.1121826171875,-86.8569107055664,-87.35369110107422,-87.74449157714844,-87.9119873046875,-87.96278381347656,-87.97657012939453,-88.88011169433594,-89.45669555664062,-89.64265441894531,-89.22280883789062,-88.49503326416016,-88.14398956298828,-88.52977752685547,-86.5821762084961,-85.26897430419922,-85.29740142822266,-85.06369018554688,-84.39430236816406,-83.52056884765625,-83.05545043945312,-83.33514404296875,-82.16531372070312,-81.78724670410156,-81.29389190673828,-82.37590026855469,-82.6513442993164,-83.02203369140625,-81.8276138305664,-81.00634765625,-82.1191177368164,0.0
-86.62776184082031,-87.93421936035156,-87.92042541503906,-89.20416259765625,-90.19754028320312,-90.71045684814453,-90.1011962890625,-88.84125518798828,-88.27040100097656,-84.57723236083984,-83.7649917602539,-83.9860610961914,-84.1643295288086,-85.04545593261719,-86.81976318359375,-88.56622314453125,-89.2648696899414,-88.01010131835938,-87.1121826171875,-86.8569107055664,-87.35369110107422,-87.74449157714844,-87.9119873046875,-87.96278381347656,-87.97657012939453,-88.88011169433594,-89.45669555664062,-89.64265441894531,-89.22280883789062,-88.49503326416016,-88.14398956298828,-88.52977752685547,-86.5821762084961,-85.26897430419922,-85.29740142822266,-85.06369018554688,-84.39430236816406,-83.52056884765625,-83.05545043945312,-83.33514404296875,-82.16531372070312,-81.78724670410156,-81.29389190673828,-82.37590026855469,-82.6513442993164,-83.02203369140625,-81.8276138305664,-81.00634765625,-82.1191177368164,-82.5005874633789,0.0
-87.93421936035156,-87.92042541503906,-89.20416259765625,-90.19754028320312,-90.71045684814453,-90.1011962890625,-88.84125518798828,-88.27040100097656,-84.57723236083984,-83.7649917602539,-83.9860610961914,-84.1643295288086,-85.04545593261719,-86.81976318359375,-88.56622314453125,-89.2648696899414,-88.01010131835938,-87.1121826171875,-86.8569107055664,-87.35369110107422,-87.74449157714844,-87.9119873046875,-87.96278381347656,-87.97657012939453,-88.88011169433594,-89.45669555664062,-89.64265441894531,-89.22280883789062,-88.49503326416016,-88.14398956298828,-88.52977752685547,-86.5821762084961,-85.26897430419922,-85.29740142822266,-85.06369018554688,-84.39430236816406,-83.52056884765625,-83.05545043945312,-83.33514404296875,-82.16531372070312,-81.78724670410156,-81.29389190673828,-82.37590026855469,-82.6513442993164,-83.02203369140625,-81.8276138305664,-81.00634765625,-82.1191177368164,-82.5005874633789,-81.126220703125,0.0
-87.92042541503906,-89.20416259765625,-90.19754028320312,-90.71045684814453,-90.1011962890625,-88.84125518798828,-88.27040100097656,-84.57723236083984,-83.7649917602539,-83.9860610961914,-84.1643295288086,-85.04545593261719,-86.81976318359375,-88.56622314453125,-89.2648696899414,-88.01010131835938,-87.1121826171875,-86.8569107055664,-87.35369110107422,-87.74449157714844,-87.9119873046875,-87.96278381347656,-87.97657012939453,-88.88011169433594,-89.45669555664062,-89.64265441894531,-89.22280883789062,-88.49503326416016,-88.14398956298828,-88.52977752685547,-86.5821762084961,-85.26897430419922,-85.29740142822266,-85.06369018554688,-84.39430236816406,-83.52056884765625,-83.05545043945312,-83.33514404296875,-82.16531372070312,-81.78724670410156,-81.29389190673828,-82.37590026855469,-82.6513442993164,-83.02203369140625,-81.8276138305664,-81.00634765625,-82.1191177368164,-82.5005874633789,-81.126220703125,-81.59446716308594,0.0
-89.20416259765625,-90.19754028320312,-90.71045684814453,-90.1011962890625,-88.84125518798828,-88.27040100097656,-84.57723236083984,-83.7649917602539,-83.9860610961914,-84.1643295288086,-85.04545593261719,-86.81976318359375,-88.56622314453125,-89.2648696899414,-88.01010131835938,-87.1121826171875,-86.8569107055664,-87.35369110107422,-87.74449157714844,-87.9119873046875,-87.96278381347656,-87.97657012939453,-88.88011169433594,-89.45669555664062,-89.64265441894531,-89.22280883789062,-88.49503326416016,-88.14398956298828,-88.52977752685547,-86.5821762084961,-85.26897430419922,-85.29740142822266,-85.06369018554688,-84.39430236816406,-83.52056884765625,-83.05545043945312,-83.33514404296875,-82.16531372070312,-81.78724670410156,-81.29389190673828,-82.37590026855469,-82.6513442993164,-83.02203369140625,-81.8276138305664,-81.00634765625,-82.1191177368164,-82.5005874633789,-81.126220703125,-81.59446716308594,-82.1658706665039,0.0
-90.19754028320312,-90.71045684814453,-90.1011962890625,-88.84125518798828,-88.27040100097656,-84.57723236083984,-83.7649917602539,-83.9860610961914,-84.1643295288086,-85.04545593261719,-86.81976318359375,-88.56622314453125,-89.2648696899414,-88.01010131835938,-87.1121826171875,-86.8569107055664,-87.35369110107422,-87.74449157714844,-87.9119873046875,-87.96278381347656,-87.97657012939453,-88.88011169433594,-89.45669555664062,-89.64265441894531,-89.22280883789062,-88.49503326416016,-88.14398956298828,-88.52977752685547,-86.5821762084961,-85.26897430419922,-85.29740142822266,-85.06369018554688,-84.39430236816406,-83.52056884765625,-83.05545043945312,-83.33514404296875,-82.16531372070312,-81.78724670410156,-81.29389190673828,-82.37590026855469,-82.6513442993164,-83.02203369140625,-81.8276138305664,-81.00634765625,-82.1191177368164,-82.5005874633789,-81.126220703125,-81.59446716308594,-82.1658706665039,-81.9427719116211,0.0
-90.71045684814453,-90.1011962890625,-88.84125518798828,-88.27040100097656,-84.57723236083984,-83.7649917602539,-83.9860610961914,-84.1643295288086,-85.04545593261719,-86.81976318359375,-88.56622314453125,-89.2648696899414,-88.01010131835938,-87.1121826171875,-86.8569107055664,-87.35369110107422,-87.74449157714844,-87.9119873046875,-87.96278381347656,-87.97657012939453,-88.88011169433594,-89.45669555664062,-89.64265441894531,-89.22280883789062,-88.49503326416016,-88.14398956298828,-88.52977752685547,-86.5821762084961,-85.26897430419922,-85.29740142822266,-85.06369018554688,-84.39430236816406,-83.52056884765625,-83.05545043945312,-83.33514404296875,-82.16531372070312,-81.78724670410156,-81.29389190673828,-82.37590026855469,-82.6513442993164,-83.02203369140625,-81.8276138305664,-81.00634765625,-82.1191177368164,-82.5005874633789,-81.126220703125,-81.59446716308594,-82.1658706665039,-81.9427719116211,-80.31874084472656,0.0
-90.1011962890625,-88.84125518798828,-88.27040100097656,-84.57723236083984,-83.7649917602539,-83.9860610961914,-84.1643295288086,-85.04545593261719,-86.81976318359375,-88.56622314453125,-89.2648696899414,-88.01010131835938,-87.1121826171875,-86.8569107055664,-87.35369110107422,-87.74449157714844,-87.9119873046875,-87.96278381347656,-87.97657012939453,-88.88011169433594,-89.45669555664062,-89.64265441894531,-89.22280883789062,-88.49503326416016,-88.14398956298828,-88.52977752685547,-86.5821762084961,-85.26897430419922,-85.29740142822266,-85.06369018554688,-84.39430236816406,-83.52056884765625,-83.05545043945312,-83.33514404296875,-82.16531372070312,-81.78724670410156,-81.29389190673828,-82.37590026855469,-82.6513442993164,-83.02203369140625,-81.8276138305664,-81.00634765625,-82.1191177368164,-82.5005874633789,-81.126220703125,-81.59446716308594,-82.1658706665039,-81.9427719116211,-80.31874084472656,-79.36768341064453,0.0
-88.84125518798828,-88.27040100097656,-84.57723236083984,-83.7649917602539,-83.9860610961914,-84.1643295288086,-85.04545593261719,-86.81976318359375,-88.56622314453125,-89.2648696899414,-88.01010131835938,-87.1121826171875,-86.8569107055664,-87.35369110107422,-87.74449157714844,-87.9119873046875,-87.96278381347656,-87.97657012939453,-88.88011169433594,-89.45669555664062,-89.64265441894531,-89.22280883789062,-88.49503326416016,-88.14398956298828,-88.52977752685547,-86.5821762084961,-85.26897430419922,-85.29740142822266,-85.06369018554688,-84.39430236816406,-83.52056884765625,-83.05545043945312,-83.33514404296875,-82.16531372070312,-81.78724670410156,-81.29389190673828,-82.37590026855469,-82.6513442993164,-83.02203369140625,-81.8276138305664,-81.00634765625,-82.1191177368164,-82.5005874633789,-81.126220703125,-81.59446716308594,-82.1658706665039,-81.9427719116211,-80.31874084472656,-79.36768341064453,-77.70877075195312,0.0
-88.27040100097656,-84.57723236083984,-83.7649917602539,-83.9860610961914,-84.1643295288086,-85.04545593261719,-86.81976318359375,-88.56622314453125,-89.2648696899414,-88.01010131835938,-87.1121826171875,-86.8569107055664,-87.35369110107422,-87.74449157714844,-87.9119873046875,-87.96278381347656,-87.97657012939453,-88.88011169433594,-89.45669555664062,-89.64265441894531,-89.22280883789062,-88.49503326416016,-88.14398956298828,-88.52977752685547,-86.5821762084961,-85.26897430419922,-85.29740142822266,-85.06369018554688,-84.39430236816406,-83.52056884765625,-83.05545043945312,-83.33514404296875,-82.16531372070312,-81.78724670410156,-81.29389190673828,-82.37590026855469,-82.6513442993164,-83.02203369140625,-81.8276138305664,-81.00634765625,-82.1191177368164,-82.5005874633789,-81.126220703125,-81.59446716308594,-82.1658706665039,-81.9427719116211,-80.31874084472656,-79.36768341064453,-77.70877075195312,-79.60671997070312,1.0
-84.57723236083984,-83.7649917602539,-83.9860610961914,-84.1643295288086,-85.04545593261719,-86.81976318359375,-88.56622314453125,-89.2648696899414,-88.01010131835938,-87.1121826171875,-86.8569107055664,-87.35369110107422,-87.74449157714844,-87.9119873046875,-87.96278381347656,-87.97657012939453,-88.88011169433594,-89.45669555664062,-89.64265441894531,-89.22280883789062,-88.49503326416016,-88.14398956298828,-88.52977752685547,-86.5821762084961,-85.26897430419922,-85.29740142822266,-85.06369018554688,-84.39430236816406,-83.52056884765625,-83.05545043945312,-83.33514404296875,-82.16531372070312,-81.78724670410156,-81.29389190673828,-82.37590026855469,-82.6513442993164,-83.02203369140625,-81.8276138305664,-81.00634765625,-82.1191177368164,-82.5005874633789,-81.126220703125,-81.59446716308594,-82.1658706665039,-81.9427719116211,-80.31874084472656,-79.36768341064453,-77.70877075195312,-79.60671997070312,-78.76018524169922,0.0
-83.7649917602539,-83.9860610961914,-84.1643295288086,-85.04545593261719,-86.81976318359375,-88.56622314453125,-89.2648696899414,-88.01010131835938,-87.1121826171875,-86.8569107055664,-87.35369110107422,-87.74449157714844,-87.9119873046875,-87.96278381347656,-87.97657012939453,-88.88011169433594,-89.45669555664062,-89.64265441894531,-89.22280883789062,-88.49503326416016,-88.14398956298828,-88.52977752685547,-86.5821762084961,-85.26897430419922,-85.29740142822266,-85.06369018554688,-84.39430236816406,-83.52056884765625,-83.05545043945312,-83.33514404296875,-82.16531372070312,-81.78724670410156,-81.29389190673828,-82.37590026855469,-82.6513442993164,-83.02203369140625,-81.8276138305664,-81.00634765625,-82.1191177368164,-82.5005874633789,-81.126220703125,-81.59446716308594,-82.1658706665039,-81.9427719116211,-80.31874084472656,-79.36768341064453,-77.70877075195312,-79.60671997070312,-78.76018524169922,-77.79330444335938,0.0
-83.9860610961914,-84.1643295288086,-85.04545593261719,-86.81976318359375,-88.56622314453125,-89.2648696899414,-88.01010131835938,-87.1121826171875,-86.8569107055664,-87.35369110107422,-87.74449157714844,-87.9119873046875,-87.96278381347656,-87.97657012939453,-88.88011169433594,-89.45669555664062,-89.64265441894531,-89.22280883789062,-88.49503326416016,-88.14398956298828,-88.52977752685547,-86.5821762084961,-85.26897430419922,-85.29740142822266,-85.06369018554688,-84.39430236816406,-83.52056884765625,-83.05545043945312,-83.33514404296875,-82.16531372070312,-81.78724670410156,-81.29389190673828,-82.37590026855469,-82.6513442993164,-83.02203369140625,-81.8276138305664,-81.00634765625,-82.1191177368164,-82.5005874633789,-81.126220703125,-81.59446716308594,-82.1658706665039,-81.9427719116211,-80.31874084472656,-79.36768341064453,-77.70877075195312,-79.60671997070312,-78.76018524169922,-77.79330444335938,-78.28770446777344,1.0
-84.1643295288086,-85.04545593261719,-86.81976318359375,-88.56622314453125,-89.2648696899414,-88.01010131835938,-87.1121826171875,-86.8569107055664,-87.35369110107422,-87.74449157714844,-87.9119873046875,-87.96278381347656,-87.97657012939453,-88.88011169433594,-89.45669555664062,-89.64265441894531,-89.22280883789062,-88.49503326416016,-88.14398956298828,-88.52977752685547,-86.5821762084961,-85.26897430419922,-85.29740142822266,-85.06369018554688,-84.39430236816406,-83.52056884765625,-83.05545043945312,-83.33514404296875,-82.16531372070312,-81.78724670410156,-81.29389190673828,-82.37590026855469,-82.6513442993164,-83.02203369140625,-81.8276138305664,-81.00634765625,-82.1191177368164,-82.5005874633789,-81.126220703125,-81.59446716308594,-82.1658706665039,-81.9427719116211,-80.31874084472656,-79.36768341064453,-77.70877075195312,-79.60671997070312,-78.76018524169922,-77.79330444335938,-78.28770446777344,-80.1011962890625,0.0
-85.04545593261719,-86.81976318359375,-88.56622314453125,-89.2648696899414,-88.01010131835938,-87.1121826171875,-86.8569107055664,-87.35369110107422,-87.74449157714844,-87.9119873046875,-87.96278381347656,-87.97657012939453,-88.88011169433594,-89.45669555664062,-89.64265441894531,-89.22280883789062,-88.49503326416016,-88.14398956298828,-88.52977752685547,-86.5821762084961,-85.26897430419922,-85.29740142822266,-85.06369018554688,-84.39430236816406,-83.52056884765625,-83.05545043945312,-83.33514404296875,-82.16531372070312,-81.78724670410156,-81.29389190673828,-82.37590026855469,-82.6513442993164,-83.02203369140625,-81.8276138305664,-81.00634765625,-82.1191177368164,-82.5005874633789,-81.126220703125,-81.59446716308594,-82.1658706665039,-81.9427719116211,-80.31874084472656,-79.36768341064453,-77.70877075195312,-79.60671997070312,-78.76018524169922,-77.79330444335938,-78.28770446777344,-80.1011962890625,-80.61688995361328,0.0
-86.81976318359375,-88.56622314453125,-89.2648696899414,-88.01010131835938,-87.1121826171875,-86.8569107055664,-87.35369110107422,-87.74449157714844,-87.9119873046875,-87.96278381347656,-87.97657012939453,-88.88011169433594,-89.45669555664062,-89.64265441894531,-89.22280883789062,-88.49503326416016,-88.14398956298828,-88.52977752685547,-86.5821762084961,-85.26897430419922,-85.29740142822266,-85.06369018554688,-84.39430236816406,-83.52056884765625,-83.05545043945312,-83.33514404296875,-82.16531372070312,-81.78724670410156,-81.29389190673828,-82.37590026855469,-82.6513442993164,-83.02203369140625,-81.8276138305664,-81.00634765625,-82.1191177368164,-82.5005874633789,-81.126220703125,-81.59446716308594,-82.1658706665039,-81.9427719116211,-80.31874084472656,-79.36768341064453,-77.70877075195312,-79.60671997070312,-78.76018524169922,-77.79330444335938,-78.28770446777344,-80.1011962890625,-80.61688995361328,-79.64088439941406,0.0
-88.56622314453125,-89.2648696899414,-88.01010131835938,-87.1121826171875,-86.8569107055664,-87.35369110107422,-87.74449157714844,-87.9119873046875,-87.96278381347656,-87.97657012939453,-88.88011169433594,-89.45669555664062,-89.64265441894531,-89.22280883789062,-88.49503326416016,-88.14398956298828,-88.52977752685547,-86.5821762084961,-85.26897430419922,-85.29740142822266,-85.06369018554688,-84.39430236816406,-83.52056884765625,-83.05545043945312,-83.33514404296875,-82.16531372070312,-81.78724670410156,-81.29389190673828,-82.37590026855469,-82.6513442993164,-83.02203369140625,-81.8276138305664,-81.00634765625,-82.1191177368164,-82.5005874633789,-81.126220703125,-81.59446716308594,-82.1658706665039,-81.9427719116211,-80.31874084472656,-79.36768341064453,-77.70877075195312,-79.60671997070312,-78.76018524169922,-77.79330444335938,-78.28770446777344,-80.1011962890625,-80.61688995361328,-79.64088439941406,-81.24800109863281,0.0
-89.2648696899414,-88.01010131835938,-87.1121826171875,-86.8569107055664,-87.35369110107422,-87.74449157714844,-87.9119873046875,-87.96278381347656,-87.97657012939453,-88.88011169433594,-89.45669555664062,-89.64265441894531,-89.22280883789062,-88.49503326416016,-88.14398956298828,-88.52977752685547,-86.5821762084961,-85.26897430419922,-85.29740142822266,-85.06369018554688,-84.39430236816406,-83.52056884765625,-83.05545043945312,-83.33514404296875,-82.16531372070312,-81.78724670410156,-81.29389190673828,-82.37590026855469,-82.6513442993164,-83.02203369140625,-81.8276138305664,-81.00634765625,-82.1191177368164,-82.5005874633789,-81.126220703125,-81.59446716308594,-82.1658706665039,-81.9427719116211,-80.31874084472656,-79.36768341064453,-77.70877075195312,-79.60671997070312,-78.76018524169922,-77.79330444335938,-78.28770446777344,-80.1011962890625,-80.61688995361328,-79.64088439941406,-81.24800109863281,-82.00225830078125,0.0
-88.01010131835938,-87.1121826171875,-86.8569107055664,-87.35369110107422,-87.74449157714844,-87.9119873046875,-87.96278381347656,-87.97657012939453,-88.88011169433594,-89.45669555664062,-89.64265441894531,-89.22280883789062,-88.49503326416016,-88.14398956298828,-88.52977752685547,-86.5821762084961,-85.26897430419922,-85.29740142822266,-85.06369018554688,-84.39430236816406,-83.52056884765625,-83.05545043945312,-83.33514404296875,-82.16531372070312,-81.78724670410156,-81.29389190673828,-82.37590026855469,-82.6513442993164,-83.02203369140625,-81.8276138305664,-81.00634765625,-82.1191177368164,-82.5005874633789,-81.126220703125,-81.59446716308594,-82.1658706665039,-81.9427719116211,-80.31874084472656,-79.36768341064453,-77.70877075195312,-79.60671997070312,-78.76018524169922,-77.79330444335938,-78.28770446777344,-80.1011962890625,-80.61688995361328,-79.64088439941406,-81.24800109863281,-82.00225830078125,-81.23722076416016,0.0
-87.1121826171875,-86.8569107055664,-87.35369110107422,-87.74449157714844,-87.9119873046875,-87.96278381347656,-87.97657012939453,-88.88011169433594,-89.45669555664062,-89.64265441894531,-89.22280883789062,-88.49503326416016,-88.14398956298828,-88.52977752685547,-86.5821762084961,-85.26897430419922,-85.29740142822266,-85.06369018554688,-84.39430236816406,-83.52056884765625,-83.05545043945312,-83.33514404296875,-82.16531372070312,-81.78724670410156,-81.29389190673828,-82.37590026855469,-82.6513442993164,-83.02203369140625,-81.8276138305664,-81.00634765625,-82.1191177368164,-82.5005874633789,-81.126220703125,-81.59446716308594,-82.1658706665039,-81.9427719116211,-80.31874084472656,-79.36768341064453,-77.70877075195312,-79.60671997070312,-78.76018524169922,-77.79330444335938,-78.28770446777344,-80.1011962890625,-80.61688995361328,-79.64088439941406,-81.24800109863281,-82.00225830078125,-81.23722076416016,-80.67298126220703,0.0
-86.8569107055664,-87.35369110107422,-87.74449157714844,-87.9119873046875,-87.96278381347656,-87.97657012939453,-88.88011169433594,-89.45669555664062,-89.64265441894531,-89.22280883789062,-88.49503326416016,-88.14398956298828,-88.52977752685547,-86.5821762084961,-85.26897430419922,-85.29740142822266,-85.06369018554688,-84.39430236816406,-83.52056884765625,-83.05545043945312,-83.33514404296875,-82.16531372070312,-81.78724670410156,-81.29389190673828,-82.37590026855469,-82.6513442993164,-83.02203369140625,-81.8276138305664,-81.00634765625,-82.1191177368164,-82.5005874633789,-81.126220703125,-81.59446716308594,-82.1658706665039,-81.9427719116211,-80.31874084472656,-79.36768341064453,-77.70877075195312,-79.60671997070312,-78.76018524169922,-77.79330444335938,-78.28770446777344,-80.1011962890625,-80.61688995361328,-79.64088439941406,-81.24800109863281,-82.00225830078125,-81.23722076416016,-80.67298126220703,-80.52699279785156,0.0
-87.35369110107422,-87.74449157714844,-87.9119873046875,-87.96278381347656,-87.97657012939453,-88.88011169433594,-89.45669555664062,-89.64265441894531,-89.22280883789062,-88.49503326416016,-88.14398956298828,-88.52977752685547,-86.5821762084961,-85.26897430419922,-85.29740142822266,-85.06369018554688,-84.39430236816406,-83.52056884765625,-83.05545043945312,-83.33514404296875,-82.16531372070312,-81.78724670410156,-81.29389190673828,-82.37590026855469,-82.6513442993164,-83.02203369140625,-81.8276138305664,-81.00634765625,-82.1191177368164,-82.5005874633789,-81.126220703125,-81.59446716308594,-82.1658706665039,-81.9427719116211,-80.31874084472656,-79.36768341064453,-77.70877075195312,-79.60671997070312,-78.76018524169922,-77.79330444335938,-78.28770446777344,-80.1011962890625,-80.61688995361328,-79.64088439941406,-81.24800109863281,-82.00225830078125,-81.23722076416016,-80.67298126220703,-80.52699279785156,-81.02864837646484,0.0
-87.74449157714844,-87.9119873046875,-87.96278381347656,-87.97657012939453,-88.88011169433594,-89.45669555664062,-89.64265441894531,-89.22280883789062,-88.49503326416016,-88.14398956298828,-88.52977752685547,-86.5821762084961,-85.26897430419922,-85.29740142822266,-85.06369018554688,-84.39430236816406,-83.52056884765625,-83.05545043945312,-83.33514404296875,-82.16531372070312,-81.78724670410156,-81.29389190673828,-82.37590026855469,-82.6513442993164,-83.02203369140625,-81.8276138305664,-81.00634765625,-82.1191177368164,-82.5005874633789,-81.126220703125,-81.59446716308594,-82.1658706665039,-81.9427719116211,-80.31874084472656,-79.36768341064453,-77.70877075195312,-79.60671997070312,-78.76018524169922,-77.79330444335938,-78.28770446777344,-80.1011962890625,-80.61688995361328,-79.64088439941406,-81.24800109863281,-82.00225830078125,-81.23722076416016,-80.67298126220703,-80.52699279785156,-81.02864837646484,-80.92766571044922,0.0
-87.9119873046875,-87.96278381347656,-87.97657012939453,-88.88011169433594,-89.45669555664062,-89.64265441894531,-89.22280883789062,-88.49503326416016,-88.14398956298828,-88.52977752685547,-86.5821762084961,-85.26897430419922,-85.29740142822266,-85.06369018554688,-84.39430236816406,-83.52056884765625,-83.05545043945312,-83.33514404296875,-82.16531372070312,-81.78724670410156,-81.29389190673828,-82.37590026855469,-82.6513442993164,-83.02203369140625,-81.8276138305664,-81.00634765625,-82.1191177368164,-82.5005874633789,-81.126220703125,-81.59446716308594,-82.1658706665039,-81.9427719116211,-80.31874084472656,-79.36768341064453,-77.70877075195312,-79.60671997070312,-78.76018524169922,-77.79330444335938,-78.28770446777344,-80.1011962890625,-80.61688995361328,-79.64088439941406,-81.24800109863281,-82.00225830078125,-81.23722076416016,-80.67298126220703,-80.52699279785156,-81.02864837646484,-80.92766571044922,-81.23583221435547,0.0
-87.96278381347656,-87.97657012939453,-88.88011169433594,-89.45669555664062,-89.64265441894531,-89.22280883789062,-88.49503326416016,-88.14398956298828,-88.52977752685547,-86.5821762084961,-85.26897430419922,-85.29740142822266,-85.06369018554688,-84.39430236816406,-83.52056884765625,-83.05545043945312,-83.33514404296875,-82.16531372070312,-81.78724670410156,-81.29389190673828,-82.37590026855469,-82.6513442993164,-83.02203369140625,-81.8276138305664,-81.00634765625,-82.1191177368164,-82.5005874633789,-81.126220703125,-81.59446716308594,-82.1658706665039,-81.9427719116211,-80.31874084472656,-79.36768341064453,-77.70877075195312,-79.60671997070312,-78.76018524169922,-77.79330444335938,-78.28770446777344,-80.1011962890625,-80.61688995361328,-79.64088439941406,-81.24800109863281,-82.00225830078125,-81.23722076416016,-80.67298126220703,-80.52699279785156,-81.02864837646484,-80.92766571044922,-81.23583221435547,-81.9197998046875,0.0
-87.97657012939453,-88.88011169433594,-89.45669555664062,-89.64265441894531,-89.22280883789062,-88.49503326416016,-88.14398956298828,-88.52977752685547,-86.5821762084961,-85.26897430419922,-85.29740142822266,-85.06369018554688,-84.39430236816406,-83.52056884765625,-83.05545043945312,-83.33514404296875,-82.16531372070312,-81.78724670410156,-81.29389190673828,-82.37590026855469,-82.6513442993164,-83.02203369140625,-81.8276138305664,-81.00634765625,-82.1191177368164,-82.5005874633789,-81.126220703125,-81.59446716308594,-82.1658706665039,-81.9427719116211,-80.31874084472656,-79.36768341064453,-77.70877075195312,-79.60671997070312,-78.76018524169922,-77.79330444335938,-78.28770446777344,-80.1011962890625,-80.61688995361328,-79.64088439941406,-81.24800109863281,-82.00225830078125,-81.23722076416016,-80.67298126220703,-80.52699279785156,-81.02864837646484,-80.92766571044922,-81.23583221435547,-81.9197998046875,-80.44710540771484,0.0
-88.88011169433594,-89.45669555664062,-89.64265441894531,-89.22280883789062,-88.49503326416016,-88.14398956298828,-88.52977752685547,-86.5821762084961,-85.26897430419922,-85.29740142822266,-85.06369018554688,-84.39430236816406,-83.52056884765625,-83.05545043945312,-83.33514404296875,-82.16531372070312,-81.78724670410156,-81.29389190673828,-82.37590026855469,-82.6513442993164,-83.02203369140625,-81.8276138305664,-81.00634765625,-82.1191177368164,-82.5005874633789,-81.126220703125,-81.59446716308594,-82.1658706665039,-81.9427719116211,-80.31874084472656,-79.36768341064453,-77.70877075195312,-79.60671997070312,-78.76018524169922,-77.79330444335938,-78.28770446777344,-80.1011962890625,-80.61688995361328,-79.64088439941406,-81.24800109863281,-82.00225830078125,-81.23722076416016,-80.67298126220703,-80.52699279785156,-81.02864837646484,-80.92766571044922,-81.23583221435547,-81.9197998046875,-80.44710540771484,-80.78352355957031,0.0
-89.45669555664062,-89.64265441894531,-89.22280883789062,-88.49503326416016,-88.14398956298828,-88.52977752685547,-86.5821762084961,-85.26897430419922,-85.29740142822266,-85.06369018554688,-84.39430236816406,-83.52056884765625,-83.05545043945312,-83.33514404296875,-82.16531372070312,-81.78724670410156,-81.29389190673828,-82.37590026855469,-82.6513442993164,-83.02203369140625,-81.8276138305664,-81.00634765625,-82.1191177368164,-82.5005874633789,-81.126220703125,-81.59446716308594,-82.1658706665039,-81.9427719116211,-80.31874084472656,-79.36768341064453,-77.70877075195312,-79.60671997070312,-78.76018524169922,-77.79330444335938,-78.28770446777344,-80.1011962890625,-80.61688995361328,-79.64088439941406,-81.24800109863281,-82.00225830078125,-81.23722076416016,-80.67298126220703,-80.52699279785156,-81.02864837646484,-80.92766571044922,-81.23583221435547,-81.9197998046875,-80.44710540771484,-80.78352355957031,-80.84150695800781,0.0
-89.64265441894531,-89.22280883789062,-88.49503326416016,-88.14398956298828,-88.52977752685547,-86.5821762084961,-85.26897430419922,-85.29740142822266,-85.06369018554688,-84.39430236816406,-83.52056884765625,-83.05545043945312,-83.33514404296875,-82.16531372070312,-81.78724670410156,-81.29389190673828,-82.37590026855469,-82.6513442993164,-83.02203369140625,-81.8276138305664,-81.00634765625,-82.1191177368164,-82.5005874633789,-81.126220703125,-81.59446716308594,-82.1658706665039,-81.9427719116211,-80.31874084472656,-79.36768341064453,-77.70877075195312,-79.60671997070312,-78.76018524169922,-77.79330444335938,-78.28770446777344,-80.1011962890625,-80.61688995361328,-79.64088439941406,-81.24800109863281,-82.00225830078125,-81.23722076416016,-80.67298126220703,-80.52699279785156,-81.02864837646484,-80.92766571044922,-81.23583221435547,-81.9197998046875,-80.44710540771484,-80.78352355957031,-80.84150695800781,-80.78054809570312,1.0
-89.22280883789062,-88.49503326416016,-88.14398956298828,-88.52977752685547,-86.5821762084961,-85.26897430419922,-85.29740142822266,-85.06369018554688,-84.39430236816406,-83.52056884765625,-83.05545043945312,-83.33514404296875,-82.16531372070312,-81.78724670410156,-81.29389190673828,-82.37590026855469,-82.6513442993164,-83.02203369140625,-81.8276138305664,-81.00634765625,-82.1191177368164,-82.5005874633789,-81.126220703125,-81.59446716308594,-82.1658706665039,-81.9427719116211,-80.31874084472656,-79.36768341064453,-77.70877075195312,-79.60671997070312,-78.76018524169922,-77.79330444335938,-78.28770446777344,-80.1011962890625,-80.61688995361328,-79.64088439941406,-81.24800109863281,-82.00225830078125,-81.23722076416016,-80.67298126220703,-80.52699279785156,-81.02864837646484,-80.92766571044922,-81.23583221435547,-81.9197998046875,-80.44710540771484,-80.78352355957031,-80.84150695800781,-80.78054809570312,-78.8895034790039,0.0
-88.49503326416016,-88.14398956298828,-88.52977752685547,-86.5821762084961,-85.26897430419922,-85.29740142822266,-85.06369018554688,-84.39430236816406,-83.52056884765625,-83.05545043945312,-83.33514404296875,-82.16531372070312,-81.78724670410156,-81.29389190673828,-82.37590026855469,-82.6513442993164,-83.02203369140625,-81.8276138305664,-81.00634765625,-82.1191177368164,-82.5005874633789,-81.126220703125,-81.59446716308594,-82.1658706665039,-81.9427719116211,-80.31874084472656,-79.36768341064453,-77.70877075195312,-79.60671997070312,-78.76018524169922,-77.79330444335938,-78.28770446777344,-80.1011962890625,-80.61688995361328,-79.64088439941406,-81.24800109863281,-82.00225830078125,-81.23722076416016,-80.67298126220703,-80.52699279785156,-81.02864837646484,-80.92766571044922,-81.23583221435547,-81.9197998046875,-80.44710540771484,-80.78352355957031,-80.84150695800781,-80.78054809570312,-78.8895034790039,-77.72930145263672,1.0
-88.14398956298828,-88.52977752685547,-86.5821762084961,-85.26897430419922,-85.29740142822266,-85.06369018554688,-84.39430236816406,-83.52056884765625,-83.05545043945312,-83.33514404296875,-82.16531372070312,-81.78724670410156,-81.29389190673828,-82.37590026855469,-82.6513442993164,-83.02203369140625,-81.8276138305664,-81.00634765625,-82.1191177368164,-82.5005874633789,-81.126220703125,-81.59446716308594,-82.1658706665039,-81.9427719116211,-80.31874084472656,-79.36768341064453,-77.70877075195312,-79.60671997070312,-78.76018524169922,-77.79330444335938,-78.28770446777344,-80.1011962890625,-80.61688995361328,-79.64088439941406,-81.24800109863281,-82.00225830078125,-81.23722076416016,-80.67298126220703,-80.52699279785156,-81.02864837646484,-80.92766571044922,-81.23583221435547,-81.9197998046875,-80.44710540771484,-80.78352355957031,-80.84150695800781,-80.78054809570312,-78.8895034790039,-77.72930145263672,-72.69666290283203,0.0
-88.52977752685547,-86.5821762084961,-85.26897430419922,-85.29740142822266,-85.06369018554688,-84.39430236816406,-83.52056884765625,-83.05545043945312,-83.33514404296875,-82.16531372070312,-81.78724670410156,-81.29389190673828,-82.37590026855469,-82.6513442993164,-83.02203369140625,-81.8276138305664,-81.00634765625,-82.1191177368164,-82.5005874633789,-81.126220703125,-81.59446716308594,-82.1658706665039,-81.9427719116211,-80.31874084472656,-79.36768341064453,-77.70877075195312,-79.60671997070312,-78.76018524169922,-77.79330444335938,-78.28770446777344,-80.1011962890625,-80.61688995361328,-79.64088439941406,-81.24800109863281,-82.00225830078125,-81.23722076416016,-80.67298126220703,-80.52699279785156,-81.02864837646484,-80.92766571044922,-81.23583221435547,-81.9197998046875,-80.44710540771484,-80.78352355957031,-80.84150695800781,-80.78054809570312,-78.8895034790039,-77.72930145263672,-72.69666290283203,-70.75906372070312,1.0
-86.5821762084961,-85.26897430419922,-85.29740142822266,-85.06369018554688,-84.39430236816406,-83.52056884765625,-83.05545043945312,-83.33514404296875,-82.16531372070312,-81.78724670410156,-81.29389190673828,-82.37590026855469,-82.6513442993164,-83.02203369140625,-81.8276138305664,-81.00634765625,-82.1191177368164,-82.5005874633789,-81.126220703125,-81.59446716308594,-82.1658706665039,-81.9427719116211,-80.31874084472656,-79.36768341064453,-77.70877075195312,-79.60671997070312,-78.76018524169922,-77.79330444335938,-78.28770446777344,-80.1011962890625,-80.61688995361328,-79.64088439941406,-81.24800109863281,-82.00225830078125,-81.23722076416016,-80.67298126220703,-80.52699279785156,-81.02864837646484,-80.92766571044922,-81.23583221435547,-81.9197998046875,-80.44710540771484,-80.78352355957031,-80.84150695800781,-80.78054809570312,-78.8895034790039,-77.72930145263672,-72.69666290283203,-70.75906372070312,-67.66230773925781,1.0
-85.26897430419922,-85.29740142822266,-85.06369018554688,-84.39430236816406,-83.52056884765625,-83.05545043945312,-83.33514404296875,-82.16531372070312,-81.78724670410156,-81.29389190673828,-82.37590026855469,-82.6513442993164,-83.02203369140625,-81.8276138305664,-81.00634765625,-82.1191177368164,-82.5005874633789,-81.126220703125,-81.59446716308594,-82.1658706665039,-81.9427719116211,-80.31874084472656,-79.36768341064453,-77.70877075195312,-79.60671997070312,-78.76018524169922,-77.79330444335938,-78.28770446777344,-80.1011962890625,-80.61688995361328,-79.64088439941406,-81.24800109863281,-82.00225830078125,-81.23722076416016,-80.67298126220703,-80.52699279785156,-81.02864837646484,-80.92766571044922,-81.23583221435547,-81.9197998046875,-80.44710540771484,-80.78352355957031,-80.84150695800781,-80.78054809570312,-78.8895034790039,-77.72930145263672,-72.69666290283203,-70.75906372070312,-67.66230773925781,-66.97259521484375,0.0
-85.29740142822266,-85.06369018554688,-84.39430236816406,-83.52056884765625,-83.05545043945312,-83.33514404296875,-82.16531372070312,-81.78724670410156,-81.29389190673828,-82.37590026855469,-82.6513442993164,-83.02203369140625,-81.8276138305664,-81.00634765625,-82.1191177368164,-82.5005874633789,-81.126220703125,-81.59446716308594,-82.1658706665039,-81.9427719116211,-80.31874084472656,-79.36768341064453,-77.70877075195312,-79.60671997070312,-78.76018524169922,-77.79330444335938,-78.28770446777344,-80.1011962890625,-80.61688995361328,-79.64088439941406,-81.24800109863281,-82.00225830078125,-81.23722076416016,-80.67298126220703,-80.52699279785156,-81.02864837646484,-80.92766571044922,-81.23583221435547,-81.9197998046875,-80.44710540771484,-80.78352355957031,-80.84150695800781,-80.78054809570312,-78.8895034790039,-77.72930145263672,-72.69666290283203,-70.75906372070312,-67.66230773925781,-66.97259521484375,-67.94771575927734,0.0
-85.06369018554688,-84.39430236816406,-83.52056884765625,-83.05545043945312,-83.33514404296875,-82.16531372070312,-81.78724670410156,-81.29389190673828,-82.37590026855469,-82.6513442993164,-83.02203369140625,-81.8276138305664,-81.00634765625,-82.1191177368164,-82.5005874633789,-81.126220703125,-81.59446716308594,-82.1658706665039,-81.9427719116211,-80.31874084472656,-79.36768341064453,-77.70877075195312,-79.60671997070312,-78.76018524169922,-77.79330444335938,-78.28770446777344,-80.1011962890625,-80.61688995361328,-79.64088439941406,-81.24800109863281,-82.00225830078125,-81.23722076416016,-80.67298126220703,-80.52699279785156,-81.02864837646484,-80.92766571044922,-81.23583221435547,-81.9197998046875,-80.44710540771484,-80.78352355957031,-80.84150695800781,-80.78054809570312,-78.8895034790039,-77.72930145263672,-72.69666290283203,-70.75906372070312,-67.66230773925781,-66.97259521484375,-67.94771575927734,-70.335205078125,0.0
-84.39430236816406,-83.52056884765625,-83.05545043945312,-83.33514404296875,-82.16531372070312,-81.78724670410156,-81.29389190673828,-82.37590026855469,-82.6513442993164,-83.02203369140625,-81.8276138305664,-81.00634765625,-82.1191177368164,-82.5005874633789,-81.126220703125,-81.59446716308594,-82.1658706665039,-81.9427719116211,-80.31874084472656,-79.36768341064453,-77.70877075195312,-79.60671997070312,-78.76018524169922,-77.79330444335938,-78.28770446777344,-80.1011962890625,-80.61688995361328,-79.64088439941406,-81.24800109863281,-82.00225830078125,-81.23722076416016,-80.67298126220703,-80.52699279785156,-81.02864837646484,-80.92766571044922,-81.23583221435547,-81.9197998046875,-80.44710540771484,-80.78352355957031,-80.84150695800781,-80.78054809570312,-78.8895034790039,-77.72930145263672,-72.69666290283203,-70.75906372070312,-67.66230773925781,-66.97259521484375,-67.94771575927734,-70.335205078125,-73.73426055908203,0.0
-83.52056884765625,-83.05545043945312,-83.33514404296875,-82.16531372070312,-81.78724670410156,-81.29389190673828,-82.37590026855469,-82.6513442993164,-83.02203369140625,-81.8276138305664,-81.00634765625,-82.1191177368164,-82.5005874633789,-81.126220703125,-81.59446716308594,-82.1658706665039,-81.9427719116211,-80.31874084472656,-79.36768341064453,-77.70877075195312,-79.60671997070312,-78.76018524169922,-77.79330444335938,-78.28770446777344,-80.1011962890625,-80.61688995361328,-79.64088439941406,-81.24800109863281,-82.00225830078125,-81.23722076416016,-80.67298126220703,-80.52699279785156,-81.02864837646484,-80.92766571044922,-81.23583221435547,-81.9197998046875,-80.44710540771484,-80.78352355957031,-80.84150695800781,-80.78054809570312,-78.8895034790039,-77.72930145263672,-72.69666290283203,-70.75906372070312,-67.66230773925781,-66.97259521484375,-67.94771575927734,-70.335205078125,-73.73426055908203,-76.59837341308594,1.0
-83.05545043945312,-83.33514404296875,-82.16531372070312,-81.78724670410156,-81.29389190673828,-82.37590026855469,-82.6513442993164,-83.02203369140625,-81.8276138305664,-81.00634765625,-82.1191177368164,-82.5005874633789,-81.126220703125,-81.59446716308594,-82.1658706665039,-81.9427719116211,-80.31874084472656,-79.36768341064453,-77.70877075195312,-79.60671997070312,-78.76018524169922,-77.79330444335938,-78.28770446777344,-80.1011962890625,-80.61688995361328,-79.64088439941406,-81.24800109863281,-82.00225830078125,-81.23722076416016,-80.67298126220703,-80.52699279785156,-81.02864837646484,-80.92766571044922,-81.23583221435547,-81.9197998046875,-80.44710540771484,-80.78352355957031,-80.84150695800781,-80.78054809570312,-78.8895034790039,-77.72930145263672,-72.69666290283203,-70.75906372070312,-67.66230773925781,-66.97259521484375,-67.94771575927734,-70.335205078125,-73.73426055908203,-76.59837341308594,-77.18765258789062,1.0
-83.33514404296875,-82.16531372070312,-81.78724670410156,-81.29389190673828,-82.37590026855469,-82.6513442993164,-83.02203369140625,-81.8276138305664,-81.00634765625,-82.1191177368164,-82.5005874633789,-81.126220703125,-81.59446716308594,-82.1658706665039,-81.9427719116211,-80.31874084472656,-79.36768341064453,-77.70877075195312,-79.60671997070312,-78.76018524169922,-77.79330444335938,-78.28770446777344,-80.1011962890625,-80.61688995361328,-79.64088439941406,-81.24800109863281,-82.00225830078125,-81.23722076416016,-80.67298126220703,-80.52699279785156,-81.02864837646484,-80.92766571044922,-81.23583221435547,-81.9197998046875,-80.44710540771484,-80.78352355957031,-80.84150695800781,-80.78054809570312,-78.8895034790039,-77.72930145263672,-72.69666290283203,-70.75906372070312,-67.66230773925781,-66.97259521484375,-67.94771575927734,-70.335205078125,-73.73426055908203,-76.59837341308594,-77.18765258789062,-77.93761444091797,1.0
-82.16531372070312,-81.78724670410156,-81.29389190673828,-82.37590026855469,-82.6513442993164,-83.02203369140625,-81.8276138305664,-81.00634765625,-82.1191177368164,-82.5005874633789,-81.126220703125,-81.59446716308594,-82.1658706665039,-81.9427719116211,-80.31874084472656,-79.36768341064453,-77.70877075195312,-79.60671997070312,-78.76018524169922,-77.79330444335938,-78.28770446777344,-80.1011962890625,-80.61688995361328,-79.64088439941406,-81.24800109863281,-82.00225830078125,-81.23722076416016,-80.67298126220703,-80.52699279785156,-81.02864837646484,-80.92766571044922,-81.23583221435547,-81.9197998046875,-80.44710540771484,-80.78352355957031,-80.84150695800781,-80.78054809570312,-78.8895034790039,-77.72930145263672,-72.69666290283203,-70.75906372070312,-67.66230773925781,-66.97259521484375,-67.94771575927734,-70.335205078125,-73.73426055908203,-76.59837341308594,-77.18765258789062,-77.93761444091797,-78.3825454711914,0.0
-81.78724670410156,-81.29389190673828,-82.37590026855469,-82.6513442993164,-83.02203369140625,-81.8276138305664,-81.00634765625,-82.1191177368164,-82.5005874633789,-81.126220703125,-81.59446716308594,-82.1658706665039,-81.9427719116211,-80.31874084472656,-79.36768341064453,-77.70877075195312,-79.60671997070312,-78.76018524169922,-77.79330444335938,-78.28770446777344,-80.1011962890625,-80.61688995361328,-79.64088439941406,-81.24800109863281,-82.00225830078125,-81.23722076416016,-80.67298126220703,-80.52699279785156,-81.02864837646484,-80.92766571044922,-81.23583221435547,-81.9197998046875,-80.44710540771484,-80.78352355957031,-80.84150695800781,-80.78054809570312,-78.8895034790039,-77.72930145263672,-72.69666290283203,-70.75906372070312,-67.66230773925781,-66.97259521484375,-67.94771575927734,-70.335205078125,-73.73426055908203,-76.59837341308594,-77.18765258789062,-77.93761444091797,-78.3825454711914,-78.61666107177734,1.0
-81.29389190673828,-82.37590026855469,-82.6513442993164,-83.02203369140625,-81.8276138305664,-81.00634765625,-82.1191177368164,-82.5005874633789,-81.126220703125,-81.59446716308594,-82.1658706665039,-81.9427719116211,-80.31874084472656,-79.36768341064453,-77.70877075195312,-79.60671997070312,-78.76018524169922,-77.79330444335938,-78.28770446777344,-80.1011962890625,-80.61688995361328,-79.64088439941406,-81.24800109863281,-82.00225830078125,-81.23722076416016,-80.67298126220703,-80.52699279785156,-81.02864837646484,-80.92766571044922,-81.23583221435547,-81.9197998046875,-80.44710540771484,-80.78352355957031,-80.84150695800781,-80.78054809570312,-78.8895034790039,-77.72930145263672,-72.69666290283203,-70.75906372070312,-67.66230773925781,-66.97259521484375,-67.94771575927734,-70.335205078125,-73.73426055908203,-76.59837341308594,-77.18765258789062,-77.93761444091797,-78.3825454711914,-78.61666107177734,-80.18426513671875,0.0
-82.37590026855469,-82.6513442993164,-83.02203369140625,-81.8276138305664,-81.00634765625,-82.1191177368164,-82.5005874633789,-81.126220703125,-81.59446716308594,-82.1658706665039,-81.9427719116211,-80.31874084472656,-79.36768341064453,-77.70877075195312,-79.60671997070312,-78.76018524169922,-77.79330444335938,-78.28770446777344,-80.1011962890625,-80.61688995361328,-79.64088439941406,-81.24800109863281,-82.00225830078125,-81.23722076416016,-80.67298126220703,-80.52699279785156,-81.02864837646484,-80.92766571044922,-81.23583221435547,-81.9197998046875,-80.44710540771484,-80.78352355957031,-80.84150695800781,-80.78054809570312,-78.8895034790039,-77.72930145263672,-72.69666290283203,-70.75906372070312,-67.66230773925781,-66.97259521484375,-67.94771575927734,-70.335205078125,-73.73426055908203,-76.59837341308594,-77.18765258789062,-77.93761444091797,-78.3825454711914,-78.61666107177734,-80.18426513671875,-80.79088592529297,0.0
-82.6513442993164,-83.02203369140625,-81.8276138305664,-81.00634765625,-82.1191177368164,-82.5005874633789,-81.126220703125,-81.59446716308594,-82.1658706665039,-81.9427719116211,-80.31874084472656,-79.36768341064453,-77.70877075195312,-79.60671997070312,-78.76018524169922,-77.79330444335938,-78.28770446777344,-80.1011962890625,-80.61688995361328,-79.64088439941406,-81.24800109863281,-82.00225830078125,-81.23722076416016,-80.67298126220703,-80.52699279785156,-81.02864837646484,-80.92766571044922,-81.23583221435547,-81.9197998046875,-80.44710540771484,-80.78352355957031,-80.84150695800781,-80.78054809570312,-78.8895034790039,-77.72930145263672,-72.69666290283203,-70.75906372070312,-67.66230773925781,-66.97259521484375,-67.94771575927734,-70.335205078125,-73.73426055908203,-76.59837341308594,-77.18765258789062,-77.93761444091797,-78.3825454711914,-78.61666107177734,-80.18426513671875,-80.79088592529297,-80.5172119140625,0.0
-83.02203369140625,-81.8276138305664,-81.00634765625,-82.1191177368164,-82.5005874633789,-81.126220703125,-81.59446716308594,-82.1658706665039,-81.9427719116211,-80.31874084472656,-79.36768341064453,-77.70877075195312,-79.60671997070312,-78.76018524169922,-77.79330444335938,-78.28770446777344,-80.1011962890625,-80.61688995361328,-79.64088439941406,-81.24800109863281,-82.00225830078125,-81.23722076416016,-80.67298126220703,-80.52699279785156,-81.02864837646484,-80.92766571044922,-81.23583221435547,-81.9197998046875,-80.44710540771484,-80.78352355957031,-80.84150695800781,-80.78054809570312,-78.8895034790039,-77.72930145263672,-72.69666290283203,-70.75906372070312,-67.66230773925781,-66.97259521484375,-67.94771575927734,-70.335205078125,-73.73426055908203,-76.59837341308594,-77.18765258789062,-77.93761444091797,-78.3825454711914,-78.61666107177734,-80.18426513671875,-80.79088592529297,-80.5172119140625,-80.81641387939453,0.0
-81.8276138305664,-81.00634765625,-82.1191177368164,-82.5005874633789,-81.126220703125,-81.59446716308594,-82.1658706665039,-81.9427719116211,-80.31874084472656,-79.36768341064453,-77.70877075195312,-79.60671997070312,-78.76018524169922,-77.79330444335938,-78.28770446777344,-80.1011962890625,-80.61688995361328,-79.64088439941406,-81.24800109863281,-82.00225830078125,-81.23722076416016,-80.67298126220703,-80.52699279785156,-81.02864837646484,-80.92766571044922,-81.23583221435547,-81.9197998046875,-80.44710540771484,-80.78352355957031,-80.84150695800781,-80.78054809570312,-78.8895034790039,-77.72930145263672,-72.69666290283203,-70.75906372070312,-67.66230773925781,-66.97259521484375,-67.94771575927734,-70.335205078125,-73.73426055908203,-76.59837341308594,-77.18765258789062,-77.93761444091797,-78.3825454711914,-78.61666107177734,-80.18426513671875,-80.79088592529297,-80.5172119140625,-80.81641387939453,-81.15331268310547,0.0
-81.00634765625,-82.1191177368164,-82.5005874633789,-81.126220703125,-81.59446716308594,-82.1658706665039,-81.9427719116211,-80.31874084472656,-79.36768341064453,-77.70877075195312,-79.60671997070312,-78.76018524169922,-77.79330444335938,-78.28770446777344,-80.1011962890625,-80.61688995361328,-79.64088439941406,-81.24800109863281,-82.00225830078125,-81.23722076416016,-80.67298126220703,-80.52699279785156,-81.02864837646484,-80.92766571044922,-81.23583221435547,-81.9197998046875,-80.44710540771484,-80.78352355957031,-80.84150695800781,-80.78054809570312,-78.8895034790039,-77.72930145263672,-72.69666290283203,-70.75906372070312,-67.66230773925781,-66.97259521484375,-67.94771575927734,-70.335205078125,-73.73426055908203,-76.59837341308594,-77.18765258789062,-77.93761444091797,-78.3825454711914,-78.61666107177734,-80.18426513671875,-80.79088592529297,-80.5172119140625,-80.81641387939453,-81.15331268310547,-80.90638732910156,0.0
-82.1191177368164,-82.5005874633789,-81.126220703125,-81.59446716308594,-82.1658706665039,-81.9427719116211,-80.31874084472656,-79.36768341064453,-77.70877075195312,-79.60671997070312,-78.76018524169922,-77.79330444335938,-78.28770446777344,-80.1011962890625,-80.61688995361328,-79.64088439941406,-81.24800109863281,-82.00225830078125,-81.23722076416016,-80.67298126220703,-80.52699279785156,-81.02864837646484,-80.92766571044922,-81.23583221435547,-81.9197998046875,-80.44710540771484,-80.78352355957031,-80.84150695800781,-80.78054809570312,-78.8895034790039,-77.72930145263672,-72.69666290283203,-70.75906372070312,-67.66230773925781,-66.97259521484375,-67.94771575927734,-70.335205078125,-73.73426055908203,-76.59837341308594,-77.18765258789062,-77.93761444091797,-78.3825454711914,-78.61666107177734,-80.18426513671875,-80.79088592529297,-80.5172119140625,-80.81641387939453,-81.15331268310547,-80.90638732910156,-80.74053955078125,0.0
-82.5005874633789,-81.126220703125,-81.59446716308594,-82.1658706665039,-81.9427719116211,-80.31874084472656,-79.36768341064453,-77.70877075195312,-79.60671997070312,-78.76018524169922,-77.79330444335938,-78.28770446777344,-80.1011962890625,-80.61688995361328,-79.64088439941406,-81.24800109863281,-82.00225830078125,-81.23722076416016,-80.67298126220703,-80.52699279785156,-81.02864837646484,-80.92766571044922,-81.23583221435547,-81.9197998046875,-80.44710540771484,-80.78352355957031,-80.84150695800781,-80.78054809570312,-78.8895034790039,-77.72930145263672,-72.69666290283203,-70.75906372070312,-67.66230773925781,-66.97259521484375,-67.94771575927734,-70.335205078125,-73.73426055908203,-76.59837341308594,-77.18765258789062,-77.93761444091797,-78.3825454711914,-78.61666107177734,-80.18426513671875,-80.79088592529297,-80.5172119140625,-80.81641387939453,-81.15331268310547,-80.90638732910156,-80.74053955078125,-79.3421401977539,0.0
-81.126220703125,-81.59446716308594,-82.1658706665039,-81.9427719116211,-80.31874084472656,-79.36768341064453,-77.70877075195312,-79.60671997070312,-78.76018524169922,-77.79330444335938,-78.28770446777344,-80.1011962890625,-80.61688995361328,-79.64088439941406,-81.24800109863281,-82.00225830078125,-81.23722076416016,-80.67298126220703,-80.52699279785156,-81.02864837646484,-80.92766571044922,-81.23583221435547,-81.9197998046875,-80.44710540771484,-80.78352355957031,-80.84150695800781,-80.78054809570312,-78.8895034790039,-77.72930145263672,-72.69666290283203,-70.75906372070312,-67.66230773925781,-66.97259521484375,-67.94771575927734,-70.335205078125,-73.73426055908203,-76.59837341308594,-77.18765258789062,-77.93761444091797,-78.3825454711914,-78.61666107177734,-80.18426513671875,-80.79088592529297,-80.5172119140625,-80.81641387939453,-81.15331268310547,-80.90638732910156,-80.74053955078125,-79.3421401977539,-80.36412048339844,0.0
-81.59446716308594,-82.1658706665039,-81.9427719116211,-80.31874084472656,-79.36768341064453,-77.70877075195312,-79.60671997070312,-78.76018524169922,-77.79330444335938,-78.28770446777344,-80.1011962890625,-80.61688995361328,-79.64088439941406,-81.24800109863281,-82.00225830078125,-81.23722076416016,-80.67298126220703,-80.52699279785156,-81.02864837646484,-80.92766571044922,-81.23583221435547,-81.9197998046875,-80.44710540771484,-80.78352355957031,-80.84150695800781,-80.78054809570312,-78.8895034790039,-77.72930145263672,-72.69666290283203,-70.75906372070312,-67.66230773925781,-66.97259521484375,-67.94771575927734,-70.335205078125,-73.73426055908203,-76.59837341308594,-77.18765258789062,-77.93761444091797,-78.3825454711914,-78.61666107177734,-80.18426513671875,-80.79088592529297,-80.5172119140625,-80.81641387939453,-81.15331268310547,-80.90638732910156,-80.74053955078125,-79.3421401977539,-80.36412048339844,-82.63410949707031,0.0
-82.1658706665039,-81.9427719116211,-80.31874084472656,-79.36768341064453,-77.70877075195312,-79.60671997070312,-78.76018524169922,-77.79330444335938,-78.28770446777344,-80.1011962890625,-80.61688995361328,-79.64088439941406,-81.24800109863281,-82.00225830078125,-81.23722076416016,-80.67298126220703,-80.52699279785156,-81.02864837646484,-80.92766571044922,-81.23583221435547,-81.9197998046875,-80.44710540771484,-80.78352355957031,-80.84150695800781,-80.78054809570312,-78.8895034790039,-77.72930145263672,-72.69666290283203,-70.75906372070312,-67.66230773925781,-66.97259521484375,-67.94771575927734,-70.335205078125,-73.73426055908203,-76.59837341308594,-77.18765258789062,-77.93761444091797,-78.3825454711914,-78.61666107177734,-80.18426513671875,-80.79088592529297,-80.5172119140625,-80.81641387939453,-81.15331268310547,-80.90638732910156,-80.74053955078125,-79.3421401977539,-80.36412048339844,-82.63410949707031,-83.35050964355469,0.0
-81.9427719116211,-80.31874084472656,-79.36768341064453,-77.70877075195312,-79.60671997070312,-78.76018524169922,-77.79330444335938,-78.28770446777344,-80.1011962890625,-80.61688995361328,-79.64088439941406,-81.24800109863281,-82.00225830078125,-81.23722076416016,-80.67298126220703,-80.52699279785156,-81.02864837646484,-80.92766571044922,-81.23583221435547,-81.9197998046875,-80.44710540771484,-80.78352355957031,-80.84150695800781,-80.78054809570312,-78.8895034790039,-77.72930145263672,-72.69666290283203,-70.75906372070312,-67.66230773925781,-66.97259521484375,-67.94771575927734,-70.335205078125,-73.73426055908203,-76.59837341308594,-77.18765258789062,-77.93761444091797,-78.3825454711914,-78.61666107177734,-80.18426513671875,-80.79088592529297,-80.5172119140625,-80.81641387939453,-81.15331268310547,-80.90638732910156,-80.74053955078125,-79.3421401977539,-80.36412048339844,-82.63410949707031,-83.35050964355469,-83.34505462646484,0.0
-80.31874084472656,-79.36768341064453,-77.70877075195312,-79.60671997070312,-78.76018524169922,-77.79330444335938,-78.28770446777344,-80.1011962890625,-80.61688995361328,-79.64088439941406,-81.24800109863281,-82.00225830078125,-81.23722076416016,-80.67298126220703,-80.52699279785156,-81.02864837646484,-80.92766571044922,-81.23583221435547,-81.9197998046875,-80.44710540771484,-80.78352355957031,-80.84150695800781,-80.78054809570312,-78.8895034790039,-77.72930145263672,-72.69666290283203,-70.75906372070312,-67.66230773925781,-66.97259521484375,-67.94771575927734,-70.335205078125,-73.73426055908203,-76.59837341308594,-77.18765258789062,-77.93761444091797,-78.3825454711914,-78.61666107177734,-80.18426513671875,-80.79088592529297,-80.5172119140625,-80.81641387939453,-81.15331268310547,-80.90638732910156,-80.74053955078125,-79.3421401977539,-80.36412048339844,-82.63410949707031,-83.35050964355469,-83.34505462646484,-83.23424530029297,0.0
-79.36768341064453,-77.70877075195312,-79.60671997070312,-78.76018524169922,-77.79330444335938,-78.28770446777344,-80.1011962890625,-80.61688995361328,-79.64088439941406,-81.24800109863281,-82.00225830078125,-81.23722076416016,-80.67298126220703,-80.52699279785156,-81.02864837646484,-80.92766571044922,-81.23583221435547,-81.9197998046875,-80.44710540771484,-80.78352355957031,-80.84150695800781,-80.78054809570312,-78.8895034790039,-77.72930145263672,-72.69666290283203,-70.75906372070312,-67.66230773925781,-66.97259521484375,-67.94771575927734,-70.335205078125,-73.73426055908203,-76.59837341308594,-77.18765258789062,-77.93761444091797,-78.3825454711914,-78.61666107177734,-80.18426513671875,-80.79088592529297,-80.5172119140625,-80.81641387939453,-81.15331268310547,-80.90638732910156,-80.74053955078125,-79.3421401977539,-80.36412048339844,-82.63410949707031,-83.35050964355469,-83.34505462646484,-83.23424530029297,-83.18986511230469,1.0
-77.70877075195312,-79.60671997070312,-78.76018524169922,-77.79330444335938,-78.28770446777344,-80.1011962890625,-80.61688995361328,-79.64088439941406,-81.24800109863281,-82.00225830078125,-81.23722076416016,-80.67298126220703,-80.52699279785156,-81.02864837646484,-80.92766571044922,-81.23583221435547,-81.9197998046875,-80.44710540771484,-80.78352355957031,-80.84150695800781,-80.78054809570312,-78.8895034790039,-77.72930145263672,-72.69666290283203,-70.75906372070312,-67.66230773925781,-66.97259521484375,-67.94771575927734,-70.335205078125,-73.73426055908203,-76.59837341308594,-77.18765258789062,-77.93761444091797,-78.3825454711914,-78.61666107177734,-80.18426513671875,-80.79088592529297,-80.5172119140625,-80.81641387939453,-81.15331268310547,-80.90638732910156,-80.74053955078125,-79.3421401977539,-80.36412048339844,-82.63410949707031,-83.35050964355469,-83.34505462646484,-83.23424530029297,-83.18986511230469,-84.11732482910156,0.0
-79.60671997070312,-78.76018524169922,-77.79330444335938,-78.28770446777344,-80.1011962890625,-80.61688995361328,-79.64088439941406,-81.24800109863281,-82.00225830078125,-81.23722076416016,-80.67298126220703,-80.52699279785156,-81.02864837646484,-80.92766571044922,-81.23583221435547,-81.9197998046875,-80.44710540771484,-80.78352355957031,-80.84150695800781,-80.78054809570312,-78.8895034790039,-77.72930145263672,-72.69666290283203,-70.75906372070312,-67.66230773925781,-66.97259521484375,-67.94771575927734,-70.335205078125,-73.73426055908203,-76.59837341308594,-77.18765258789062,-77.93761444091797,-78.3825454711914,-78.61666107177734,-80.18426513671875,-80.79088592529297,-80.5172119140625,-80.81641387939453,-81.15331268310547,-80.90638732910156,-80.74053955078125,-79.3421401977539,-80.36412048339844,-82.63410949707031,-83.35050964355469,-83.34505462646484,-83.23424530029297,-83.18986511230469,-84.11732482910156,-84.73465728759766,0.0
-78.76018524169922,-77.79330444335938,-78.28770446777344,-80.1011962890625,-80.61688995361328,-79.64088439941406,-81.24800109863281,-82.00225830078125,-81.23722076416016,-80.67298126220703,-80.52699279785156,-81.02864837646484,-80.92766571044922,-81.23583221435547,-81.9197998046875,-80.44710540771484,-80.78352355957031,-80.84150695800781,-80.78054809570312,-78.8895034790039,-77.72930145263672,-72.69666290283203,-70.75906372070312,-67.66230773925781,-66.97259521484375,-67.94771575927734,-70.335205078125,-73.73426055908203,-76.59837341308594,-77.18765258789062,-77.93761444091797,-78.3825454711914,-78.61666107177734,-80.18426513671875,-80.79088592529297,-80.5172119140625,-80.81641387939453,-81.15331268310547,-80.90638732910156,-80.74053955078125,-79.3421401977539,-80.36412048339844,-82.63410949707031,-83.35050964355469,-83.34505462646484,-83.23424530029297,-83.18986511230469,-84.11732482910156,-84.73465728759766,-84.50858306884766,0.0
-77.79330444335938,-78.28770446777344,-80.1011962890625,-80.61688995361328,-79.64088439941406,-81.24800109863281,-82.00225830078125,-81.23722076416016,-80.67298126220703,-80.52699279785156,-81.02864837646484,-80.92766571044922,-81.23583221435547,-81.9197998046875,-80.44710540771484,-80.78352355957031,-80.84150695800781,-80.78054809570312,-78.8895034790039,-77.72930145263672,-72.69666290283203,-70.75906372070312,-67.66230773925781,-66.97259521484375,-67.94771575927734,-70.335205078125,-73.73426055908203,-76.59837341308594,-77.18765258789062,-77.93761444091797,-78.3825454711914,-78.61666107177734,-80.18426513671875,-80.79088592529297,-80.5172119140625,-80.81641387939453,-81.15331268310547,-80.90638732910156,-80.74053955078125,-79.3421401977539,-80.36412048339844,-82.63410949707031,-83.35050964355469,-83.34505462646484,-83.23424530029297,-83.18986511230469,-84.11732482910156,-84.73465728759766,-84.50858306884766,-83.83300018310547,0.0
-78.28770446777344,-80.1011962890625,-80.61688995361328,-79.64088439941406,-81.24800109863281,-82.00225830078125,-81.23722076416016,-80.67298126220703,-80.52699279785156,-81.02864837646484,-80.92766571044922,-81.23583221435547,-81.9197998046875,-80.44710540771484,-80.78352355957031,-80.84150695800781,-80.78054809570312,-78.8895034790039,-77.72930145263672,-72.69666290283203,-70.75906372070312,-67.66230773925781,-66.97259521484375,-67.94771575927734,-70.335205078125,-73.73426055908203,-76.59837341308594,-77.18765258789062,-77.93761444091797,-78.3825454711914,-78.61666107177734,-80.18426513671875,-80.79088592529297,-80.5172119140625,-80.81641387939453,-81.15331268310547,-80.90638732910156,-80.74053955078125,-79.3421401977539,-80.36412048339844,-82.63410949707031,-83.35050964355469,-83.34505462646484,-83.23424530029297,-83.18986511230469,-84.11732482910156,-84.73465728759766,-84.50858306884766,-83.83300018310547,-83.49613189697266,1.0
-80.1011962890625,-80.61688995361328,-79.64088439941406,-81.24800109863281,-82.00225830078125,-81.23722076416016,-80.67298126220703,-80.52699279785156,-81.02864837646484,-80.92766571044922,-81.23583221435547,-81.9197998046875,-80.44710540771484,-80.78352355957031,-80.84150695800781,-80.78054809570312,-78.8895034790039,-77.72930145263672,-72.69666290283203,-70.75906372070312,-67.66230773925781,-66.97259521484375,-67.94771575927734,-70.335205078125,-73.73426055908203,-76.59837341308594,-77.18765258789062,-77.93761444091797,-78.3825454711914,-78.61666107177734,-80.18426513671875,-80.79088592529297,-80.5172119140625,-80.81641387939453,-81.15331268310547,-80.90638732910156,-80.74053955078125,-79.3421401977539,-80.36412048339844,-82.63410949707031,-83.35050964355469,-83.34505462646484,-83.23424530029297,-83.18986511230469,-84.11732482910156,-84.73465728759766,-84.50858306884766,-83.83300018310547,-83.49613189697266,-83.44280242919922,1.0
-80.61688995361328,-79.64088439941406,-81.24800109863281,-82.00225830078125,-81.23722076416016,-80.67298126220703,-80.52699279785156,-81.02864837646484,-80.92766571044922,-81.23583221435547,-81.9197998046875,-80.44710540771484,-80.78352355957031,-80.84150695800781,-80.78054809570312,-78.8895034790039,-77.72930145263672,-72.69666290283203,-70.75906372070312,-67.66230773925781,-66.97259521484375,-67.94771575927734,-70.335205078125,-73.73426055908203,-76.59837341308594,-77.18765258789062,-77.93761444091797,-78.3825454711914,-78.61666107177734,-80.18426513671875,-80.79088592529297,-80.5172119140625,-80.81641387939453,-81.15331268310547,-80.90638732910156,-80.74053955078125,-79.3421401977539,-80.36412048339844,-82.63410949707031,-83.35050964355469,-83.34505462646484,-83.23424530029297,-83.18986511230469,-84.11732482910156,-84.73465728759766,-84.50858306884766,-83.83300018310547,-83.49613189697266,-83.44280242919922,-84.38948059082031,0.0
-79.64088439941406,-81.24800109863281,-82.00225830078125,-81.23722076416016,-80.67298126220703,-80.52699279785156,-81.02864837646484,-80.92766571044922,-81.23583221435547,-81.9197998046875,-80.44710540771484,-80.78352355957031,-80.84150695800781,-80.78054809570312,-78.8895034790039,-77.72930145263672,-72.69666290283203,-70.75906372070312,-67.66230773925781,-66.97259521484375,-67.94771575927734,-70.335205078125,-73.73426055908203,-76.59837341308594,-77.18765258789062,-77.93761444091797,-78.3825454711914,-78.61666107177734,-80.18426513671875,-80.79088592529297,-80.5172119140625,-80.81641387939453,-81.15331268310547,-80.90638732910156,-80.74053955078125,-79.3421401977539,-80.36412048339844,-82.63410949707031,-83.35050964355469,-83.34505462646484,-83.23424530029297,-83.18986511230469,-84.11732482910156,-84.73465728759766,-84.50858306884766,-83.83300018310547,-83.49613189697266,-83.44280242919922,-84.38948059082031,-84.99148559570312,0.0
-81.24800109863281,-82.00225830078125,-81.23722076416016,-80.67298126220703,-80.52699279785156,-81.02864837646484,-80.92766571044922,-81.23583221435547,-81.9197998046875,-80.44710540771484,-80.78352355957031,-80.84150695800781,-80.78054809570312,-78.8895034790039,-77.72930145263672,-72.69666290283203,-70.75906372070312,-67.66230773925781,-66.97259521484375,-67.94771575927734,-70.335205078125,-73.73426055908203,-76.59837341308594,-77.18765258789062,-77.93761444091797,-78.3825454711914,-78.61666107177734,-80.18426513671875,-80.79088592529297,-80.5172119140625,-80.81641387939453,-81.15331268310547,-80.90638732910156,-80.74053955078125,-79.3421401977539,-80.36412048339844,-82.63410949707031,-83.35050964355469,-83.34505462646484,-83.23424530029297,-83.18986511230469,-84.11732482910156,-84.73465728759766,-84.50858306884766,-83.83300018310547,-83.49613189697266,-83.44280242919922,-84.38948059082031,-84.99148559570312,-85.17340850830078,1.0
-82.00225830078125,-81.23722076416016,-80.67298126220703,-80.52699279785156,-81.02864837646484,-80.92766571044922,-81.23583221435547,-81.9197998046875,-80.44710540771484,-80.78352355957031,-80.84150695800781,-80.78054809570312,-78.8895034790039,-77.72930145263672,-72.69666290283203,-70.75906372070312,-67.66230773925781,-66.97259521484375,-67.94771575927734,-70.335205078125,-73.73426055908203,-76.59837341308594,-77.18765258789062,-77.93761444091797,-78.3825454711914,-78.61666107177734,-80.18426513671875,-80.79088592529297,-80.5172119140625,-80.81641387939453,-81.15331268310547,-80.90638732910156,-80.74053955078125,-79.3421401977539,-80.36412048339844,-82.63410949707031,-83.35050964355469,-83.34505462646484,-83.23424530029297,-83.18986511230469,-84.11732482910156,-84.73465728759766,-84.50858306884766,-83.83300018310547,-83.49613189697266,-83.44280242919922,-84.38948059082031,-84.99148559570312,-85.17340850830078,-85.63282775878906,0.0
-81.23722076416016,-80.67298126220703,-80.52699279785156,-81.02864837646484,-80.92766571044922,-81.23583221435547,-81.9197998046875,-80.44710540771484,-80.78352355957031,-80.84150695800781,-80.78054809570312,-78.8895034790039,-77.72930145263672,-72.69666290283203,-70.75906372070312,-67.66230773925781,-66.97259521484375,-67.94771575927734,-70.335205078125,-73.73426055908203,-76.59837341308594,-77.18765258789062,-77.93761444091797,-78.3825454711914,-78.61666107177734,-80.18426513671875,-80.79088592529297,-80.5172119140625,-80.81641387939453,-81.15331268310547,-80.90638732910156,-80.74053955078125,-79.3421401977539,-80.36412048339844,-82.63410949707031,-83.35050964355469,-83.34505462646484,-83.23424530029297,-83.18986511230469,-84.11732482910156,-84.73465728759766,-84.50858306884766,-83.83300018310547,-83.49613189697266,-83.44280242919922,-84.38948059082031,-84.99148559570312,-85.17340850830078,-85.63282775878906,-85.89752197265625,0.0
-80.67298126220703,-80.52699279785156,-81.02864837646484,-80.92766571044922,-81.23583221435547,-81.9197998046875,-80.44710540771484,-80.78352355957031,-80.84150695800781,-80.78054809570312,-78.8895034790039,-77.72930145263672,-72.69666290283203,-70.75906372070312,-67.66230773925781,-66.97259521484375,-67.94771575927734,-70.335205078125,-73.73426055908203,-76.59837341308594,-77.18765258789062,-77.93761444091797,-78.3825454711914,-78.61666107177734,-80.18426513671875,-80.79088592529297,-80.5172119140625,-80.81641387939453,-81.15331268310547,-80.90638732910156,-80.74053955078125,-79.3421401977539,-80.36412048339844,-82.63410949707031,-83.35050964355469,-83.34505462646484,-83.23424530029297,-83.18986511230469,-84.11732482910156,-84.73465728759766,-84.50858306884766,-83.83300018310547,-83.49613189697266,-83.44280242919922,-84.38948059082031,-84.99148559570312,-85.17340850830078,-85.63282775878906,-85.89752197265625,-85.07645416259766,0.0
-80.52699279785156,-81.02864837646484,-80.92766571044922,-81.23583221435547,-81.9197998046875,-80.44710540771484,-80.78352355957031,-80.84150695800781,-80.78054809570312,-78.8895034790039,-77.72930145263672,-72.69666290283203,-70.75906372070312,-67.66230773925781,-66.97259521484375,-67.94771575927734,-70.335205078125,-73.73426055908203,-76.59837341308594,-77.18765258789062,-77.93761444091797,-78.3825454711914,-78.61666107177734,-80.18426513671875,-80.79088592529297,-80.5172119140625,-80.81641387939453,-81.15331268310547,-80.90638732910156,-80.74053955078125,-79.3421401977539,-80.36412048339844,-82.63410949707031,-83.35050964355469,-83.34505462646484,-83.23424530029297,-83.18986511230469,-84.11732482910156,-84.73465728759766,-84.50858306884766,-83.83300018310547,-83.49613189697266,-83.44280242919922,-84.38948059082031,-84.99148559570312,-85.17340850830078,-85.63282775878906,-85.89752197265625,-85.07645416259766,-84.98580932617188,0.0
-81.02864837646484,-80.92766571044922,-81.23583221435547,-81.9197998046875,-80.44710540771484,-80.78352355957031,-80.84150695800781,-80.78054809570312,-78.8895034790039,-77.72930145263672,-72.69666290283203,-70.75906372070312,-67.66230773925781,-66.97259521484375,-67.94771575927734,-70.335205078125,-73.73426055908203,-76.59837341308594,-77.18765258789062,-77.93761444091797,-78.3825454711914,-78.61666107177734,-80.18426513671875,-80.79088592529297,-80.5172119140625,-80.81641387939453,-81.15331268310547,-80.90638732910156,-80.74053955078125,-79.3421401977539,-80.36412048339844,-82.63410949707031,-83.35050964355469,-83.34505462646484,-83.23424530029297,-83.18986511230469,-84.11732482910156,-84.73465728759766,-84.50858306884766,-83.83300018310547,-83.49613189697266,-83.44280242919922,-84.38948059082031,-84.99148559570312,-85.17340850830078,-85.63282775878906,-85.89752197265625,-85.07645416259766,-84.98580932617188,-83.75336456298828,0.0
-80.92766571044922,-81.23583221435547,-81.9197998046875,-80.44710540771484,-80.78352355957031,-80.84150695800781,-80.78054809570312,-78.8895034790039,-77.72930145263672,-72.69666290283203,-70.75906372070312,-67.66230773925781,-66.97259521484375,-67.94771575927734,-70.335205078125,-73.73426055908203,-76.59837341308594,-77.18765258789062,-77.93761444091797,-78.3825454711914,-78.61666107177734,-80.18426513671875,-80.79088592529297,-80.5172119140625,-80.81641387939453,-81.15331268310547,-80.90638732910156,-80.74053955078125,-79.3421401977539,-80.36412048339844,-82.63410949707031,-83.35050964355469,-83.34505462646484,-83.23424530029297,-83.18986511230469,-84.11732482910156,-84.73465728759766,-84.50858306884766,-83.83300018310547,-83.49613189697266,-83.44280242919922,-84.38948059082031,-84.99148559570312,-85.17340850830078,-85.63282775878906,-85.89752197265625,-85.07645416259766,-84.98580932617188,-83.75336456298828,-83.45719146728516,0.0
-81.23583221435547,-81.9197998046875,-80.44710540771484,-80.78352355957031,-80.84150695800781,-80.78054809570312,-78.8895034790039,-77.72930145263672,-72.69666290283203,-70.75906372070312,-67.66230773925781,-66.97259521484375,-67.94771575927734,-70.335205078125,-73.73426055908203,-76.59837341308594,-77.18765258789062,-77.93761444091797,-78.3825454711914,-78.61666107177734,-80.18426513671875,-80.79088592529297,-80.5172119140625,-80.81641387939453,-81.15331268310547,-80.90638732910156,-80.74053955078125,-79.3421401977539,-80.36412048339844,-82.63410949707031,-83.35050964355469,-83.34505462646484,-83.23424530029297,-83.18986511230469,-84.11732482910156,-84.73465728759766,-84.50858306884766,-83.83300018310547,-83.49613189697266,-83.44280242919922,-84.38948059082031,-84.99148559570312,-85.17340850830078,-85.63282775878906,-85.89752197265625,-85.07645416259766,-84.98580932617188,-83.75336456298828,-83.45719146728516,-83.98200225830078,0.0
-81.9197998046875,-80.44710540771484,-80.78352355957031,-80.84150695800781,-80.78054809570312,-78.8895034790039,-77.72930145263672,-72.69666290283203,-70.75906372070312,-67.66230773925781,-66.97259521484375,-67.94771575927734,-70.335205078125,-73.73426055908203,-76.59837341308594,-77.18765258789062,-77.93761444091797,-78.3825454711914,-78.61666107177734,-80.18426513671875,-80.79088592529297,-80.5172119140625,-80.81641387939453,-81.15331268310547,-80.90638732910156,-80.74053955078125,-79.3421401977539,-80.36412048339844,-82.63410949707031,-83.35050964355469,-83.34505462646484,-83.23424530029297,-83.18986511230469,-84.11732482910156,-84.73465728759766,-84.50858306884766,-83.83300018310547,-83.49613189697266,-83.44280242919922,-84.38948059082031,-84.99148559570312,-85.17340850830078,-85.63282775878906,-85.89752197265625,-85.07645416259766,-84.98580932617188,-83.75336456298828,-83.45719146728516,-83.98200225830078,-84.33843231201172,1.0
-80.44710540771484,-80.78352355957031,-80.84150695800781,-80.78054809570312,-78.8895034790039,-77.72930145263672,-72.69666290283203,-70.75906372070312,-67.66230773925781,-66.97259521484375,-67.94771575927734,-70.335205078125,-73.73426055908203,-76.59837341308594,-77.18765258789062,-77.93761444091797,-78.3825454711914,-78.61666107177734,-80.18426513671875,-80.79088592529297,-80.5172119140625,-80.81641387939453,-81.15331268310547,-80.90638732910156,-80.74053955078125,-79.3421401977539,-80.36412048339844,-82.63410949707031,-83.35050964355469,-83.34505462646484,-83.23424530029297,-83.18986511230469,-84.11732482910156,-84.73465728759766,-84.50858306884766,-83.83300018310547,-83.49613189697266,-83.44280242919922,-84.38948059082031,-84.99148559570312,-85.17340850830078,-85.63282775878906,-85.89752197265625,-85.07645416259766,-84.98580932617188,-83.75336456298828,-83.45719146728516,-83.98200225830078,-84.33843231201172,-84.43364715576172,0.0
-80.78352355957031,-80.84150695800781,-80.78054809570312,-78.8895034790039,-77.72930145263672,-72.69666290283203,-70.75906372070312,-67.66230773925781,-66.97259521484375,-67.94771575927734,-70.335205078125,-73.73426055908203,-76.59837341308594,-77.18765258789062,-77.93761444091797,-78.3825454711914,-78.61666107177734,-80.18426513671875,-80.79088592529297,-80.5172119140625,-80.81641387939453,-81.15331268310547,-80.90638732910156,-80.74053955078125,-79.3421401977539,-80.36412048339844,-82.63410949707031,-83.35050964355469,-83.34505462646484,-83.23424530029297,-83.18986511230469,-84.11732482910156,-84.73465728759766,-84.50858306884766,-83.83300018310547,-83.49613189697266,-83.44280242919922,-84.38948059082031,-84.99148559570312,-85.17340850830078,-85.63282775878906,-85.89752197265625,-85.07645416259766,-84.98580932617188,-83.75336456298828,-83.45719146728516,-83.98200225830078,-84.33843231201172,-84.43364715576172,-84.41070556640625,1.0
-80.84150695800781,-80.78054809570312,-78.8895034790039,-77.72930145263672,-72.69666290283203,-70.75906372070312,-67.66230773925781,-66.97259521484375,-67.94771575927734,-70.335205078125,-73.73426055908203,-76.59837341308594,-77.18765258789062,-77.93761444091797,-78.3825454711914,-78.61666107177734,-80.18426513671875,-80.79088592529297,-80.5172119140625,-80.81641387939453,-81.15331268310547,-80.90638732910156,-80.74053955078125,-79.3421401977539,-80.36412048339844,-82.63410949707031,-83.35050964355469,-83.34505462646484,-83.23424530029297,-83.18986511230469,-84.11732482910156,-84.73465728759766,-84.50858306884766,-83.83300018310547,-83.49613189697266,-83.44280242919922,-84.38948059082031,-84.99148559570312,-85.17340850830078,-85.63282775878906,-85.89752197265625,-85.07645416259766,-84.98580932617188,-83.75336456298828,-83.45719146728516,-83.98200225830078,-84.33843231201172,-84.43364715576172,-84.41070556640625,-84.81945037841797,0.0
-80.78054809570312,-78.8895034790039,-77.72930145263672,-72.69666290283203,-70.75906372070312,-67.66230773925781,-66.97259521484375,-67.94771575927734,-70.335205078125,-73.73426055908203,-76.59837341308594,-77.18765258789062,-77.93761444091797,-78.3825454711914,-78.61666107177734,-80.18426513671875,-80.79088592529297,-80.5172119140625,-80.81641387939453,-81.15331268310547,-80.90638732910156,-80.74053955078125,-79.3421401977539,-80.36412048339844,-82.63410949707031,-83.35050964355469,-83.34505462646484,-83.23424530029297,-83.18986511230469,-84.11732482910156,-84.73465728759766,-84.50858306884766,-83.83300018310547,-83.49613189697266,-83.44280242919922,-84.38948059082031,-84.99148559570312,-85.17340850830078,-85.63282775878906,-85.89752197265625,-85.07645416259766,-84.98580932617188,-83.75336456298828,-83.45719146728516,-83.98200225830078,-84.33843231201172,-84.43364715576172,-84.41070556640625,-84.81945037841797,-84.61734771728516,1.0
-78.8895034790039,-77.72930145263672,-72.69666290283203,-70.75906372070312,-67.66230773925781,-66.97259521484375,-67.94771575927734,-70.335205078125,-73.73426055908203,-76.59837341308594,-77.18765258789062,-77.93761444091797,-78.3825454711914,-78.61666107177734,-80.18426513671875,-80.79088592529297,-80.5172119140625,-80.81641387939453,-81.15331268310547,-80.90638732910156,-80.74053955078125,-79.3421401977539,-80.36412048339844,-82.63410949707031,-83.35050964355469,-83.34505462646484,-83.23424530029297,-83.18986511230469,-84.11732482910156,-84.73465728759766,-84.50858306884766,-83.83300018310547,-83.49613189697266,-83.44280242919922,-84.38948059082031,-84.99148559570312,-85.17340850830078,-85.63282775878906,-85.89752197265625,-85.07645416259766,-84.98580932617188,-83.75336456298828,-83.45719146728516,-83.98200225830078,-84.33843231201172,-84.43364715576172,-84.41070556640625,-84.81945037841797,-84.61734771728516,-84.40312957763672,1.0
-77.72930145263672,-72.69666290283203,-70.75906372070312,-67.66230773925781,-66.97259521484375,-67.94771575927734,-70.335205078125,-73.73426055908203,-76.59837341308594,-77.18765258789062,-77.93761444091797,-78.3825454711914,-78.61666107177734,-80.18426513671875,-80.79088592529297,-80.5172119140625,-80.81641387939453,-81.15331268310547,-80.90638732910156,-80.74053955078125,-79.3421401977539,-80.36412048339844,-82.63410949707031,-83.35050964355469,-83.34505462646484,-83.23424530029297,-83.18986511230469,-84.11732482910156,-84.73465728759766,-84.50858306884766,-83.83300018310547,-83.49613189697266,-83.44280242919922,-84.38948059082031,-84.99148559570312,-85.17340850830078,-85.63282775878906,-85.89752197265625,-85.07645416259766,-84.98580932617188,-83.75336456298828,-83.45719146728516,-83.98200225830078,-84.33843231201172,-84.43364715576172,-84.41070556640625,-84.81945037841797,-84.61734771728516,-84.40312957763672,-83.40866088867188,0.0
-72.69666290283203,-70.75906372070312,-67.66230773925781,-66.97259521484375,-67.94771575927734,-70.335205078125,-73.73426055908203,-76.59837341308594,-77.18765258789062,-77.93761444091797,-78.3825454711914,-78.61666107177734,-80.18426513671875,-80.79088592529297,-80.5172119140625,-80.81641387939453,-81.15331268310547,-80.90638732910156,-80.74053955078125,-79.3421401977539,-80.36412048339844,-82.63410949707031,-83.35050964355469,-83.34505462646484,-83.23424530029297,-83.18986511230469,-84.11732482910156,-84.73465728759766,-84.50858306884766,-83.83300018310547,-83.49613189697266,-83.44280242919922,-84.38948059082031,-84.99148559570312,-85.17340850830078,-85.63282775878906,-85.89752197265625,-85.07645416259766,-84.98580932617188,-83.75336456298828,-83.45719146728516,-83.98200225830078,-84.33843231201172,-84.43364715576172,-84.41070556640625,-84.81945037841797,-84.61734771728516,-84.40312957763672,-83.40866088867188,-83.28857421875,0.0
-70.75906372070312,-67.66230773925781,-66.97259521484375,-67.94771575927734,-70.335205078125,-73.73426055908203,-76.59837341308594,-77.18765258789062,-77.93761444091797,-78.3825454711914,-78.61666107177734,-80.18426513671875,-80.79088592529297,-80.5172119140625,-80.81641387939453,-81.15331268310547,-80.90638732910156,-80.74053955078125,-79.3421401977539,-80.36412048339844,-82.63410949707031,-83.35050964355469,-83.34505462646484,-83.23424530029297,-83.18986511230469,-84.11732482910156,-84.73465728759766,-84.50858306884766,-83.83300018310547,-83.49613189697266,-83.44280242919922,-84.38948059082031,-84.99148559570312,-85.17340850830078,-85.63282775878906,-85.89752197265625,-85.07645416259766,-84.98580932617188,-83.75336456298828,-83.45719146728516,-83.98200225830078,-84.33843231201172,-84.43364715576172,-84.41070556640625,-84.81945037841797,-84.61734771728516,-84.40312957763672,-83.40866088867188,-83.28857421875,-83.4139633178711,0.0
-67.66230773925781,-66.97259521484375,-67.94771575927734,-70.335205078125,-73.73426055908203,-76.59837341308594,-77.18765258789062,-77.93761444091797,-78.3825454711914,-78.61666107177734,-80.18426513671875,-80.79088592529297,-80.5172119140625,-80.81641387939453,-81.15331268310547,-80.90638732910156,-80.74053955078125,-79.3421401977539,-80.36412048339844,-82.63410949707031,-83.35050964355469,-83.34505462646484,-83.23424530029297,-83.18986511230469,-84.11732482910156,-84.73465728759766,-84.50858306884766,-83.83300018310547,-83.49613189697266,-83.44280242919922,-84.38948059082031,-84.99148559570312,-85.17340850830078,-85.63282775878906,-85.89752197265625,-85.07645416259766,-84.98580932617188,-83.75336456298828,-83.45719146728516,-83.98200225830078,-84.33843231201172,-84.43364715576172,-84.41070556640625,-84.81945037841797,-84.61734771728516,-84.40312957763672,-83.40866088867188,-83.28857421875,-83.4139633178711,-83.49445343017578,0.0
-66.97259521484375,-67.94771575927734,-70.335205078125,-73.73426055908203,-76.59837341308594,-77.18765258789062,-77.93761444091797,-78.3825454711914,-78.61666107177734,-80.18426513671875,-80.79088592529297,-80.5172119140625,-80.81641387939453,-81.15331268310547,-80.90638732910156,-80.74053955078125,-79.3421401977539,-80.36412048339844,-82.63410949707031,-83.35050964355469,-83.34505462646484,-83.23424530029297,-83.18986511230469,-84.11732482910156,-84.73465728759766,-84.50858306884766,-83.83300018310547,-83.49613189697266,-83.44280242919922,-84.38948059082031,-84.99148559570312,-85.17340850830078,-85.63282775878906,-85.89752197265625,-85.07645416259766,-84.98580932617188,-83.75336456298828,-83.45719146728516,-83.98200225830078,-84.33843231201172,-84.43364715576172,-84.41070556640625,-84.81945037841797,-84.61734771728516,-84.40312957763672,-83.40866088867188,-83.28857421875,-83.4139633178711,-83.49445343017578,-85.7667236328125,1.0
-67.94771575927734,-70.335205078125,-73.73426055908203,-76.59837341308594,-77.18765258789062,-77.93761444091797,-78.3825454711914,-78.61666107177734,-80.18426513671875,-80.79088592529297,-80.5172119140625,-80.81641387939453,-81.15331268310547,-80.90638732910156,-80.74053955078125,-79.3421401977539,-80.36412048339844,-82.63410949707031,-83.35050964355469,-83.34505462646484,-83.23424530029297,-83.18986511230469,-84.11732482910156,-84.73465728759766,-84.50858306884766,-83.83300018310547,-83.49613189697266,-83.44280242919922,-84.38948059082031,-84.99148559570312,-85.17340850830078,-85.63282775878906,-85.89752197265625,-85.07645416259766,-84.98580932617188,-83.75336456298828,-83.45719146728516,-83.98200225830078,-84.33843231201172,-84.43364715576172,-84.41070556640625,-84.81945037841797,-84.61734771728516,-84.40312957763672,-83.40866088867188,-83.28857421875,-83.4139633178711,-83.49445343017578,-85.7667236328125,-85.81706237792969,0.0
-70.335205078125,-73.73426055908203,-76.59837341308594,-77.18765258789062,-77.93761444091797,-78.3825454711914,-78.61666107177734,-80.18426513671875,-80.79088592529297,-80.5172119140625,-80.81641387939453,-81.15331268310547,-80.90638732910156,-80.74053955078125,-79.3421401977539,-80.36412048339844,-82.63410949707031,-83.35050964355469,-83.34505462646484,-83.23424530029297,-83.18986511230469,-84.11732482910156,-84.73465728759766,-84.50858306884766,-83.83300018310547,-83.49613189697266,-83.44280242919922,-84.38948059082031,-84.99148559570312,-85.17340850830078,-85.63282775878906,-85.89752197265625,-85.07645416259766,-84.98580932617188,-83.75336456298828,-83.45719146728516,-83.98200225830078,-84.33843231201172,-84.43364715576172,-84.41070556640625,-84.81945037841797,-84.61734771728516,-84.40312957763672,-83.40866088867188,-83.28857421875,-83.4139633178711,-83.49445343017578,-85.7667236328125,-85.81706237792969,-85.8281478881836,1.0
-73.73426055908203,-76.59837341308594,-77.18765258789062,-77.93761444091797,-78.3825454711914,-78.61666107177734,-80.18426513671875,-80.79088592529297,-80.5172119140625,-80.81641387939453,-81.15331268310547,-80.90638732910156,-80.74053955078125,-79.3421401977539,-80.36412048339844,-82.63410949707031,-83.35050964355469,-83.34505462646484,-83.23424530029297,-83.18986511230469,-84.11732482910156,-84.73465728759766,-84.50858306884766,-83.83300018310547,-83.49613189697266,-83.44280242919922,-84.38948059082031,-84.99148559570312,-85.17340850830078,-85.63282775878906,-85.89752197265625,-85.07645416259766,-84.98580932617188,-83.75336456298828,-83.45719146728516,-83.98200225830078,-84.33843231201172,-84.43364715576172,-84.41070556640625,-84.81945037841797,-84.61734771728516,-84.40312957763672,-83.40866088867188,-83.28857421875,-83.4139633178711,-83.49445343017578,-85.7667236328125,-85.81706237792969,-85.8281478881836,-85.42276000976562,1.0
-76.59837341308594,-77.18765258789062,-77.93761444091797,-78.3825454711914,-78.61666107177734,-80.18426513671875,-80.79088592529297,-80.5172119140625,-80.81641387939453,-81.15331268310547,-80.90638732910156,-80.74053955078125,-79.3421401977539,-80.36412048339844,-82.63410949707031,-83.35050964355469,-83.34505462646484,-83.23424530029297,-83.18986511230469,-84.11732482910156,-84.73465728759766,-84.50858306884766,-83.83300018310547,-83.49613189697266,-83.44280242919922,-84.38948059082031,-84.99148559570312,-85.17340850830078,-85.63282775878906,-85.89752197265625,-85.07645416259766,-84.98580932617188,-83.75336456298828,-83.45719146728516,-83.98200225830078,-84.33843231201172,-84.43364715576172,-84.41070556640625,-84.81945037841797,-84.61734771728516,-84.40312957763672,-83.40866088867188,-83.28857421875,-83.4139633178711,-83.49445343017578,-85.7667236328125,-85.81706237792969,-85.8281478881836,-85.42276000976562,-85.1822738647461,0.0
-77.18765258789062,-77.93761444091797,-78.3825454711914,-78.61666107177734,-80.18426513671875,-80.79088592529297,-80.5172119140625,-80.81641387939453,-81.15331268310547,-80.90638732910156,-80.74053955078125,-79.3421401977539,-80.36412048339844,-82.63410949707031,-83.35050964355469,-83.34505462646484,-83.23424530029297,-83.18986511230469,-84.11732482910156,-84.73465728759766,-84.50858306884766,-83.83300018310547,-83.49613189697266,-83.44280242919922,-84.38948059082031,-84.99148559570312,-85.17340850830078,-85.63282775878906,-85.89752197265625,-85.07645416259766,-84.98580932617188,-83.75336456298828,-83.45719146728516,-83.98200225830078,-84.33843231201172,-84.43364715576172,-84.41070556640625,-84.81945037841797,-84.61734771728516,-84.40312957763672,-83.40866088867188,-83.28857421875,-83.4139633178711,-83.49445343017578,-85.7667236328125,-85.81706237792969,-85.8281478881836,-85.42276000976562,-85.1822738647461,-86.49375915527344,1.0
-77.93761444091797,-78.3825454711914,-78.61666107177734,-80.18426513671875,-80.79088592529297,-80.5172119140625,-80.81641387939453,-81.15331268310547,-80.90638732910156,-80.74053955078125,-79.3421401977539,-80.36412048339844,-82.63410949707031,-83.35050964355469,-83.34505462646484,-83.23424530029297,-83.18986511230469,-84.11732482910156,-84.73465728759766,-84.50858306884766,-83.83300018310547,-83.49613189697266,-83.44280242919922,-84.38948059082031,-84.99148559570312,-85.17340850830078,-85.63282775878906,-85.89752197265625,-85.07645416259766,-84.98580932617188,-83.75336456298828,-83.45719146728516,-83.98200225830078,-84.33843231201172,-84.43364715576172,-84.41070556640625,-84.81945037841797,-84.61734771728516,-84.40312957763672,-83.40866088867188,-83.28857421875,-83.4139633178711,-83.49445343017578,-85.7667236328125,-85.81706237792969,-85.8281478881836,-85.42276000976562,-85.1822738647461,-86.49375915527344,-86.48582458496094,1.0
-78.3825454711914,-78.61666107177734,-80.18426513671875,-80.79088592529297,-80.5172119140625,-80.81641387939453,-81.15331268310547,-80.90638732910156,-80.74053955078125,-79.3421401977539,-80.36412048339844,-82.63410949707031,-83.35050964355469,-83.34505462646484,-83.23424530029297,-83.18986511230469,-84.11732482910156,-84.73465728759766,-84.50858306884766,-83.83300018310547,-83.49613189697266,-83.44280242919922,-84.38948059082031,-84.99148559570312,-85.17340850830078,-85.63282775878906,-85.89752197265625,-85.07645416259766,-84.98580932617188,-83.75336456298828,-83.45719146728516,-83.98200225830078,-84.33843231201172,-84.43364715576172,-84.41070556640625,-84.81945037841797,-84.61734771728516,-84.40312957763672,-83.40866088867188,-83.28857421875,-83.4139633178711,-83.49445343017578,-85.7667236328125,-85.81706237792969,-85.8281478881836,-85.42276000976562,-85.1822738647461,-86.49375915527344,-86.48582458496094,-84.86676788330078,0.0
-78.61666107177734,-80.18426513671875,-80.79088592529297,-80.5172119140625,-80.81641387939453,-81.15331268310547,-80.90638732910156,-80.74053955078125,-79.3421401977539,-80.36412048339844,-82.63410949707031,-83.35050964355469,-83.34505462646484,-83.23424530029297,-83.18986511230469,-84.11732482910156,-84.73465728759766,-84.50858306884766,-83.83300018310547,-83.49613189697266,-83.44280242919922,-84.38948059082031,-84.99148559570312,-85.17340850830078,-85.63282775878906,-85.89752197265625,-85.07645416259766,-84.98580932617188,-83.75336456298828,-83.45719146728516,-83.98200225830078,-84.33843231201172,-84.43364715576172,-84.41070556640625,-84.81945037841797,-84.61734771728516,-84.40312957763672,-83.40866088867188,-83.28857421875,-83.4139633178711,-83.49445343017578,-85.7667236328125,-85.81706237792969,-85.8281478881836,-85.42276000976562,-85.1822738647461,-86.49375915527344,-86.48582458496094,-84.86676788330078,-84.3550796508789,0.0
-80.18426513671875,-80.79088592529297,-80.5172119140625,-80.81641387939453,-81.15331268310547,-80.90638732910156,-80.74053955078125,-79.3421401977539,-80.36412048339844,-82.63410949707031,-83.35050964355469,-83.34505462646484,-83.23424530029297,-83.18986511230469,-84.11732482910156,-84.73465728759766,-84.50858306884766,-83.83300018310547,-83.49613189697266,-83.44280242919922,-84.38948059082031,-84.99148559570312,-85.17340850830078,-85.63282775878906,-85.89752197265625,-85.07645416259766,-84.98580932617188,-83.75336456298828,-83.45719146728516,-83.98200225830078,-84.33843231201172,-84.43364715576172,-84.41070556640625,-84.81945037841797,-84.61734771728516,-84.40312957763672,-83.40866088867188,-83.28857421875,-83.4139633178711,-83.49445343017578,-85.7667236328125,-85.81706237792969,-85.8281478881836,-85.42276000976562,-85.1822738647461,-86.49375915527344,-86.48582458496094,-84.86676788330078,-84.3550796508789,-84.83253479003906,0.0
-80.79088592529297,-80.5172119140625,-80.81641387939453,-81.15331268310547,-80.90638732910156,-80.74053955078125,-79.3421401977539,-80.36412048339844,-82.63410949707031,-83.35050964355469,-83.34505462646484,-83.23424530029297,-83.18986511230469,-84.11732482910156,-84.73465728759766,-84.50858306884766,-83.83300018310547,-83.49613189697266,-83.44280242919922,-84.38948059082031,-84.99148559570312,-85.17340850830078,-85.63282775878906,-85.89752197265625,-85.07645416259766,-84.98580932617188,-83.75336456298828,-83.45719146728516,-83.98200225830078,-84.33843231201172,-84.43364715576172,-84.41070556640625,-84.81945037841797,-84.61734771728516,-84.40312957763672,-83.40866088867188,-83.28857421875,-83.4139633178711,-83.49445343017578,-85.7667236328125,-85.81706237792969,-85.8281478881836,-85.42276000976562,-85.1822738647461,-86.49375915527344,-86.48582458496094,-84.86676788330078,-84.3550796508789,-84.83253479003906,-84.75569152832031,0.0
-80.5172119140625,-80.81641387939453,-81.15331268310547,-80.90638732910156,-80.74053955078125,-79.3421401977539,-80.36412048339844,-82.63410949707031,-83.35050964355469,-83.34505462646484,-83.23424530029297,-83.18986511230469,-84.11732482910156,-84.73465728759766,-84.50858306884766,-83.83300018310547,-83.49613189697266,-83.44280242919922,-84.38948059082031,-84.99148559570312,-85.17340850830078,-85.63282775878906,-85.89752197265625,-85.07645416259766,-84.98580932617188,-83.75336456298828,-83.45719146728516,-83.98200225830078,-84.33843231201172,-84.43364715576172,-84.41070556640625,-84.81945037841797,-84.61734771728516,-84.40312957763672,-83.40866088867188,-83.28857421875,-83.4139633178711,-83.49445343017578,-85.7667236328125,-85.81706237792969,-85.8281478881836,-85.42276000976562,-85.1822738647461,-86.49375915527344,-86.48582458496094,-84.86676788330078,-84.3550796508789,-84.83253479003906,-84.75569152832031,-84.59687042236328,0.0
-80.81641387939453,-81.15331268310547,-80.90638732910156,-80.74053955078125,-79.3421401977539,-80.36412048339844,-82.63410949707031,-83.35050964355469,-83.34505462646484,-83.23424530029297,-83.18986511230469,-84.11732482910156,-84.73465728759766,-84.50858306884766,-83.83300018310547,-83.49613189697266,-83.44280242919922,-84.38948059082031,-84.99148559570312,-85.17340850830078,-85.63282775878906,-85.89752197265625,-85.07645416259766,-84.98580932617188,-83.75336456298828,-83.45719146728516,-83.98200225830078,-84.33843231201172,-84.43364715576172,-84.41070556640625,-84.81945037841797,-84.61734771728516,-84.40312957763672,-83.40866088867188,-83.28857421875,-83.4139633178711,-83.49445343017578,-85.7667236328125,-85.81706237792969,-85.8281478881836,-85.42276000976562,-85.1822738647461,-86.49375915527344,-86.48582458496094,-84.86676788330078,-84.3550796508789,-84.83253479003906,-84.75569152832031,-84.59687042236328,-84.50855255126953,0.0
-81.15331268310547,-80.90638732910156,-80.74053955078125,-79.3421401977539,-80.36412048339844,-82.63410949707031,-83.35050964355469,-83.34505462646484,-83.23424530029297,-83.18986511230469,-84.11732482910156,-84.73465728759766,-84.50858306884766,-83.83300018310547,-83.49613189697266,-83.44280242919922,-84.38948059082031,-84.99148559570312,-85.17340850830078,-85.63282775878906,-85.89752197265625,-85.07645416259766,-84.98580932617188,-83.75336456298828,-83.45719146728516,-83.98200225830078,-84.33843231201172,-84.43364715576172,-84.41070556640625,-84.81945037841797,-84.61734771728516,-84.40312957763672,-83.40866088867188,-83.28857421875,-83.4139633178711,-83.49445343017578,-85.7667236328125,-85.81706237792969,-85.8281478881836,-85.42276000976562,-85.1822738647461,-86.49375915527344,-86.48582458496094,-84.86676788330078,-84.3550796508789,-84.83253479003906,-84.75569152832031,-84.59687042236328,-84.50855255126953,-84.9193115234375,0.0
-80.90638732910156,-80.74053955078125,-79.3421401977539,-80.36412048339844,-82.63410949707031,-83.35050964355469,-83.34505462646484,-83.23424530029297,-83.18986511230469,-84.11732482910156,-84.73465728759766,-84.50858306884766,-83.83300018310547,-83.49613189697266,-83.44280242919922,-84.38948059082031,-84.99148559570312,-85.17340850830078,-85.63282775878906,-85.89752197265625,-85.07645416259766,-84.98580932617188,-83.75336456298828,-83.45719146728516,-83.98200225830078,-84.33843231201172,-84.43364715576172,-84.41070556640625,-84.81945037841797,-84.61734771728516,-84.40312957763672,-83.40866088867188,-83.28857421875,-83.4139633178711,-83.49445343017578,-85.7667236328125,-85.81706237792969,-85.8281478881836,-85.42276000976562,-85.1822738647461,-86.49375915527344,-86.48582458496094,-84.86676788330078,-84.3550796508789,-84.83253479003906,-84.75569152832031,-84.59687042236328,-84.50855255126953,-84.9193115234375,-85.62628173828125,0.0
-80.74053955078125,-79.3421401977539,-80.36412048339844,-82.63410949707031,-83.35050964355469,-83.34505462646484,-83.23424530029297,-83.18986511230469,-84.11732482910156,-84.73465728759766,-84.50858306884766,-83.83300018310547,-83.49613189697266,-83.44280242919922,-84.38948059082031,-84.99148559570312,-85.17340850830078,-85.63282775878906,-85.89752197265625,-85.07645416259766,-84.98580932617188,-83.75336456298828,-83.45719146728516,-83.98200225830078,-84.33843231201172,-84.43364715576172,-84.41070556640625,-84.81945037841797,-84.61734771728516,-84.40312957763672,-83.40866088867188,-83.28857421875,-83.4139633178711,-83.49445343017578,-85.7667236328125,-85.81706237792969,-85.8281478881836,-85.42276000976562,-85.1822738647461,-86.49375915527344,-86.48582458496094,-84.86676788330078,-84.3550796508789,-84.83253479003906,-84.75569152832031,-84.59687042236328,-84.50855255126953,-84.9193115234375,-85.62628173828125,-85.06477355957031,0.0
-79.3421401977539,-80.36412048339844,-82.63410949707031,-83.35050964355469,-83.34505462646484,-83.23424530029297,-83.18986511230469,-84.11732482910156,-84.73465728759766,-84.50858306884766,-83.83300018310547,-83.49613189697266,-83.44280242919922,-84.38948059082031,-84.99148559570312,-85.17340850830078,-85.63282775878906,-85.89752197265625,-85.07645416259766,-84.98580932617188,-83.75336456298828,-83.45719146728516,-83.98200225830078,-84.33843231201172,-84.43364715576172,-84.41070556640625,-84.81945037841797,-84.61734771728516,-84.40312957763672,-83.40866088867188,-83.28857421875,-83.4139633178711,-83.49445343017578,-85.7667236328125,-85.81706237792969,-85.8281478881836,-85.42276000976562,-85.1822738647461,-86.49375915527344,-86.48582458496094,-84.86676788330078,-84.3550796508789,-84.83253479003906,-84.75569152832031,-84.59687042236328,-84.50855255126953,-84.9193115234375,-85.62628173828125,-85.06477355957031,-84.56747436523438,0.0
-80.36412048339844,-82.63410949707031,-83.35050964355469,-83.34505462646484,-83.23424530029297,-83.18986511230469,-84.11732482910156,-84.73465728759766,-84.50858306884766,-83.83300018310547,-83.49613189697266,-83.44280242919922,-84.38948059082031,-84.99148559570312,-85.17340850830078,-85.63282775878906,-85.89752197265625,-85.07645416259766,-84.98580932617188,-83.75336456298828,-83.45719146728516,-83.98200225830078,-84.33843231201172,-84.43364715576172,-84.41070556640625,-84.81945037841797,-84.61734771728516,-84.40312957763672,-83.40866088867188,-83.28857421875,-83.4139633178711,-83.49445343017578,-85.7667236328125,-85.81706237792969,-85.8281478881836,-85.42276000976562,-85.1822738647461,-86.49375915527344,-86.48582458496094,-84.86676788330078,-84.3550796508789,-84.83253479003906,-84.75569152832031,-84.59687042236328,-84.50855255126953,-84.9193115234375,-85.62628173828125,-85.06477355957031,-84.56747436523438,-83.92741394042969,0.0
-82.63410949707031,-83.35050964355469,-83.34505462646484,-83.23424530029297,-83.18986511230469,-84.11732482910156,-84.73465728759766,-84.50858306884766,-83.83300018310547,-83.49613189697266,-83.44280242919922,-84.38948059082031,-84.99148559570312,-85.17340850830078,-85.63282775878906,-85.89752197265625,-85.07645416259766,-84.98580932617188,-83.75336456298828,-83.45719146728516,-83.98200225830078,-84.33843231201172,-84.43364715576172,-84.41070556640625,-84.81945037841797,-84.61734771728516,-84.40312957763672,-83.40866088867188,-83.28857421875,-83.4139633178711,-83.49445343017578,-85.7667236328125,-85.81706237792969,-85.8281478881836,-85.42276000976562,-85.1822738647461,-86.49375915527344,-86.48582458496094,-84.86676788330078,-84.3550796508789,-84.83253479003906,-84.75569152832031,-84.59687042236328,-84.50855255126953,-84.9193115234375,-85.62628173828125,-85.06477355957031,-84.56747436523438,-83.92741394042969,-83.61932373046875,0.0
-83.35050964355469,-83.34505462646484,-83.23424530029297,-83.18986511230469,-84.11732482910156,-84.73465728759766,-84.50858306884766,-83.83300018310547,-83.49613189697266,-83.44280242919922,-84.38948059082031,-84.99148559570312,-85.17340850830078,-85.63282775878906,-85.89752197265625,-85.07645416259766,-84.98580932617188,-83.75336456298828,-83.45719146728516,-83.98200225830078,-84.33843231201172,-84.43364715576172,-84.41070556640625,-84.81945037841797,-84.61734771728516,-84.40312957763672,-83.40866088867188,-83.28857421875,-83.4139633178711,-83.49445343017578,-85.7667236328125,-85.81706237792969,-85.8281478881836,-85.42276000976562,-85.1822738647461,-86.49375915527344,-86.48582458496094,-84.86676788330078,-84.3550796508789,-84.83253479003906,-84.75569152832031,-84.59687042236328,-84.50855255126953,-84.9193115234375,-85.62628173828125,-85.06477355957031,-84.56747436523438,-83.92741394042969,-83.61932373046875,-84.45722961425781,0.0
-83.34505462646484,-83.23424530029297,-83.18986511230469,-84.11732482910156,-84.73465728759766,-84.50858306884766,-83.83300018310547,-83.49613189697266,-83.44280242919922,-84.38948059082031,-84.99148559570312,-85.17340850830078,-85.63282775878906,-85.89752197265625,-85.07645416259766,-84.98580932617188,-83.75336456298828,-83.45719146728516,-83.98200225830078,-84.33843231201172,-84.43364715576172,-84.41070556640625,-84.81945037841797,-84.61734771728516,-84.40312957763672,-83.40866088867188,-83.28857421875,-83.4139633178711,-83.49445343017578,-85.7667236328125,-85.81706237792969,-85.8281478881836,-85.42276000976562,-85.1822738647461,-86.49375915527344,-86.48582458496094,-84.86676788330078,-84.3550796508789,-84.83253479003906,-84.75569152832031,-84.59687042236328,-84.50855255126953,-84.9193115234375,-85.62628173828125,-85.06477355957031,-84.56747436523438,-83.92741394042969,-83.61932373046875,-84.45722961425781,-85.02596282958984,1.0
-83.23424530029297,-83.18986511230469,-84.11732482910156,-84.73465728759766,-84.50858306884766,-83.83300018310547,-83.49613189697266,-83.44280242919922,-84.38948059082031,-84.99148559570312,-85.17340850830078,-85.63282775878906,-85.89752197265625,-85.07645416259766,-84.98580932617188,-83.75336456298828,-83.45719146728516,-83.98200225830078,-84.33843231201172,-84.43364715576172,-84.41070556640625,-84.81945037841797,-84.61734771728516,-84.40312957763672,-83.40866088867188,-83.28857421875,-83.4139633178711,-83.49445343017578,-85.7667236328125,-85.81706237792969,-85.8281478881836,-85.42276000976562,-85.1822738647461,-86.49375915527344,-86.48582458496094,-84.86676788330078,-84.3550796508789,-84.83253479003906,-84.75569152832031,-84.59687042236328,-84.50855255126953,-84.9193115234375,-85.62628173828125,-85.06477355957031,-84.56747436523438,-83.92741394042969,-83.61932373046875,-84.45722961425781,-85.02596282958984,-83.37447357177734,0.0
-83.18986511230469,-84.11732482910156,-84.73465728759766,-84.50858306884766,-83.83300018310547,-83.49613189697266,-83.44280242919922,-84.38948059082031,-84.99148559570312,-85.17340850830078,-85.63282775878906,-85.89752197265625,-85.07645416259766,-84.98580932617188,-83.75336456298828,-83.45719146728516,-83.98200225830078,-84.33843231201172,-84.43364715576172,-84.41070556640625,-84.81945037841797,-84.61734771728516,-84.40312957763672,-83.40866088867188,-83.28857421875,-83.4139633178711,-83.49445343017578,-85.7667236328125,-85.81706237792969,-85.8281478881836,-85.42276000976562,-85.1822738647461,-86.49375915527344,-86.48582458496094,-84.86676788330078,-84.3550796508789,-84.83253479003906,-84.75569152832031,-84.59687042236328,-84.50855255126953,-84.9193115234375,-85.62628173828125,-85.06477355957031,-84.56747436523438,-83.92741394042969,-83.61932373046875,-84.45722961425781,-85.02596282958984,-83.37447357177734,-84.05760192871094,1.0
-84.11732482910156,-84.73465728759766,-84.50858306884766,-83.83300018310547,-83.49613189697266,-83.44280242919922,-84.38948059082031,-84.99148559570312,-85.17340850830078,-85.63282775878906,-85.89752197265625,-85.07645416259766,-84.98580932617188,-83.75336456298828,-83.45719146728516,-83.98200225830078,-84.33843231201172,-84.43364715576172,-84.41070556640625,-84.81945037841797,-84.61734771728516,-84.40312957763672,-83.40866088867188,-83.28857421875,-83.4139633178711,-83.49445343017578,-85.7667236328125,-85.81706237792969,-85.8281478881836,-85.42276000976562,-85.1822738647461,-86.49375915527344,-86.48582458496094,-84.86676788330078,-84.3550796508789,-84.83253479003906,-84.75569152832031,-84.59687042236328,-84.50855255126953,-84.9193115234375,-85.62628173828125,-85.06477355957031,-84.56747436523438,-83.92741394042969,-83.61932373046875,-84.45722961425781,-85.02596282958984,-83.37447357177734,-84.05760192871094,-84.8206558227539,0.0
-84.73465728759766,-84.50858306884766,-83.83300018310547,-83.49613189697266,-83.44280242919922,-84.38948059082031,-84.99148559570312,-85.17340850830078,-85.63282775878906,-85.89752197265625,-85.07645416259766,-84.98580932617188,-83.75336456298828,-83.45719146728516,-83.98200225830078,-84.33843231201172,-84.43364715576172,-84.41070556640625,-84.81945037841797,-84.61734771728516,-84.40312957763672,-83.40866088867188,-83.28857421875,-83.4139633178711,-83.49445343017578,-85.7667236328125,-85.81706237792969,-85.8281478881836,-85.42276000976562,-85.1822738647461,-86.49375915527344,-86.48582458496094,-84.86676788330078,-84.3550796508789,-84.83253479003906,-84.75569152832031,-84.59687042236328,-84.50855255126953,-84.9193115234375,-85.62628173828125,-85.06477355957031,-84.56747436523438,-83.92741394042969,-83.61932373046875,-84.45722961425781,-85.02596282958984,-83.37447357177734,-84.05760192871094,-84.8206558227539,-81.45841217041016,1.0
-84.50858306884766,-83.83300018310547,-83.49613189697266,-83.44280242919922,-84.38948059082031,-84.99148559570312,-85.17340850830078,-85.63282775878906,-85.89752197265625,-85.07645416259766,-84.98580932617188,-83.75336456298828,-83.45719146728516,-83.98200225830078,-84.33843231201172,-84.43364715576172,-84.41070556640625,-84.81945037841797,-84.61734771728516,-84.40312957763672,-83.40866088867188,-83.28857421875,-83.4139633178711,-83.49445343017578,-85.7667236328125,-85.81706237792969,-85.8281478881836,-85.42276000976562,-85.1822738647461,-86.49375915527344,-86.48582458496094,-84.86676788330078,-84.3550796508789,-84.83253479003906,-84.75569152832031,-84.59687042236328,-84.50855255126953,-84.9193115234375,-85.62628173828125,-85.06477355957031,-84.56747436523438,-83.92741394042969,-83.61932373046875,-84.45722961425781,-85.02596282958984,-83.37447357177734,-84.05760192871094,-84.8206558227539,-81.45841217041016,-82.43494415283203,1.0
-83.83300018310547,-83.49613189697266,-83.44280242919922,-84.38948059082031,-84.99148559570312,-85.17340850830078,-85.63282775878906,-85.89752197265625,-85.07645416259766,-84.98580932617188,-83.75336456298828,-83.45719146728516,-83.98200225830078,-84.33843231201172,-84.43364715576172,-84.41070556640625,-84.81945037841797,-84.61734771728516,-84.40312957763672,-83.40866088867188,-83.28857421875,-83.4139633178711,-83.49445343017578,-85.7667236328125,-85.81706237792969,-85.8281478881836,-85.42276000976562,-85.1822738647461,-86.49375915527344,-86.48582458496094,-84.86676788330078,-84.3550796508789,-84.83253479003906,-84.75569152832031,-84.59687042236328,-84.50855255126953,-84.9193115234375,-85.62628173828125,-85.06477355957031,-84.56747436523438,-83.92741394042969,-83.61932373046875,-84.45722961425781,-85.02596282958984,-83.37447357177734,-84.05760192871094,-84.8206558227539,-81.45841217041016,-82.43494415283203,-81.43364715576172,0.0
-83.49613189697266,-83.44280242919922,-84.38948059082031,-84.99148559570312,-85.17340850830078,-85.63282775878906,-85.89752197265625,-85.07645416259766,-84.98580932617188,-83.75336456298828,-83.45719146728516,-83.98200225830078,-84.33843231201172,-84.43364715576172,-84.41070556640625,-84.81945037841797,-84.61734771728516,-84.40312957763672,-83.40866088867188,-83.28857421875,-83.4139633178711,-83.49445343017578,-85.7667236328125,-85.81706237792969,-85.8281478881836,-85.42276000976562,-85.1822738647461,-86.49375915527344,-86.48582458496094,-84.86676788330078,-84.3550796508789,-84.83253479003906,-84.75569152832031,-84.59687042236328,-84.50855255126953,-84.9193115234375,-85.62628173828125,-85.06477355957031,-84.56747436523438,-83.92741394042969,-83.61932373046875,-84.45722961425781,-85.02596282958984,-83.37447357177734,-84.05760192871094,-84.8206558227539,-81.45841217041016,-82.43494415283203,-81.43364715576172,-82.36785888671875,0.0
-83.44280242919922,-84.38948059082031,-84.99148559570312,-85.17340850830078,-85.63282775878906,-85.89752197265625,-85.07645416259766,-84.98580932617188,-83.75336456298828,-83.45719146728516,-83.98200225830078,-84.33843231201172,-84.43364715576172,-84.41070556640625,-84.81945037841797,-84.61734771728516,-84.40312957763672,-83.40866088867188,-83.28857421875,-83.4139633178711,-83.49445343017578,-85.7667236328125,-85.81706237792969,-85.8281478881836,-85.42276000976562,-85.1822738647461,-86.49375915527344,-86.48582458496094,-84.86676788330078,-84.3550796508789,-84.83253479003906,-84.75569152832031,-84.59687042236328,-84.50855255126953,-84.9193115234375,-85.62628173828125,-85.06477355957031,-84.56747436523438,-83.92741394042969,-83.61932373046875,-84.45722961425781,-85.02596282958984,-83.37447357177734,-84.05760192871094,-84.8206558227539,-81.45841217041016,-82.43494415283203,-81.43364715576172,-82.36785888671875,-81.31552124023438,0.0
-84.38948059082031,-84.99148559570312,-85.17340850830078,-85.63282775878906,-85.89752197265625,-85.07645416259766,-84.98580932617188,-83.75336456298828,-83.45719146728516,-83.98200225830078,-84.33843231201172,-84.43364715576172,-84.41070556640625,-84.81945037841797,-84.61734771728516,-84.40312957763672,-83.40866088867188,-83.28857421875,-83.4139633178711,-83.49445343017578,-85.7667236328125,-85.81706237792969,-85.8281478881836,-85.42276000976562,-85.1822738647461,-86.49375915527344,-86.48582458496094,-84.86676788330078,-84.3550796508789,-84.83253479003906,-84.75569152832031,-84.59687042236328,-84.50855255126953,-84.9193115234375,-85.62628173828125,-85.06477355957031,-84.56747436523438,-83.92741394042969,-83.61932373046875,-84.45722961425781,-85.02596282958984,-83.37447357177734,-84.05760192871094,-84.8206558227539,-81.45841217041016,-82.43494415283203,-81.43364715576172,-82.36785888671875,-81.31552124023438,-80.88382720947266,1.0
-84.99148559570312,-85.17340850830078,-85.63282775878906,-85.89752197265625,-85.07645416259766,-84.98580932617188,-83.75336456298828,-83.45719146728516,-83.98200225830078,-84.33843231201172,-84.43364715576172,-84.41070556640625,-84.81945037841797,-84.61734771728516,-84.40312957763672,-83.40866088867188,-83.28857421875,-83.4139633178711,-83.49445343017578,-85.7667236328125,-85.81706237792969,-85.8281478881836,-85.42276000976562,-85.1822738647461,-86.49375915527344,-86.48582458496094,-84.86676788330078,-84.3550796508789,-84.83253479003906,-84.75569152832031,-84.59687042236328,-84.50855255126953,-84.9193115234375,-85.62628173828125,-85.06477355957031,-84.56747436523438,-83.92741394042969,-83.61932373046875,-84.45722961425781,-85.02596282958984,-83.37447357177734,-84.05760192871094,-84.8206558227539,-81.45841217041016,-82.43494415283203,-81.43364715576172,-82.36785888671875,-81.31552124023438,-80.88382720947266,-81.73200225830078,0.0
-85.17340850830078,-85.63282775878906,-85.89752197265625,-85.07645416259766,-84.98580932617188,-83.75336456298828,-83.45719146728516,-83.98200225830078,-84.33843231201172,-84.43364715576172,-84.41070556640625,-84.81945037841797,-84.61734771728516,-84.40312957763672,-83.40866088867188,-83.28857421875,-83.4139633178711,-83.49445343017578,-85.7667236328125,-85.81706237792969,-85.8281478881836,-85.42276000976562,-85.1822738647461,-86.49375915527344,-86.48582458496094,-84.86676788330078,-84.3550796508789,-84.83253479003906,-84.75569152832031,-84.59687042236328,-84.50855255126953,-84.9193115234375,-85.62628173828125,-85.06477355957031,-84.56747436523438,-83.92741394042969,-83.61932373046875,-84.45722961425781,-85.02596282958984,-83.37447357177734,-84.05760192871094,-84.8206558227539,-81.45841217041016,-82.43494415283203,-81.43364715576172,-82.36785888671875,-81.31552124023438,-80.88382720947266,-81.73200225830078,-82.29523468017578,0.0
-85.63282775878906,-85.89752197265625,-85.07645416259766,-84.98580932617188,-83.75336456298828,-83.45719146728516,-83.98200225830078,-84.33843231201172,-84.43364715576172,-84.41070556640625,-84.81945037841797,-84.61734771728516,-84.40312957763672,-83.40866088867188,-83.28857421875,-83.4139633178711,-83.49445343017578,-85.7667236328125,-85.81706237792969,-85.8281478881836,-85.42276000976562,-85.1822738647461,-86.49375915527344,-86.48582458496094,-84.86676788330078,-84.3550796508789,-84.83253479003906,-84.75569152832031,-84.59687042236328,-84.50855255126953,-84.9193115234375,-85.62628173828125,-85.06477355957031,-84.56747436523438,-83.92741394042969,-83.61932373046875,-84.45722961425781,-85.02596282958984,-83.37447357177734,-84.05760192871094,-84.8206558227539,-81.45841217041016,-82.43494415283203,-81.43364715576172,-82.36785888671875,-81.31552124023438,-80.88382720947266,-81.73200225830078,-82.29523468017578,-81.98704528808594,0.0
-85.89752197265625,-85.07645416259766,-84.98580932617188,-83.75336456298828,-83.45719146728516,-83.98200225830078,-84.33843231201172,-84.43364715576172,-84.41070556640625,-84.81945037841797,-84.61734771728516,-84.40312957763672,-83.40866088867188,-83.28857421875,-83.4139633178711,-83.49445343017578,-85.7667236328125,-85.81706237792969,-85.8281478881836,-85.42276000976562,-85.1822738647461,-86.49375915527344,-86.48582458496094,-84.86676788330078,-84.3550796508789,-84.83253479003906,-84.75569152832031,-84.59687042236328,-84.50855255126953,-84.9193115234375,-85.62628173828125,-85.06477355957031,-84.56747436523438,-83.92741394042969,-83.61932373046875,-84.45722961425781,-85.02596282958984,-83.37447357177734,-84.05760192871094,-84.8206558227539,-81.45841217041016,-82.43494415283203,-81.43364715576172,-82.36785888671875,-81.31552124023438,-80.88382720947266,-81.73200225830078,-82.29523468017578,-81.98704528808594,-81.22272491455078,0.0
-85.07645416259766,-84.98580932617188,-83.75336456298828,-83.45719146728516,-83.98200225830078,-84.33843231201172,-84.43364715576172,-84.41070556640625,-84.81945037841797,-84.61734771728516,-84.40312957763672,-83.40866088867188,-83.28857421875,-83.4139633178711,-83.49445343017578,-85.7667236328125,-85.81706237792969,-85.8281478881836,-85.42276000976562,-85.1822738647461,-86.49375915527344,-86.48582458496094,-84.86676788330078,-84.3550796508789,-84.83253479003906,-84.75569152832031,-84.59687042236328,-84.50855255126953,-84.9193115234375,-85.62628173828125,-85.06477355957031,-84.56747436523438,-83.92741394042969,-83.61932373046875,-84.45722961425781,-85.02596282958984,-83.37447357177734,-84.05760192871094,-84.8206558227539,-81.45841217041016,-82.43494415283203,-81.43364715576172,-82.36785888671875,-81.31552124023438,-80.88382720947266,-81.73200225830078,-82.29523468017578,-81.98704528808594,-81.22272491455078,-81.7284164428711,0.0
-84.98580932617188,-83.75336456298828,-83.45719146728516,-83.98200225830078,-84.33843231201172,-84.43364715576172,-84.41070556640625,-84.81945037841797,-84.61734771728516,-84.40312957763672,-83.40866088867188,-83.28857421875,-83.4139633178711,-83.49445343017578,-85.7667236328125,-85.81706237792969,-85.8281478881836,-85.42276000976562,-85.1822738647461,-86.49375915527344,-86.48582458496094,-84.86676788330078,-84.3550796508789,-84.83253479003906,-84.75569152832031,-84.59687042236328,-84.50855255126953,-84.9193115234375,-85.62628173828125,-85.06477355957031,-84.56747436523438,-83.92741394042969,-83.61932373046875,-84.45722961425781,-85.02596282958984,-83.37447357177734,-84.05760192871094,-84.8206558227539,-81.45841217041016,-82.43494415283203,-81.43364715576172,-82.36785888671875,-81.31552124023438,-80.88382720947266,-81.73200225830078,-82.29523468017578,-81.98704528808594,-81.22272491455078,-81.7284164428711,-82.64442443847656,1.0
-83.75336456298828,-83.45719146728516,-83.98200225830078,-84.33843231201172,-84.43364715576172,-84.41070556640625,-84.81945037841797,-84.61734771728516,-84.40312957763672,-83.40866088867188,-83.28857421875,-83.4139633178711,-83.49445343017578,-85.7667236328125,-85.81706237792969,-85.8281478881836,-85.42276000976562,-85.1822738647461,-86.49375915527344,-86.48582458496094,-84.86676788330078,-84.3550796508789,-84.83253479003906,-84.75569152832031,-84.59687042236328,-84.50855255126953,-84.9193115234375,-85.62628173828125,-85.06477355957031,-84.56747436523438,-83.92741394042969,-83.61932373046875,-84.45722961425781,-85.02596282958984,-83.37447357177734,-84.05760192871094,-84.8206558227539,-81.45841217041016,-82.43494415283203,-81.43364715576172,-82.36785888671875,-81.31552124023438,-80.88382720947266,-81.73200225830078,-82.29523468017578,-81.98704528808594,-81.22272491455078,-81.7284164428711,-82.64442443847656,-80.81090545654297,1.0
-83.45719146728516,-83.98200225830078,-84.33843231201172,-84.43364715576172,-84.41070556640625,-84.81945037841797,-84.61734771728516,-84.40312957763672,-83.40866088867188,-83.28857421875,-83.4139633178711,-83.49445343017578,-85.7667236328125,-85.81706237792969,-85.8281478881836,-85.42276000976562,-85.1822738647461,-86.49375915527344,-86.48582458496094,-84.86676788330078,-84.3550796508789,-84.83253479003906,-84.75569152832031,-84.59687042236328,-84.50855255126953,-84.9193115234375,-85.62628173828125,-85.06477355957031,-84.56747436523438,-83.92741394042969,-83.61932373046875,-84.45722961425781,-85.02596282958984,-83.37447357177734,-84.05760192871094,-84.8206558227539,-81.45841217041016,-82.43494415283203,-81.43364715576172,-82.36785888671875,-81.31552124023438,-80.88382720947266,-81.73200225830078,-82.29523468017578,-81.98704528808594,-81.22272491455078,-81.7284164428711,-82.64442443847656,-80.81090545654297,-82.24986267089844,1.0
-83.98200225830078,-84.33843231201172,-84.43364715576172,-84.41070556640625,-84.81945037841797,-84.61734771728516,-84.40312957763672,-83.40866088867188,-83.28857421875,-83.4139633178711,-83.49445343017578,-85.7667236328125,-85.81706237792969,-85.8281478881836,-85.42276000976562,-85.1822738647461,-86.49375915527344,-86.48582458496094,-84.86676788330078,-84.3550796508789,-84.83253479003906,-84.75569152832031,-84.59687042236328,-84.50855255126953,-84.9193115234375,-85.62628173828125,-85.06477355957031,-84.56747436523438,-83.92741394042969,-83.61932373046875,-84.45722961425781,-85.02596282958984,-83.37447357177734,-84.05760192871094,-84.8206558227539,-81.45841217041016,-82.43494415283203,-81.43364715576172,-82.36785888671875,-81.31552124023438,-80.88382720947266,-81.73200225830078,-82.29523468017578,-81.98704528808594,-81.22272491455078,-81.7284164428711,-82.64442443847656,-80.81090545654297,-82.24986267089844,-81.70825958251953,0.0
-84.33843231201172,-84.43364715576172,-84.41070556640625,-84.81945037841797,-84.61734771728516,-84.40312957763672,-83.40866088867188,-83.28857421875,-83.4139633178711,-83.49445343017578,-85.7667236328125,-85.81706237792969,-85.8281478881836,-85.42276000976562,-85.1822738647461,-86.49375915527344,-86.48582458496094,-84.86676788330078,-84.3550796508789,-84.83253479003906,-84.75569152832031,-84.59687042236328,-84.50855255126953,-84.9193115234375,-85.62628173828125,-85.06477355957031,-84.56747436523438,-83.92741394042969,-83.61932373046875,-84.45722961425781,-85.02596282958984,-83.37447357177734,-84.05760192871094,-84.8206558227539,-81.45841217041016,-82.43494415283203,-81.43364715576172,-82.36785888671875,-81.31552124023438,-80.88382720947266,-81.73200225830078,-82.29523468017578,-81.98704528808594,-81.22272491455078,-81.7284164428711,-82.64442443847656,-80.81090545654297,-82.24986267089844,-81.70825958251953,-80.59033203125,0.0
-84.43364715576172,-84.41070556640625,-84.81945037841797,-84.61734771728516,-84.40312957763672,-83.40866088867188,-83.28857421875,-83.4139633178711,-83.49445343017578,-85.7667236328125,-85.81706237792969,-85.8281478881836,-85.42276000976562,-85.1822738647461,-86.49375915527344,-86.48582458496094,-84.86676788330078,-84.3550796508789,-84.83253479003906,-84.75569152832031,-84.59687042236328,-84.50855255126953,-84.9193115234375,-85.62628173828125,-85.06477355957031,-84.56747436523438,-83.92741394042969,-83.61932373046875,-84.45722961425781,-85.02596282958984,-83.37447357177734,-84.05760192871094,-84.8206558227539,-81.45841217041016,-82.43494415283203,-81.43364715576172,-82.36785888671875,-81.31552124023438,-80.88382720947266,-81.73200225830078,-82.29523468017578,-81.98704528808594,-81.22272491455078,-81.7284164428711,-82.64442443847656,-80.81090545654297,-82.24986267089844,-81.70825958251953,-80.59033203125,-79.58019256591797,1.0
-84.41070556640625,-84.81945037841797,-84.61734771728516,-84.40312957763672,-83.40866088867188,-83.28857421875,-83.4139633178711,-83.49445343017578,-85.7667236328125,-85.81706237792969,-85.8281478881836,-85.42276000976562,-85.1822738647461,-86.49375915527344,-86.48582458496094,-84.86676788330078,-84.3550796508789,-84.83253479003906,-84.75569152832031,-84.59687042236328,-84.50855255126953,-84.9193115234375,-85.62628173828125,-85.06477355957031,-84.56747436523438,-83.92741394042969,-83.61932373046875,-84.45722961425781,-85.02596282958984,-83.37447357177734,-84.05760192871094,-84.8206558227539,-81.45841217041016,-82.43494415283203,-81.43364715576172,-82.36785888671875,-81.31552124023438,-80.88382720947266,-81.73200225830078,-82.29523468017578,-81.98704528808594,-81.22272491455078,-81.7284164428711,-82.64442443847656,-80.81090545654297,-82.24986267089844,-81.70825958251953,-80.59033203125,-79.58019256591797,-79.16919708251953,0.0
-84.81945037841797,-84.61734771728516,-84.40312957763672,-83.40866088867188,-83.28857421875,-83.4139633178711,-83.49445343017578,-85.7667236328125,-85.81706237792969,-85.8281478881836,-85.42276000976562,-85.1822738647461,-86.49375915527344,-86.48582458496094,-84.86676788330078,-84.3550796508789,-84.83253479003906,-84.75569152832031,-84.59687042236328,-84.50855255126953,-84.9193115234375,-85.62628173828125,-85.06477355957031,-84.56747436523438,-83.92741394042969,-83.61932373046875,-84.45722961425781,-85.02596282958984,-83.37447357177734,-84.05760192871094,-84.8206558227539,-81.45841217041016,-82.43494415283203,-81.43364715576172,-82.36785888671875,-81.31552124023438,-80.88382720947266,-81.73200225830078,-82.29523468017578,-81.98704528808594,-81.22272491455078,-81.7284164428711,-82.64442443847656,-80.81090545654297,-82.24986267089844,-81.70825958251953,-80.59033203125,-79.58019256591797,-79.16919708251953,-79.0895767211914,1.0
-84.61734771728516,-84.40312957763672,-83.40866088867188,-83.28857421875,-83.4139633178711,-83.49445343017578,-85.7667236328125,-85.81706237792969,-85.8281478881836,-85.42276000976562,-85.1822738647461,-86.49375915527344,-86.48582458496094,-84.86676788330078,-84.3550796508789,-84.83253479003906,-84.75569152832031,-84.59687042236328,-84.50855255126953,-84.9193115234375,-85.62628173828125,-85.06477355957031,-84.56747436523438,-83.92741394042969,-83.61932373046875,-84.45722961425781,-85.02596282958984,-83.37447357177734,-84.05760192871094,-84.8206558227539,-81.45841217041016,-82.43494415283203,-81.43364715576172,-82.36785888671875,-81.31552124023438,-80.88382720947266,-81.73200225830078,-82.29523468017578,-81.98704528808594,-81.22272491455078,-81.7284164428711,-82.64442443847656,-80.81090545654297,-82.24986267089844,-81.70825958251953,-80.59033203125,-79.58019256591797,-79.16919708251953,-79.0895767211914,-77.69651794433594,1.0
-84.40312957763672,-83.40866088867188,-83.28857421875,-83.4139633178711,-83.49445343017578,-85.7667236328125,-85.81706237792969,-85.8281478881836,-85.42276000976562,-85.1822738647461,-86.49375915527344,-86.48582458496094,-84.86676788330078,-84.3550796508789,-84.83253479003906,-84.75569152832031,-84.59687042236328,-84.50855255126953,-84.9193115234375,-85.62628173828125,-85.06477355957031,-84.56747436523438,-83.92741394042969,-83.61932373046875,-84.45722961425781,-85.02596282958984,-83.37447357177734,-84.05760192871094,-84.8206558227539,-81.45841217041016,-82.43494415283203,-81.43364715576172,-82.36785888671875,-81.31552124023438,-80.88382720947266,-81.73200225830078,-82.29523468017578,-81.98704528808594,-81.22272491455078,-81.7284164428711,-82.64442443847656,-80.81090545654297,-82.24986267089844,-81.70825958251953,-80.59033203125,-79.58019256591797,-79.16919708251953,-79.0895767211914,-77.69651794433594,-77.7482681274414,0.0
-83.40866088867188,-83.28857421875,-83.4139633178711,-83.49445343017578,-85.7667236328125,-85.81706237792969,-85.8281478881836,-85.42276000976562,-85.1822738647461,-86.49375915527344,-86.48582458496094,-84.86676788330078,-84.3550796508789,-84.83253479003906,-84.75569152832031,-84.59687042236328,-84.50855255126953,-84.9193115234375,-85.62628173828125,-85.06477355957031,-84.56747436523438,-83.92741394042969,-83.61932373046875,-84.45722961425781,-85.02596282958984,-83.37447357177734,-84.05760192871094,-84.8206558227539,-81.45841217041016,-82.43494415283203,-81.43364715576172,-82.36785888671875,-81.31552124023438,-80.88382720947266,-81.73200225830078,-82.29523468017578,-81.98704528808594,-81.22272491455078,-81.7284164428711,-82.64442443847656,-80.81090545654297,-82.24986267089844,-81.70825958251953,-80.59033203125,-79.58019256591797,-79.16919708251953,-79.0895767211914,-77.69651794433594,-77.7482681274414,-79.39517974853516,1.0
-83.28857421875,-83.4139633178711,-83.49445343017578,-85.7667236328125,-85.81706237792969,-85.8281478881836,-85.42276000976562,-85.1822738647461,-86.49375915527344,-86.48582458496094,-84.86676788330078,-84.3550796508789,-84.83253479003906,-84.75569152832031,-84.59687042236328,-84.50855255126953,-84.9193115234375,-85.62628173828125,-85.06477355957031,-84.56747436523438,-83.92741394042969,-83.61932373046875,-84.45722961425781,-85.02596282958984,-83.37447357177734,-84.05760192871094,-84.8206558227539,-81.45841217041016,-82.43494415283203,-81.43364715576172,-82.36785888671875,-81.31552124023438,-80.88382720947266,-81.73200225830078,-82.29523468017578,-81.98704528808594,-81.22272491455078,-81.7284164428711,-82.64442443847656,-80.81090545654297,-82.24986267089844,-81.70825958251953,-80.59033203125,-79.58019256591797,-79.16919708251953,-79.0895767211914,-77.69651794433594,-77.7482681274414,-79.39517974853516,-79.87328338623047,0.0
-83.4139633178711,-83.49445343017578,-85.7667236328125,-85.81706237792969,-85.8281478881836,-85.42276000976562,-85.1822738647461,-86.49375915527344,-86.48582458496094,-84.86676788330078,-84.3550796508789,-84.83253479003906,-84.75569152832031,-84.59687042236328,-84.50855255126953,-84.9193115234375,-85.62628173828125,-85.06477355957031,-84.56747436523438,-83.92741394042969,-83.61932373046875,-84.45722961425781,-85.02596282958984,-83.37447357177734,-84.05760192871094,-84.8206558227539,-81.45841217041016,-82.43494415283203,-81.43364715576172,-82.36785888671875,-81.31552124023438,-80.88382720947266,-81.73200225830078,-82.29523468017578,-81.98704528808594,-81.22272491455078,-81.7284164428711,-82.64442443847656,-80.81090545654297,-82.24986267089844,-81.70825958251953,-80.59033203125,-79.58019256591797,-79.16919708251953,-79.0895767211914,-77.69651794433594,-77.7482681274414,-79.39517974853516,-79.87328338623047,-79.34363555908203,0.0
-83.49445343017578,-85.7667236328125,-85.81706237792969,-85.8281478881836,-85.42276000976562,-85.1822738647461,-86.49375915527344,-86.48582458496094,-84.86676788330078,-84.3550796508789,-84.83253479003906,-84.75569152832031,-84.59687042236328,-84.50855255126953,-84.9193115234375,-85.62628173828125,-85.06477355957031,-84.56747436523438,-83.92741394042969,-83.61932373046875,-84.45722961425781,-85.02596282958984,-83.37447357177734,-84.05760192871094,-84.8206558227539,-81.45841217041016,-82.43494415283203,-81.43364715576172,-82.36785888671875,-81.31552124023438,-80.88382720947266,-81.73200225830078,-82.29523468017578,-81.98704528808594,-81.22272491455078,-81.7284164428711,-82.64442443847656,-80.81090545654297,-82.24986267089844,-81.70825958251953,-80.59033203125,-79.58019256591797,-79.16919708251953,-79.0895767211914,-77.69651794433594,-77.7482681274414,-79.39517974853516,-79.87328338623047,-79.34363555908203,-78.92414855957031,0.0
-85.7667236328125,-85.81706237792969,-85.8281478881836,-85.42276000976562,-85.1822738647461,-86.49375915527344,-86.48582458496094,-84.86676788330078,-84.3550796508789,-84.83253479003906,-84.75569152832031,-84.59687042236328,-84.50855255126953,-84.9193115234375,-85.62628173828125,-85.06477355957031,-84.56747436523438,-83.92741394042969,-83.61932373046875,-84.45722961425781,-85.02596282958984,-83.37447357177734,-84.05760192871094,-84.8206558227539,-81.45841217041016,-82.43494415283203,-81.43364715576172,-82.36785888671875,-81.31552124023438,-80.88382720947266,-81.73200225830078,-82.29523468017578,-81.98704528808594,-81.22272491455078,-81.7284164428711,-82.64442443847656,-80.81090545654297,-82.24986267089844,-81.70825958251953,-80.59033203125,-79.58019256591797,-79.16919708251953,-79.0895767211914,-77.69651794433594,-77.7482681274414,-79.39517974853516,-79.87328338623047,-79.34363555908203,-78.92414855957031,-79.22795104980469,0.0
-85.81706237792969,-85.8281478881836,-85.42276000976562,-85.1822738647461,-86.49375915527344,-86.48582458496094,-84.86676788330078,-84.3550796508789,-84.83253479003906,-84.75569152832031,-84.59687042236328,-84.50855255126953,-84.9193115234375,-85.62628173828125,-85.06477355957031,-84.56747436523438,-83.92741394042969,-83.61932373046875,-84.45722961425781,-85.02596282958984,-83.37447357177734,-84.05760192871094,-84.8206558227539,-81.45841217041016,-82.43494415283203,-81.43364715576172,-82.36785888671875,-81.31552124023438,-80.88382720947266,-81.73200225830078,-82.29523468017578,-81.98704528808594,-81.22272491455078,-81.7284164428711,-82.64442443847656,-80.81090545654297,-82.24986267089844,-81.70825958251953,-80.59033203125,-79.58019256591797,-79.16919708251953,-79.0895767211914,-77.69651794433594,-77.7482681274414,-79.39517974853516,-79.87328338623047,-79.34363555908203,-78.92414855957031,-79.22795104980469,-79.490966796875,0.0
-85.8281478881836,-85.42276000976562,-85.1822738647461,-86.49375915527344,-86.48582458496094,-84.86676788330078,-84.3550796508789,-84.83253479003906,-84.75569152832031,-84.59687042236328,-84.50855255126953,-84.9193115234375,-85.62628173828125,-85.06477355957031,-84.56747436523438,-83.92741394042969,-83.61932373046875,-84.45722961425781,-85.02596282958984,-83.37447357177734,-84.05760192871094,-84.8206558227539,-81.45841217041016,-82.43494415283203,-81.43364715576172,-82.36785888671875,-81.31552124023438,-80.88382720947266,-81.73200225830078,-82.29523468017578,-81.98704528808594,-81.22272491455078,-81.7284164428711,-82.64442443847656,-80.81090545654297,-82.24986267089844,-81.70825958251953,-80.59033203125,-79.58019256591797,-79.16919708251953,-79.0895767211914,-77.69651794433594,-77.7482681274414,-79.39517974853516,-79.87328338623047,-79.34363555908203,-78.92414855957031,-79.22795104980469,-79.490966796875,-79.59397888183594,0.0
-85.42276000976562,-85.1822738647461,-86.49375915527344,-86.48582458496094,-84.86676788330078,-84.3550796508789,-84.83253479003906,-84.75569152832031,-84.59687042236328,-84.50855255126953,-84.9193115234375,-85.62628173828125,-85.06477355957031,-84.56747436523438,-83.92741394042969,-83.61932373046875,-84.45722961425781,-85.02596282958984,-83.37447357177734,-84.05760192871094,-84.8206558227539,-81.45841217041016,-82.43494415283203,-81.43364715576172,-82.36785888671875,-81.31552124023438,-80.88382720947266,-81.73200225830078,-82.29523468017578,-81.98704528808594,-81.22272491455078,-81.7284164428711,-82.64442443847656,-80.81090545654297,-82.24986267089844,-81.70825958251953,-80.59033203125,-79.58019256591797,-79.16919708251953,-79.0895767211914,-77.69651794433594,-77.7482681274414,-79.39517974853516,-79.87328338623047,-79.34363555908203,-78.92414855957031,-79.22795104980469,-79.490966796875,-79.59397888183594,-76.84185791015625,0.0
-85.1822738647461,-86.49375915527344,-86.48582458496094,-84.86676788330078,-84.3550796508789,-84.83253479003906,-84.75569152832031,-84.59687042236328,-84.50855255126953,-84.9193115234375,-85.62628173828125,-85.06477355957031,-84.56747436523438,-83.92741394042969,-83.61932373046875,-84.45722961425781,-85.02596282958984,-83.37447357177734,-84.05760192871094,-84.8206558227539,-81.45841217041016,-82.43494415283203,-81.43364715576172,-82.36785888671875,-81.31552124023438,-80.88382720947266,-81.73200225830078,-82.29523468017578,-81.98704528808594,-81.22272491455078,-81.7284164428711,-82.64442443847656,-80.81090545654297,-82.24986267089844,-81.70825958251953,-80.59033203125,-79.58019256591797,-79.16919708251953,-79.0895767211914,-77.69651794433594,-77.7482681274414,-79.39517974853516,-79.87328338623047,-79.34363555908203,-78.92414855957031,-79.22795104980469,-79.490966796875,-79.59397888183594,-76.84185791015625,-76.54264831542969,1.0
-86.49375915527344,-86.48582458496094,-84.86676788330078,-84.3550796508789,-84.83253479003906,-84.75569152832031,-84.59687042236328,-84.50855255126953,-84.9193115234375,-85.62628173828125,-85.06477355957031,-84.56747436523438,-83.92741394042969,-83.61932373046875,-84.45722961425781,-85.02596282958984,-83.37447357177734,-84.05760192871094,-84.8206558227539,-81.45841217041016,-82.43494415283203,-81.43364715576172,-82.36785888671875,-81.31552124023438,-80.88382720947266,-81.73200225830078,-82.29523468017578,-81.98704528808594,-81.22272491455078,-81.7284164428711,-82.64442443847656,-80.81090545654297,-82.24986267089844,-81.70825958251953,-80.59033203125,-79.58019256591797,-79.16919708251953,-79.0895767211914,-77.69651794433594,-77.7482681274414,-79.39517974853516,-79.87328338623047,-79.34363555908203,-78.92414855957031,-79.22795104980469,-79.490966796875,-79.59397888183594,-76.84185791015625,-76.54264831542969,-78.75050354003906,1.0
-86.48582458496094,-84.86676788330078,-84.3550796508789,-84.83253479003906,-84.75569152832031,-84.59687042236328,-84.50855255126953,-84.9193115234375,-85.62628173828125,-85.06477355957031,-84.56747436523438,-83.92741394042969,-83.61932373046875,-84.45722961425781,-85.02596282958984,-83.37447357177734,-84.05760192871094,-84.8206558227539,-81.45841217041016,-82.43494415283203,-81.43364715576172,-82.36785888671875,-81.31552124023438,-80.88382720947266,-81.73200225830078,-82.29523468017578,-81.98704528808594,-81.22272491455078,-81.7284164428711,-82.64442443847656,-80.81090545654297,-82.24986267089844,-81.70825958251953,-80.59033203125,-79.58019256591797,-79.16919708251953,-79.0895767211914,-77.69651794433594,-77.7482681274414,-79.39517974853516,-79.87328338623047,-79.34363555908203,-78.92414855957031,-79.22795104980469,-79.490966796875,-79.59397888183594,-76.84185791015625,-76.54264831542969,-78.75050354003906,-78.2686538696289,0.0
-84.86676788330078,-84.3550796508789,-84.83253479003906,-84.75569152832031,-84.59687042236328,-84.50855255126953,-84.9193115234375,-85.62628173828125,-85.06477355957031,-84.56747436523438,-83.92741394042969,-83.61932373046875,-84.45722961425781,-85.02596282958984,-83.37447357177734,-84.05760192871094,-84.8206558227539,-81.45841217041016,-82.43494415283203,-81.43364715576172,-82.36785888671875,-81.31552124023438,-80.88382720947266,-81.73200225830078,-82.29523468017578,-81.98704528808594,-81.22272491455078,-81.7284164428711,-82.64442443847656,-80.81090545654297,-82.24986267089844,-81.70825958251953,-80.59033203125,-79.58019256591797,-79.16919708251953,-79.0895767211914,-77.69651794433594,-77.7482681274414,-79.39517974853516,-79.87328338623047,-79.34363555908203,-78.92414855957031,-79.22795104980469,-79.490966796875,-79.59397888183594,-76.84185791015625,-76.54264831542969,-78.75050354003906,-78.2686538696289,-79.35502624511719,0.0
-84.3550796508789,-84.83253479003906,-84.75569152832031,-84.59687042236328,-84.50855255126953,-84.9193115234375,-85.62628173828125,-85.06477355957031,-84.56747436523438,-83.92741394042969,-83.61932373046875,-84.45722961425781,-85.02596282958984,-83.37447357177734,-84.05760192871094,-84.8206558227539,-81.45841217041016,-82.43494415283203,-81.43364715576172,-82.36785888671875,-81.31552124023438,-80.88382720947266,-81.73200225830078,-82.29523468017578,-81.98704528808594,-81.22272491455078,-81.7284164428711,-82.64442443847656,-80.81090545654297,-82.24986267089844,-81.70825958251953,-80.59033203125,-79.58019256591797,-79.16919708251953,-79.0895767211914,-77.69651794433594,-77.7482681274414,-79.39517974853516,-79.87328338623047,-79.34363555908203,-78.92414855957031,-79.22795104980469,-79.490966796875,-79.59397888183594,-76.84185791015625,-76.54264831542969,-78.75050354003906,-78.2686538696289,-79.35502624511719,-80.14095306396484,0.0
-84.83253479003906,-84.75569152832031,-84.59687042236328,-84.50855255126953,-84.9193115234375,-85.62628173828125,-85.06477355957031,-84.56747436523438,-83.92741394042969,-83.61932373046875,-84.45722961425781,-85.02596282958984,-83.37447357177734,-84.05760192871094,-84.8206558227539,-81.45841217041016,-82.43494415283203,-81.43364715576172,-82.36785888671875,-81.31552124023438,-80.88382720947266,-81.73200225830078,-82.29523468017578,-81.98704528808594,-81.22272491455078,-81.7284164428711,-82.64442443847656,-80.81090545654297,-82.24986267089844,-81.70825958251953,-80.59033203125,-79.58019256591797,-79.16919708251953,-79.0895767211914,-77.69651794433594,-77.7482681274414,-79.39517974853516,-79.87328338623047,-79.34363555908203,-78.92414855957031,-79.22795104980469,-79.490966796875,-79.59397888183594,-76.84185791015625,-76.54264831542969,-78.75050354003906,-78.2686538696289,-79.35502624511719,-80.14095306396484,-77.15127563476562,0.0
-84.75569152832031,-84.59687042236328,-84.50855255126953,-84.9193115234375,-85.62628173828125,-85.06477355957031,-84.56747436523438,-83.92741394042969,-83.61932373046875,-84.45722961425781,-85.02596282958984,-83.37447357177734,-84.05760192871094,-84.8206558227539,-81.45841217041016,-82.43494415283203,-81.43364715576172,-82.36785888671875,-81.31552124023438,-80.88382720947266,-81.73200225830078,-82.29523468017578,-81.98704528808594,-81.22272491455078,-81.7284164428711,-82.64442443847656,-80.81090545654297,-82.24986267089844,-81.70825958251953,-80.59033203125,-79.58019256591797,-79.16919708251953,-79.0895767211914,-77.69651794433594,-77.7482681274414,-79.39517974853516,-79.87328338623047,-79.34363555908203,-78.92414855957031,-79.22795104980469,-79.490966796875,-79.59397888183594,-76.84185791015625,-76.54264831542969,-78.75050354003906,-78.2686538696289,-79.35502624511719,-80.14095306396484,-77.15127563476562,-77.49653625488281,1.0
-84.59687042236328,-84.50855255126953,-84.9193115234375,-85.62628173828125,-85.06477355957031,-84.56747436523438,-83.92741394042969,-83.61932373046875,-84.45722961425781,-85.02596282958984,-83.37447357177734,-84.05760192871094,-84.8206558227539,-81.45841217041016,-82.43494415283203,-81.43364715576172,-82.36785888671875,-81.31552124023438,-80.88382720947266,-81.73200225830078,-82.29523468017578,-81.98704528808594,-81.22272491455078,-81.7284164428711,-82.64442443847656,-80.81090545654297,-82.24986267089844,-81.70825958251953,-80.59033203125,-79.58019256591797,-79.16919708251953,-79.0895767211914,-77.69651794433594,-77.7482681274414,-79.39517974853516,-79.87328338623047,-79.34363555908203,-78.92414855957031,-79.22795104980469,-79.490966796875,-79.59397888183594,-76.84185791015625,-76.54264831542969,-78.75050354003906,-78.2686538696289,-79.35502624511719,-80.14095306396484,-77.15127563476562,-77.49653625488281,-78.32038116455078,1.0
-84.50855255126953,-84.9193115234375,-85.62628173828125,-85.06477355957031,-84.56747436523438,-83.92741394042969,-83.61932373046875,-84.45722961425781,-85.02596282958984,-83.37447357177734,-84.05760192871094,-84.8206558227539,-81.45841217041016,-82.43494415283203,-81.43364715576172,-82.36785888671875,-81.31552124023438,-80.88382720947266,-81.73200225830078,-82.29523468017578,-81.98704528808594,-81.22272491455078,-81.7284164428711,-82.64442443847656,-80.81090545654297,-82.24986267089844,-81.70825958251953,-80.59033203125,-79.58019256591797,-79.16919708251953,-79.0895767211914,-77.69651794433594,-77.7482681274414,-79.39517974853516,-79.87328338623047,-79.34363555908203,-78.92414855957031,-79.22795104980469,-79.490966796875,-79.59397888183594,-76.84185791015625,-76.54264831542969,-78.75050354003906,-78.2686538696289,-79.35502624511719,-80.14095306396484,-77.15127563476562,-77.49653625488281,-78.32038116455078,-76.85784912109375,0.0
-84.9193115234375,-85.62628173828125,-85.06477355957031,-84.56747436523438,-83.92741394042969,-83.61932373046875,-84.45722961425781,-85.02596282958984,-83.37447357177734,-84.05760192871094,-84.8206558227539,-81.45841217041016,-82.43494415283203,-81.43364715576172,-82.36785888671875,-81.31552124023438,-80.88382720947266,-81.73200225830078,-82.29523468017578,-81.98704528808594,-81.22272491455078,-81.7284164428711,-82.64442443847656,-80.81090545654297,-82.24986267089844,-81.70825958251953,-80.59033203125,-79.58019256591797,-79.16919708251953,-79.0895767211914,-77.69651794433594,-77.7482681274414,-79.39517974853516,-79.87328338623047,-79.34363555908203,-78.92414855957031,-79.22795104980469,-79.490966796875,-79.59397888183594,-76.84185791015625,-76.54264831542969,-78.75050354003906,-78.2686538696289,-79.35502624511719,-80.14095306396484,-77.15127563476562,-77.49653625488281,-78.32038116455078,-76.85784912109375,-74.87274932861328,0.0
-85.62628173828125,-85.06477355957031,-84.56747436523438,-83.92741394042969,-83.61932373046875,-84.45722961425781,-85.02596282958984,-83.37447357177734,-84.05760192871094,-84.8206558227539,-81.45841217041016,-82.43494415283203,-81.43364715576172,-82.36785888671875,-81.31552124023438,-80.88382720947266,-81.73200225830078,-82.29523468017578,-81.98704528808594,-81.22272491455078,-81.7284164428711,-82.64442443847656,-80.81090545654297,-82.24986267089844,-81.70825958251953,-80.59033203125,-79.58019256591797,-79.16919708251953,-79.0895767211914,-77.69651794433594,-77.7482681274414,-79.39517974853516,-79.87328338623047,-79.34363555908203,-78.92414855957031,-79.22795104980469,-79.490966796875,-79.59397888183594,-76.84185791015625,-76.54264831542969,-78.75050354003906,-78.2686538696289,-79.35502624511719,-80.14095306396484,-77.15127563476562,-77.49653625488281,-78.32038116455078,-76.85784912109375,-74.87274932861328,-76.28018188476562,0.0
-85.06477355957031,-84.56747436523438,-83.92741394042969,-83.61932373046875,-84.45722961425781,-85.02596282958984,-83.37447357177734,-84.05760192871094,-84.8206558227539,-81.45841217041016,-82.43494415283203,-81.43364715576172,-82.36785888671875,-81.31552124023438,-80.88382720947266,-81.73200225830078,-82.29523468017578,-81.98704528808594,-81.22272491455078,-81.7284164428711,-82.64442443847656,-80.81090545654297,-82.24986267089844,-81.70825958251953,-80.59033203125,-79.58019256591797,-79.16919708251953,-79.0895767211914,-77.69651794433594,-77.7482681274414,-79.39517974853516,-79.87328338623047,-79.34363555908203,-78.92414855957031,-79.22795104980469,-79.490966796875,-79.59397888183594,-76.84185791015625,-76.54264831542969,-78.75050354003906,-78.2686538696289,-79.35502624511719,-80.14095306396484,-77.15127563476562,-77.49653625488281,-78.32038116455078,-76.85784912109375,-74.87274932861328,-76.28018188476562,-74.22267150878906,0.0
-84.56747436523438,-83.92741394042969,-83.61932373046875,-84.45722961425781,-85.02596282958984,-83.37447357177734,-84.05760192871094,-84.8206558227539,-81.45841217041016,-82.43494415283203,-81.43364715576172,-82.36785888671875,-81.31552124023438,-80.88382720947266,-81.73200225830078,-82.29523468017578,-81.98704528808594,-81.22272491455078,-81.7284164428711,-82.64442443847656,-80.81090545654297,-82.24986267089844,-81.70825958251953,-80.59033203125,-79.58019256591797,-79.16919708251953,-79.0895767211914,-77.69651794433594,-77.7482681274414,-79.39517974853516,-79.87328338623047,-79.34363555908203,-78.92414855957031,-79.22795104980469,-79.490966796875,-79.59397888183594,-76.84185791015625,-76.54264831542969,-78.75050354003906,-78.2686538696289,-79.35502624511719,-80.14095306396484,-77.15127563476562,-77.49653625488281,-78.32038116455078,-76.85784912109375,-74.87274932861328,-76.28018188476562,-74.22267150878906,-73.56729125976562,0.0
-83.92741394042969,-83.61932373046875,-84.45722961425781,-85.02596282958984,-83.37447357177734,-84.05760192871094,-84.8206558227539,-81.45841217041016,-82.43494415283203,-81.43364715576172,-82.36785888671875,-81.31552124023438,-80.88382720947266,-81.73200225830078,-82.29523468017578,-81.98704528808594,-81.22272491455078,-81.7284164428711,-82.64442443847656,-80.81090545654297,-82.24986267089844,-81.70825958251953,-80.59033203125,-79.58019256591797,-79.16919708251953,-79.0895767211914,-77.69651794433594,-77.7482681274414,-79.39517974853516,-79.87328338623047,-79.34363555908203,-78.92414855957031,-79.22795104980469,-79.490966796875,-79.59397888183594,-76.84185791015625,-76.54264831542969,-78.75050354003906,-78.2686538696289,-79.35502624511719,-80.14095306396484,-77.15127563476562,-77.49653625488281,-78.32038116455078,-76.85784912109375,-74.87274932861328,-76.28018188476562,-74.22267150878906,-73.56729125976562,-74.95488739013672,1.0
-83.61932373046875,-84.45722961425781,-85.02596282958984,-83.37447357177734,-84.05760192871094,-84.8206558227539,-81.45841217041016,-82.43494415283203,-81.43364715576172,-82.36785888671875,-81.31552124023438,-80.88382720947266,-81.73200225830078,-82.29523468017578,-81.98704528808594,-81.22272491455078,-81.7284164428711,-82.64442443847656,-80.81090545654297,-82.24986267089844,-81.70825958251953,-80.59033203125,-79.58019256591797,-79.16919708251953,-79.0895767211914,-77.69651794433594,-77.7482681274414,-79.39517974853516,-79.87328338623047,-79.34363555908203,-78.92414855957031,-79.22795104980469,-79.490966796875,-79.59397888183594,-76.84185791015625,-76.54264831542969,-78.75050354003906,-78.2686538696289,-79.35502624511719,-80.14095306396484,-77.15127563476562,-77.49653625488281,-78.32038116455078,-76.85784912109375,-74.87274932861328,-76.28018188476562,-74.22267150878906,-73.56729125976562,-74.95488739013672,-75.84333038330078,0.0
-84.45722961425781,-85.02596282958984,-83.37447357177734,-84.05760192871094,-84.8206558227539,-81.45841217041016,-82.43494415283203,-81.43364715576172,-82.36785888671875,-81.31552124023438,-80.88382720947266,-81.73200225830078,-82.29523468017578,-81.98704528808594,-81.22272491455078,-81.7284164428711,-82.64442443847656,-80.81090545654297,-82.24986267089844,-81.70825958251953,-80.59033203125,-79.58019256591797,-79.16919708251953,-79.0895767211914,-77.69651794433594,-77.7482681274414,-79.39517974853516,-79.87328338623047,-79.34363555908203,-78.92414855957031,-79.22795104980469,-79.490966796875,-79.59397888183594,-76.84185791015625,-76.54264831542969,-78.75050354003906,-78.2686538696289,-79.35502624511719,-80.14095306396484,-77.15127563476562,-77.49653625488281,-78.32038116455078,-76.85784912109375,-74.87274932861328,-76.28018188476562,-74.22267150878906,-73.56729125976562,-74.95488739013672,-75.84333038330078,-76.05925750732422,0.0
-85.02596282958984,-83.37447357177734,-84.05760192871094,-84.8206558227539,-81.45841217041016,-82.43494415283203,-81.43364715576172,-82.36785888671875,-81.31552124023438,-80.88382720947266,-81.73200225830078,-82.29523468017578,-81.98704528808594,-81.22272491455078,-81.7284164428711,-82.64442443847656,-80.81090545654297,-82.24986267089844,-81.70825958251953,-80.59033203125,-79.58019256591797,-79.16919708251953,-79.0895767211914,-77.69651794433594,-77.7482681274414,-79.39517974853516,-79.87328338623047,-79.34363555908203,-78.92414855957031,-79.22795104980469,-79.490966796875,-79.59397888183594,-76.84185791015625,-76.54264831542969,-78.75050354003906,-78.2686538696289,-79.35502624511719,-80.14095306396484,-77.15127563476562,-77.49653625488281,-78.32038116455078,-76.85784912109375,-74.87274932861328,-76.28018188476562,-74.22267150878906,-73.56729125976562,-74.95488739013672,-75.84333038330078,-76.05925750732422,-77.84728240966797,1.0
-83.37447357177734,-84.05760192871094,-84.8206558227539,-81.45841217041016,-82.43494415283203,-81.43364715576172,-82.36785888671875,-81.31552124023438,-80.88382720947266,-81.73200225830078,-82.29523468017578,-81.98704528808594,-81.22272491455078,-81.7284164428711,-82.64442443847656,-80.81090545654297,-82.24986267089844,-81.70825958251953,-80.59033203125,-79.58019256591797,-79.16919708251953,-79.0895767211914,-77.69651794433594,-77.7482681274414,-79.39517974853516,-79.87328338623047,-79.34363555908203,-78.92414855957031,-79.22795104980469,-79.490966796875,-79.59397888183594,-76.84185791015625,-76.54264831542969,-78.75050354003906,-78.2686538696289,-79.35502624511719,-80.14095306396484,-77.15127563476562,-77.49653625488281,-78.32038116455078,-76.85784912109375,-74.87274932861328,-76.28018188476562,-74.22267150878906,-73.56729125976562,-74.95488739013672,-75.84333038330078,-76.05925750732422,-77.84728240966797,-76.58992004394531,0.0
-84.05760192871094,-84.8206558227539,-81.45841217041016,-82.43494415283203,-81.43364715576172,-82.36785888671875,-81.31552124023438,-80.88382720947266,-81.73200225830078,-82.29523468017578,-81.98704528808594,-81.22272491455078,-81.7284164428711,-82.64442443847656,-80.81090545654297,-82.24986267089844,-81.70825958251953,-80.59033203125,-79.58019256591797,-79.16919708251953,-79.0895767211914,-77.69651794433594,-77.7482681274414,-79.39517974853516,-79.87328338623047,-79.34363555908203,-78.92414855957031,-79.22795104980469,-79.490966796875,-79.59397888183594,-76.84185791015625,-76.54264831542969,-78.75050354003906,-78.2686538696289,-79.35502624511719,-80.14095306396484,-77.15127563476562,-77.49653625488281,-78.32038116455078,-76.85784912109375,-74.87274932861328,-76.28018188476562,-74.22267150878906,-73.56729125976562,-74.95488739013672,-75.84333038330078,-76.05925750732422,-77.84728240966797,-76.58992004394531,-74.99915313720703,1.0
-84.8206558227539,-81.45841217041016,-82.43494415283203,-81.43364715576172,-82.36785888671875,-81.31552124023438,-80.88382720947266,-81.73200225830078,-82.29523468017578,-81.98704528808594,-81.22272491455078,-81.7284164428711,-82.64442443847656,-80.81090545654297,-82.24986267089844,-81.70825958251953,-80.59033203125,-79.58019256591797,-79.16919708251953,-79.0895767211914,-77.69651794433594,-77.7482681274414,-79.39517974853516,-79.87328338623047,-79.34363555908203,-78.92414855957031,-79.22795104980469,-79.490966796875,-79.59397888183594,-76.84185791015625,-76.54264831542969,-78.75050354003906,-78.2686538696289,-79.35502624511719,-80.14095306396484,-77.15127563476562,-77.49653625488281,-78.32038116455078,-76.85784912109375,-74.87274932861328,-76.28018188476562,-74.22267150878906,-73.56729125976562,-74.95488739013672,-75.84333038330078,-76.05925750732422,-77.84728240966797,-76.58992004394531,-74.99915313720703,-73.39373016357422,1.0
-81.45841217041016,-82.43494415283203,-81.43364715576172,-82.36785888671875,-81.31552124023438,-80.88382720947266,-81.73200225830078,-82.29523468017578,-81.98704528808594,-81.22272491455078,-81.7284164428711,-82.64442443847656,-80.81090545654297,-82.24986267089844,-81.70825958251953,-80.59033203125,-79.58019256591797,-79.16919708251953,-79.0895767211914,-77.69651794433594,-77.7482681274414,-79.39517974853516,-79.87328338623047,-79.34363555908203,-78.92414855957031,-79.22795104980469,-79.490966796875,-79.59397888183594,-76.84185791015625,-76.54264831542969,-78.75050354003906,-78.2686538696289,-79.35502624511719,-80.14095306396484,-77.15127563476562,-77.49653625488281,-78.32038116455078,-76.85784912109375,-74.87274932861328,-76.28018188476562,-74.22267150878906,-73.56729125976562,-74.95488739013672,-75.84333038330078,-76.05925750732422,-77.84728240966797,-76.58992004394531,-74.99915313720703,-73.39373016357422,-71.32364654541016,0.0
-82.43494415283203,-81.43364715576172,-82.36785888671875,-81.31552124023438,-80.88382720947266,-81.73200225830078,-82.29523468017578,-81.98704528808594,-81.22272491455078,-81.7284164428711,-82.64442443847656,-80.81090545654297,-82.24986267089844,-81.70825958251953,-80.59033203125,-79.58019256591797,-79.16919708251953,-79.0895767211914,-77.69651794433594,-77.7482681274414,-79.39517974853516,-79.87328338623047,-79.34363555908203,-78.92414855957031,-79.22795104980469,-79.490966796875,-79.59397888183594,-76.84185791015625,-76.54264831542969,-78.75050354003906,-78.2686538696289,-79.35502624511719,-80.14095306396484,-77.15127563476562,-77.49653625488281,-78.32038116455078,-76.85784912109375,-74.87274932861328,-76.28018188476562,-74.22267150878906,-73.56729125976562,-74.95488739013672,-75.84333038330078,-76.05925750732422,-77.84728240966797,-76.58992004394531,-74.99915313720703,-73.39373016357422,-71.32364654541016,-70.3773422241211,0.0
-81.43364715576172,-82.36785888671875,-81.31552124023438,-80.88382720947266,-81.73200225830078,-82.29523468017578,-81.98704528808594,-81.22272491455078,-81.7284164428711,-82.64442443847656,-80.81090545654297,-82.24986267089844,-81.70825958251953,-80.59033203125,-79.58019256591797,-79.16919708251953,-79.0895767211914,-77.69651794433594,-77.7482681274414,-79.39517974853516,-79.87328338623047,-79.34363555908203,-78.92414855957031,-79.22795104980469,-79.490966796875,-79.59397888183594,-76.84185791015625,-76.54264831542969,-78.75050354003906,-78.2686538696289,-79.35502624511719,-80.14095306396484,-77.15127563476562,-77.49653625488281,-78.32038116455078,-76.85784912109375,-74.87274932861328,-76.28018188476562,-74.22267150878906,-73.56729125976562,-74.95488739013672,-75.84333038330078,-76.05925750732422,-77.84728240966797,-76.58992004394531,-74.99915313720703,-73.39373016357422,-71.32364654541016,-70.3773422241211,-70.17389678955078,0.0
-82.36785888671875,-81.31552124023438,-80.88382720947266,-81.73200225830078,-82.29523468017578,-81.98704528808594,-81.22272491455078,-81.7284164428711,-82.64442443847656,-80.81090545654297,-82.24986267089844,-81.70825958251953,-80.59033203125,-79.58019256591797,-79.16919708251953,-79.0895767211914,-77.69651794433594,-77.7482681274414,-79.39517974853516,-79.87328338623047,-79.34363555908203,-78.92414855957031,-79.22795104980469,-79.490966796875,-79.59397888183594,-76.84185791015625,-76.54264831542969,-78.75050354003906,-78.2686538696289,-79.35502624511719,-80.14095306396484,-77.15127563476562,-77.49653625488281,-78.32038116455078,-76.85784912109375,-74.87274932861328,-76.28018188476562,-74.22267150878906,-73.56729125976562,-74.95488739013672,-75.84333038330078,-76.05925750732422,-77.84728240966797,-76.58992004394531,-74.99915313720703,-73.39373016357422,-71.32364654541016,-70.3773422241211,-70.17389678955078,-70.16185760498047,0.0
-81.31552124023438,-80.88382720947266,-81.73200225830078,-82.29523468017578,-81.98704528808594,-81.22272491455078,-81.7284164428711,-82.64442443847656,-80.81090545654297,-82.24986267089844,-81.70825958251953,-80.59033203125,-79.58019256591797,-79.16919708251953,-79.0895767211914,-77.69651794433594,-77.7482681274414,-79.39517974853516,-79.87328338623047,-79.34363555908203,-78.92414855957031,-79.22795104980469,-79.490966796875,-79.59397888183594,-76.84185791015625,-76.54264831542969,-78.75050354003906,-78.2686538696289,-79.35502624511719,-80.14095306396484,-77.15127563476562,-77.49653625488281,-78.32038116455078,-76.85784912109375,-74.87274932861328,-76.28018188476562,-74.22267150878906,-73.56729125976562,-74.95488739013672,-75.84333038330078,-76.05925750732422,-77.84728240966797,-76.58992004394531,-74.99915313720703,-73.39373016357422,-71.32364654541016,-70.3773422241211,-70.17389678955078,-70.16185760498047,-70.11677551269531,0.0
-80.88382720947266,-81.73200225830078,-82.29523468017578,-81.98704528808594,-81.22272491455078,-81.7284164428711,-82.64442443847656,-80.81090545654297,-82.24986267089844,-81.70825958251953,-80.59033203125,-79.58019256591797,-79.16919708251953,-79.0895767211914,-77.69651794433594,-77.7482681274414,-79.39517974853516,-79.87328338623047,-79.34363555908203,-78.92414855957031,-79.22795104980469,-79.490966796875,-79.59397888183594,-76.84185791015625,-76.54264831542969,-78.75050354003906,-78.2686538696289,-79.35502624511719,-80.14095306396484,-77.15127563476562,-77.49653625488281,-78.32038116455078,-76.85784912109375,-74.87274932861328,-76.28018188476562,-74.22267150878906,-73.56729125976562,-74.95488739013672,-75.84333038330078,-76.05925750732422,-77.84728240966797,-76.58992004394531,-74.99915313720703,-73.39373016357422,-71.32364654541016,-70.3773422241211,-70.17389678955078,-70.16185760498047,-70.11677551269531,-70.0140151977539,0.0
-81.73200225830078,-82.29523468017578,-81.98704528808594,-81.22272491455078,-81.7284164428711,-82.64442443847656,-80.81090545654297,-82.24986267089844,-81.70825958251953,-80.59033203125,-79.58019256591797,-79.16919708251953,-79.0895767211914,-77.69651794433594,-77.7482681274414,-79.39517974853516,-79.87328338623047,-79.34363555908203,-78.92414855957031,-79.22795104980469,-79.490966796875,-79.59397888183594,-76.84185791015625,-76.54264831542969,-78.75050354003906,-78.2686538696289,-79.35502624511719,-80.14095306396484,-77.15127563476562,-77.49653625488281,-78.32038116455078,-76.85784912109375,-74.87274932861328,-76.28018188476562,-74.22267150878906,-73.56729125976562,-74.95488739013672,-75.84333038330078,-76.05925750732422,-77.84728240966797,-76.58992004394531,-74.99915313720703,-73.39373016357422,-71.32364654541016,-70.3773422241211,-70.17389678955078,-70.16185760498047,-70.11677551269531,-70.0140151977539,-70.8251953125,0.0
-82.29523468017578,-81.98704528808594,-81.22272491455078,-81.7284164428711,-82.64442443847656,-80.81090545654297,-82.24986267089844,-81.70825958251953,-80.59033203125,-79.58019256591797,-79.16919708251953,-79.0895767211914,-77.69651794433594,-77.7482681274414,-79.39517974853516,-79.87328338623047,-79.34363555908203,-78.92414855957031,-79.22795104980469,-79.490966796875,-79.59397888183594,-76.84185791015625,-76.54264831542969,-78.75050354003906,-78.2686538696289,-79.35502624511719,-80.14095306396484,-77.15127563476562,-77.49653625488281,-78.32038116455078,-76.85784912109375,-74.87274932861328,-76.28018188476562,-74.22267150878906,-73.56729125976562,-74.95488739013672,-75.84333038330078,-76.05925750732422,-77.84728240966797,-76.58992004394531,-74.99915313720703,-73.39373016357422,-71.32364654541016,-70.3773422241211,-70.17389678955078,-70.16185760498047,-70.11677551269531,-70.0140151977539,-70.8251953125,-71.27108764648438,0.0
-81.98704528808594,-81.22272491455078,-81.7284164428711,-82.64442443847656,-80.81090545654297,-82.24986267089844,-81.70825958251953,-80.59033203125,-79.58019256591797,-79.16919708251953,-79.0895767211914,-77.69651794433594,-77.7482681274414,-79.39517974853516,-79.87328338623047,-79.34363555908203,-78.92414855957031,-79.22795104980469,-79.490966796875,-79.59397888183594,-76.84185791015625,-76.54264831542969,-78.75050354003906,-78.2686538696289,-79.35502624511719,-80.14095306396484,-77.15127563476562,-77.49653625488281,-78.32038116455078,-76.85784912109375,-74.87274932861328,-76.28018188476562,-74.22267150878906,-73.56729125976562,-74.95488739013672,-75.84333038330078,-76.05925750732422,-77.84728240966797,-76.58992004394531,-74.99915313720703,-73.39373016357422,-71.32364654541016,-70.3773422241211,-70.17389678955078,-70.16185760498047,-70.11677551269531,-70.0140151977539,-70.8251953125,-71.27108764648438,-71.33721923828125,0.0
-81.22272491455078,-81.7284164428711,-82.64442443847656,-80.81090545654297,-82.24986267089844,-81.70825958251953,-80.59033203125,-79.58019256591797,-79.16919708251953,-79.0895767211914,-77.69651794433594,-77.7482681274414,-79.39517974853516,-79.87328338623047,-79.34363555908203,-78.92414855957031,-79.22795104980469,-79.490966796875,-79.59397888183594,-76.84185791015625,-76.54264831542969,-78.75050354003906,-78.2686538696289,-79.35502624511719,-80.14095306396484,-77.15127563476562,-77.49653625488281,-78.32038116455078,-76.85784912109375,-74.87274932861328,-76.28018188476562,-74.22267150878906,-73.56729125976562,-74.95488739013672,-75.84333038330078,-76.05925750732422,-77.84728240966797,-76.58992004394531,-74.99915313720703,-73.39373016357422,-71.32364654541016,-70.3773422241211,-70.17389678955078,-70.16185760498047,-70.11677551269531,-70.0140151977539,-70.8251953125,-71.27108764648438,-71.33721923828125,-70.34132385253906,0.0
-81.7284164428711,-82.64442443847656,-80.81090545654297,-82.24986267089844,-81.70825958251953,-80.59033203125,-79.58019256591797,-79.16919708251953,-79.0895767211914,-77.69651794433594,-77.7482681274414,-79.39517974853516,-79.87328338623047,-79.34363555908203,-78.92414855957031,-79.22795104980469,-79.490966796875,-79.59397888183594,-76.84185791015625,-76.54264831542969,-78.75050354003906,-78.2686538696289,-79.35502624511719,-80.14095306396484,-77.15127563476562,-77.49653625488281,-78.32038116455078,-76.85784912109375,-74.87274932861328,-76.28018188476562,-74.22267150878906,-73.56729125976562,-74.95488739013672,-75.84333038330078,-76.05925750732422,-77.84728240966797,-76.58992004394531,-74.99915313720703,-73.39373016357422,-71.32364654541016,-70.3773422241211,-70.17389678955078,-70.16185760498047,-70.11677551269531,-70.0140151977539,-70.8251953125,-71.27108764648438,-71.33721923828125,-70.34132385253906,-70.66695404052734,0.0
-82.64442443847656,-80.81090545654297,-82.24986267089844,-81.70825958251953,-80.59033203125,-79.58019256591797,-79.16919708251953,-79.0895767211914,-77.69651794433594,-77.7482681274414,-79.39517974853516,-79.87328338623047,-79.34363555908203,-78.92414855957031,-79.22795104980469,-79.490966796875,-79.59397888183594,-76.84185791015625,-76.54264831542969,-78.75050354003906,-78.2686538696289,-79.35502624511719,-80.14095306396484,-77.15127563476562,-77.49653625488281,-78.32038116455078,-76.85784912109375,-74.87274932861328,-76.28018188476562,-74.22267150878906,-73.56729125976562,-74.95488739013672,-75.84333038330078,-76.05925750732422,-77.84728240966797,-76.58992004394531,-74.99915313720703,-73.39373016357422,-71.32364654541016,-70.3773422241211,-70.17389678955078,-70.16185760498047,-70.11677551269531,-70.0140151977539,-70.8251953125,-71.27108764648438,-71.33721923828125,-70.34132385253906,-70.66695404052734,-71.0643310546875,0.0
-80.81090545654297,-82.24986267089844,-81.70825958251953,-80.59033203125,-79.58019256591797,-79.16919708251953,-79.0895767211914,-77.69651794433594,-77.7482681274414,-79.39517974853516,-79.87328338623047,-79.34363555908203,-78.92414855957031,-79.22795104980469,-79.490966796875,-79.59397888183594,-76.84185791015625,-76.54264831542969,-78.75050354003906,-78.2686538696289,-79.35502624511719,-80.14095306396484,-77.15127563476562,-77.49653625488281,-78.32038116455078,-76.85784912109375,-74.87274932861328,-76.28018188476562,-74.22267150878906,-73.56729125976562,-74.95488739013672,-75.84333038330078,-76.05925750732422,-77.84728240966797,-76.58992004394531,-74.99915313720703,-73.39373016357422,-71.32364654541016,-70.3773422241211,-70.17389678955078,-70.16185760498047,-70.11677551269531,-70.0140151977539,-70.8251953125,-71.27108764648438,-71.33721923828125,-70.34132385253906,-70.66695404052734,-71.0643310546875,-71.23818969726562,0.0
-82.24986267089844,-81.70825958251953,-80.59033203125,-79.58019256591797,-79.16919708251953,-79.0895767211914,-77.69651794433594,-77.7482681274414,-79.39517974853516,-79.87328338623047,-79.34363555908203,-78.92414855957031,-79.22795104980469,-79.490966796875,-79.59397888183594,-76.84185791015625,-76.54264831542969,-78.75050354003906,-78.2686538696289,-79.35502624511719,-80.14095306396484,-77.15127563476562,-77.49653625488281,-78.32038116455078,-76.85784912109375,-74.87274932861328,-76.28018188476562,-74.22267150878906,-73.56729125976562,-74.95488739013672,-75.84333038330078,-76.05925750732422,-77.84728240966797,-76.58992004394531,-74.99915313720703,-73.39373016357422,-71.32364654541016,-70.3773422241211,-70.17389678955078,-70.16185760498047,-70.11677551269531,-70.0140151977539,-70.8251953125,-71.27108764648438,-71.33721923828125,-70.34132385253906,-70.66695404052734,-71.0643310546875,-71.23818969726562,-70.34833526611328,0.0
-81.70825958251953,-80.59033203125,-79.58019256591797,-79.16919708251953,-79.0895767211914,-77.69651794433594,-77.7482681274414,-79.39517974853516,-79.87328338623047,-79.34363555908203,-78.92414855957031,-79.22795104980469,-79.490966796875,-79.59397888183594,-76.84185791015625,-76.54264831542969,-78.75050354003906,-78.2686538696289,-79.35502624511719,-80.14095306396484,-77.15127563476562,-77.49653625488281,-78.32038116455078,-76.85784912109375,-74.87274932861328,-76.28018188476562,-74.22267150878906,-73.56729125976562,-74.95488739013672,-75.84333038330078,-76.05925750732422,-77.84728240966797,-76.58992004394531,-74.99915313720703,-73.39373016357422,-71.32364654541016,-70.3773422241211,-70.17389678955078,-70.16185760498047,-70.11677551269531,-70.0140151977539,-70.8251953125,-71.27108764648438,-71.33721923828125,-70.34132385253906,-70.66695404052734,-71.0643310546875,-71.23818969726562,-70.34833526611328,-70.73594665527344,0.0
-80.59033203125,-79.58019256591797,-79.16919708251953,-79.0895767211914,-77.69651794433594,-77.7482681274414,-79.39517974853516,-79.87328338623047,-79.34363555908203,-78.92414855957031,-79.22795104980469,-79.490966796875,-79.59397888183594,-76.84185791015625,-76.54264831542969,-78.75050354003906,-78.2686538696289,-79.35502624511719,-80.14095306396484,-77.15127563476562,-77.49653625488281,-78.32038116455078,-76.85784912109375,-74.87274932861328,-76.28018188476562,-74.22267150878906,-73.56729125976562,-74.95488739013672,-75.84333038330078,-76.05925750732422,-77.84728240966797,-76.58992004394531,-74.99915313720703,-73.39373016357422,-71.32364654541016,-70.3773422241211,-70.17389678955078,-70.16185760498047,-70.11677551269531,-70.0140151977539,-70.8251953125,-71.27108764648438,-71.33721923828125,-70.34132385253906,-70.66695404052734,-71.0643310546875,-71.23818969726562,-70.34833526611328,-70.73594665527344,-70.21746063232422,0.0
-79.58019256591797,-79.16919708251953,-79.0895767211914,-77.69651794433594,-77.7482681274414,-79.39517974853516,-79.87328338623047,-79.34363555908203,-78.92414855957031,-79.22795104980469,-79.490966796875,-79.59397888183594,-76.84185791015625,-76.54264831542969,-78.75050354003906,-78.2686538696289,-79.35502624511719,-80.14095306396484,-77.15127563476562,-77.49653625488281,-78.32038116455078,-76.85784912109375,-74.87274932861328,-76.28018188476562,-74.22267150878906,-73.56729125976562,-74.95488739013672,-75.84333038330078,-76.05925750732422,-77.84728240966797,-76.58992004394531,-74.99915313720703,-73.39373016357422,-71.32364654541016,-70.3773422241211,-70.17389678955078,-70.16185760498047,-70.11677551269531,-70.0140151977539,-70.8251953125,-71.27108764648438,-71.33721923828125,-70.34132385253906,-70.66695404052734,-71.0643310546875,-71.23818969726562,-70.34833526611328,-70.73594665527344,-70.21746063232422,-69.82360076904297,0.0
-79.16919708251953,-79.0895767211914,-77.69651794433594,-77.7482681274414,-79.39517974853516,-79.87328338623047,-79.34363555908203,-78.92414855957031,-79.22795104980469,-79.490966796875,-79.59397888183594,-76.84185791015625,-76.54264831542969,-78.75050354003906,-78.2686538696289,-79.35502624511719,-80.14095306396484,-77.15127563476562,-77.49653625488281,-78.32038116455078,-76.85784912109375,-74.87274932861328,-76.28018188476562,-74.22267150878906,-73.56729125976562,-74.95488739013672,-75.84333038330078,-76.05925750732422,-77.84728240966797,-76.58992004394531,-74.99915313720703,-73.39373016357422,-71.32364654541016,-70.3773422241211,-70.17389678955078,-70.16185760498047,-70.11677551269531,-70.0140151977539,-70.8251953125,-71.27108764648438,-71.33721923828125,-70.34132385253906,-70.66695404052734,-71.0643310546875,-71.23818969726562,-70.34833526611328,-70.73594665527344,-70.21746063232422,-69.82360076904297,-69.69715118408203,0.0
-79.0895767211914,-77.69651794433594,-77.7482681274414,-79.39517974853516,-79.87328338623047,-79.34363555908203,-78.92414855957031,-79.22795104980469,-79.490966796875,-79.59397888183594,-76.84185791015625,-76.54264831542969,-78.75050354003906,-78.2686538696289,-79.35502624511719,-80.14095306396484,-77.15127563476562,-77.49653625488281,-78.32038116455078,-76.85784912109375,-74.87274932861328,-76.28018188476562,-74.22267150878906,-73.56729125976562,-74.95488739013672,-75.84333038330078,-76.05925750732422,-77.84728240966797,-76.58992004394531,-74.99915313720703,-73.39373016357422,-71.32364654541016,-70.3773422241211,-70.17389678955078,-70.16185760498047,-70.11677551269531,-70.0140151977539,-70.8251953125,-71.27108764648438,-71.33721923828125,-70.34132385253906,-70.66695404052734,-71.0643310546875,-71.23818969726562,-70.34833526611328,-70.73594665527344,-70.21746063232422,-69.82360076904297,-69.69715118408203,-70.62274169921875,0.0
-77.69651794433594,-77.7482681274414,-79.39517974853516,-79.87328338623047,-79.34363555908203,-78.92414855957031,-79.22795104980469,-79.490966796875,-79.59397888183594,-76.84185791015625,-76.54264831542969,-78.75050354003906,-78.2686538696289,-79.35502624511719,-80.14095306396484,-77.15127563476562,-77.49653625488281,-78.32038116455078,-76.85784912109375,-74.87274932861328,-76.28018188476562,-74.22267150878906,-73.56729125976562,-74.95488739013672,-75.84333038330078,-76.05925750732422,-77.84728240966797,-76.58992004394531,-74.99915313720703,-73.39373016357422,-71.32364654541016,-70.3773422241211,-70.17389678955078,-70.16185760498047,-70.11677551269531,-70.0140151977539,-70.8251953125,-71.27108764648438,-71.33721923828125,-70.34132385253906,-70.66695404052734,-71.0643310546875,-71.23818969726562,-70.34833526611328,-70.73594665527344,-70.21746063232422,-69.82360076904297,-69.69715118408203,-70.62274169921875,-71.19000244140625,0.0
-77.7482681274414,-79.39517974853516,-79.87328338623047,-79.34363555908203,-78.92414855957031,-79.22795104980469,-79.490966796875,-79.59397888183594,-76.84185791015625,-76.54264831542969,-78.75050354003906,-78.2686538696289,-79.35502624511719,-80.14095306396484,-77.15127563476562,-77.49653625488281,-78.32038116455078,-76.85784912109375,-74.87274932861328,-76.28018188476562,-74.22267150878906,-73.56729125976562,-74.95488739013672,-75.84333038330078,-76.05925750732422,-77.84728240966797,-76.58992004394531,-74.99915313720703,-73.39373016357422,-71.32364654541016,-70.3773422241211,-70.17389678955078,-70.16185760498047,-70.11677551269531,-70.0140151977539,-70.8251953125,-71.27108764648438,-71.33721923828125,-70.34132385253906,-70.66695404052734,-71.0643310546875,-71.23818969726562,-70.34833526611328,-70.73594665527344,-70.21746063232422,-69.82360076904297,-69.69715118408203,-70.62274169921875,-71.19000244140625,-71.34088897705078,0.0
-79.39517974853516,-79.87328338623047,-79.34363555908203,-78.92414855957031,-79.22795104980469,-79.490966796875,-79.59397888183594,-76.84185791015625,-76.54264831542969,-78.75050354003906,-78.2686538696289,-79.35502624511719,-80.14095306396484,-77.15127563476562,-77.49653625488281,-78.32038116455078,-76.85784912109375,-74.87274932861328,-76.28018188476562,-74.22267150878906,-73.56729125976562,-74.95488739013672,-75.84333038330078,-76.05925750732422,-77.84728240966797,-76.58992004394531,-74.99915313720703,-73.39373016357422,-71.32364654541016,-70.3773422241211,-70.17389678955078,-70.16185760498047,-70.11677551269531,-70.0140151977539,-70.8251953125,-71.27108764648438,-71.33721923828125,-70.34132385253906,-70.66695404052734,-71.0643310546875,-71.23818969726562,-70.34833526611328,-70.73594665527344,-70.21746063232422,-69.82360076904297,-69.69715118408203,-70.62274169921875,-71.19000244140625,-71.34088897705078,-70.39164733886719,0.0
-79.87328338623047,-79.34363555908203,-78.92414855957031,-79.22795104980469,-79.490966796875,-79.59397888183594,-76.84185791015625,-76.54264831542969,-78.75050354003906,-78.2686538696289,-79.35502624511719,-80.14095306396484,-77.15127563476562,-77.49653625488281,-78.32038116455078,-76.85784912109375,-74.87274932861328,-76.28018188476562,-74.22267150878906,-73.56729125976562,-74.95488739013672,-75.84333038330078,-76.05925750732422,-77.84728240966797,-76.58992004394531,-74.99915313720703,-73.39373016357422,-71.32364654541016,-70.3773422241211,-70.17389678955078,-70.16185760498047,-70.11677551269531,-70.0140151977539,-70.8251953125,-71.27108764648438,-71.33721923828125,-70.34132385253906,-70.66695404052734,-71.0643310546875,-71.23818969726562,-70.34833526611328,-70.73594665527344,-70.21746063232422,-69.82360076904297,-69.69715118408203,-70.62274169921875,-71.19000244140625,-71.34088897705078,-70.39164733886719,-71.67048645019531,0.0
-79.34363555908203,-78.92414855957031,-79.22795104980469,-79.490966796875,-79.59397888183594,-76.84185791015625,-76.54264831542969,-78.75050354003906,-78.2686538696289,-79.35502624511719,-80.14095306396484,-77.15127563476562,-77.49653625488281,-78.32038116455078,-76.85784912109375,-74.87274932861328,-76.28018188476562,-74.22267150878906,-73.56729125976562,-74.95488739013672,-75.84333038330078,-76.05925750732422,-77.84728240966797,-76.58992004394531,-74.99915313720703,-73.39373016357422,-71.32364654541016,-70.3773422241211,-70.17389678955078,-70.16185760498047,-70.11677551269531,-70.0140151977539,-70.8251953125,-71.27108764648438,-71.33721923828125,-70.34132385253906,-70.66695404052734,-71.0643310546875,-71.23818969726562,-70.34833526611328,-70.73594665527344,-70.21746063232422,-69.82360076904297,-69.69715118408203,-70.62274169921875,-71.19000244140625,-71.34088897705078,-70.39164733886719,-71.67048645019531,-71.70160675048828,0.0
-78.92414855957031,-79.22795104980469,-79.490966796875,-79.59397888183594,-76.84185791015625,-76.54264831542969,-78.75050354003906,-78.2686538696289,-79.35502624511719,-80.14095306396484,-77.15127563476562,-77.49653625488281,-78.32038116455078,-76.85784912109375,-74.87274932861328,-76.28018188476562,-74.22267150878906,-73.56729125976562,-74.95488739013672,-75.84333038330078,-76.05925750732422,-77.84728240966797,-76.58992004394531,-74.99915313720703,-73.39373016357422,-71.32364654541016,-70.3773422241211,-70.17389678955078,-70.16185760498047,-70.11677551269531,-70.0140151977539,-70.8251953125,-71.27108764648438,-71.33721923828125,-70.34132385253906,-70.66695404052734,-71.0643310546875,-71.23818969726562,-70.34833526611328,-70.73594665527344,-70.21746063232422,-69.82360076904297,-69.69715118408203,-70.62274169921875,-71.19000244140625,-71.34088897705078,-70.39164733886719,-71.67048645019531,-71.70160675048828,-70.52810668945312,0.0
-79.22795104980469,-79.490966796875,-79.59397888183594,-76.84185791015625,-76.54264831542969,-78.75050354003906,-78.2686538696289,-79.35502624511719,-80.14095306396484,-77.15127563476562,-77.49653625488281,-78.32038116455078,-76.85784912109375,-74.87274932861328,-76.28018188476562,-74.22267150878906,-73.56729125976562,-74.95488739013672,-75.84333038330078,-76.05925750732422,-77.84728240966797,-76.58992004394531,-74.99915313720703,-73.39373016357422,-71.32364654541016,-70.3773422241211,-70.17389678955078,-70.16185760498047,-70.11677551269531,-70.0140151977539,-70.8251953125,-71.27108764648438,-71.33721923828125,-70.34132385253906,-70.66695404052734,-71.0643310546875,-71.23818969726562,-70.34833526611328,-70.73594665527344,-70.21746063232422,-69.82360076904297,-69.69715118408203,-70.62274169921875,-71.19000244140625,-71.34088897705078,-70.39164733886719,-71.67048645019531,-71.70160675048828,-70.52810668945312,-69.848876953125,0.0
-79.490966796875,-79.59397888183594,-76.84185791015625,-76.54264831542969,-78.75050354003906,-78.2686538696289,-79.35502624511719,-80.14095306396484,-77.15127563476562,-77.49653625488281,-78.32038116455078,-76.85784912109375,-74.87274932861328,-76.28018188476562,-74.22267150878906,-73.56729125976562,-74.95488739013672,-75.84333038330078,-76.05925750732422,-77.84728240966797,-76.58992004394531,-74.99915313720703,-73.39373016357422,-71.32364654541016,-70.3773422241211,-70.17389678955078,-70.16185760498047,-70.11677551269531,-70.0140151977539,-70.8251953125,-71.27108764648438,-71.33721923828125,-70.34132385253906,-70.66695404052734,-71.0643310546875,-71.23818969726562,-70.34833526611328,-70.73594665527344,-70.21746063232422,-69.82360076904297,-69.69715118408203,-70.62274169921875,-71.19000244140625,-71.34088897705078,-70.39164733886719,-71.67048645019531,-71.70160675048828,-70.52810668945312,-69.848876953125,-69.67792510986328,0.0
-79.59397888183594,-76.84185791015625,-76.54264831542969,-78.75050354003906,-78.2686538696289,-79.35502624511719,-80.14095306396484,-77.15127563476562,-77.49653625488281,-78.32038116455078,-76.85784912109375,-74.87274932861328,-76.28018188476562,-74.22267150878906,-73.56729125976562,-74.95488739013672,-75.84333038330078,-76.05925750732422,-77.84728240966797,-76.58992004394531,-74.99915313720703,-73.39373016357422,-71.32364654541016,-70.3773422241211,-70.17389678955078,-70.16185760498047,-70.11677551269531,-70.0140151977539,-70.8251953125,-71.27108764648438,-71.33721923828125,-70.34132385253906,-70.66695404052734,-71.0643310546875,-71.23818969726562,-70.34833526611328,-70.73594665527344,-70.21746063232422,-69.82360076904297,-69.69715118408203,-70.62274169921875,-71.19000244140625,-71.34088897705078,-70.39164733886719,-71.67048645019531,-71.70160675048828,-70.52810668945312,-69.848876953125,-69.67792510986328,-70.63138580322266,0.0
-76.84185791015625,-76.54264831542969,-78.75050354003906,-78.2686538696289,-79.35502624511719,-80.14095306396484,-77.15127563476562,-77.49653625488281,-78.32038116455078,-76.85784912109375,-74.87274932861328,-76.28018188476562,-74.22267150878906,-73.56729125976562,-74.95488739013672,-75.84333038330078,-76.05925750732422,-77.84728240966797,-76.58992004394531,-74.99915313720703,-73.39373016357422,-71.32364654541016,-70.3773422241211,-70.17389678955078,-70.16185760498047,-70.11677551269531,-70.0140151977539,-70.8251953125,-71.27108764648438,-71.33721923828125,-70.34132385253906,-70.66695404052734,-71.0643310546875,-71.23818969726562,-70.34833526611328,-70.73594665527344,-70.21746063232422,-69.82360076904297,-69.69715118408203,-70.62274169921875,-71.19000244140625,-71.34088897705078,-70.39164733886719,-71.67048645019531,-71.70160675048828,-70.52810668945312,-69.848876953125,-69.67792510986328,-70.63138580322266,-70.28724670410156,0.0
-76.54264831542969,-78.75050354003906,-78.2686538696289,-79.35502624511719,-80.14095306396484,-77.15127563476562,-77.49653625488281,-78.32038116455078,-76.85784912109375,-74.87274932861328,-76.28018188476562,-74.22267150878906,-73.56729125976562,-74.95488739013672,-75.84333038330078,-76.05925750732422,-77.84728240966797,-76.58992004394531,-74.99915313720703,-73.39373016357422,-71.32364654541016,-70.3773422241211,-70.17389678955078,-70.16185760498047,-70.11677551269531,-70.0140151977539,-70.8251953125,-71.27108764648438,-71.33721923828125,-70.34132385253906,-70.66695404052734,-71.0643310546875,-71.23818969726562,-70.34833526611328,-70.73594665527344,-70.21746063232422,-69.82360076904297,-69.69715118408203,-70.62274169921875,-71.19000244140625,-71.34088897705078,-70.39164733886719,-71.67048645019531,-71.70160675048828,-70.52810668945312,-69.848876953125,-69.67792510986328,-70.63138580322266,-70.28724670410156,-69.88182067871094,0.0
-78.75050354003906,-78.2686538696289,-79.35502624511719,-80.14095306396484,-77.15127563476562,-77.49653625488281,-78.32038116455078,-76.85784912109375,-74.87274932861328,-76.28018188476562,-74.22267150878906,-73.56729125976562,-74.95488739013672,-75.84333038330078,-76.05925750732422,-77.84728240966797,-76.58992004394531,-74.99915313720703,-73.39373016357422,-71.32364654541016,-70.3773422241211,-70.17389678955078,-70.16185760498047,-70.11677551269531,-70.0140151977539,-70.8251953125,-71.27108764648438,-71.33721923828125,-70.34132385253906,-70.66695404052734,-71.0643310546875,-71.23818969726562,-70.34833526611328,-70.73594665527344,-70.21746063232422,-69.82360076904297,-69.69715118408203,-70.62274169921875,-71.19000244140625,-71.34088897705078,-70.39164733886719,-71.67048645019531,-71.70160675048828,-70.52810668945312,-69.848876953125,-69.67792510986328,-70.63138580322266,-70.28724670410156,-69.88182067871094,-70.64411163330078,0.0
-78.2686538696289,-79.35502624511719,-80.14095306396484,-77.15127563476562,-77.49653625488281,-78.32038116455078,-76.85784912109375,-74.87274932861328,-76.28018188476562,-74.22267150878906,-73.56729125976562,-74.95488739013672,-75.84333038330078,-76.05925750732422,-77.84728240966797,-76.58992004394531,-74.99915313720703,-73.39373016357422,-71.32364654541016,-70.3773422241211,-70.17389678955078,-70.16185760498047,-70.11677551269531,-70.0140151977539,-70.8251953125,-71.27108764648438,-71.33721923828125,-70.34132385253906,-70.66695404052734,-71.0643310546875,-71.23818969726562,-70.34833526611328,-70.73594665527344,-70.21746063232422,-69.82360076904297,-69.69715118408203,-70.62274169921875,-71.19000244140625,-71.34088897705078,-70.39164733886719,-71.67048645019531,-71.70160675048828,-70.52810668945312,-69.848876953125,-69.67792510986328,-70.63138580322266,-70.28724670410156,-69.88182067871094,-70.64411163330078,-71.16236877441406,0.0
-79.35502624511719,-80.14095306396484,-77.15127563476562,-77.49653625488281,-78.32038116455078,-76.85784912109375,-74.87274932861328,-76.28018188476562,-74.22267150878906,-73.56729125976562,-74.95488739013672,-75.84333038330078,-76.05925750732422,-77.84728240966797,-76.58992004394531,-74.99915313720703,-73.39373016357422,-71.32364654541016,-70.3773422241211,-70.17389678955078,-70.16185760498047,-70.11677551269531,-70.0140151977539,-70.8251953125,-71.27108764648438,-71.33721923828125,-70.34132385253906,-70.66695404052734,-71.0643310546875,-71.23818969726562,-70.34833526611328,-70.73594665527344,-70.21746063232422,-69.82360076904297,-69.69715118408203,-70.62274169921875,-71.19000244140625,-71.34088897705078,-70.39164733886719,-71.67048645019531,-71.70160675048828,-70.52810668945312,-69.848876953125,-69.67792510986328,-70.63138580322266,-70.28724670410156,-69.88182067871094,-70.64411163330078,-71.16236877441406,-71.31287384033203,0.0
-80.14095306396484,-77.15127563476562,-77.49653625488281,-78.32038116455078,-76.85784912109375,-74.87274932861328,-76.28018188476562,-74.22267150878906,-73.56729125976562,-74.95488739013672,-75.84333038330078,-76.05925750732422,-77.84728240966797,-76.58992004394531,-74.99915313720703,-73.39373016357422,-71.32364654541016,-70.3773422241211,-70.17389678955078,-70.16185760498047,-70.11677551269531,-70.0140151977539,-70.8251953125,-71.27108764648438,-71.33721923828125,-70.34132385253906,-70.66695404052734,-71.0643310546875,-71.23818969726562,-70.34833526611328,-70.73594665527344,-70.21746063232422,-69.82360076904297,-69.69715118408203,-70.62274169921875,-71.19000244140625,-71.34088897705078,-70.39164733886719,-71.67048645019531,-71.70160675048828,-70.52810668945312,-69.848876953125,-69.67792510986328,-70.63138580322266,-70.28724670410156,-69.88182067871094,-70.64411163330078,-71.16236877441406,-71.31287384033203,-72.2469253540039,1.0
-77.15127563476562,-77.49653625488281,-78.32038116455078,-76.85784912109375,-74.87274932861328,-76.28018188476562,-74.22267150878906,-73.56729125976562,-74.95488739013672,-75.84333038330078,-76.05925750732422,-77.84728240966797,-76.58992004394531,-74.99915313720703,-73.39373016357422,-71.32364654541016,-70.3773422241211,-70.17389678955078,-70.16185760498047,-70.11677551269531,-70.0140151977539,-70.8251953125,-71.27108764648438,-71.33721923828125,-70.34132385253906,-70.66695404052734,-71.0643310546875,-71.23818969726562,-70.34833526611328,-70.73594665527344,-70.21746063232422,-69.82360076904297,-69.69715118408203,-70.62274169921875,-71.19000244140625,-71.34088897705078,-70.39164733886719,-71.67048645019531,-71.70160675048828,-70.52810668945312,-69.848876953125,-69.67792510986328,-70.63138580322266,-70.28724670410156,-69.88182067871094,-70.64411163330078,-71.16236877441406,-71.31287384033203,-72.2469253540039,-71.39273071289062,1.0
-77.49653625488281,-78.32038116455078,-76.85784912109375,-74.87274932861328,-76.28018188476562,-74.22267150878906,-73.56729125976562,-74.95488739013672,-75.84333038330078,-76.05925750732422,-77.84728240966797,-76.58992004394531,-74.99915313720703,-73.39373016357422,-71.32364654541016,-70.3773422241211,-70.17389678955078,-70.16185760498047,-70.11677551269531,-70.0140151977539,-70.8251953125,-71.27108764648438,-71.33721923828125,-70.34132385253906,-70.66695404052734,-71.0643310546875,-71.23818969726562,-70.34833526611328,-70.73594665527344,-70.21746063232422,-69.82360076904297,-69.69715118408203,-70.62274169921875,-71.19000244140625,-71.34088897705078,-70.39164733886719,-71.67048645019531,-71.70160675048828,-70.52810668945312,-69.848876953125,-69.67792510986328,-70.63138580322266,-70.28724670410156,-69.88182067871094,-70.64411163330078,-71.16236877441406,-71.31287384033203,-72.2469253540039,-71.39273071289062,-71.17713928222656,0.0
-78.32038116455078,-76.85784912109375,-74.87274932861328,-76.28018188476562,-74.22267150878906,-73.56729125976562,-74.95488739013672,-75.84333038330078,-76.05925750732422,-77.84728240966797,-76.58992004394531,-74.99915313720703,-73.39373016357422,-71.32364654541016,-70.3773422241211,-70.17389678955078,-70.16185760498047,-70.11677551269531,-70.0140151977539,-70.8251953125,-71.27108764648438,-71.33721923828125,-70.34132385253906,-70.66695404052734,-71.0643310546875,-71.23818969726562,-70.34833526611328,-70.73594665527344,-70.21746063232422,-69.82360076904297,-69.69715118408203,-70.62274169921875,-71.19000244140625,-71.34088897705078,-70.39164733886719,-71.67048645019531,-71.70160675048828,-70.52810668945312,-69.848876953125,-69.67792510986328,-70.63138580322266,-70.28724670410156,-69.88182067871094,-70.64411163330078,-71.16236877441406,-71.31287384033203,-72.2469253540039,-71.39273071289062,-71.17713928222656,-71.24700927734375,0.0
-76.85784912109375,-74.87274932861328,-76.28018188476562,-74.22267150878906,-73.56729125976562,-74.95488739013672,-75.84333038330078,-76.05925750732422,-77.84728240966797,-76.58992004394531,-74.99915313720703,-73.39373016357422,-71.32364654541016,-70.3773422241211,-70.17389678955078,-70.16185760498047,-70.11677551269531,-70.0140151977539,-70.8251953125,-71.27108764648438,-71.33721923828125,-70.34132385253906,-70.66695404052734,-71.0643310546875,-71.23818969726562,-70.34833526611328,-70.73594665527344,-70.21746063232422,-69.82360076904297,-69.69715118408203,-70.62274169921875,-71.19000244140625,-71.34088897705078,-70.39164733886719,-71.67048645019531,-71.70160675048828,-70.52810668945312,-69.848876953125,-69.67792510986328,-70.63138580322266,-70.28724670410156,-69.88182067871094,-70.64411163330078,-71.16236877441406,-71.31287384033203,-72.2469253540039,-71.39273071289062,-71.17713928222656,-71.24700927734375,-70.39651489257812,0.0
-74.87274932861328,-76.28018188476562,-74.22267150878906,-73.56729125976562,-74.95488739013672,-75.84333038330078,-76.05925750732422,-77.84728240966797,-76.58992004394531,-74.99915313720703,-73.39373016357422,-71.32364654541016,-70.3773422241211,-70.17389678955078,-70.16185760498047,-70.11677551269531,-70.0140151977539,-70.8251953125,-71.27108764648438,-71.33721923828125,-70.34132385253906,-70.66695404052734,-71.0643310546875,-71.23818969726562,-70.34833526611328,-70.73594665527344,-70.21746063232422,-69.82360076904297,-69.69715118408203,-70.62274169921875,-71.19000244140625,-71.34088897705078,-70.39164733886719,-71.67048645019531,-71.70160675048828,-70.52810668945312,-69.848876953125,-69.67792510986328,-70.63138580322266,-70.28724670410156,-69.88182067871094,-70.64411163330078,-71.16236877441406,-71.31287384033203,-72.2469253540039,-71.39273071289062,-71.17713928222656,-71.24700927734375,-70.39651489257812,-70.82154083251953,0.0
-76.28018188476562,-74.22267150878906,-73.56729125976562,-74.95488739013672,-75.84333038330078,-76.05925750732422,-77.84728240966797,-76.58992004394531,-74.99915313720703,-73.39373016357422,-71.32364654541016,-70.3773422241211,-70.17389678955078,-70.16185760498047,-70.11677551269531,-70.0140151977539,-70.8251953125,-71.27108764648438,-71.33721923828125,-70.34132385253906,-70.66695404052734,-71.0643310546875,-71.23818969726562,-70.34833526611328,-70.73594665527344,-70.21746063232422,-69.82360076904297,-69.69715118408203,-70.62274169921875,-71.19000244140625,-71.34088897705078,-70.39164733886719,-71.67048645019531,-71.70160675048828,-70.52810668945312,-69.848876953125,-69.67792510986328,-70.63138580322266,-70.28724670410156,-69.88182067871094,-70.64411163330078,-71.16236877441406,-71.31287384033203,-72.2469253540039,-71.39273071289062,-71.17713928222656,-71.24700927734375,-70.39651489257812,-70.82154083251953,-71.25009155273438,0.0
-74.22267150878906,-73.56729125976562,-74.95488739013672,-75.84333038330078,-76.05925750732422,-77.84728240966797,-76.58992004394531,-74.99915313720703,-73.39373016357422,-71.32364654541016,-70.3773422241211,-70.17389678955078,-70.16185760498047,-70.11677551269531,-70.0140151977539,-70.8251953125,-71.27108764648438,-71.33721923828125,-70.34132385253906,-70.66695404052734,-71.0643310546875,-71.23818969726562,-70.34833526611328,-70.73594665527344,-70.21746063232422,-69.82360076904297,-69.69715118408203,-70.62274169921875,-71.19000244140625,-71.34088897705078,-70.39164733886719,-71.67048645019531,-71.70160675048828,-70.52810668945312,-69.848876953125,-69.67792510986328,-70.63138580322266,-70.28724670410156,-69.88182067871094,-70.64411163330078,-71.16236877441406,-71.31287384033203,-72.2469253540039,-71.39273071289062,-71.17713928222656,-71.24700927734375,-70.39651489257812,-70.82154083251953,-71.25009155273438,-71.41153717041016,0.0
-73.56729125976562,-74.95488739013672,-75.84333038330078,-76.05925750732422,-77.84728240966797,-76.58992004394531,-74.99915313720703,-73.39373016357422,-71.32364654541016,-70.3773422241211,-70.17389678955078,-70.16185760498047,-70.11677551269531,-70.0140151977539,-70.8251953125,-71.27108764648438,-71.33721923828125,-70.34132385253906,-70.66695404052734,-71.0643310546875,-71.23818969726562,-70.34833526611328,-70.73594665527344,-70.21746063232422,-69.82360076904297,-69.69715118408203,-70.62274169921875,-71.19000244140625,-71.34088897705078,-70.39164733886719,-71.67048645019531,-71.70160675048828,-70.52810668945312,-69.848876953125,-69.67792510986328,-70.63138580322266,-70.28724670410156,-69.88182067871094,-70.64411163330078,-71.16236877441406,-71.31287384033203,-72.2469253540039,-71.39273071289062,-71.17713928222656,-71.24700927734375,-70.39651489257812,-70.82154083251953,-71.25009155273438,-71.41153717041016,-71.428466796875,0.0
-74.95488739013672,-75.84333038330078,-76.05925750732422,-77.84728240966797,-76.58992004394531,-74.99915313720703,-73.39373016357422,-71.32364654541016,-70.3773422241211,-70.17389678955078,-70.16185760498047,-70.11677551269531,-70.0140151977539,-70.8251953125,-71.27108764648438,-71.33721923828125,-70.34132385253906,-70.66695404052734,-71.0643310546875,-71.23818969726562,-70.34833526611328,-70.73594665527344,-70.21746063232422,-69.82360076904297,-69.69715118408203,-70.62274169921875,-71.19000244140625,-71.34088897705078,-70.39164733886719,-71.67048645019531,-71.70160675048828,-70.52810668945312,-69.848876953125,-69.67792510986328,-70.63138580322266,-70.28724670410156,-69.88182067871094,-70.64411163330078,-71.16236877441406,-71.31287384033203,-72.2469253540039,-71.39273071289062,-71.17713928222656,-71.24700927734375,-70.39651489257812,-70.82154083251953,-71.25009155273438,-71.41153717041016,-71.428466796875,-71.40819549560547,0.0
-75.84333038330078,-76.05925750732422,-77.84728240966797,-76.58992004394531,-74.99915313720703,-73.39373016357422,-71.32364654541016,-70.3773422241211,-70.17389678955078,-70.16185760498047,-70.11677551269531,-70.0140151977539,-70.8251953125,-71.27108764648438,-71.33721923828125,-70.34132385253906,-70.66695404052734,-71.0643310546875,-71.23818969726562,-70.34833526611328,-70.73594665527344,-70.21746063232422,-69.82360076904297,-69.69715118408203,-70.62274169921875,-71.19000244140625,-71.34088897705078,-70.39164733886719,-71.67048645019531,-71.70160675048828,-70.52810668945312,-69.848876953125,-69.67792510986328,-70.63138580322266,-70.28724670410156,-69.88182067871094,-70.64411163330078,-71.16236877441406,-71.31287384033203,-72.2469253540039,-71.39273071289062,-71.17713928222656,-71.24700927734375,-70.39651489257812,-70.82154083251953,-71.25009155273438,-71.41153717041016,-71.428466796875,-71.40819549560547,-71.39225006103516,0.0
-76.05925750732422,-77.84728240966797,-76.58992004394531,-74.99915313720703,-73.39373016357422,-71.32364654541016,-70.3773422241211,-70.17389678955078,-70.16185760498047,-70.11677551269531,-70.0140151977539,-70.8251953125,-71.27108764648438,-71.33721923828125,-70.34132385253906,-70.66695404052734,-71.0643310546875,-71.23818969726562,-70.34833526611328,-70.73594665527344,-70.21746063232422,-69.82360076904297,-69.69715118408203,-70.62274169921875,-71.19000244140625,-71.34088897705078,-70.39164733886719,-71.67048645019531,-71.70160675048828,-70.52810668945312,-69.848876953125,-69.67792510986328,-70.63138580322266,-70.28724670410156,-69.88182067871094,-70.64411163330078,-71.16236877441406,-71.31287384033203,-72.2469253540039,-71.39273071289062,-71.17713928222656,-71.24700927734375,-70.39651489257812,-70.82154083251953,-71.25009155273438,-71.41153717041016,-71.428466796875,-71.40819549560547,-71.39225006103516,-72.32188415527344,0.0
-77.84728240966797,-76.58992004394531,-74.99915313720703,-73.39373016357422,-71.32364654541016,-70.3773422241211,-70.17389678955078,-70.16185760498047,-70.11677551269531,-70.0140151977539,-70.8251953125,-71.27108764648438,-71.33721923828125,-70.34132385253906,-70.66695404052734,-71.0643310546875,-71.23818969726562,-70.34833526611328,-70.73594665527344,-70.21746063232422,-69.82360076904297,-69.69715118408203,-70.62274169921875,-71.19000244140625,-71.34088897705078,-70.39164733886719,-71.67048645019531,-71.70160675048828,-70.52810668945312,-69.848876953125,-69.67792510986328,-70.63138580322266,-70.28724670410156,-69.88182067871094,-70.64411163330078,-71.16236877441406,-71.31287384033203,-72.2469253540039,-71.39273071289062,-71.17713928222656,-71.24700927734375,-70.39651489257812,-70.82154083251953,-71.25009155273438,-71.41153717041016,-71.428466796875,-71.40819549560547,-71.39225006103516,-72.32188415527344,-71.95649719238281,0.0
-76.58992004394531,-74.99915313720703,-73.39373016357422,-71.32364654541016,-70.3773422241211,-70.17389678955078,-70.16185760498047,-70.11677551269531,-70.0140151977539,-70.8251953125,-71.27108764648438,-71.33721923828125,-70.34132385253906,-70.66695404052734,-71.0643310546875,-71.23818969726562,-70.34833526611328,-70.73594665527344,-70.21746063232422,-69.82360076904297,-69.69715118408203,-70.62274169921875,-71.19000244140625,-71.34088897705078,-70.39164733886719,-71.67048645019531,-71.70160675048828,-70.52810668945312,-69.848876953125,-69.67792510986328,-70.63138580322266,-70.28724670410156,-69.88182067871094,-70.64411163330078,-71.16236877441406,-71.31287384033203,-72.2469253540039,-71.39273071289062,-71.17713928222656,-71.24700927734375,-70.39651489257812,-70.82154083251953,-71.25009155273438,-71.41153717041016,-71.428466796875,-71.40819549560547,-71.39225006103516,-72.32188415527344,-71.95649719238281,-73.42427825927734,0.0
-74.99915313720703,-73.39373016357422,-71.32364654541016,-70.3773422241211,-70.17389678955078,-70.16185760498047,-70.11677551269531,-70.0140151977539,-70.8251953125,-71.27108764648438,-71.33721923828125,-70.34132385253906,-70.66695404052734,-71.0643310546875,-71.23818969726562,-70.34833526611328,-70.73594665527344,-70.21746063232422,-69.82360076904297,-69.69715118408203,-70.62274169921875,-71.19000244140625,-71.34088897705078,-70.39164733886719,-71.67048645019531,-71.70160675048828,-70.52810668945312,-69.848876953125,-69.67792510986328,-70.63138580322266,-70.28724670410156,-69.88182067871094,-70.64411163330078,-71.16236877441406,-71.31287384033203,-72.2469253540039,-71.39273071289062,-71.17713928222656,-71.24700927734375,-70.39651489257812,-70.82154083251953,-71.25009155273438,-71.41153717041016,-71.428466796875,-71.40819549560547,-71.39225006103516,-72.32188415527344,-71.95649719238281,-73.42427825927734,-74.41165924072266,0.0
-73.39373016357422,-71.32364654541016,-70.3773422241211,-70.17389678955078,-70.16185760498047,-70.11677551269531,-70.0140151977539,-70.8251953125,-71.27108764648438,-71.33721923828125,-70.34132385253906,-70.66695404052734,-71.0643310546875,-71.23818969726562,-70.34833526611328,-70.73594665527344,-70.21746063232422,-69.82360076904297,-69.69715118408203,-70.62274169921875,-71.19000244140625,-71.34088897705078,-70.39164733886719,-71.67048645019531,-71.70160675048828,-70.52810668945312,-69.848876953125,-69.67792510986328,-70.63138580322266,-70.28724670410156,-69.88182067871094,-70.64411163330078,-71.16236877441406,-71.31287384033203,-72.2469253540039,-71.39273071289062,-71.17713928222656,-71.24700927734375,-70.39651489257812,-70.82154083251953,-71.25009155273438,-71.41153717041016,-71.428466796875,-71.40819549560547,-71.39225006103516,-72.32188415527344,-71.95649719238281,-73.42427825927734,-74.41165924072266,-74.73408508300781,1.0
-71.32364654541016,-70.3773422241211,-70.17389678955078,-70.16185760498047,-70.11677551269531,-70.0140151977539,-70.8251953125,-71.27108764648438,-71.33721923828125,-70.34132385253906,-70.66695404052734,-71.0643310546875,-71.23818969726562,-70.34833526611328,-70.73594665527344,-70.21746063232422,-69.82360076904297,-69.69715118408203,-70.62274169921875,-71.19000244140625,-71.34088897705078,-70.39164733886719,-71.67048645019531,-71.70160675048828,-70.52810668945312,-69.848876953125,-69.67792510986328,-70.63138580322266,-70.28724670410156,-69.88182067871094,-70.64411163330078,-71.16236877441406,-71.31287384033203,-72.2469253540039,-71.39273071289062,-71.17713928222656,-71.24700927734375,-70.39651489257812,-70.82154083251953,-71.25009155273438,-71.41153717041016,-71.428466796875,-71.40819549560547,-71.39225006103516,-72.32188415527344,-71.95649719238281,-73.42427825927734,-74.41165924072266,-74.73408508300781,-73.85490417480469,0.0
-70.3773422241211,-70.17389678955078,-70.16185760498047,-70.11677551269531,-70.0140151977539,-70.8251953125,-71.27108764648438,-71.33721923828125,-70.34132385253906,-70.66695404052734,-71.0643310546875,-71.23818969726562,-70.34833526611328,-70.73594665527344,-70.21746063232422,-69.82360076904297,-69.69715118408203,-70.62274169921875,-71.19000244140625,-71.34088897705078,-70.39164733886719,-71.67048645019531,-71.70160675048828,-70.52810668945312,-69.848876953125,-69.67792510986328,-70.63138580322266,-70.28724670410156,-69.88182067871094,-70.64411163330078,-71.16236877441406,-71.31287384033203,-72.2469253540039,-71.39273071289062,-71.17713928222656,-71.24700927734375,-70.39651489257812,-70.82154083251953,-71.25009155273438,-71.41153717041016,-71.428466796875,-71.40819549560547,-71.39225006103516,-72.32188415527344,-71.95649719238281,-73.42427825927734,-74.41165924072266,-74.73408508300781,-73.85490417480469,-73.30352783203125,0.0
-70.17389678955078,-70.16185760498047,-70.11677551269531,-70.0140151977539,-70.8251953125,-71.27108764648438,-71.33721923828125,-70.34132385253906,-70.66695404052734,-71.0643310546875,-71.23818969726562,-70.34833526611328,-70.73594665527344,-70.21746063232422,-69.82360076904297,-69.69715118408203,-70.62274169921875,-71.19000244140625,-71.34088897705078,-70.39164733886719,-71.67048645019531,-71.70160675048828,-70.52810668945312,-69.848876953125,-69.67792510986328,-70.63138580322266,-70.28724670410156,-69.88182067871094,-70.64411163330078,-71.16236877441406,-71.31287384033203,-72.2469253540039,-71.39273071289062,-71.17713928222656,-71.24700927734375,-70.39651489257812,-70.82154083251953,-71.25009155273438,-71.41153717041016,-71.428466796875,-71.40819549560547,-71.39225006103516,-72.32188415527344,-71.95649719238281,-73.42427825927734,-74.41165924072266,-74.73408508300781,-73.85490417480469,-73.30352783203125,-75.50106048583984,1.0
-70.16185760498047,-70.11677551269531,-70.0140151977539,-70.8251953125,-71.27108764648438,-71.33721923828125,-70.34132385253906,-70.66695404052734,-71.0643310546875,-71.23818969726562,-70.34833526611328,-70.73594665527344,-70.21746063232422,-69.82360076904297,-69.69715118408203,-70.62274169921875,-71.19000244140625,-71.34088897705078,-70.39164733886719,-71.67048645019531,-71.70160675048828,-70.52810668945312,-69.848876953125,-69.67792510986328,-70.63138580322266,-70.28724670410156,-69.88182067871094,-70.64411163330078,-71.16236877441406,-71.31287384033203,-72.2469253540039,-71.39273071289062,-71.17713928222656,-71.24700927734375,-70.39651489257812,-70.82154083251953,-71.25009155273438,-71.41153717041016,-71.428466796875,-71.40819549560547,-71.39225006103516,-72.32188415527344,-71.95649719238281,-73.42427825927734,-74.41165924072266,-74.73408508300781,-73.85490417480469,-73.30352783203125,-75.50106048583984,-76.04499816894531,0.0
-70.11677551269531,-70.0140151977539,-70.8251953125,-71.27108764648438,-71.33721923828125,-70.34132385253906,-70.66695404052734,-71.0643310546875,-71.23818969726562,-70.34833526611328,-70.73594665527344,-70.21746063232422,-69.82360076904297,-69.69715118408203,-70.62274169921875,-71.19000244140625,-71.34088897705078,-70.39164733886719,-71.67048645019531,-71.70160675048828,-70.52810668945312,-69.848876953125,-69.67792510986328,-70.63138580322266,-70.28724670410156,-69.88182067871094,-70.64411163330078,-71.16236877441406,-71.31287384033203,-72.2469253540039,-71.39273071289062,-71.17713928222656,-71.24700927734375,-70.39651489257812,-70.82154083251953,-71.25009155273438,-71.41153717041016,-71.428466796875,-71.40819549560547,-71.39225006103516,-72.32188415527344,-71.95649719238281,-73.42427825927734,-74.41165924072266,-74.73408508300781,-73.85490417480469,-73.30352783203125,-75.50106048583984,-76.04499816894531,-76.42692565917969,0.0
-70.0140151977539,-70.8251953125,-71.27108764648438,-71.33721923828125,-70.34132385253906,-70.66695404052734,-71.0643310546875,-71.23818969726562,-70.34833526611328,-70.73594665527344,-70.21746063232422,-69.82360076904297,-69.69715118408203,-70.62274169921875,-71.19000244140625,-71.34088897705078,-70.39164733886719,-71.67048645019531,-71.70160675048828,-70.52810668945312,-69.848876953125,-69.67792510986328,-70.63138580322266,-70.28724670410156,-69.88182067871094,-70.64411163330078,-71.16236877441406,-71.31287384033203,-72.2469253540039,-71.39273071289062,-71.17713928222656,-71.24700927734375,-70.39651489257812,-70.82154083251953,-71.25009155273438,-71.41153717041016,-71.428466796875,-71.40819549560547,-71.39225006103516,-72.32188415527344,-71.95649719238281,-73.42427825927734,-74.41165924072266,-74.73408508300781,-73.85490417480469,-73.30352783203125,-75.50106048583984,-76.04499816894531,-76.42692565917969,-75.69109344482422,0.0
-70.8251953125,-71.27108764648438,-71.33721923828125,-70.34132385253906,-70.66695404052734,-71.0643310546875,-71.23818969726562,-70.34833526611328,-70.73594665527344,-70.21746063232422,-69.82360076904297,-69.69715118408203,-70.62274169921875,-71.19000244140625,-71.34088897705078,-70.39164733886719,-71.67048645019531,-71.70160675048828,-70.52810668945312,-69.848876953125,-69.67792510986328,-70.63138580322266,-70.28724670410156,-69.88182067871094,-70.64411163330078,-71.16236877441406,-71.31287384033203,-72.2469253540039,-71.39273071289062,-71.17713928222656,-71.24700927734375,-70.39651489257812,-70.82154083251953,-71.25009155273438,-71.41153717041016,-71.428466796875,-71.40819549560547,-71.39225006103516,-72.32188415527344,-71.95649719238281,-73.42427825927734,-74.41165924072266,-74.73408508300781,-73.85490417480469,-73.30352783203125,-75.50106048583984,-76.04499816894531,-76.42692565917969,-75.69109344482422,-75.20050048828125,1.0
-71.27108764648438,-71.33721923828125,-70.34132385253906,-70.66695404052734,-71.0643310546875,-71.23818969726562,-70.34833526611328,-70.73594665527344,-70.21746063232422,-69.82360076904297,-69.69715118408203,-70.62274169921875,-71.19000244140625,-71.34088897705078,-70.39164733886719,-71.67048645019531,-71.70160675048828,-70.52810668945312,-69.848876953125,-69.67792510986328,-70.63138580322266,-70.28724670410156,-69.88182067871094,-70.64411163330078,-71.16236877441406,-71.31287384033203,-72.2469253540039,-71.39273071289062,-71.17713928222656,-71.24700927734375,-70.39651489257812,-70.82154083251953,-71.25009155273438,-71.41153717041016,-71.428466796875,-71.40819549560547,-71.39225006103516,-72.32188415527344,-71.95649719238281,-73.42427825927734,-74.41165924072266,-74.73408508300781,-73.85490417480469,-73.30352783203125,-75.50106048583984,-76.04499816894531,-76.42692565917969,-75.69109344482422,-75.20050048828125,-75.54720306396484,1.0
-71.33721923828125,-70.34132385253906,-70.66695404052734,-71.0643310546875,-71.23818969726562,-70.34833526611328,-70.73594665527344,-70.21746063232422,-69.82360076904297,-69.69715118408203,-70.62274169921875,-71.19000244140625,-71.34088897705078,-70.39164733886719,-71.67048645019531,-71.70160675048828,-70.52810668945312,-69.848876953125,-69.67792510986328,-70.63138580322266,-70.28724670410156,-69.88182067871094,-70.64411163330078,-71.16236877441406,-71.31287384033203,-72.2469253540039,-71.39273071289062,-71.17713928222656,-71.24700927734375,-70.39651489257812,-70.82154083251953,-71.25009155273438,-71.41153717041016,-71.428466796875,-71.40819549560547,-71.39225006103516,-72.32188415527344,-71.95649719238281,-73.42427825927734,-74.41165924072266,-74.73408508300781,-73.85490417480469,-73.30352783203125,-75.50106048583984,-76.04499816894531,-76.42692565917969,-75.69109344482422,-75.20050048828125,-75.54720306396484,-73.53564453125,0.0
-70.34132385253906,-70.66695404052734,-71.0643310546875,-71.23818969726562,-70.34833526611328,-70.73594665527344,-70.21746063232422,-69.82360076904297,-69.69715118408203,-70.62274169921875,-71.19000244140625,-71.34088897705078,-70.39164733886719,-71.67048645019531,-71.70160675048828,-70.52810668945312,-69.848876953125,-69.67792510986328,-70.63138580322266,-70.28724670410156,-69.88182067871094,-70.64411163330078,-71.16236877441406,-71.31287384033203,-72.2469253540039,-71.39273071289062,-71.17713928222656,-71.24700927734375,-70.39651489257812,-70.82154083251953,-71.25009155273438,-71.41153717041016,-71.428466796875,-71.40819549560547,-71.39225006103516,-72.32188415527344,-71.95649719238281,-73.42427825927734,-74.41165924072266,-74.73408508300781,-73.85490417480469,-73.30352783203125,-75.50106048583984,-76.04499816894531,-76.42692565917969,-75.69109344482422,-75.20050048828125,-75.54720306396484,-73.53564453125,-72.25300598144531,1.0
-70.66695404052734,-71.0643310546875,-71.23818969726562,-70.34833526611328,-70.73594665527344,-70.21746063232422,-69.82360076904297,-69.69715118408203,-70.62274169921875,-71.19000244140625,-71.34088897705078,-70.39164733886719,-71.67048645019531,-71.70160675048828,-70.52810668945312,-69.848876953125,-69.67792510986328,-70.63138580322266,-70.28724670410156,-69.88182067871094,-70.64411163330078,-71.16236877441406,-71.31287384033203,-72.2469253540039,-71.39273071289062,-71.17713928222656,-71.24700927734375,-70.39651489257812,-70.82154083251953,-71.25009155273438,-71.41153717041016,-71.428466796875,-71.40819549560547,-71.39225006103516,-72.32188415527344,-71.95649719238281,-73.42427825927734,-74.41165924072266,-74.73408508300781,-73.85490417480469,-73.30352783203125,-75.50106048583984,-76.04499816894531,-76.42692565917969,-75.69109344482422,-75.20050048828125,-75.54720306396484,-73.53564453125,-72.25300598144531,-72.34683990478516,0.0
-71.0643310546875,-71.23818969726562,-70.34833526611328,-70.73594665527344,-70.21746063232422,-69.82360076904297,-69.69715118408203,-70.62274169921875,-71.19000244140625,-71.34088897705078,-70.39164733886719,-71.67048645019531,-71.70160675048828,-70.52810668945312,-69.848876953125,-69.67792510986328,-70.63138580322266,-70.28724670410156,-69.88182067871094,-70.64411163330078,-71.16236877441406,-71.31287384033203,-72.2469253540039,-71.39273071289062,-71.17713928222656,-71.24700927734375,-70.39651489257812,-70.82154083251953,-71.25009155273438,-71.41153717041016,-71.428466796875,-71.40819549560547,-71.39225006103516,-72.32188415527344,-71.95649719238281,-73.42427825927734,-74.41165924072266,-74.73408508300781,-73.85490417480469,-73.30352783203125,-75.50106048583984,-76.04499816894531,-76.42692565917969,-75.69109344482422,-75.20050048828125,-75.54720306396484,-73.53564453125,-72.25300598144531,-72.34683990478516,-73.53407287597656,0.0
-71.23818969726562,-70.34833526611328,-70.73594665527344,-70.21746063232422,-69.82360076904297,-69.69715118408203,-70.62274169921875,-71.19000244140625,-71.34088897705078,-70.39164733886719,-71.67048645019531,-71.70160675048828,-70.52810668945312,-69.848876953125,-69.67792510986328,-70.63138580322266,-70.28724670410156,-69.88182067871094,-70.64411163330078,-71.16236877441406,-71.31287384033203,-72.2469253540039,-71.39273071289062,-71.17713928222656,-71.24700927734375,-70.39651489257812,-70.82154083251953,-71.25009155273438,-71.41153717041016,-71.428466796875,-71.40819549560547,-71.39225006103516,-72.32188415527344,-71.95649719238281,-73.42427825927734,-74.41165924072266,-74.73408508300781,-73.85490417480469,-73.30352783203125,-75.50106048583984,-76.04499816894531,-76.42692565917969,-75.69109344482422,-75.20050048828125,-75.54720306396484,-73.53564453125,-72.25300598144531,-72.34683990478516,-73.53407287597656,-74.64649963378906,0.0
-70.34833526611328,-70.73594665527344,-70.21746063232422,-69.82360076904297,-69.69715118408203,-70.62274169921875,-71.19000244140625,-71.34088897705078,-70.39164733886719,-71.67048645019531,-71.70160675048828,-70.52810668945312,-69.848876953125,-69.67792510986328,-70.63138580322266,-70.28724670410156,-69.88182067871094,-70.64411163330078,-71.16236877441406,-71.31287384033203,-72.2469253540039,-71.39273071289062,-71.17713928222656,-71.24700927734375,-70.39651489257812,-70.82154083251953,-71.25009155273438,-71.41153717041016,-71.428466796875,-71.40819549560547,-71.39225006103516,-72.32188415527344,-71.95649719238281,-73.42427825927734,-74.41165924072266,-74.73408508300781,-73.85490417480469,-73.30352783203125,-75.50106048583984,-76.04499816894531,-76.42692565917969,-75.69109344482422,-75.20050048828125,-75.54720306396484,-73.53564453125,-72.25300598144531,-72.34683990478516,-73.53407287597656,-74.64649963378906,-75.0515365600586,0.0
-70.73594665527344,-70.21746063232422,-69.82360076904297,-69.69715118408203,-70.62274169921875,-71.19000244140625,-71.34088897705078,-70.39164733886719,-71.67048645019531,-71.70160675048828,-70.52810668945312,-69.848876953125,-69.67792510986328,-70.63138580322266,-70.28724670410156,-69.88182067871094,-70.64411163330078,-71.16236877441406,-71.31287384033203,-72.2469253540039,-71.39273071289062,-71.17713928222656,-71.24700927734375,-70.39651489257812,-70.82154083251953,-71.25009155273438,-71.41153717041016,-71.428466796875,-71.40819549560547,-71.39225006103516,-72.32188415527344,-71.95649719238281,-73.42427825927734,-74.41165924072266,-74.73408508300781,-73.85490417480469,-73.30352783203125,-75.50106048583984,-76.04499816894531,-76.42692565917969,-75.69109344482422,-75.20050048828125,-75.54720306396484,-73.53564453125,-72.25300598144531,-72.34683990478516,-73.53407287597656,-74.64649963378906,-75.0515365600586,-75.0621566772461,1.0
-70.21746063232422,-69.82360076904297,-69.69715118408203,-70.62274169921875,-71.19000244140625,-71.34088897705078,-70.39164733886719,-71.67048645019531,-71.70160675048828,-70.52810668945312,-69.848876953125,-69.67792510986328,-70.63138580322266,-70.28724670410156,-69.88182067871094,-70.64411163330078,-71.16236877441406,-71.31287384033203,-72.2469253540039,-71.39273071289062,-71.17713928222656,-71.24700927734375,-70.39651489257812,-70.82154083251953,-71.25009155273438,-71.41153717041016,-71.428466796875,-71.40819549560547,-71.39225006103516,-72.32188415527344,-71.95649719238281,-73.42427825927734,-74.41165924072266,-74.73408508300781,-73.85490417480469,-73.30352783203125,-75.50106048583984,-76.04499816894531,-76.42692565917969,-75.69109344482422,-75.20050048828125,-75.54720306396484,-73.53564453125,-72.25300598144531,-72.34683990478516,-73.53407287597656,-74.64649963378906,-75.0515365600586,-75.0621566772461,-78.65719604492188,0.0
-69.82360076904297,-69.69715118408203,-70.62274169921875,-71.19000244140625,-71.34088897705078,-70.39164733886719,-71.67048645019531,-71.70160675048828,-70.52810668945312,-69.848876953125,-69.67792510986328,-70.63138580322266,-70.28724670410156,-69.88182067871094,-70.64411163330078,-71.16236877441406,-71.31287384033203,-72.2469253540039,-71.39273071289062,-71.17713928222656,-71.24700927734375,-70.39651489257812,-70.82154083251953,-71.25009155273438,-71.41153717041016,-71.428466796875,-71.40819549560547,-71.39225006103516,-72.32188415527344,-71.95649719238281,-73.42427825927734,-74.41165924072266,-74.73408508300781,-73.85490417480469,-73.30352783203125,-75.50106048583984,-76.04499816894531,-76.42692565917969,-75.69109344482422,-75.20050048828125,-75.54720306396484,-73.53564453125,-72.25300598144531,-72.34683990478516,-73.53407287597656,-74.64649963378906,-75.0515365600586,-75.0621566772461,-78.65719604492188,-77.66912078857422,0.0
-69.69715118408203,-70.62274169921875,-71.19000244140625,-71.34088897705078,-70.39164733886719,-71.67048645019531,-71.70160675048828,-70.52810668945312,-69.848876953125,-69.67792510986328,-70.63138580322266,-70.28724670410156,-69.88182067871094,-70.64411163330078,-71.16236877441406,-71.31287384033203,-72.2469253540039,-71.39273071289062,-71.17713928222656,-71.24700927734375,-70.39651489257812,-70.82154083251953,-71.25009155273438,-71.41153717041016,-71.428466796875,-71.40819549560547,-71.39225006103516,-72.32188415527344,-71.95649719238281,-73.42427825927734,-74.41165924072266,-74.73408508300781,-73.85490417480469,-73.30352783203125,-75.50106048583984,-76.04499816894531,-76.42692565917969,-75.69109344482422,-75.20050048828125,-75.54720306396484,-73.53564453125,-72.25300598144531,-72.34683990478516,-73.53407287597656,-74.64649963378906,-75.0515365600586,-75.0621566772461,-78.65719604492188,-77.66912078857422,-75.89250183105469,0.0
-70.62274169921875,-71.19000244140625,-71.34088897705078,-70.39164733886719,-71.67048645019531,-71.70160675048828,-70.52810668945312,-69.848876953125,-69.67792510986328,-70.63138580322266,-70.28724670410156,-69.88182067871094,-70.64411163330078,-71.16236877441406,-71.31287384033203,-72.2469253540039,-71.39273071289062,-71.17713928222656,-71.24700927734375,-70.39651489257812,-70.82154083251953,-71.25009155273438,-71.41153717041016,-71.428466796875,-71.40819549560547,-71.39225006103516,-72.32188415527344,-71.95649719238281,-73.42427825927734,-74.41165924072266,-74.73408508300781,-73.85490417480469,-73.30352783203125,-75.50106048583984,-76.04499816894531,-76.42692565917969,-75.69109344482422,-75.20050048828125,-75.54720306396484,-73.53564453125,-72.25300598144531,-72.34683990478516,-73.53407287597656,-74.64649963378906,-75.0515365600586,-75.0621566772461,-78.65719604492188,-77.66912078857422,-75.89250183105469,-73.70710754394531,0.0
-71.19000244140625,-71.34088897705078,-70.39164733886719,-71.67048645019531,-71.70160675048828,-70.52810668945312,-69.848876953125,-69.67792510986328,-70.63138580322266,-70.28724670410156,-69.88182067871094,-70.64411163330078,-71.16236877441406,-71.31287384033203,-72.2469253540039,-71.39273071289062,-71.17713928222656,-71.24700927734375,-70.39651489257812,-70.82154083251953,-71.25009155273438,-71.41153717041016,-71.428466796875,-71.40819549560547,-71.39225006103516,-72.32188415527344,-71.95649719238281,-73.42427825927734,-74.41165924072266,-74.73408508300781,-73.85490417480469,-73.30352783203125,-75.50106048583984,-76.04499816894531,-76.42692565917969,-75.69109344482422,-75.20050048828125,-75.54720306396484,-73.53564453125,-72.25300598144531,-72.34683990478516,-73.53407287597656,-74.64649963378906,-75.0515365600586,-75.0621566772461,-78.65719604492188,-77.66912078857422,-75.89250183105469,-73.70710754394531,-72.75761413574219,0.0
-71.34088897705078,-70.39164733886719,-71.67048645019531,-71.70160675048828,-70.52810668945312,-69.848876953125,-69.67792510986328,-70.63138580322266,-70.28724670410156,-69.88182067871094,-70.64411163330078,-71.16236877441406,-71.31287384033203,-72.2469253540039,-71.39273071289062,-71.17713928222656,-71.24700927734375,-70.39651489257812,-70.82154083251953,-71.25009155273438,-71.41153717041016,-71.428466796875,-71.40819549560547,-71.39225006103516,-72.32188415527344,-71.95649719238281,-73.42427825927734,-74.41165924072266,-74.73408508300781,-73.85490417480469,-73.30352783203125,-75.50106048583984,-76.04499816894531,-76.42692565917969,-75.69109344482422,-75.20050048828125,-75.54720306396484,-73.53564453125,-72.25300598144531,-72.34683990478516,-73.53407287597656,-74.64649963378906,-75.0515365600586,-75.0621566772461,-78.65719604492188,-77.66912078857422,-75.89250183105469,-73.70710754394531,-72.75761413574219,-73.08895874023438,0.0
-70.39164733886719,-71.67048645019531,-71.70160675048828,-70.52810668945312,-69.848876953125,-69.67792510986328,-70.63138580322266,-70.28724670410156,-69.88182067871094,-70.64411163330078,-71.16236877441406,-71.31287384033203,-72.2469253540039,-71.39273071289062,-71.17713928222656,-71.24700927734375,-70.39651489257812,-70.82154083251953,-71.25009155273438,-71.41153717041016,-71.428466796875,-71.40819549560547,-71.39225006103516,-72.32188415527344,-71.95649719238281,-73.42427825927734,-74.41165924072266,-74.73408508300781,-73.85490417480469,-73.30352783203125,-75.50106048583984,-76.04499816894531,-76.42692565917969,-75.69109344482422,-75.20050048828125,-75.54720306396484,-73.53564453125,-72.25300598144531,-72.34683990478516,-73.53407287597656,-74.64649963378906,-75.0515365600586,-75.0621566772461,-78.65719604492188,-77.66912078857422,-75.89250183105469,-73.70710754394531,-72.75761413574219,-73.08895874023438,-73.45178985595703,0.0
-71.67048645019531,-71.70160675048828,-70.52810668945312,-69.848876953125,-69.67792510986328,-70.63138580322266,-70.28724670410156,-69.88182067871094,-70.64411163330078,-71.16236877441406,-71.31287384033203,-72.2469253540039,-71.39273071289062,-71.17713928222656,-71.24700927734375,-70.39651489257812,-70.82154083251953,-71.25009155273438,-71.41153717041016,-71.428466796875,-71.40819549560547,-71.39225006103516,-72.32188415527344,-71.95649719238281,-73.42427825927734,-74.41165924072266,-74.73408508300781,-73.85490417480469,-73.30352783203125,-75.50106048583984,-76.04499816894531,-76.42692565917969,-75.69109344482422,-75.20050048828125,-75.54720306396484,-73.53564453125,-72.25300598144531,-72.34683990478516,-73.53407287597656,-74.64649963378906,-75.0515365600586,-75.0621566772461,-78.65719604492188,-77.66912078857422,-75.89250183105469,-73.70710754394531,-72.75761413574219,-73.08895874023438,-73.45178985595703,-67.91755676269531,0.0
-71.70160675048828,-70.52810668945312,-69.848876953125,-69.67792510986328,-70.63138580322266,-70.28724670410156,-69.88182067871094,-70.64411163330078,-71.16236877441406,-71.31287384033203,-72.2469253540039,-71.39273071289062,-71.17713928222656,-71.24700927734375,-70.39651489257812,-70.82154083251953,-71.25009155273438,-71.41153717041016,-71.428466796875,-71.40819549560547,-71.39225006103516,-72.32188415527344,-71.95649719238281,-73.42427825927734,-74.41165924072266,-74.73408508300781,-73.85490417480469,-73.30352783203125,-75.50106048583984,-76.04499816894531,-76.42692565917969,-75.69109344482422,-75.20050048828125,-75.54720306396484,-73.53564453125,-72.25300598144531,-72.34683990478516,-73.53407287597656,-74.64649963378906,-75.0515365600586,-75.0621566772461,-78.65719604492188,-77.66912078857422,-75.89250183105469,-73.70710754394531,-72.75761413574219,-73.08895874023438,-73.45178985595703,-67.91755676269531,-66.38722229003906,0.0
-70.52810668945312,-69.848876953125,-69.67792510986328,-70.63138580322266,-70.28724670410156,-69.88182067871094,-70.64411163330078,-71.16236877441406,-71.31287384033203,-72.2469253540039,-71.39273071289062,-71.17713928222656,-71.24700927734375,-70.39651489257812,-70.82154083251953,-71.25009155273438,-71.41153717041016,-71.428466796875,-71.40819549560547,-71.39225006103516,-72.32188415527344,-71.95649719238281,-73.42427825927734,-74.41165924072266,-74.73408508300781,-73.85490417480469,-73.30352783203125,-75.50106048583984,-76.04499816894531,-76.42692565917969,-75.69109344482422,-75.20050048828125,-75.54720306396484,-73.53564453125,-72.25300598144531,-72.34683990478516,-73.53407287597656,-74.64649963378906,-75.0515365600586,-75.0621566772461,-78.65719604492188,-77.66912078857422,-75.89250183105469,-73.70710754394531,-72.75761413574219,-73.08895874023438,-73.45178985595703,-67.91755676269531,-66.38722229003906,-64.58067321777344,0.0
-69.848876953125,-69.67792510986328,-70.63138580322266,-70.28724670410156,-69.88182067871094,-70.64411163330078,-71.16236877441406,-71.31287384033203,-72.2469253540039,-71.39273071289062,-71.17713928222656,-71.24700927734375,-70.39651489257812,-70.82154083251953,-71.25009155273438,-71.41153717041016,-71.428466796875,-71.40819549560547,-71.39225006103516,-72.32188415527344,-71.95649719238281,-73.42427825927734,-74.41165924072266,-74.73408508300781,-73.85490417480469,-73.30352783203125,-75.50106048583984,-76.04499816894531,-76.42692565917969,-75.69109344482422,-75.20050048828125,-75.54720306396484,-73.53564453125,-72.25300598144531,-72.34683990478516,-73.53407287597656,-74.64649963378906,-75.0515365600586,-75.0621566772461,-78.65719604492188,-77.66912078857422,-75.89250183105469,-73.70710754394531,-72.75761413574219,-73.08895874023438,-73.45178985595703,-67.91755676269531,-66.38722229003906,-64.58067321777344,-63.632110595703125,0.0
-69.67792510986328,-70.63138580322266,-70.28724670410156,-69.88182067871094,-70.64411163330078,-71.16236877441406,-71.31287384033203,-72.2469253540039,-71.39273071289062,-71.17713928222656,-71.24700927734375,-70.39651489257812,-70.82154083251953,-71.25009155273438,-71.41153717041016,-71.428466796875,-71.40819549560547,-71.39225006103516,-72.32188415527344,-71.95649719238281,-73.42427825927734,-74.41165924072266,-74.73408508300781,-73.85490417480469,-73.30352783203125,-75.50106048583984,-76.04499816894531,-76.42692565917969,-75.69109344482422,-75.20050048828125,-75.54720306396484,-73.53564453125,-72.25300598144531,-72.34683990478516,-73.53407287597656,-74.64649963378906,-75.0515365600586,-75.0621566772461,-78.65719604492188,-77.66912078857422,-75.89250183105469,-73.70710754394531,-72.75761413574219,-73.08895874023438,-73.45178985595703,-67.91755676269531,-66.38722229003906,-64.58067321777344,-63.632110595703125,-63.28644561767578,0.0
-70.63138580322266,-70.28724670410156,-69.88182067871094,-70.64411163330078,-71.16236877441406,-71.31287384033203,-72.2469253540039,-71.39273071289062,-71.17713928222656,-71.24700927734375,-70.39651489257812,-70.82154083251953,-71.25009155273438,-71.41153717041016,-71.428466796875,-71.40819549560547,-71.39225006103516,-72.32188415527344,-71.95649719238281,-73.42427825927734,-74.41165924072266,-74.73408508300781,-73.85490417480469,-73.30352783203125,-75.50106048583984,-76.04499816894531,-76.42692565917969,-75.69109344482422,-75.20050048828125,-75.54720306396484,-73.53564453125,-72.25300598144531,-72.34683990478516,-73.53407287597656,-74.64649963378906,-75.0515365600586,-75.0621566772461,-78.65719604492188,-77.66912078857422,-75.89250183105469,-73.70710754394531,-72.75761413574219,-73.08895874023438,-73.45178985595703,-67.91755676269531,-66.38722229003906,-64.58067321777344,-63.632110595703125,-63.28644561767578,-66.88063049316406,0.0
-70.28724670410156,-69.88182067871094,-70.64411163330078,-71.16236877441406,-71.31287384033203,-72.2469253540039,-71.39273071289062,-71.17713928222656,-71.24700927734375,-70.39651489257812,-70.82154083251953,-71.25009155273438,-71.41153717041016,-71.428466796875,-71.40819549560547,-71.39225006103516,-72.32188415527344,-71.95649719238281,-73.42427825927734,-74.41165924072266,-74.73408508300781,-73.85490417480469,-73.30352783203125,-75.50106048583984,-76.04499816894531,-76.42692565917969,-75.69109344482422,-75.20050048828125,-75.54720306396484,-73.53564453125,-72.25300598144531,-72.34683990478516,-73.53407287597656,-74.64649963378906,-75.0515365600586,-75.0621566772461,-78.65719604492188,-77.66912078857422,-75.89250183105469,-73.70710754394531,-72.75761413574219,-73.08895874023438,-73.45178985595703,-67.91755676269531,-66.38722229003906,-64.58067321777344,-63.632110595703125,-63.28644561767578,-66.88063049316406,-68.94026947021484,0.0
-69.88182067871094,-70.64411163330078,-71.16236877441406,-71.31287384033203,-72.2469253540039,-71.39273071289062,-71.17713928222656,-71.24700927734375,-70.39651489257812,-70.82154083251953,-71.25009155273438,-71.41153717041016,-71.428466796875,-71.40819549560547,-71.39225006103516,-72.32188415527344,-71.95649719238281,-73.42427825927734,-74.41165924072266,-74.73408508300781,-73.85490417480469,-73.30352783203125,-75.50106048583984,-76.04499816894531,-76.42692565917969,-75.69109344482422,-75.20050048828125,-75.54720306396484,-73.53564453125,-72.25300598144531,-72.34683990478516,-73.53407287597656,-74.64649963378906,-75.0515365600586,-75.0621566772461,-78.65719604492188,-77.66912078857422,-75.89250183105469,-73.70710754394531,-72.75761413574219,-73.08895874023438,-73.45178985595703,-67.91755676269531,-66.38722229003906,-64.58067321777344,-63.632110595703125,-63.28644561767578,-66.88063049316406,-68.94026947021484,-71.23599243164062,0.0
-70.64411163330078,-71.16236877441406,-71.31287384033203,-72.2469253540039,-71.39273071289062,-71.17713928222656,-71.24700927734375,-70.39651489257812,-70.82154083251953,-71.25009155273438,-71.41153717041016,-71.428466796875,-71.40819549560547,-71.39225006103516,-72.32188415527344,-71.95649719238281,-73.42427825927734,-74.41165924072266,-74.73408508300781,-73.85490417480469,-73.30352783203125,-75.50106048583984,-76.04499816894531,-76.42692565917969,-75.69109344482422,-75.20050048828125,-75.54720306396484,-73.53564453125,-72.25300598144531,-72.34683990478516,-73.53407287597656,-74.64649963378906,-75.0515365600586,-75.0621566772461,-78.65719604492188,-77.66912078857422,-75.89250183105469,-73.70710754394531,-72.75761413574219,-73.08895874023438,-73.45178985595703,-67.91755676269531,-66.38722229003906,-64.58067321777344,-63.632110595703125,-63.28644561767578,-66.88063049316406,-68.94026947021484,-71.23599243164062,-72.2142333984375,0.0
-71.16236877441406,-71.31287384033203,-72.2469253540039,-71.39273071289062,-71.17713928222656,-71.24700927734375,-70.39651489257812,-70.82154083251953,-71.25009155273438,-71.41153717041016,-71.428466796875,-71.40819549560547,-71.39225006103516,-72.32188415527344,-71.95649719238281,-73.42427825927734,-74.41165924072266,-74.73408508300781,-73.85490417480469,-73.30352783203125,-75.50106048583984,-76.04499816894531,-76.42692565917969,-75.69109344482422,-75.20050048828125,-75.54720306396484,-73.53564453125,-72.25300598144531,-72.34683990478516,-73.53407287597656,-74.64649963378906,-75.0515365600586,-75.0621566772461,-78.65719604492188,-77.66912078857422,-75.89250183105469,-73.70710754394531,-72.75761413574219,-73.08895874023438,-73.45178985595703,-67.91755676269531,-66.38722229003906,-64.58067321777344,-63.632110595703125,-63.28644561767578,-66.88063049316406,-68.94026947021484,-71.23599243164062,-72.2142333984375,-71.90966796875,0.0
-71.31287384033203,-72.2469253540039,-71.39273071289062,-71.17713928222656,-71.24700927734375,-70.39651489257812,-70.82154083251953,-71.25009155273438,-71.41153717041016,-71.428466796875,-71.40819549560547,-71.39225006103516,-72.32188415527344,-71.95649719238281,-73.42427825927734,-74.41165924072266,-74.73408508300781,-73.85490417480469,-73.30352783203125,-75.50106048583984,-76.04499816894531,-76.42692565917969,-75.69109344482422,-75.20050048828125,-75.54720306396484,-73.53564453125,-72.25300598144531,-72.34683990478516,-73.53407287597656,-74.64649963378906,-75.0515365600586,-75.0621566772461,-78.65719604492188,-77.66912078857422,-75.89250183105469,-73.70710754394531,-72.75761413574219,-73.08895874023438,-73.45178985595703,-67.91755676269531,-66.38722229003906,-64.58067321777344,-63.632110595703125,-63.28644561767578,-66.88063049316406,-68.94026947021484,-71.23599243164062,-72.2142333984375,-71.90966796875,-71.61127471923828,0.0
-72.2469253540039,-71.39273071289062,-71.17713928222656,-71.24700927734375,-70.39651489257812,-70.82154083251953,-71.25009155273438,-71.41153717041016,-71.428466796875,-71.40819549560547,-71.39225006103516,-72.32188415527344,-71.95649719238281,-73.42427825927734,-74.41165924072266,-74.73408508300781,-73.85490417480469,-73.30352783203125,-75.50106048583984,-76.04499816894531,-76.42692565917969,-75.69109344482422,-75.20050048828125,-75.54720306396484,-73.53564453125,-72.25300598144531,-72.34683990478516,-73.53407287597656,-74.64649963378906,-75.0515365600586,-75.0621566772461,-78.65719604492188,-77.66912078857422,-75.89250183105469,-73.70710754394531,-72.75761413574219,-73.08895874023438,-73.45178985595703,-67.91755676269531,-66.38722229003906,-64.58067321777344,-63.632110595703125,-63.28644561767578,-66.88063049316406,-68.94026947021484,-71.23599243164062,-72.2142333984375,-71.90966796875,-71.61127471923828,-71.5882568359375,0.0
-71.39273071289062,-71.17713928222656,-71.24700927734375,-70.39651489257812,-70.82154083251953,-71.25009155273438,-71.41153717041016,-71.428466796875,-71.40819549560547,-71.39225006103516,-72.32188415527344,-71.95649719238281,-73.42427825927734,-74.41165924072266,-74.73408508300781,-73.85490417480469,-73.30352783203125,-75.50106048583984,-76.04499816894531,-76.42692565917969,-75.69109344482422,-75.20050048828125,-75.54720306396484,-73.53564453125,-72.25300598144531,-72.34683990478516,-73.53407287597656,-74.64649963378906,-75.0515365600586,-75.0621566772461,-78.65719604492188,-77.66912078857422,-75.89250183105469,-73.70710754394531,-72.75761413574219,-73.08895874023438,-73.45178985595703,-67.91755676269531,-66.38722229003906,-64.58067321777344,-63.632110595703125,-63.28644561767578,-66.88063049316406,-68.94026947021484,-71.23599243164062,-72.2142333984375,-71.90966796875,-71.61127471923828,-71.5882568359375,-70.79234313964844,0.0
-71.17713928222656,-71.24700927734375,-70.39651489257812,-70.82154083251953,-71.25009155273438,-71.41153717041016,-71.428466796875,-71.40819549560547,-71.39225006103516,-72.32188415527344,-71.95649719238281,-73.42427825927734,-74.41165924072266,-74.73408508300781,-73.85490417480469,-73.30352783203125,-75.50106048583984,-76.04499816894531,-76.42692565917969,-75.69109344482422,-75.20050048828125,-75.54720306396484,-73.53564453125,-72.25300598144531,-72.34683990478516,-73.53407287597656,-74.64649963378906,-75.0515365600586,-75.0621566772461,-78.65719604492188,-77.66912078857422,-75.89250183105469,-73.70710754394531,-72.75761413574219,-73.08895874023438,-73.45178985595703,-67.91755676269531,-66.38722229003906,-64.58067321777344,-63.632110595703125,-63.28644561767578,-66.88063049316406,-68.94026947021484,-71.23599243164062,-72.2142333984375,-71.90966796875,-71.61127471923828,-71.5882568359375,-70.79234313964844,-70.40933227539062,0.0
-71.24700927734375,-70.39651489257812,-70.82154083251953,-71.25009155273438,-71.41153717041016,-71.428466796875,-71.40819549560547,-71.39225006103516,-72.32188415527344,-71.95649719238281,-73.42427825927734,-74.41165924072266,-74.73408508300781,-73.85490417480469,-73.30352783203125,-75.50106048583984,-76.04499816894531,-76.42692565917969,-75.69109344482422,-75.20050048828125,-75.54720306396484,-73.53564453125,-72.25300598144531,-72.34683990478516,-73.53407287597656,-74.64649963378906,-75.0515365600586,-75.0621566772461,-78.65719604492188,-77.66912078857422,-75.89250183105469,-73.70710754394531,-72.75761413574219,-73.08895874023438,-73.45178985595703,-67.91755676269531,-66.38722229003906,-64.58067321777344,-63.632110595703125,-63.28644561767578,-66.88063049316406,-68.94026947021484,-71.23599243164062,-72.2142333984375,-71.90966796875,-71.61127471923828,-71.5882568359375,-70.79234313964844,-70.40933227539062,-68.52644348144531,0.0
-70.39651489257812,-70.82154083251953,-71.25009155273438,-71.41153717041016,-71.428466796875,-71.40819549560547,-71.39225006103516,-72.32188415527344,-71.95649719238281,-73.42427825927734,-74.41165924072266,-74.73408508300781,-73.85490417480469,-73.30352783203125,-75.50106048583984,-76.04499816894531,-76.42692565917969,-75.69109344482422,-75.20050048828125,-75.54720306396484,-73.53564453125,-72.25300598144531,-72.34683990478516,-73.53407287597656,-74.64649963378906,-75.0515365600586,-75.0621566772461,-78.65719604492188,-77.66912078857422,-75.89250183105469,-73.70710754394531,-72.75761413574219,-73.08895874023438,-73.45178985595703,-67.91755676269531,-66.38722229003906,-64.58067321777344,-63.632110595703125,-63.28644561767578,-66.88063049316406,-68.94026947021484,-71.23599243164062,-72.2142333984375,-71.90966796875,-71.61127471923828,-71.5882568359375,-70.79234313964844,-70.40933227539062,-68.52644348144531,-67.50872802734375,0.0
-70.82154083251953,-71.25009155273438,-71.41153717041016,-71.428466796875,-71.40819549560547,-71.39225006103516,-72.32188415527344,-71.95649719238281,-73.42427825927734,-74.41165924072266,-74.73408508300781,-73.85490417480469,-73.30352783203125,-75.50106048583984,-76.04499816894531,-76.42692565917969,-75.69109344482422,-75.20050048828125,-75.54720306396484,-73.53564453125,-72.25300598144531,-72.34683990478516,-73.53407287597656,-74.64649963378906,-75.0515365600586,-75.0621566772461,-78.65719604492188,-77.66912078857422,-75.89250183105469,-73.70710754394531,-72.75761413574219,-73.08895874023438,-73.45178985595703,-67.91755676269531,-66.38722229003906,-64.58067321777344,-63.632110595703125,-63.28644561767578,-66.88063049316406,-68.94026947021484,-71.23599243164062,-72.2142333984375,-71.90966796875,-71.61127471923828,-71.5882568359375,-70.79234313964844,-70.40933227539062,-68.52644348144531,-67.50872802734375,-69.1602554321289,0.0
-71.25009155273438,-71.41153717041016,-71.428466796875,-71.40819549560547,-71.39225006103516,-72.32188415527344,-71.95649719238281,-73.42427825927734,-74.41165924072266,-74.73408508300781,-73.85490417480469,-73.30352783203125,-75.50106048583984,-76.04499816894531,-76.42692565917969,-75.69109344482422,-75.20050048828125,-75.54720306396484,-73.53564453125,-72.25300598144531,-72.34683990478516,-73.53407287597656,-74.64649963378906,-75.0515365600586,-75.0621566772461,-78.65719604492188,-77.66912078857422,-75.89250183105469,-73.70710754394531,-72.75761413574219,-73.08895874023438,-73.45178985595703,-67.91755676269531,-66.38722229003906,-64.58067321777344,-63.632110595703125,-63.28644561767578,-66.88063049316406,-68.94026947021484,-71.23599243164062,-72.2142333984375,-71.90966796875,-71.61127471923828,-71.5882568359375,-70.79234313964844,-70.40933227539062,-68.52644348144531,-67.50872802734375,-69.1602554321289,-72.1666030883789,0.0
-71.41153717041016,-71.428466796875,-71.40819549560547,-71.39225006103516,-72.32188415527344,-71.95649719238281,-73.42427825927734,-74.41165924072266,-74.73408508300781,-73.85490417480469,-73.30352783203125,-75.50106048583984,-76.04499816894531,-76.42692565917969,-75.69109344482422,-75.20050048828125,-75.54720306396484,-73.53564453125,-72.25300598144531,-72.34683990478516,-73.53407287597656,-74.64649963378906,-75.0515365600586,-75.0621566772461,-78.65719604492188,-77.66912078857422,-75.89250183105469,-73.70710754394531,-72.75761413574219,-73.08895874023438,-73.45178985595703,-67.91755676269531,-66.38722229003906,-64.58067321777344,-63.632110595703125,-63.28644561767578,-66.88063049316406,-68.94026947021484,-71.23599243164062,-72.2142333984375,-71.90966796875,-71.61127471923828,-71.5882568359375,-70.79234313964844,-70.40933227539062,-68.52644348144531,-67.50872802734375,-69.1602554321289,-72.1666030883789,-73.6199722290039,0.0
-71.428466796875,-71.40819549560547,-71.39225006103516,-72.32188415527344,-71.95649719238281,-73.42427825927734,-74.41165924072266,-74.73408508300781,-73.85490417480469,-73.30352783203125,-75.50106048583984,-76.04499816894531,-76.42692565917969,-75.69109344482422,-75.20050048828125,-75.54720306396484,-73.53564453125,-72.25300598144531,-72.34683990478516,-73.53407287597656,-74.64649963378906,-75.0515365600586,-75.0621566772461,-78.65719604492188,-77.66912078857422,-75.89250183105469,-73.70710754394531,-72.75761413574219,-73.08895874023438,-73.45178985595703,-67.91755676269531,-66.38722229003906,-64.58067321777344,-63.632110595703125,-63.28644561767578,-66.88063049316406,-68.94026947021484,-71.23599243164062,-72.2142333984375,-71.90966796875,-71.61127471923828,-71.5882568359375,-70.79234313964844,-70.40933227539062,-68.52644348144531,-67.50872802734375,-69.1602554321289,-72.1666030883789,-73.6199722290039,-73.9114761352539,0.0
-71.40819549560547,-71.39225006103516,-72.32188415527344,-71.95649719238281,-73.42427825927734,-74.41165924072266,-74.73408508300781,-73.85490417480469,-73.30352783203125,-75.50106048583984,-76.04499816894531,-76.42692565917969,-75.69109344482422,-75.20050048828125,-75.54720306396484,-73.53564453125,-72.25300598144531,-72.34683990478516,-73.53407287597656,-74.64649963378906,-75.0515365600586,-75.0621566772461,-78.65719604492188,-77.66912078857422,-75.89250183105469,-73.70710754394531,-72.75761413574219,-73.08895874023438,-73.45178985595703,-67.91755676269531,-66.38722229003906,-64.58067321777344,-63.632110595703125,-63.28644561767578,-66.88063049316406,-68.94026947021484,-71.23599243164062,-72.2142333984375,-71.90966796875,-71.61127471923828,-71.5882568359375,-70.79234313964844,-70.40933227539062,-68.52644348144531,-67.50872802734375,-69.1602554321289,-72.1666030883789,-73.6199722290039,-73.9114761352539,-73.83702087402344,0.0
-71.39225006103516,-72.32188415527344,-71.95649719238281,-73.42427825927734,-74.41165924072266,-74.73408508300781,-73.85490417480469,-73.30352783203125,-75.50106048583984,-76.04499816894531,-76.42692565917969,-75.69109344482422,-75.20050048828125,-75.54720306396484,-73.53564453125,-72.25300598144531,-72.34683990478516,-73.53407287597656,-74.64649963378906,-75.0515365600586,-75.0621566772461,-78.65719604492188,-77.66912078857422,-75.89250183105469,-73.70710754394531,-72.75761413574219,-73.08895874023438,-73.45178985595703,-67.91755676269531,-66.38722229003906,-64.58067321777344,-63.632110595703125,-63.28644561767578,-66.88063049316406,-68.94026947021484,-71.23599243164062,-72.2142333984375,-71.90966796875,-71.61127471923828,-71.5882568359375,-70.79234313964844,-70.40933227539062,-68.52644348144531,-67.50872802734375,-69.1602554321289,-72.1666030883789,-73.6199722290039,-73.9114761352539,-73.83702087402344,-72.3700180053711,0.0
-72.32188415527344,-71.95649719238281,-73.42427825927734,-74.41165924072266,-74.73408508300781,-73.85490417480469,-73.30352783203125,-75.50106048583984,-76.04499816894531,-76.42692565917969,-75.69109344482422,-75.20050048828125,-75.54720306396484,-73.53564453125,-72.25300598144531,-72.34683990478516,-73.53407287597656,-74.64649963378906,-75.0515365600586,-75.0621566772461,-78.65719604492188,-77.66912078857422,-75.89250183105469,-73.70710754394531,-72.75761413574219,-73.08895874023438,-73.45178985595703,-67.91755676269531,-66.38722229003906,-64.58067321777344,-63.632110595703125,-63.28644561767578,-66.88063049316406,-68.94026947021484,-71.23599243164062,-72.2142333984375,-71.90966796875,-71.61127471923828,-71.5882568359375,-70.79234313964844,-70.40933227539062,-68.52644348144531,-67.50872802734375,-69.1602554321289,-72.1666030883789,-73.6199722290039,-73.9114761352539,-73.83702087402344,-72.3700180053711,-72.47285461425781,0.0
-71.95649719238281,-73.42427825927734,-74.41165924072266,-74.73408508300781,-73.85490417480469,-73.30352783203125,-75.50106048583984,-76.04499816894531,-76.42692565917969,-75.69109344482422,-75.20050048828125,-75.54720306396484,-73.53564453125,-72.25300598144531,-72.34683990478516,-73.53407287597656,-74.64649963378906,-75.0515365600586,-75.0621566772461,-78.65719604492188,-77.66912078857422,-75.89250183105469,-73.70710754394531,-72.75761413574219,-73.08895874023438,-73.45178985595703,-67.91755676269531,-66.38722229003906,-64.58067321777344,-63.632110595703125,-63.28644561767578,-66.88063049316406,-68.94026947021484,-71.23599243164062,-72.2142333984375,-71.90966796875,-71.61127471923828,-71.5882568359375,-70.79234313964844,-70.40933227539062,-68.52644348144531,-67.50872802734375,-69.1602554321289,-72.1666030883789,-73.6199722290039,-73.9114761352539,-73.83702087402344,-72.3700180053711,-72.47285461425781,-72.40199279785156,0.0
-73.42427825927734,-74.41165924072266,-74.73408508300781,-73.85490417480469,-73.30352783203125,-75.50106048583984,-76.04499816894531,-76.42692565917969,-75.69109344482422,-75.20050048828125,-75.54720306396484,-73.53564453125,-72.25300598144531,-72.34683990478516,-73.53407287597656,-74.64649963378906,-75.0515365600586,-75.0621566772461,-78.65719604492188,-77.66912078857422,-75.89250183105469,-73.70710754394531,-72.75761413574219,-73.08895874023438,-73.45178985595703,-67.91755676269531,-66.38722229003906,-64.58067321777344,-63.632110595703125,-63.28644561767578,-66.88063049316406,-68.94026947021484,-71.23599243164062,-72.2142333984375,-71.90966796875,-71.61127471923828,-71.5882568359375,-70.79234313964844,-70.40933227539062,-68.52644348144531,-67.50872802734375,-69.1602554321289,-72.1666030883789,-73.6199722290039,-73.9114761352539,-73.83702087402344,-72.3700180053711,-72.47285461425781,-72.40199279785156,-73.29034423828125,0.0
-74.41165924072266,-74.73408508300781,-73.85490417480469,-73.30352783203125,-75.50106048583984,-76.04499816894531,-76.42692565917969,-75.69109344482422,-75.20050048828125,-75.54720306396484,-73.53564453125,-72.25300598144531,-72.34683990478516,-73.53407287597656,-74.64649963378906,-75.0515365600586,-75.0621566772461,-78.65719604492188,-77.66912078857422,-75.89250183105469,-73.70710754394531,-72.75761413574219,-73.08895874023438,-73.45178985595703,-67.91755676269531,-66.38722229003906,-64.58067321777344,-63.632110595703125,-63.28644561767578,-66.88063049316406,-68.94026947021484,-71.23599243164062,-72.2142333984375,-71.90966796875,-71.61127471923828,-71.5882568359375,-70.79234313964844,-70.40933227539062,-68.52644348144531,-67.50872802734375,-69.1602554321289,-72.1666030883789,-73.6199722290039,-73.9114761352539,-73.83702087402344,-72.3700180053711,-72.47285461425781,-72.40199279785156,-73.29034423828125,-72.00529479980469,0.0
-74.73408508300781,-73.85490417480469,-73.30352783203125,-75.50106048583984,-76.04499816894531,-76.42692565917969,-75.69109344482422,-75.20050048828125,-75.54720306396484,-73.53564453125,-72.25300598144531,-72.34683990478516,-73.53407287597656,-74.64649963378906,-75.0515365600586,-75.0621566772461,-78.65719604492188,-77.66912078857422,-75.89250183105469,-73.70710754394531,-72.75761413574219,-73.08895874023438,-73.45178985595703,-67.91755676269531,-66.38722229003906,-64.58067321777344,-63.632110595703125,-63.28644561767578,-66.88063049316406,-68.94026947021484,-71.23599243164062,-72.2142333984375,-71.90966796875,-71.61127471923828,-71.5882568359375,-70.79234313964844,-70.40933227539062,-68.52644348144531,-67.50872802734375,-69.1602554321289,-72.1666030883789,-73.6199722290039,-73.9114761352539,-73.83702087402344,-72.3700180053711,-72.47285461425781,-72.40199279785156,-73.29034423828125,-72.00529479980469,-70.12553405761719,0.0
-73.85490417480469,-73.30352783203125,-75.50106048583984,-76.04499816894531,-76.42692565917969,-75.69109344482422,-75.20050048828125,-75.54720306396484,-73.53564453125,-72.25300598144531,-72.34683990478516,-73.53407287597656,-74.64649963378906,-75.0515365600586,-75.0621566772461,-78.65719604492188,-77.66912078857422,-75.89250183105469,-73.70710754394531,-72.75761413574219,-73.08895874023438,-73.45178985595703,-67.91755676269531,-66.38722229003906,-64.58067321777344,-63.632110595703125,-63.28644561767578,-66.88063049316406,-68.94026947021484,-71.23599243164062,-72.2142333984375,-71.90966796875,-71.61127471923828,-71.5882568359375,-70.79234313964844,-70.40933227539062,-68.52644348144531,-67.50872802734375,-69.1602554321289,-72.1666030883789,-73.6199722290039,-73.9114761352539,-73.83702087402344,-72.3700180053711,-72.47285461425781,-72.40199279785156,-73.29034423828125,-72.00529479980469,-70.12553405761719,-69.73384094238281,0.0
-73.30352783203125,-75.50106048583984,-76.04499816894531,-76.42692565917969,-75.69109344482422,-75.20050048828125,-75.54720306396484,-73.53564453125,-72.25300598144531,-72.34683990478516,-73.53407287597656,-74.64649963378906,-75.0515365600586,-75.0621566772461,-78.65719604492188,-77.66912078857422,-75.89250183105469,-73.70710754394531,-72.75761413574219,-73.08895874023438,-73.45178985595703,-67.91755676269531,-66.38722229003906,-64.58067321777344,-63.632110595703125,-63.28644561767578,-66.88063049316406,-68.94026947021484,-71.23599243164062,-72.2142333984375,-71.90966796875,-71.61127471923828,-71.5882568359375,-70.79234313964844,-70.40933227539062,-68.52644348144531,-67.50872802734375,-69.1602554321289,-72.1666030883789,-73.6199722290039,-73.9114761352539,-73.83702087402344,-72.3700180053711,-72.47285461425781,-72.40199279785156,-73.29034423828125,-72.00529479980469,-70.12553405761719,-69.73384094238281,-72.16740417480469,0.0
-75.50106048583984,-76.04499816894531,-76.42692565917969,-75.69109344482422,-75.20050048828125,-75.54720306396484,-73.53564453125,-72.25300598144531,-72.34683990478516,-73.53407287597656,-74.64649963378906,-75.0515365600586,-75.0621566772461,-78.65719604492188,-77.66912078857422,-75.89250183105469,-73.70710754394531,-72.75761413574219,-73.08895874023438,-73.45178985595703,-67.91755676269531,-66.38722229003906,-64.58067321777344,-63.632110595703125,-63.28644561767578,-66.88063049316406,-68.94026947021484,-71.23599243164062,-72.2142333984375,-71.90966796875,-71.61127471923828,-71.5882568359375,-70.79234313964844,-70.40933227539062,-68.52644348144531,-67.50872802734375,-69.1602554321289,-72.1666030883789,-73.6199722290039,-73.9114761352539,-73.83702087402344,-72.3700180053711,-72.47285461425781,-72.40199279785156,-73.29034423828125,-72.00529479980469,-70.12553405761719,-69.73384094238281,-72.16740417480469,-73.65975952148438,0.0
-76.04499816894531,-76.42692565917969,-75.69109344482422,-75.20050048828125,-75.54720306396484,-73.53564453125,-72.25300598144531,-72.34683990478516,-73.53407287597656,-74.64649963378906,-75.0515365600586,-75.0621566772461,-78.65719604492188,-77.66912078857422,-75.89250183105469,-73.70710754394531,-72.75761413574219,-73.08895874023438,-73.45178985595703,-67.91755676269531,-66.38722229003906,-64.58067321777344,-63.632110595703125,-63.28644561767578,-66.88063049316406,-68.94026947021484,-71.23599243164062,-72.2142333984375,-71.90966796875,-71.61127471923828,-71.5882568359375,-70.79234313964844,-70.40933227539062,-68.52644348144531,-67.50872802734375,-69.1602554321289,-72.1666030883789,-73.6199722290039,-73.9114761352539,-73.83702087402344,-72.3700180053711,-72.47285461425781,-72.40199279785156,-73.29034423828125,-72.00529479980469,-70.12553405761719,-69.73384094238281,-72.16740417480469,-73.65975952148438,-74.05718231201172,0.0
-76.42692565917969,-75.69109344482422,-75.20050048828125,-75.54720306396484,-73.53564453125,-72.25300598144531,-72.34683990478516,-73.53407287597656,-74.64649963378906,-75.0515365600586,-75.0621566772461,-78.65719604492188,-77.66912078857422,-75.89250183105469,-73.70710754394531,-72.75761413574219,-73.08895874023438,-73.45178985595703,-67.91755676269531,-66.38722229003906,-64.58067321777344,-63.632110595703125,-63.28644561767578,-66.88063049316406,-68.94026947021484,-71.23599243164062,-72.2142333984375,-71.90966796875,-71.61127471923828,-71.5882568359375,-70.79234313964844,-70.40933227539062,-68.52644348144531,-67.50872802734375,-69.1602554321289,-72.1666030883789,-73.6199722290039,-73.9114761352539,-73.83702087402344,-72.3700180053711,-72.47285461425781,-72.40199279785156,-73.29034423828125,-72.00529479980469,-70.12553405761719,-69.73384094238281,-72.16740417480469,-73.65975952148438,-74.05718231201172,-74.02246856689453,0.0
-75.69109344482422,-75.20050048828125,-75.54720306396484,-73.53564453125,-72.25300598144531,-72.34683990478516,-73.53407287597656,-74.64649963378906,-75.0515365600586,-75.0621566772461,-78.65719604492188,-77.66912078857422,-75.89250183105469,-73.70710754394531,-72.75761413574219,-73.08895874023438,-73.45178985595703,-67.91755676269531,-66.38722229003906,-64.58067321777344,-63.632110595703125,-63.28644561767578,-66.88063049316406,-68.94026947021484,-71.23599243164062,-72.2142333984375,-71.90966796875,-71.61127471923828,-71.5882568359375,-70.79234313964844,-70.40933227539062,-68.52644348144531,-67.50872802734375,-69.1602554321289,-72.1666030883789,-73.6199722290039,-73.9114761352539,-73.83702087402344,-72.3700180053711,-72.47285461425781,-72.40199279785156,-73.29034423828125,-72.00529479980469,-70.12553405761719,-69.73384094238281,-72.16740417480469,-73.65975952148438,-74.05718231201172,-74.02246856689453,-73.9395751953125,0.0
-75.20050048828125,-75.54720306396484,-73.53564453125,-72.25300598144531,-72.34683990478516,-73.53407287597656,-74.64649963378906,-75.0515365600586,-75.0621566772461,-78.65719604492188,-77.66912078857422,-75.89250183105469,-73.70710754394531,-72.75761413574219,-73.08895874023438,-73.45178985595703,-67.91755676269531,-66.38722229003906,-64.58067321777344,-63.632110595703125,-63.28644561767578,-66.88063049316406,-68.94026947021484,-71.23599243164062,-72.2142333984375,-71.90966796875,-71.61127471923828,-71.5882568359375,-70.79234313964844,-70.40933227539062,-68.52644348144531,-67.50872802734375,-69.1602554321289,-72.1666030883789,-73.6199722290039,-73.9114761352539,-73.83702087402344,-72.3700180053711,-72.47285461425781,-72.40199279785156,-73.29034423828125,-72.00529479980469,-70.12553405761719,-69.73384094238281,-72.16740417480469,-73.65975952148438,-74.05718231201172,-74.02246856689453,-73.9395751953125,-73.91685485839844,0.0
-75.54720306396484,-73.53564453125,-72.25300598144531,-72.34683990478516,-73.53407287597656,-74.64649963378906,-75.0515365600586,-75.0621566772461,-78.65719604492188,-77.66912078857422,-75.89250183105469,-73.70710754394531,-72.75761413574219,-73.08895874023438,-73.45178985595703,-67.91755676269531,-66.38722229003906,-64.58067321777344,-63.632110595703125,-63.28644561767578,-66.88063049316406,-68.94026947021484,-71.23599243164062,-72.2142333984375,-71.90966796875,-71.61127471923828,-71.5882568359375,-70.79234313964844,-70.40933227539062,-68.52644348144531,-67.50872802734375,-69.1602554321289,-72.1666030883789,-73.6199722290039,-73.9114761352539,-73.83702087402344,-72.3700180053711,-72.47285461425781,-72.40199279785156,-73.29034423828125,-72.00529479980469,-70.12553405761719,-69.73384094238281,-72.16740417480469,-73.65975952148438,-74.05718231201172,-74.02246856689453,-73.9395751953125,-73.91685485839844,-72.54671478271484,0.0
-73.53564453125,-72.25300598144531,-72.34683990478516,-73.53407287597656,-74.64649963378906,-75.0515365600586,-75.0621566772461,-78.65719604492188,-77.66912078857422,-75.89250183105469,-73.70710754394531,-72.75761413574219,-73.08895874023438,-73.45178985595703,-67.91755676269531,-66.38722229003906,-64.58067321777344,-63.632110595703125,-63.28644561767578,-66.88063049316406,-68.94026947021484,-71.23599243164062,-72.2142333984375,-71.90966796875,-71.61127471923828,-71.5882568359375,-70.79234313964844,-70.40933227539062,-68.52644348144531,-67.50872802734375,-69.1602554321289,-72.1666030883789,-73.6199722290039,-73.9114761352539,-73.83702087402344,-72.3700180053711,-72.47285461425781,-72.40199279785156,-73.29034423828125,-72.00529479980469,-70.12553405761719,-69.73384094238281,-72.16740417480469,-73.65975952148438,-74.05718231201172,-74.02246856689453,-73.9395751953125,-73.91685485839844,-72.54671478271484,-72.22069549560547,0.0
-72.25300598144531,-72.34683990478516,-73.53407287597656,-74.64649963378906,-75.0515365600586,-75.0621566772461,-78.65719604492188,-77.66912078857422,-75.89250183105469,-73.70710754394531,-72.75761413574219,-73.08895874023438,-73.45178985595703,-67.91755676269531,-66.38722229003906,-64.58067321777344,-63.632110595703125,-63.28644561767578,-66.88063049316406,-68.94026947021484,-71.23599243164062,-72.2142333984375,-71.90966796875,-71.61127471923828,-71.5882568359375,-70.79234313964844,-70.40933227539062,-68.52644348144531,-67.50872802734375,-69.1602554321289,-72.1666030883789,-73.6199722290039,-73.9114761352539,-73.83702087402344,-72.3700180053711,-72.47285461425781,-72.40199279785156,-73.29034423828125,-72.00529479980469,-70.12553405761719,-69.73384094238281,-72.16740417480469,-73.65975952148438,-74.05718231201172,-74.02246856689453,-73.9395751953125,-73.91685485839844,-72.54671478271484,-72.22069549560547,-72.31739807128906,0.0
-72.34683990478516,-73.53407287597656,-74.64649963378906,-75.0515365600586,-75.0621566772461,-78.65719604492188,-77.66912078857422,-75.89250183105469,-73.70710754394531,-72.75761413574219,-73.08895874023438,-73.45178985595703,-67.91755676269531,-66.38722229003906,-64.58067321777344,-63.632110595703125,-63.28644561767578,-66.88063049316406,-68.94026947021484,-71.23599243164062,-72.2142333984375,-71.90966796875,-71.61127471923828,-71.5882568359375,-70.79234313964844,-70.40933227539062,-68.52644348144531,-67.50872802734375,-69.1602554321289,-72.1666030883789,-73.6199722290039,-73.9114761352539,-73.83702087402344,-72.3700180053711,-72.47285461425781,-72.40199279785156,-73.29034423828125,-72.00529479980469,-70.12553405761719,-69.73384094238281,-72.16740417480469,-73.65975952148438,-74.05718231201172,-74.02246856689453,-73.9395751953125,-73.91685485839844,-72.54671478271484,-72.22069549560547,-72.31739807128906,-70.5522232055664,0.0
-73.53407287597656,-74.64649963378906,-75.0515365600586,-75.0621566772461,-78.65719604492188,-77.66912078857422,-75.89250183105469,-73.70710754394531,-72.75761413574219,-73.08895874023438,-73.45178985595703,-67.91755676269531,-66.38722229003906,-64.58067321777344,-63.632110595703125,-63.28644561767578,-66.88063049316406,-68.94026947021484,-71.23599243164062,-72.2142333984375,-71.90966796875,-71.61127471923828,-71.5882568359375,-70.79234313964844,-70.40933227539062,-68.52644348144531,-67.50872802734375,-69.1602554321289,-72.1666030883789,-73.6199722290039,-73.9114761352539,-73.83702087402344,-72.3700180053711,-72.47285461425781,-72.40199279785156,-73.29034423828125,-72.00529479980469,-70.12553405761719,-69.73384094238281,-72.16740417480469,-73.65975952148438,-74.05718231201172,-74.02246856689453,-73.9395751953125,-73.91685485839844,-72.54671478271484,-72.22069549560547,-72.31739807128906,-70.5522232055664,-71.80989074707031,0.0
-74.64649963378906,-75.0515365600586,-75.0621566772461,-78.65719604492188,-77.66912078857422,-75.89250183105469,-73.70710754394531,-72.75761413574219,-73.08895874023438,-73.45178985595703,-67.91755676269531,-66.38722229003906,-64.58067321777344,-63.632110595703125,-63.28644561767578,-66.88063049316406,-68.94026947021484,-71.23599243164062,-72.2142333984375,-71.90966796875,-71.61127471923828,-71.5882568359375,-70.79234313964844,-70.40933227539062,-68.52644348144531,-67.50872802734375,-69.1602554321289,-72.1666030883789,-73.6199722290039,-73.9114761352539,-73.83702087402344,-72.3700180053711,-72.47285461425781,-72.40199279785156,-73.29034423828125,-72.00529479980469,-70.12553405761719,-69.73384094238281,-72.16740417480469,-73.65975952148438,-74.05718231201172,-74.02246856689453,-73.9395751953125,-73.91685485839844,-72.54671478271484,-72.22069549560547,-72.31739807128906,-70.5522232055664,-71.80989074707031,-73.35993957519531,0.0
-75.0515365600586,-75.0621566772461,-78.65719604492188,-77.66912078857422,-75.89250183105469,-73.70710754394531,-72.75761413574219,-73.08895874023438,-73.45178985595703,-67.91755676269531,-66.38722229003906,-64.58067321777344,-63.632110595703125,-63.28644561767578,-66.88063049316406,-68.94026947021484,-71.23599243164062,-72.2142333984375,-71.90966796875,-71.61127471923828,-71.5882568359375,-70.79234313964844,-70.40933227539062,-68.52644348144531,-67.50872802734375,-69.1602554321289,-72.1666030883789,-73.6199722290039,-73.9114761352539,-73.83702087402344,-72.3700180053711,-72.47285461425781,-72.40199279785156,-73.29034423828125,-72.00529479980469,-70.12553405761719,-69.73384094238281,-72.16740417480469,-73.65975952148438,-74.05718231201172,-74.02246856689453,-73.9395751953125,-73.91685485839844,-72.54671478271484,-72.22069549560547,-72.31739807128906,-70.5522232055664,-71.80989074707031,-73.35993957519531,-72.1326904296875,0.0
-75.0621566772461,-78.65719604492188,-77.66912078857422,-75.89250183105469,-73.70710754394531,-72.75761413574219,-73.08895874023438,-73.45178985595703,-67.91755676269531,-66.38722229003906,-64.58067321777344,-63.632110595703125,-63.28644561767578,-66.88063049316406,-68.94026947021484,-71.23599243164062,-72.2142333984375,-71.90966796875,-71.61127471923828,-71.5882568359375,-70.79234313964844,-70.40933227539062,-68.52644348144531,-67.50872802734375,-69.1602554321289,-72.1666030883789,-73.6199722290039,-73.9114761352539,-73.83702087402344,-72.3700180053711,-72.47285461425781,-72.40199279785156,-73.29034423828125,-72.00529479980469,-70.12553405761719,-69.73384094238281,-72.16740417480469,-73.65975952148438,-74.05718231201172,-74.02246856689453,-73.9395751953125,-73.91685485839844,-72.54671478271484,-72.22069549560547,-72.31739807128906,-70.5522232055664,-71.80989074707031,-73.35993957519531,-72.1326904296875,-73.41741943359375,0.0
-78.65719604492188,-77.66912078857422,-75.89250183105469,-73.70710754394531,-72.75761413574219,-73.08895874023438,-73.45178985595703,-67.91755676269531,-66.38722229003906,-64.58067321777344,-63.632110595703125,-63.28644561767578,-66.88063049316406,-68.94026947021484,-71.23599243164062,-72.2142333984375,-71.90966796875,-71.61127471923828,-71.5882568359375,-70.79234313964844,-70.40933227539062,-68.52644348144531,-67.50872802734375,-69.1602554321289,-72.1666030883789,-73.6199722290039,-73.9114761352539,-73.83702087402344,-72.3700180053711,-72.47285461425781,-72.40199279785156,-73.29034423828125,-72.00529479980469,-70.12553405761719,-69.73384094238281,-72.16740417480469,-73.65975952148438,-74.05718231201172,-74.02246856689453,-73.9395751953125,-73.91685485839844,-72.54671478271484,-72.22069549560547,-72.31739807128906,-70.5522232055664,-71.80989074707031,-73.35993957519531,-72.1326904296875,-73.41741943359375,-74.90538024902344,0.0
-77.66912078857422,-75.89250183105469,-73.70710754394531,-72.75761413574219,-73.08895874023438,-73.45178985595703,-67.91755676269531,-66.38722229003906,-64.58067321777344,-63.632110595703125,-63.28644561767578,-66.88063049316406,-68.94026947021484,-71.23599243164062,-72.2142333984375,-71.90966796875,-71.61127471923828,-71.5882568359375,-70.79234313964844,-70.40933227539062,-68.52644348144531,-67.50872802734375,-69.1602554321289,-72.1666030883789,-73.6199722290039,-73.9114761352539,-73.83702087402344,-72.3700180053711,-72.47285461425781,-72.40199279785156,-73.29034423828125,-72.00529479980469,-70.12553405761719,-69.73384094238281,-72.16740417480469,-73.65975952148438,-74.05718231201172,-74.02246856689453,-73.9395751953125,-73.91685485839844,-72.54671478271484,-72.22069549560547,-72.31739807128906,-70.5522232055664,-71.80989074707031,-73.35993957519531,-72.1326904296875,-73.41741943359375,-74.90538024902344,-74.14061737060547,0.0
-75.89250183105469,-73.70710754394531,-72.75761413574219,-73.08895874023438,-73.45178985595703,-67.91755676269531,-66.38722229003906,-64.58067321777344,-63.632110595703125,-63.28644561767578,-66.88063049316406,-68.94026947021484,-71.23599243164062,-72.2142333984375,-71.90966796875,-71.61127471923828,-71.5882568359375,-70.79234313964844,-70.40933227539062,-68.52644348144531,-67.50872802734375,-69.1602554321289,-72.1666030883789,-73.6199722290039,-73.9114761352539,-73.83702087402344,-72.3700180053711,-72.47285461425781,-72.40199279785156,-73.29034423828125,-72.00529479980469,-70.12553405761719,-69.73384094238281,-72.16740417480469,-73.65975952148438,-74.05718231201172,-74.02246856689453,-73.9395751953125,-73.91685485839844,-72.54671478271484,-72.22069549560547,-72.31739807128906,-70.5522232055664,-71.80989074707031,-73.35993957519531,-72.1326904296875,-73.41741943359375,-74.90538024902344,-74.14061737060547,-73.41336822509766,0.0
-73.70710754394531,-72.75761413574219,-73.08895874023438,-73.45178985595703,-67.91755676269531,-66.38722229003906,-64.58067321777344,-63.632110595703125,-63.28644561767578,-66.88063049316406,-68.94026947021484,-71.23599243164062,-72.2142333984375,-71.90966796875,-71.61127471923828,-71.5882568359375,-70.79234313964844,-70.40933227539062,-68.52644348144531,-67.50872802734375,-69.1602554321289,-72.1666030883789,-73.6199722290039,-73.9114761352539,-73.83702087402344,-72.3700180053711,-72.47285461425781,-72.40199279785156,-73.29034423828125,-72.00529479980469,-70.12553405761719,-69.73384094238281,-72.16740417480469,-73.65975952148438,-74.05718231201172,-74.02246856689453,-73.9395751953125,-73.91685485839844,-72.54671478271484,-72.22069549560547,-72.31739807128906,-70.5522232055664,-71.80989074707031,-73.35993957519531,-72.1326904296875,-73.41741943359375,-74.90538024902344,-74.14061737060547,-73.41336822509766,-74.09780883789062,0.0
-72.75761413574219,-73.08895874023438,-73.45178985595703,-67.91755676269531,-66.38722229003906,-64.58067321777344,-63.632110595703125,-63.28644561767578,-66.88063049316406,-68.94026947021484,-71.23599243164062,-72.2142333984375,-71.90966796875,-71.61127471923828,-71.5882568359375,-70.79234313964844,-70.40933227539062,-68.52644348144531,-67.50872802734375,-69.1602554321289,-72.1666030883789,-73.6199722290039,-73.9114761352539,-73.83702087402344,-72.3700180053711,-72.47285461425781,-72.40199279785156,-73.29034423828125,-72.00529479980469,-70.12553405761719,-69.73384094238281,-72.16740417480469,-73.65975952148438,-74.05718231201172,-74.02246856689453,-73.9395751953125,-73.91685485839844,-72.54671478271484,-72.22069549560547,-72.31739807128906,-70.5522232055664,-71.80989074707031,-73.35993957519531,-72.1326904296875,-73.41741943359375,-74.90538024902344,-74.14061737060547,-73.41336822509766,-74.09780883789062,-73.738037109375,0.0
-73.08895874023438,-73.45178985595703,-67.91755676269531,-66.38722229003906,-64.58067321777344,-63.632110595703125,-63.28644561767578,-66.88063049316406,-68.94026947021484,-71.23599243164062,-72.2142333984375,-71.90966796875,-71.61127471923828,-71.5882568359375,-70.79234313964844,-70.40933227539062,-68.52644348144531,-67.50872802734375,-69.1602554321289,-72.1666030883789,-73.6199722290039,-73.9114761352539,-73.83702087402344,-72.3700180053711,-72.47285461425781,-72.40199279785156,-73.29034423828125,-72.00529479980469,-70.12553405761719,-69.73384094238281,-72.16740417480469,-73.65975952148438,-74.05718231201172,-74.02246856689453,-73.9395751953125,-73.91685485839844,-72.54671478271484,-72.22069549560547,-72.31739807128906,-70.5522232055664,-71.80989074707031,-73.35993957519531,-72.1326904296875,-73.41741943359375,-74.90538024902344,-74.14061737060547,-73.41336822509766,-74.09780883789062,-73.738037109375,-74.33167266845703,0.0
-73.45178985595703,-67.91755676269531,-66.38722229003906,-64.58067321777344,-63.632110595703125,-63.28644561767578,-66.88063049316406,-68.94026947021484,-71.23599243164062,-72.2142333984375,-71.90966796875,-71.61127471923828,-71.5882568359375,-70.79234313964844,-70.40933227539062,-68.52644348144531,-67.50872802734375,-69.1602554321289,-72.1666030883789,-73.6199722290039,-73.9114761352539,-73.83702087402344,-72.3700180053711,-72.47285461425781,-72.40199279785156,-73.29034423828125,-72.00529479980469,-70.12553405761719,-69.73384094238281,-72.16740417480469,-73.65975952148438,-74.05718231201172,-74.02246856689453,-73.9395751953125,-73.91685485839844,-72.54671478271484,-72.22069549560547,-72.31739807128906,-70.5522232055664,-71.80989074707031,-73.35993957519531,-72.1326904296875,-73.41741943359375,-74.90538024902344,-74.14061737060547,-73.41336822509766,-74.09780883789062,-73.738037109375,-74.33167266845703,-74.33138275146484,0.0
-67.91755676269531,-66.38722229003906,-64.58067321777344,-63.632110595703125,-63.28644561767578,-66.88063049316406,-68.94026947021484,-71.23599243164062,-72.2142333984375,-71.90966796875,-71.61127471923828,-71.5882568359375,-70.79234313964844,-70.40933227539062,-68.52644348144531,-67.50872802734375,-69.1602554321289,-72.1666030883789,-73.6199722290039,-73.9114761352539,-73.83702087402344,-72.3700180053711,-72.47285461425781,-72.40199279785156,-73.29034423828125,-72.00529479980469,-70.12553405761719,-69.73384094238281,-72.16740417480469,-73.65975952148438,-74.05718231201172,-74.02246856689453,-73.9395751953125,-73.91685485839844,-72.54671478271484,-72.22069549560547,-72.31739807128906,-70.5522232055664,-71.80989074707031,-73.35993957519531,-72.1326904296875,-73.41741943359375,-74.90538024902344,-74.14061737060547,-73.41336822509766,-74.09780883789062,-73.738037109375,-74.33167266845703,-74.33138275146484,-73.75635528564453,0.0
-66.38722229003906,-64.58067321777344,-63.632110595703125,-63.28644561767578,-66.88063049316406,-68.94026947021484,-71.23599243164062,-72.2142333984375,-71.90966796875,-71.61127471923828,-71.5882568359375,-70.79234313964844,-70.40933227539062,-68.52644348144531,-67.50872802734375,-69.1602554321289,-72.1666030883789,-73.6199722290039,-73.9114761352539,-73.83702087402344,-72.3700180053711,-72.47285461425781,-72.40199279785156,-73.29034423828125,-72.00529479980469,-70.12553405761719,-69.73384094238281,-72.16740417480469,-73.65975952148438,-74.05718231201172,-74.02246856689453,-73.9395751953125,-73.91685485839844,-72.54671478271484,-72.22069549560547,-72.31739807128906,-70.5522232055664,-71.80989074707031,-73.35993957519531,-72.1326904296875,-73.41741943359375,-74.90538024902344,-74.14061737060547,-73.41336822509766,-74.09780883789062,-73.738037109375,-74.33167266845703,-74.33138275146484,-73.75635528564453,-72.49271392822266,0.0
-64.58067321777344,-63.632110595703125,-63.28644561767578,-66.88063049316406,-68.94026947021484,-71.23599243164062,-72.2142333984375,-71.90966796875,-71.61127471923828,-71.5882568359375,-70.79234313964844,-70.40933227539062,-68.52644348144531,-67.50872802734375,-69.1602554321289,-72.1666030883789,-73.6199722290039,-73.9114761352539,-73.83702087402344,-72.3700180053711,-72.47285461425781,-72.40199279785156,-73.29034423828125,-72.00529479980469,-70.12553405761719,-69.73384094238281,-72.16740417480469,-73.65975952148438,-74.05718231201172,-74.02246856689453,-73.9395751953125,-73.91685485839844,-72.54671478271484,-72.22069549560547,-72.31739807128906,-70.5522232055664,-71.80989074707031,-73.35993957519531,-72.1326904296875,-73.41741943359375,-74.90538024902344,-74.14061737060547,-73.41336822509766,-74.09780883789062,-73.738037109375,-74.33167266845703,-74.33138275146484,-73.75635528564453,-72.49271392822266,-73.24789428710938,0.0
-63.632110595703125,-63.28644561767578,-66.88063049316406,-68.94026947021484,-71.23599243164062,-72.2142333984375,-71.90966796875,-71.61127471923828,-71.5882568359375,-70.79234313964844,-70.40933227539062,-68.52644348144531,-67.50872802734375,-69.1602554321289,-72.1666030883789,-73.6199722290039,-73.9114761352539,-73.83702087402344,-72.3700180053711,-72.47285461425781,-72.40199279785156,-73.29034423828125,-72.00529479980469,-70.12553405761719,-69.73384094238281,-72.16740417480469,-73.65975952148438,-74.05718231201172,-74.02246856689453,-73.9395751953125,-73.91685485839844,-72.54671478271484,-72.22069549560547,-72.31739807128906,-70.5522232055664,-71.80989074707031,-73.35993957519531,-72.1326904296875,-73.41741943359375,-74.90538024902344,-74.14061737060547,-73.41336822509766,-74.09780883789062,-73.738037109375,-74.33167266845703,-74.33138275146484,-73.75635528564453,-72.49271392822266,-73.24789428710938,-74.86933135986328,0.0
-63.28644561767578,-66.88063049316406,-68.94026947021484,-71.23599243164062,-72.2142333984375,-71.90966796875,-71.61127471923828,-71.5882568359375,-70.79234313964844,-70.40933227539062,-68.52644348144531,-67.50872802734375,-69.1602554321289,-72.1666030883789,-73.6199722290039,-73.9114761352539,-73.83702087402344,-72.3700180053711,-72.47285461425781,-72.40199279785156,-73.29034423828125,-72.00529479980469,-70.12553405761719,-69.73384094238281,-72.16740417480469,-73.65975952148438,-74.05718231201172,-74.02246856689453,-73.9395751953125,-73.91685485839844,-72.54671478271484,-72.22069549560547,-72.31739807128906,-70.5522232055664,-71.80989074707031,-73.35993957519531,-72.1326904296875,-73.41741943359375,-74.90538024902344,-74.14061737060547,-73.41336822509766,-74.09780883789062,-73.738037109375,-74.33167266845703,-74.33138275146484,-73.75635528564453,-72.49271392822266,-73.24789428710938,-74.86933135986328,-75.21758270263672,0.0
-66.88063049316406,-68.94026947021484,-71.23599243164062,-72.2142333984375,-71.90966796875,-71.61127471923828,-71.5882568359375,-70.79234313964844,-70.40933227539062,-68.52644348144531,-67.50872802734375,-69.1602554321289,-72.1666030883789,-73.6199722290039,-73.9114761352539,-73.83702087402344,-72.3700180053711,-72.47285461425781,-72.40199279785156,-73.29034423828125,-72.00529479980469,-70.12553405761719,-69.73384094238281,-72.16740417480469,-73.65975952148438,-74.05718231201172,-74.02246856689453,-73.9395751953125,-73.91685485839844,-72.54671478271484,-72.22069549560547,-72.31739807128906,-70.5522232055664,-71.80989074707031,-73.35993957519531,-72.1326904296875,-73.41741943359375,-74.90538024902344,-74.14061737060547,-73.41336822509766,-74.09780883789062,-73.738037109375,-74.33167266845703,-74.33138275146484,-73.75635528564453,-72.49271392822266,-73.24789428710938,-74.86933135986328,-75.21758270263672,-75.1158447265625,0.0
-68.94026947021484,-71.23599243164062,-72.2142333984375,-71.90966796875,-71.61127471923828,-71.5882568359375,-70.79234313964844,-70.40933227539062,-68.52644348144531,-67.50872802734375,-69.1602554321289,-72.1666030883789,-73.6199722290039,-73.9114761352539,-73.83702087402344,-72.3700180053711,-72.47285461425781,-72.40199279785156,-73.29034423828125,-72.00529479980469,-70.12553405761719,-69.73384094238281,-72.16740417480469,-73.65975952148438,-74.05718231201172,-74.02246856689453,-73.9395751953125,-73.91685485839844,-72.54671478271484,-72.22069549560547,-72.31739807128906,-70.5522232055664,-71.80989074707031,-73.35993957519531,-72.1326904296875,-73.41741943359375,-74.90538024902344,-74.14061737060547,-73.41336822509766,-74.09780883789062,-73.738037109375,-74.33167266845703,-74.33138275146484,-73.75635528564453,-72.49271392822266,-73.24789428710938,-74.86933135986328,-75.21758270263672,-75.1158447265625,-73.14122009277344,0.0
-71.23599243164062,-72.2142333984375,-71.90966796875,-71.61127471923828,-71.5882568359375,-70.79234313964844,-70.40933227539062,-68.52644348144531,-67.50872802734375,-69.1602554321289,-72.1666030883789,-73.6199722290039,-73.9114761352539,-73.83702087402344,-72.3700180053711,-72.47285461425781,-72.40199279785156,-73.29034423828125,-72.00529479980469,-70.12553405761719,-69.73384094238281,-72.16740417480469,-73.65975952148438,-74.05718231201172,-74.02246856689453,-73.9395751953125,-73.91685485839844,-72.54671478271484,-72.22069549560547,-72.31739807128906,-70.5522232055664,-71.80989074707031,-73.35993957519531,-72.1326904296875,-73.41741943359375,-74.90538024902344,-74.14061737060547,-73.41336822509766,-74.09780883789062,-73.738037109375,-74.33167266845703,-74.33138275146484,-73.75635528564453,-72.49271392822266,-73.24789428710938,-74.86933135986328,-75.21758270263672,-75.1158447265625,-73.14122009277344,-73.8393783569336,0.0
-72.2142333984375,-71.90966796875,-71.61127471923828,-71.5882568359375,-70.79234313964844,-70.40933227539062,-68.52644348144531,-67.50872802734375,-69.1602554321289,-72.1666030883789,-73.6199722290039,-73.9114761352539,-73.83702087402344,-72.3700180053711,-72.47285461425781,-72.40199279785156,-73.29034423828125,-72.00529479980469,-70.12553405761719,-69.73384094238281,-72.16740417480469,-73.65975952148438,-74.05718231201172,-74.02246856689453,-73.9395751953125,-73.91685485839844,-72.54671478271484,-72.22069549560547,-72.31739807128906,-70.5522232055664,-71.80989074707031,-73.35993957519531,-72.1326904296875,-73.41741943359375,-74.90538024902344,-74.14061737060547,-73.41336822509766,-74.09780883789062,-73.738037109375,-74.33167266845703,-74.33138275146484,-73.75635528564453,-72.49271392822266,-73.24789428710938,-74.86933135986328,-75.21758270263672,-75.1158447265625,-73.14122009277344,-73.8393783569336,-75.1208267211914,0.0
-71.90966796875,-71.61127471923828,-71.5882568359375,-70.79234313964844,-70.40933227539062,-68.52644348144531,-67.50872802734375,-69.1602554321289,-72.1666030883789,-73.6199722290039,-73.9114761352539,-73.83702087402344,-72.3700180053711,-72.47285461425781,-72.40199279785156,-73.29034423828125,-72.00529479980469,-70.12553405761719,-69.73384094238281,-72.16740417480469,-73.65975952148438,-74.05718231201172,-74.02246856689453,-73.9395751953125,-73.91685485839844,-72.54671478271484,-72.22069549560547,-72.31739807128906,-70.5522232055664,-71.80989074707031,-73.35993957519531,-72.1326904296875,-73.41741943359375,-74.90538024902344,-74.14061737060547,-73.41336822509766,-74.09780883789062,-73.738037109375,-74.33167266845703,-74.33138275146484,-73.75635528564453,-72.49271392822266,-73.24789428710938,-74.86933135986328,-75.21758270263672,-75.1158447265625,-73.14122009277344,-73.8393783569336,-75.1208267211914,-75.27618408203125,0.0
-71.61127471923828,-71.5882568359375,-70.79234313964844,-70.40933227539062,-68.52644348144531,-67.50872802734375,-69.1602554321289,-72.1666030883789,-73.6199722290039,-73.9114761352539,-73.83702087402344,-72.3700180053711,-72.47285461425781,-72.40199279785156,-73.29034423828125,-72.00529479980469,-70.12553405761719,-69.73384094238281,-72.16740417480469,-73.65975952148438,-74.05718231201172,-74.02246856689453,-73.9395751953125,-73.91685485839844,-72.54671478271484,-72.22069549560547,-72.31739807128906,-70.5522232055664,-71.80989074707031,-73.35993957519531,-72.1326904296875,-73.41741943359375,-74.90538024902344,-74.14061737060547,-73.41336822509766,-74.09780883789062,-73.738037109375,-74.33167266845703,-74.33138275146484,-73.75635528564453,-72.49271392822266,-73.24789428710938,-74.86933135986328,-75.21758270263672,-75.1158447265625,-73.14122009277344,-73.8393783569336,-75.1208267211914,-75.27618408203125,-73.73822784423828,0.0
-71.5882568359375,-70.79234313964844,-70.40933227539062,-68.52644348144531,-67.50872802734375,-69.1602554321289,-72.1666030883789,-73.6199722290039,-73.9114761352539,-73.83702087402344,-72.3700180053711,-72.47285461425781,-72.40199279785156,-73.29034423828125,-72.00529479980469,-70.12553405761719,-69.73384094238281,-72.16740417480469,-73.65975952148438,-74.05718231201172,-74.02246856689453,-73.9395751953125,-73.91685485839844,-72.54671478271484,-72.22069549560547,-72.31739807128906,-70.5522232055664,-71.80989074707031,-73.35993957519531,-72.1326904296875,-73.41741943359375,-74.90538024902344,-74.14061737060547,-73.41336822509766,-74.09780883789062,-73.738037109375,-74.33167266845703,-74.33138275146484,-73.75635528564453,-72.49271392822266,-73.24789428710938,-74.86933135986328,-75.21758270263672,-75.1158447265625,-73.14122009277344,-73.8393783569336,-75.1208267211914,-75.27618408203125,-73.73822784423828,-72.3279037475586,0.0
-70.79234313964844,-70.40933227539062,-68.52644348144531,-67.50872802734375,-69.1602554321289,-72.1666030883789,-73.6199722290039,-73.9114761352539,-73.83702087402344,-72.3700180053711,-72.47285461425781,-72.40199279785156,-73.29034423828125,-72.00529479980469,-70.12553405761719,-69.73384094238281,-72.16740417480469,-73.65975952148438,-74.05718231201172,-74.02246856689453,-73.9395751953125,-73.91685485839844,-72.54671478271484,-72.22069549560547,-72.31739807128906,-70.5522232055664,-71.80989074707031,-73.35993957519531,-72.1326904296875,-73.41741943359375,-74.90538024902344,-74.14061737060547,-73.41336822509766,-74.09780883789062,-73.738037109375,-74.33167266845703,-74.33138275146484,-73.75635528564453,-72.49271392822266,-73.24789428710938,-74.86933135986328,-75.21758270263672,-75.1158447265625,-73.14122009277344,-73.8393783569336,-75.1208267211914,-75.27618408203125,-73.73822784423828,-72.3279037475586,-71.31116485595703,0.0
-70.40933227539062,-68.52644348144531,-67.50872802734375,-69.1602554321289,-72.1666030883789,-73.6199722290039,-73.9114761352539,-73.83702087402344,-72.3700180053711,-72.47285461425781,-72.40199279785156,-73.29034423828125,-72.00529479980469,-70.12553405761719,-69.73384094238281,-72.16740417480469,-73.65975952148438,-74.05718231201172,-74.02246856689453,-73.9395751953125,-73.91685485839844,-72.54671478271484,-72.22069549560547,-72.31739807128906,-70.5522232055664,-71.80989074707031,-73.35993957519531,-72.1326904296875,-73.41741943359375,-74.90538024902344,-74.14061737060547,-73.41336822509766,-74.09780883789062,-73.738037109375,-74.33167266845703,-74.33138275146484,-73.75635528564453,-72.49271392822266,-73.24789428710938,-74.86933135986328,-75.21758270263672,-75.1158447265625,-73.14122009277344,-73.8393783569336,-75.1208267211914,-75.27618408203125,-73.73822784423828,-72.3279037475586,-71.31116485595703,-72.34941101074219,0.0
-68.52644348144531,-67.50872802734375,-69.1602554321289,-72.1666030883789,-73.6199722290039,-73.9114761352539,-73.83702087402344,-72.3700180053711,-72.47285461425781,-72.40199279785156,-73.29034423828125,-72.00529479980469,-70.12553405761719,-69.73384094238281,-72.16740417480469,-73.65975952148438,-74.05718231201172,-74.02246856689453,-73.9395751953125,-73.91685485839844,-72.54671478271484,-72.22069549560547,-72.31739807128906,-70.5522232055664,-71.80989074707031,-73.35993957519531,-72.1326904296875,-73.41741943359375,-74.90538024902344,-74.14061737060547,-73.41336822509766,-74.09780883789062,-73.738037109375,-74.33167266845703,-74.33138275146484,-73.75635528564453,-72.49271392822266,-73.24789428710938,-74.86933135986328,-75.21758270263672,-75.1158447265625,-73.14122009277344,-73.8393783569336,-75.1208267211914,-75.27618408203125,-73.73822784423828,-72.3279037475586,-71.31116485595703,-72.34941101074219,-72.20105743408203,0.0
-67.50872802734375,-69.1602554321289,-72.1666030883789,-73.6199722290039,-73.9114761352539,-73.83702087402344,-72.3700180053711,-72.47285461425781,-72.40199279785156,-73.29034423828125,-72.00529479980469,-70.12553405761719,-69.73384094238281,-72.16740417480469,-73.65975952148438,-74.05718231201172,-74.02246856689453,-73.9395751953125,-73.91685485839844,-72.54671478271484,-72.22069549560547,-72.31739807128906,-70.5522232055664,-71.80989074707031,-73.35993957519531,-72.1326904296875,-73.41741943359375,-74.90538024902344,-74.14061737060547,-73.41336822509766,-74.09780883789062,-73.738037109375,-74.33167266845703,-74.33138275146484,-73.75635528564453,-72.49271392822266,-73.24789428710938,-74.86933135986328,-75.21758270263672,-75.1158447265625,-73.14122009277344,-73.8393783569336,-75.1208267211914,-75.27618408203125,-73.73822784423828,-72.3279037475586,-71.31116485595703,-72.34941101074219,-72.20105743408203,-72.8000259399414,0.0
-69.1602554321289,-72.1666030883789,-73.6199722290039,-73.9114761352539,-73.83702087402344,-72.3700180053711,-72.47285461425781,-72.40199279785156,-73.29034423828125,-72.00529479980469,-70.12553405761719,-69.73384094238281,-72.16740417480469,-73.65975952148438,-74.05718231201172,-74.02246856689453,-73.9395751953125,-73.91685485839844,-72.54671478271484,-72.22069549560547,-72.31739807128906,-70.5522232055664,-71.80989074707031,-73.35993957519531,-72.1326904296875,-73.41741943359375,-74.90538024902344,-74.14061737060547,-73.41336822509766,-74.09780883789062,-73.738037109375,-74.33167266845703,-74.33138275146484,-73.75635528564453,-72.49271392822266,-73.24789428710938,-74.86933135986328,-75.21758270263672,-75.1158447265625,-73.14122009277344,-73.8393783569336,-75.1208267211914,-75.27618408203125,-73.73822784423828,-72.3279037475586,-71.31116485595703,-72.34941101074219,-72.20105743408203,-72.8000259399414,-73.64006042480469,0.0
-72.1666030883789,-73.6199722290039,-73.9114761352539,-73.83702087402344,-72.3700180053711,-72.47285461425781,-72.40199279785156,-73.29034423828125,-72.00529479980469,-70.12553405761719,-69.73384094238281,-72.16740417480469,-73.65975952148438,-74.05718231201172,-74.02246856689453,-73.9395751953125,-73.91685485839844,-72.54671478271484,-72.22069549560547,-72.31739807128906,-70.5522232055664,-71.80989074707031,-73.35993957519531,-72.1326904296875,-73.41741943359375,-74.90538024902344,-74.14061737060547,-73.41336822509766,-74.09780883789062,-73.738037109375,-74.33167266845703,-74.33138275146484,-73.75635528564453,-72.49271392822266,-73.24789428710938,-74.86933135986328,-75.21758270263672,-75.1158447265625,-73.14122009277344,-73.8393783569336,-75.1208267211914,-75.27618408203125,-73.73822784423828,-72.3279037475586,-71.31116485595703,-72.34941101074219,-72.20105743408203,-72.8000259399414,-73.64006042480469,-73.53277587890625,0.0
-73.6199722290039,-73.9114761352539,-73.83702087402344,-72.3700180053711,-72.47285461425781,-72.40199279785156,-73.29034423828125,-72.00529479980469,-70.12553405761719,-69.73384094238281,-72.16740417480469,-73.65975952148438,-74.05718231201172,-74.02246856689453,-73.9395751953125,-73.91685485839844,-72.54671478271484,-72.22069549560547,-72.31739807128906,-70.5522232055664,-71.80989074707031,-73.35993957519531,-72.1326904296875,-73.41741943359375,-74.90538024902344,-74.14061737060547,-73.41336822509766,-74.09780883789062,-73.738037109375,-74.33167266845703,-74.33138275146484,-73.75635528564453,-72.49271392822266,-73.24789428710938,-74.86933135986328,-75.21758270263672,-75.1158447265625,-73.14122009277344,-73.8393783569336,-75.1208267211914,-75.27618408203125,-73.73822784423828,-72.3279037475586,-71.31116485595703,-72.34941101074219,-72.20105743408203,-72.8000259399414,-73.64006042480469,-73.53277587890625,-74.22477722167969,0.0
-73.9114761352539,-73.83702087402344,-72.3700180053711,-72.47285461425781,-72.40199279785156,-73.29034423828125,-72.00529479980469,-70.12553405761719,-69.73384094238281,-72.16740417480469,-73.65975952148438,-74.05718231201172,-74.02246856689453,-73.9395751953125,-73.91685485839844,-72.54671478271484,-72.22069549560547,-72.31739807128906,-70.5522232055664,-71.80989074707031,-73.35993957519531,-72.1326904296875,-73.41741943359375,-74.90538024902344,-74.14061737060547,-73.41336822509766,-74.09780883789062,-73.738037109375,-74.33167266845703,-74.33138275146484,-73.75635528564453,-72.49271392822266,-73.24789428710938,-74.86933135986328,-75.21758270263672,-75.1158447265625,-73.14122009277344,-73.8393783569336,-75.1208267211914,-75.27618408203125,-73.73822784423828,-72.3279037475586,-71.31116485595703,-72.34941101074219,-72.20105743408203,-72.8000259399414,-73.64006042480469,-73.53277587890625,-74.22477722167969,-73.74491882324219,0.0
-73.83702087402344,-72.3700180053711,-72.47285461425781,-72.40199279785156,-73.29034423828125,-72.00529479980469,-70.12553405761719,-69.73384094238281,-72.16740417480469,-73.65975952148438,-74.05718231201172,-74.02246856689453,-73.9395751953125,-73.91685485839844,-72.54671478271484,-72.22069549560547,-72.31739807128906,-70.5522232055664,-71.80989074707031,-73.35993957519531,-72.1326904296875,-73.41741943359375,-74.90538024902344,-74.14061737060547,-73.41336822509766,-74.09780883789062,-73.738037109375,-74.33167266845703,-74.33138275146484,-73.75635528564453,-72.49271392822266,-73.24789428710938,-74.86933135986328,-75.21758270263672,-75.1158447265625,-73.14122009277344,-73.8393783569336,-75.1208267211914,-75.27618408203125,-73.73822784423828,-72.3279037475586,-71.31116485595703,-72.34941101074219,-72.20105743408203,-72.8000259399414,-73.64006042480469,-73.53277587890625,-74.22477722167969,-73.74491882324219,-73.3226547241211,0.0
-72.3700180053711,-72.47285461425781,-72.40199279785156,-73.29034423828125,-72.00529479980469,-70.12553405761719,-69.73384094238281,-72.16740417480469,-73.65975952148438,-74.05718231201172,-74.02246856689453,-73.9395751953125,-73.91685485839844,-72.54671478271484,-72.22069549560547,-72.31739807128906,-70.5522232055664,-71.80989074707031,-73.35993957519531,-72.1326904296875,-73.41741943359375,-74.90538024902344,-74.14061737060547,-73.41336822509766,-74.09780883789062,-73.738037109375,-74.33167266845703,-74.33138275146484,-73.75635528564453,-72.49271392822266,-73.24789428710938,-74.86933135986328,-75.21758270263672,-75.1158447265625,-73.14122009277344,-73.8393783569336,-75.1208267211914,-75.27618408203125,-73.73822784423828,-72.3279037475586,-71.31116485595703,-72.34941101074219,-72.20105743408203,-72.8000259399414,-73.64006042480469,-73.53277587890625,-74.22477722167969,-73.74491882324219,-73.3226547241211,-74.58446502685547,0.0
-72.47285461425781,-72.40199279785156,-73.29034423828125,-72.00529479980469,-70.12553405761719,-69.73384094238281,-72.16740417480469,-73.65975952148438,-74.05718231201172,-74.02246856689453,-73.9395751953125,-73.91685485839844,-72.54671478271484,-72.22069549560547,-72.31739807128906,-70.5522232055664,-71.80989074707031,-73.35993957519531,-72.1326904296875,-73.41741943359375,-74.90538024902344,-74.14061737060547,-73.41336822509766,-74.09780883789062,-73.738037109375,-74.33167266845703,-74.33138275146484,-73.75635528564453,-72.49271392822266,-73.24789428710938,-74.86933135986328,-75.21758270263672,-75.1158447265625,-73.14122009277344,-73.8393783569336,-75.1208267211914,-75.27618408203125,-73.73822784423828,-72.3279037475586,-71.31116485595703,-72.34941101074219,-72.20105743408203,-72.8000259399414,-73.64006042480469,-73.53277587890625,-74.22477722167969,-73.74491882324219,-73.3226547241211,-74.58446502685547,-74.05199432373047,0.0
-72.40199279785156,-73.29034423828125,-72.00529479980469,-70.12553405761719,-69.73384094238281,-72.16740417480469,-73.65975952148438,-74.05718231201172,-74.02246856689453,-73.9395751953125,-73.91685485839844,-72.54671478271484,-72.22069549560547,-72.31739807128906,-70.5522232055664,-71.80989074707031,-73.35993957519531,-72.1326904296875,-73.41741943359375,-74.90538024902344,-74.14061737060547,-73.41336822509766,-74.09780883789062,-73.738037109375,-74.33167266845703,-74.33138275146484,-73.75635528564453,-72.49271392822266,-73.24789428710938,-74.86933135986328,-75.21758270263672,-75.1158447265625,-73.14122009277344,-73.8393783569336,-75.1208267211914,-75.27618408203125,-73.73822784423828,-72.3279037475586,-71.31116485595703,-72.34941101074219,-72.20105743408203,-72.8000259399414,-73.64006042480469,-73.53277587890625,-74.22477722167969,-73.74491882324219,-73.3226547241211,-74.58446502685547,-74.05199432373047,-73.02532958984375,0.0
-73.29034423828125,-72.00529479980469,-70.12553405761719,-69.73384094238281,-72.16740417480469,-73.65975952148438,-74.05718231201172,-74.02246856689453,-73.9395751953125,-73.91685485839844,-72.54671478271484,-72.22069549560547,-72.31739807128906,-70.5522232055664,-71.80989074707031,-73.35993957519531,-72.1326904296875,-73.41741943359375,-74.90538024902344,-74.14061737060547,-73.41336822509766,-74.09780883789062,-73.738037109375,-74.33167266845703,-74.33138275146484,-73.75635528564453,-72.49271392822266,-73.24789428710938,-74.86933135986328,-75.21758270263672,-75.1158447265625,-73.14122009277344,-73.8393783569336,-75.1208267211914,-75.27618408203125,-73.73822784423828,-72.3279037475586,-71.31116485595703,-72.34941101074219,-72.20105743408203,-72.8000259399414,-73.64006042480469,-73.53277587890625,-74.22477722167969,-73.74491882324219,-73.3226547241211,-74.58446502685547,-74.05199432373047,-73.02532958984375,-73.94474792480469,0.0
-72.00529479980469,-70.12553405761719,-69.73384094238281,-72.16740417480469,-73.65975952148438,-74.05718231201172,-74.02246856689453,-73.9395751953125,-73.91685485839844,-72.54671478271484,-72.22069549560547,-72.31739807128906,-70.5522232055664,-71.80989074707031,-73.35993957519531,-72.1326904296875,-73.41741943359375,-74.90538024902344,-74.14061737060547,-73.41336822509766,-74.09780883789062,-73.738037109375,-74.33167266845703,-74.33138275146484,-73.75635528564453,-72.49271392822266,-73.24789428710938,-74.86933135986328,-75.21758270263672,-75.1158447265625,-73.14122009277344,-73.8393783569336,-75.1208267211914,-75.27618408203125,-73.73822784423828,-72.3279037475586,-71.31116485595703,-72.34941101074219,-72.20105743408203,-72.8000259399414,-73.64006042480469,-73.53277587890625,-74.22477722167969,-73.74491882324219,-73.3226547241211,-74.58446502685547,-74.05199432373047,-73.02532958984375,-73.94474792480469,-72.8392562866211,0.0
-70.12553405761719,-69.73384094238281,-72.16740417480469,-73.65975952148438,-74.05718231201172,-74.02246856689453,-73.9395751953125,-73.91685485839844,-72.54671478271484,-72.22069549560547,-72.31739807128906,-70.5522232055664,-71.80989074707031,-73.35993957519531,-72.1326904296875,-73.41741943359375,-74.90538024902344,-74.14061737060547,-73.41336822509766,-74.09780883789062,-73.738037109375,-74.33167266845703,-74.33138275146484,-73.75635528564453,-72.49271392822266,-73.24789428710938,-74.86933135986328,-75.21758270263672,-75.1158447265625,-73.14122009277344,-73.8393783569336,-75.1208267211914,-75.27618408203125,-73.73822784423828,-72.3279037475586,-71.31116485595703,-72.34941101074219,-72.20105743408203,-72.8000259399414,-73.64006042480469,-73.53277587890625,-74.22477722167969,-73.74491882324219,-73.3226547241211,-74.58446502685547,-74.05199432373047,-73.02532958984375,-73.94474792480469,-72.8392562866211,-73.38077545166016,0.0
-69.73384094238281,-72.16740417480469,-73.65975952148438,-74.05718231201172,-74.02246856689453,-73.9395751953125,-73.91685485839844,-72.54671478271484,-72.22069549560547,-72.31739807128906,-70.5522232055664,-71.80989074707031,-73.35993957519531,-72.1326904296875,-73.41741943359375,-74.90538024902344,-74.14061737060547,-73.41336822509766,-74.09780883789062,-73.738037109375,-74.33167266845703,-74.33138275146484,-73.75635528564453,-72.49271392822266,-73.24789428710938,-74.86933135986328,-75.21758270263672,-75.1158447265625,-73.14122009277344,-73.8393783569336,-75.1208267211914,-75.27618408203125,-73.73822784423828,-72.3279037475586,-71.31116485595703,-72.34941101074219,-72.20105743408203,-72.8000259399414,-73.64006042480469,-73.53277587890625,-74.22477722167969,-73.74491882324219,-73.3226547241211,-74.58446502685547,-74.05199432373047,-73.02532958984375,-73.94474792480469,-72.8392562866211,-73.38077545166016,-73.47474670410156,0.0
-72.16740417480469,-73.65975952148438,-74.05718231201172,-74.02246856689453,-73.9395751953125,-73.91685485839844,-72.54671478271484,-72.22069549560547,-72.31739807128906,-70.5522232055664,-71.80989074707031,-73.35993957519531,-72.1326904296875,-73.41741943359375,-74.90538024902344,-74.14061737060547,-73.41336822509766,-74.09780883789062,-73.738037109375,-74.33167266845703,-74.33138275146484,-73.75635528564453,-72.49271392822266,-73.24789428710938,-74.86933135986328,-75.21758270263672,-75.1158447265625,-73.14122009277344,-73.8393783569336,-75.1208267211914,-75.27618408203125,-73.73822784423828,-72.3279037475586,-71.31116485595703,-72.34941101074219,-72.20105743408203,-72.8000259399414,-73.64006042480469,-73.53277587890625,-74.22477722167969,-73.74491882324219,-73.3226547241211,-74.58446502685547,-74.05199432373047,-73.02532958984375,-73.94474792480469,-72.8392562866211,-73.38077545166016,-73.47474670410156,-73.40018463134766,0.0
-73.65975952148438,-74.05718231201172,-74.02246856689453,-73.9395751953125,-73.91685485839844,-72.54671478271484,-72.22069549560547,-72.31739807128906,-70.5522232055664,-71.80989074707031,-73.35993957519531,-72.1326904296875,-73.41741943359375,-74.90538024902344,-74.14061737060547,-73.41336822509766,-74.09780883789062,-73.738037109375,-74.33167266845703,-74.33138275146484,-73.75635528564453,-72.49271392822266,-73.24789428710938,-74.86933135986328,-75.21758270263672,-75.1158447265625,-73.14122009277344,-73.8393783569336,-75.1208267211914,-75.27618408203125,-73.73822784423828,-72.3279037475586,-71.31116485595703,-72.34941101074219,-72.20105743408203,-72.8000259399414,-73.64006042480469,-73.53277587890625,-74.22477722167969,-73.74491882324219,-73.3226547241211,-74.58446502685547,-74.05199432373047,-73.02532958984375,-73.94474792480469,-72.8392562866211,-73.38077545166016,-73.47474670410156,-73.40018463134766,-72.87130737304688,0.0
-74.05718231201172,-74.02246856689453,-73.9395751953125,-73.91685485839844,-72.54671478271484,-72.22069549560547,-72.31739807128906,-70.5522232055664,-71.80989074707031,-73.35993957519531,-72.1326904296875,-73.41741943359375,-74.90538024902344,-74.14061737060547,-73.41336822509766,-74.09780883789062,-73.738037109375,-74.33167266845703,-74.33138275146484,-73.75635528564453,-72.49271392822266,-73.24789428710938,-74.86933135986328,-75.21758270263672,-75.1158447265625,-73.14122009277344,-73.8393783569336,-75.1208267211914,-75.27618408203125,-73.73822784423828,-72.3279037475586,-71.31116485595703,-72.34941101074219,-72.20105743408203,-72.8000259399414,-73.64006042480469,-73.53277587890625,-74.22477722167969,-73.74491882324219,-73.3226547241211,-74.58446502685547,-74.05199432373047,-73.02532958984375,-73.94474792480469,-72.8392562866211,-73.38077545166016,-73.47474670410156,-73.40018463134766,-72.87130737304688,-72.55717468261719,0.0
-74.02246856689453,-73.9395751953125,-73.91685485839844,-72.54671478271484,-72.22069549560547,-72.31739807128906,-70.5522232055664,-71.80989074707031,-73.35993957519531,-72.1326904296875,-73.41741943359375,-74.90538024902344,-74.14061737060547,-73.41336822509766,-74.09780883789062,-73.738037109375,-74.33167266845703,-74.33138275146484,-73.75635528564453,-72.49271392822266,-73.24789428710938,-74.86933135986328,-75.21758270263672,-75.1158447265625,-73.14122009277344,-73.8393783569336,-75.1208267211914,-75.27618408203125,-73.73822784423828,-72.3279037475586,-71.31116485595703,-72.34941101074219,-72.20105743408203,-72.8000259399414,-73.64006042480469,-73.53277587890625,-74.22477722167969,-73.74491882324219,-73.3226547241211,-74.58446502685547,-74.05199432373047,-73.02532958984375,-73.94474792480469,-72.8392562866211,-73.38077545166016,-73.47474670410156,-73.40018463134766,-72.87130737304688,-72.55717468261719,-75.2436752319336,0.0
-73.9395751953125,-73.91685485839844,-72.54671478271484,-72.22069549560547,-72.31739807128906,-70.5522232055664,-71.80989074707031,-73.35993957519531,-72.1326904296875,-73.41741943359375,-74.90538024902344,-74.14061737060547,-73.41336822509766,-74.09780883789062,-73.738037109375,-74.33167266845703,-74.33138275146484,-73.75635528564453,-72.49271392822266,-73.24789428710938,-74.86933135986328,-75.21758270263672,-75.1158447265625,-73.14122009277344,-73.8393783569336,-75.1208267211914,-75.27618408203125,-73.73822784423828,-72.3279037475586,-71.31116485595703,-72.34941101074219,-72.20105743408203,-72.8000259399414,-73.64006042480469,-73.53277587890625,-74.22477722167969,-73.74491882324219,-73.3226547241211,-74.58446502685547,-74.05199432373047,-73.02532958984375,-73.94474792480469,-72.8392562866211,-73.38077545166016,-73.47474670410156,-73.40018463134766,-72.87130737304688,-72.55717468261719,-75.2436752319336,-75.53968811035156,0.0
-73.91685485839844,-72.54671478271484,-72.22069549560547,-72.31739807128906,-70.5522232055664,-71.80989074707031,-73.35993957519531,-72.1326904296875,-73.41741943359375,-74.90538024902344,-74.14061737060547,-73.41336822509766,-74.09780883789062,-73.738037109375,-74.33167266845703,-74.33138275146484,-73.75635528564453,-72.49271392822266,-73.24789428710938,-74.86933135986328,-75.21758270263672,-75.1158447265625,-73.14122009277344,-73.8393783569336,-75.1208267211914,-75.27618408203125,-73.73822784423828,-72.3279037475586,-71.31116485595703,-72.34941101074219,-72.20105743408203,-72.8000259399414,-73.64006042480469,-73.53277587890625,-74.22477722167969,-73.74491882324219,-73.3226547241211,-74.58446502685547,-74.05199432373047,-73.02532958984375,-73.94474792480469,-72.8392562866211,-73.38077545166016,-73.47474670410156,-73.40018463134766,-72.87130737304688,-72.55717468261719,-75.2436752319336,-75.53968811035156,-76.10874938964844,0.0
-72.54671478271484,-72.22069549560547,-72.31739807128906,-70.5522232055664,-71.80989074707031,-73.35993957519531,-72.1326904296875,-73.41741943359375,-74.90538024902344,-74.14061737060547,-73.41336822509766,-74.09780883789062,-73.738037109375,-74.33167266845703,-74.33138275146484,-73.75635528564453,-72.49271392822266,-73.24789428710938,-74.86933135986328,-75.21758270263672,-75.1158447265625,-73.14122009277344,-73.8393783569336,-75.1208267211914,-75.27618408203125,-73.73822784423828,-72.3279037475586,-71.31116485595703,-72.34941101074219,-72.20105743408203,-72.8000259399414,-73.64006042480469,-73.53277587890625,-74.22477722167969,-73.74491882324219,-73.3226547241211,-74.58446502685547,-74.05199432373047,-73.02532958984375,-73.94474792480469,-72.8392562866211,-73.38077545166016,-73.47474670410156,-73.40018463134766,-72.87130737304688,-72.55717468261719,-75.2436752319336,-75.53968811035156,-76.10874938964844,-76.45314025878906,0.0
-72.22069549560547,-72.31739807128906,-70.5522232055664,-71.80989074707031,-73.35993957519531,-72.1326904296875,-73.41741943359375,-74.90538024902344,-74.14061737060547,-73.41336822509766,-74.09780883789062,-73.738037109375,-74.33167266845703,-74.33138275146484,-73.75635528564453,-72.49271392822266,-73.24789428710938,-74.86933135986328,-75.21758270263672,-75.1158447265625,-73.14122009277344,-73.8393783569336,-75.1208267211914,-75.27618408203125,-73.73822784423828,-72.3279037475586,-71.31116485595703,-72.34941101074219,-72.20105743408203,-72.8000259399414,-73.64006042480469,-73.53277587890625,-74.22477722167969,-73.74491882324219,-73.3226547241211,-74.58446502685547,-74.05199432373047,-73.02532958984375,-73.94474792480469,-72.8392562866211,-73.38077545166016,-73.47474670410156,-73.40018463134766,-72.87130737304688,-72.55717468261719,-75.2436752319336,-75.53968811035156,-76.10874938964844,-76.45314025878906,-76.11279296875,0.0
-72.31739807128906,-70.5522232055664,-71.80989074707031,-73.35993957519531,-72.1326904296875,-73.41741943359375,-74.90538024902344,-74.14061737060547,-73.41336822509766,-74.09780883789062,-73.738037109375,-74.33167266845703,-74.33138275146484,-73.75635528564453,-72.49271392822266,-73.24789428710938,-74.86933135986328,-75.21758270263672,-75.1158447265625,-73.14122009277344,-73.8393783569336,-75.1208267211914,-75.27618408203125,-73.73822784423828,-72.3279037475586,-71.31116485595703,-72.34941101074219,-72.20105743408203,-72.8000259399414,-73.64006042480469,-73.53277587890625,-74.22477722167969,-73.74491882324219,-73.3226547241211,-74.58446502685547,-74.05199432373047,-73.02532958984375,-73.94474792480469,-72.8392562866211,-73.38077545166016,-73.47474670410156,-73.40018463134766,-72.87130737304688,-72.55717468261719,-75.2436752319336,-75.53968811035156,-76.10874938964844,-76.45314025878906,-76.11279296875,-75.88133239746094,0.0
-70.5522232055664,-71.80989074707031,-73.35993957519531,-72.1326904296875,-73.41741943359375,-74.90538024902344,-74.14061737060547,-73.41336822509766,-74.09780883789062,-73.738037109375,-74.33167266845703,-74.33138275146484,-73.75635528564453,-72.49271392822266,-73.24789428710938,-74.86933135986328,-75.21758270263672,-75.1158447265625,-73.14122009277344,-73.8393783569336,-75.1208267211914,-75.27618408203125,-73.73822784423828,-72.3279037475586,-71.31116485595703,-72.34941101074219,-72.20105743408203,-72.8000259399414,-73.64006042480469,-73.53277587890625,-74.22477722167969,-73.74491882324219,-73.3226547241211,-74.58446502685547,-74.05199432373047,-73.02532958984375,-73.94474792480469,-72.8392562866211,-73.38077545166016,-73.47474670410156,-73.40018463134766,-72.87130737304688,-72.55717468261719,-75.2436752319336,-75.53968811035156,-76.10874938964844,-76.45314025878906,-76.11279296875,-75.88133239746094,-74.92337799072266,0.0
-71.80989074707031,-73.35993957519531,-72.1326904296875,-73.41741943359375,-74.90538024902344,-74.14061737060547,-73.41336822509766,-74.09780883789062,-73.738037109375,-74.33167266845703,-74.33138275146484,-73.75635528564453,-72.49271392822266,-73.24789428710938,-74.86933135986328,-75.21758270263672,-75.1158447265625,-73.14122009277344,-73.8393783569336,-75.1208267211914,-75.27618408203125,-73.73822784423828,-72.3279037475586,-71.31116485595703,-72.34941101074219,-72.20105743408203,-72.8000259399414,-73.64006042480469,-73.53277587890625,-74.22477722167969,-73.74491882324219,-73.3226547241211,-74.58446502685547,-74.05199432373047,-73.02532958984375,-73.94474792480469,-72.8392562866211,-73.38077545166016,-73.47474670410156,-73.40018463134766,-72.87130737304688,-72.55717468261719,-75.2436752319336,-75.53968811035156,-76.10874938964844,-76.45314025878906,-76.11279296875,-75.88133239746094,-74.92337799072266,-76.27159881591797,0.0
-73.35993957519531,-72.1326904296875,-73.41741943359375,-74.90538024902344,-74.14061737060547,-73.41336822509766,-74.09780883789062,-73.738037109375,-74.33167266845703,-74.33138275146484,-73.75635528564453,-72.49271392822266,-73.24789428710938,-74.86933135986328,-75.21758270263672,-75.1158447265625,-73.14122009277344,-73.8393783569336,-75.1208267211914,-75.27618408203125,-73.73822784423828,-72.3279037475586,-71.31116485595703,-72.34941101074219,-72.20105743408203,-72.8000259399414,-73.64006042480469,-73.53277587890625,-74.22477722167969,-73.74491882324219,-73.3226547241211,-74.58446502685547,-74.05199432373047,-73.02532958984375,-73.94474792480469,-72.8392562866211,-73.38077545166016,-73.47474670410156,-73.40018463134766,-72.87130737304688,-72.55717468261719,-75.2436752319336,-75.53968811035156,-76.10874938964844,-76.45314025878906,-76.11279296875,-75.88133239746094,-74.92337799072266,-76.27159881591797,-76.8458023071289,0.0
-72.1326904296875,-73.41741943359375,-74.90538024902344,-74.14061737060547,-73.41336822509766,-74.09780883789062,-73.738037109375,-74.33167266845703,-74.33138275146484,-73.75635528564453,-72.49271392822266,-73.24789428710938,-74.86933135986328,-75.21758270263672,-75.1158447265625,-73.14122009277344,-73.8393783569336,-75.1208267211914,-75.27618408203125,-73.73822784423828,-72.3279037475586,-71.31116485595703,-72.34941101074219,-72.20105743408203,-72.8000259399414,-73.64006042480469,-73.53277587890625,-74.22477722167969,-73.74491882324219,-73.3226547241211,-74.58446502685547,-74.05199432373047,-73.02532958984375,-73.94474792480469,-72.8392562866211,-73.38077545166016,-73.47474670410156,-73.40018463134766,-72.87130737304688,-72.55717468261719,-75.2436752319336,-75.53968811035156,-76.10874938964844,-76.45314025878906,-76.11279296875,-75.88133239746094,-74.92337799072266,-76.27159881591797,-76.8458023071289,-78.31352996826172,0.0
-73.41741943359375,-74.90538024902344,-74.14061737060547,-73.41336822509766,-74.09780883789062,-73.738037109375,-74.33167266845703,-74.33138275146484,-73.75635528564453,-72.49271392822266,-73.24789428710938,-74.86933135986328,-75.21758270263672,-75.1158447265625,-73.14122009277344,-73.8393783569336,-75.1208267211914,-75.27618408203125,-73.73822784423828,-72.3279037475586,-71.31116485595703,-72.34941101074219,-72.20105743408203,-72.8000259399414,-73.64006042480469,-73.53277587890625,-74.22477722167969,-73.74491882324219,-73.3226547241211,-74.58446502685547,-74.05199432373047,-73.02532958984375,-73.94474792480469,-72.8392562866211,-73.38077545166016,-73.47474670410156,-73.40018463134766,-72.87130737304688,-72.55717468261719,-75.2436752319336,-75.53968811035156,-76.10874938964844,-76.45314025878906,-76.11279296875,-75.88133239746094,-74.92337799072266,-76.27159881591797,-76.8458023071289,-78.31352996826172,-79.13855743408203,0.0
-74.90538024902344,-74.14061737060547,-73.41336822509766,-74.09780883789062,-73.738037109375,-74.33167266845703,-74.33138275146484,-73.75635528564453,-72.49271392822266,-73.24789428710938,-74.86933135986328,-75.21758270263672,-75.1158447265625,-73.14122009277344,-73.8393783569336,-75.1208267211914,-75.27618408203125,-73.73822784423828,-72.3279037475586,-71.31116485595703,-72.34941101074219,-72.20105743408203,-72.8000259399414,-73.64006042480469,-73.53277587890625,-74.22477722167969,-73.74491882324219,-73.3226547241211,-74.58446502685547,-74.05199432373047,-73.02532958984375,-73.94474792480469,-72.8392562866211,-73.38077545166016,-73.47474670410156,-73.40018463134766,-72.87130737304688,-72.55717468261719,-75.2436752319336,-75.53968811035156,-76.10874938964844,-76.45314025878906,-76.11279296875,-75.88133239746094,-74.92337799072266,-76.27159881591797,-76.8458023071289,-78.31352996826172,-79.13855743408203,-76.60086059570312,0.0
-74.14061737060547,-73.41336822509766,-74.09780883789062,-73.738037109375,-74.33167266845703,-74.33138275146484,-73.75635528564453,-72.49271392822266,-73.24789428710938,-74.86933135986328,-75.21758270263672,-75.1158447265625,-73.14122009277344,-73.8393783569336,-75.1208267211914,-75.27618408203125,-73.73822784423828,-72.3279037475586,-71.31116485595703,-72.34941101074219,-72.20105743408203,-72.8000259399414,-73.64006042480469,-73.53277587890625,-74.22477722167969,-73.74491882324219,-73.3226547241211,-74.58446502685547,-74.05199432373047,-73.02532958984375,-73.94474792480469,-72.8392562866211,-73.38077545166016,-73.47474670410156,-73.40018463134766,-72.87130737304688,-72.55717468261719,-75.2436752319336,-75.53968811035156,-76.10874938964844,-76.45314025878906,-76.11279296875,-75.88133239746094,-74.92337799072266,-76.27159881591797,-76.8458023071289,-78.31352996826172,-79.13855743408203,-76.60086059570312,-76.7811508178711,0.0
-73.41336822509766,-74.09780883789062,-73.738037109375,-74.33167266845703,-74.33138275146484,-73.75635528564453,-72.49271392822266,-73.24789428710938,-74.86933135986328,-75.21758270263672,-75.1158447265625,-73.14122009277344,-73.8393783569336,-75.1208267211914,-75.27618408203125,-73.73822784423828,-72.3279037475586,-71.31116485595703,-72.34941101074219,-72.20105743408203,-72.8000259399414,-73.64006042480469,-73.53277587890625,-74.22477722167969,-73.74491882324219,-73.3226547241211,-74.58446502685547,-74.05199432373047,-73.02532958984375,-73.94474792480469,-72.8392562866211,-73.38077545166016,-73.47474670410156,-73.40018463134766,-72.87130737304688,-72.55717468261719,-75.2436752319336,-75.53968811035156,-76.10874938964844,-76.45314025878906,-76.11279296875,-75.88133239746094,-74.92337799072266,-76.27159881591797,-76.8458023071289,-78.31352996826172,-79.13855743408203,-76.60086059570312,-76.7811508178711,-77.43225860595703,0.0
-74.09780883789062,-73.738037109375,-74.33167266845703,-74.33138275146484,-73.75635528564453,-72.49271392822266,-73.24789428710938,-74.86933135986328,-75.21758270263672,-75.1158447265625,-73.14122009277344,-73.8393783569336,-75.1208267211914,-75.27618408203125,-73.73822784423828,-72.3279037475586,-71.31116485595703,-72.34941101074219,-72.20105743408203,-72.8000259399414,-73.64006042480469,-73.53277587890625,-74.22477722167969,-73.74491882324219,-73.3226547241211,-74.58446502685547,-74.05199432373047,-73.02532958984375,-73.94474792480469,-72.8392562866211,-73.38077545166016,-73.47474670410156,-73.40018463134766,-72.87130737304688,-72.55717468261719,-75.2436752319336,-75.53968811035156,-76.10874938964844,-76.45314025878906,-76.11279296875,-75.88133239746094,-74.92337799072266,-76.27159881591797,-76.8458023071289,-78.31352996826172,-79.13855743408203,-76.60086059570312,-76.7811508178711,-77.43225860595703,-76.84640502929688,0.0
-73.738037109375,-74.33167266845703,-74.33138275146484,-73.75635528564453,-72.49271392822266,-73.24789428710938,-74.86933135986328,-75.21758270263672,-75.1158447265625,-73.14122009277344,-73.8393783569336,-75.1208267211914,-75.27618408203125,-73.73822784423828,-72.3279037475586,-71.31116485595703,-72.34941101074219,-72.20105743408203,-72.8000259399414,-73.64006042480469,-73.53277587890625,-74.22477722167969,-73.74491882324219,-73.3226547241211,-74.58446502685547,-74.05199432373047,-73.02532958984375,-73.94474792480469,-72.8392562866211,-73.38077545166016,-73.47474670410156,-73.40018463134766,-72.87130737304688,-72.55717468261719,-75.2436752319336,-75.53968811035156,-76.10874938964844,-76.45314025878906,-76.11279296875,-75.88133239746094,-74.92337799072266,-76.27159881591797,-76.8458023071289,-78.31352996826172,-79.13855743408203,-76.60086059570312,-76.7811508178711,-77.43225860595703,-76.84640502929688,-77.30286407470703,0.0
-74.33167266845703,-74.33138275146484,-73.75635528564453,-72.49271392822266,-73.24789428710938,-74.86933135986328,-75.21758270263672,-75.1158447265625,-73.14122009277344,-73.8393783569336,-75.1208267211914,-75.27618408203125,-73.73822784423828,-72.3279037475586,-71.31116485595703,-72.34941101074219,-72.20105743408203,-72.8000259399414,-73.64006042480469,-73.53277587890625,-74.22477722167969,-73.74491882324219,-73.3226547241211,-74.58446502685547,-74.05199432373047,-73.02532958984375,-73.94474792480469,-72.8392562866211,-73.38077545166016,-73.47474670410156,-73.40018463134766,-72.87130737304688,-72.55717468261719,-75.2436752319336,-75.53968811035156,-76.10874938964844,-76.45314025878906,-76.11279296875,-75.88133239746094,-74.92337799072266,-76.27159881591797,-76.8458023071289,-78.31352996826172,-79.13855743408203,-76.60086059570312,-76.7811508178711,-77.43225860595703,-76.84640502929688,-77.30286407470703,-76.78517150878906,0.0
-74.33138275146484,-73.75635528564453,-72.49271392822266,-73.24789428710938,-74.86933135986328,-75.21758270263672,-75.1158447265625,-73.14122009277344,-73.8393783569336,-75.1208267211914,-75.27618408203125,-73.73822784423828,-72.3279037475586,-71.31116485595703,-72.34941101074219,-72.20105743408203,-72.8000259399414,-73.64006042480469,-73.53277587890625,-74.22477722167969,-73.74491882324219,-73.3226547241211,-74.58446502685547,-74.05199432373047,-73.02532958984375,-73.94474792480469,-72.8392562866211,-73.38077545166016,-73.47474670410156,-73.40018463134766,-72.87130737304688,-72.55717468261719,-75.2436752319336,-75.53968811035156,-76.10874938964844,-76.45314025878906,-76.11279296875,-75.88133239746094,-74.92337799072266,-76.27159881591797,-76.8458023071289,-78.31352996826172,-79.13855743408203,-76.60086059570312,-76.7811508178711,-77.43225860595703,-76.84640502929688,-77.30286407470703,-76.78517150878906,-76.8259048461914,0.0
-73.75635528564453,-72.49271392822266,-73.24789428710938,-74.86933135986328,-75.21758270263672,-75.1158447265625,-73.14122009277344,-73.8393783569336,-75.1208267211914,-75.27618408203125,-73.73822784423828,-72.3279037475586,-71.31116485595703,-72.34941101074219,-72.20105743408203,-72.8000259399414,-73.64006042480469,-73.53277587890625,-74.22477722167969,-73.74491882324219,-73.3226547241211,-74.58446502685547,-74.05199432373047,-73.02532958984375,-73.94474792480469,-72.8392562866211,-73.38077545166016,-73.47474670410156,-73.40018463134766,-72.87130737304688,-72.55717468261719,-75.2436752319336,-75.53968811035156,-76.10874938964844,-76.45314025878906,-76.11279296875,-75.88133239746094,-74.92337799072266,-76.27159881591797,-76.8458023071289,-78.31352996826172,-79.13855743408203,-76.60086059570312,-76.7811508178711,-77.43225860595703,-76.84640502929688,-77.30286407470703,-76.78517150878906,-76.8259048461914,-76.02654266357422,0.0
-72.49271392822266,-73.24789428710938,-74.86933135986328,-75.21758270263672,-75.1158447265625,-73.14122009277344,-73.8393783569336,-75.1208267211914,-75.27618408203125,-73.73822784423828,-72.3279037475586,-71.31116485595703,-72.34941101074219,-72.20105743408203,-72.8000259399414,-73.64006042480469,-73.53277587890625,-74.22477722167969,-73.74491882324219,-73.3226547241211,-74.58446502685547,-74.05199432373047,-73.02532958984375,-73.94474792480469,-72.8392562866211,-73.38077545166016,-73.47474670410156,-73.40018463134766,-72.87130737304688,-72.55717468261719,-75.2436752319336,-75.53968811035156,-76.10874938964844,-76.45314025878906,-76.11279296875,-75.88133239746094,-74.92337799072266,-76.27159881591797,-76.8458023071289,-78.31352996826172,-79.13855743408203,-76.60086059570312,-76.7811508178711,-77.43225860595703,-76.84640502929688,-77.30286407470703,-76.78517150878906,-76.8259048461914,-76.02654266357422,-75.51087188720703,0.0
-73.24789428710938,-74.86933135986328,-75.21758270263672,-75.1158447265625,-73.14122009277344,-73.8393783569336,-75.1208267211914,-75.27618408203125,-73.73822784423828,-72.3279037475586,-71.31116485595703,-72.34941101074219,-72.20105743408203,-72.8000259399414,-73.64006042480469,-73.53277587890625,-74.22477722167969,-73.74491882324219,-73.3226547241211,-74.58446502685547,-74.05199432373047,-73.02532958984375,-73.94474792480469,-72.8392562866211,-73.38077545166016,-73.47474670410156,-73.40018463134766,-72.87130737304688,-72.55717468261719,-75.2436752319336,-75.53968811035156,-76.10874938964844,-76.45314025878906,-76.11279296875,-75.88133239746094,-74.92337799072266,-76.27159881591797,-76.8458023071289,-78.31352996826172,-79.13855743408203,-76.60086059570312,-76.7811508178711,-77.43225860595703,-76.84640502929688,-77.30286407470703,-76.78517150878906,-76.8259048461914,-76.02654266357422,-75.51087188720703,-77.19327545166016,0.0
-74.86933135986328,-75.21758270263672,-75.1158447265625,-73.14122009277344,-73.8393783569336,-75.1208267211914,-75.27618408203125,-73.73822784423828,-72.3279037475586,-71.31116485595703,-72.34941101074219,-72.20105743408203,-72.8000259399414,-73.64006042480469,-73.53277587890625,-74.22477722167969,-73.74491882324219,-73.3226547241211,-74.58446502685547,-74.05199432373047,-73.02532958984375,-73.94474792480469,-72.8392562866211,-73.38077545166016,-73.47474670410156,-73.40018463134766,-72.87130737304688,-72.55717468261719,-75.2436752319336,-75.53968811035156,-76.10874938964844,-76.45314025878906,-76.11279296875,-75.88133239746094,-74.92337799072266,-76.27159881591797,-76.8458023071289,-78.31352996826172,-79.13855743408203,-76.60086059570312,-76.7811508178711,-77.43225860595703,-76.84640502929688,-77.30286407470703,-76.78517150878906,-76.8259048461914,-76.02654266357422,-75.51087188720703,-77.19327545166016,-78.75386047363281,0.0
-75.21758270263672,-75.1158447265625,-73.14122009277344,-73.8393783569336,-75.1208267211914,-75.27618408203125,-73.73822784423828,-72.3279037475586,-71.31116485595703,-72.34941101074219,-72.20105743408203,-72.8000259399414,-73.64006042480469,-73.53277587890625,-74.22477722167969,-73.74491882324219,-73.3226547241211,-74.58446502685547,-74.05199432373047,-73.02532958984375,-73.94474792480469,-72.8392562866211,-73.38077545166016,-73.47474670410156,-73.40018463134766,-72.87130737304688,-72.55717468261719,-75.2436752319336,-75.53968811035156,-76.10874938964844,-76.45314025878906,-76.11279296875,-75.88133239746094,-74.92337799072266,-76.27159881591797,-76.8458023071289,-78.31352996826172,-79.13855743408203,-76.60086059570312,-76.7811508178711,-77.43225860595703,-76.84640502929688,-77.30286407470703,-76.78517150878906,-76.8259048461914,-76.02654266357422,-75.51087188720703,-77.19327545166016,-78.75386047363281,-77.97612762451172,0.0
-75.1158447265625,-73.14122009277344,-73.8393783569336,-75.1208267211914,-75.27618408203125,-73.73822784423828,-72.3279037475586,-71.31116485595703,-72.34941101074219,-72.20105743408203,-72.8000259399414,-73.64006042480469,-73.53277587890625,-74.22477722167969,-73.74491882324219,-73.3226547241211,-74.58446502685547,-74.05199432373047,-73.02532958984375,-73.94474792480469,-72.8392562866211,-73.38077545166016,-73.47474670410156,-73.40018463134766,-72.87130737304688,-72.55717468261719,-75.2436752319336,-75.53968811035156,-76.10874938964844,-76.45314025878906,-76.11279296875,-75.88133239746094,-74.92337799072266,-76.27159881591797,-76.8458023071289,-78.31352996826172,-79.13855743408203,-76.60086059570312,-76.7811508178711,-77.43225860595703,-76.84640502929688,-77.30286407470703,-76.78517150878906,-76.8259048461914,-76.02654266357422,-75.51087188720703,-77.19327545166016,-78.75386047363281,-77.97612762451172,-77.2081069946289,0.0
