dataset,seed,experiment_stage,feature_set,optimization_method,model_family,model_name,classifier,n_features,notes,accuracy,precision_weighted,recall_weighted,f1_weighted,precision_handover,recall_handover,f1_handover,confusion_matrix,tn,fp,fn,tp,dataset_short
D1_ANATEL_UFJF_raw_drive_test_proxy,1,01_raw_flattened_windows,raw_time_windows,none_raw_baseline,classical_ml,Decision_Tree,Decision_Tree,90,,0.8136645962732919,0.8137378881797455,0.8136645962732919,0.8136638833551922,0.8191126279863481,0.8080808080808081,0.8135593220338984,"[[721, 159], [171, 720]]",721,159,171,720,D1 ANATEL/UFJF proxy
D1_ANATEL_UFJF_raw_drive_test_proxy,1,01_raw_flattened_windows,raw_time_windows,none_raw_baseline,classical_ml,Random_Forest,Random_Forest,90,,0.9130434782608696,0.9141337479874576,0.9130434782608696,0.9129707090210656,0.8932764140875133,0.9393939393939394,0.9157549234135668,"[[780, 100], [54, 837]]",780,100,54,837,D1 ANATEL/UFJF proxy
D1_ANATEL_UFJF_raw_drive_test_proxy,1,01_raw_flattened_windows,raw_time_windows,none_raw_baseline,classical_ml,SVM,SVM,90,,0.769621682665161,0.7696722291275824,0.769621682665161,0.7696224171868395,0.7741203178206584,0.7654320987654321,0.7697516930022573,"[[681, 199], [209, 682]]",681,199,209,682,D1 ANATEL/UFJF proxy
D1_ANATEL_UFJF_raw_drive_test_proxy,1,01_raw_flattened_windows,raw_time_windows,none_raw_baseline,classical_ml,KNN,KNN,90,,0.7888198757763976,0.7890675335227209,0.7888198757763976,0.7887463145066834,0.7812840043525572,0.8058361391694725,0.7933701657458564,"[[679, 201], [173, 718]]",679,201,173,718,D1 ANATEL/UFJF proxy
D1_ANATEL_UFJF_raw_drive_test_proxy,1,01_raw_flattened_windows,raw_time_windows,none_raw_baseline,classical_ml,Logistic_Regression,Logistic_Regression,90,,0.6357989836250706,0.6378332933426921,0.6357989836250706,0.6341078563044499,0.6222664015904572,0.7025813692480359,0.6599894570374275,"[[500, 380], [265, 626]]",500,380,265,626,D1 ANATEL/UFJF proxy
D1_ANATEL_UFJF_raw_drive_test_proxy,1,02_engineered_flattened_windows,engineered_time_windows,temporal_feature_engineering,classical_ml,Decision_Tree,Decision_Tree,1080,,0.7989836250705816,0.7989840859998342,0.7989836250705816,0.7989797793589036,0.7988826815642458,0.8024691358024691,0.8006718924972005,"[[700, 180], [176, 715]]",700,180,176,715,D1 ANATEL/UFJF proxy
D1_ANATEL_UFJF_raw_drive_test_proxy,1,02_engineered_flattened_windows,engineered_time_windows,temporal_feature_engineering,classical_ml,Random_Forest,Random_Forest,1080,,0.9136081309994354,0.9145602539802036,0.9136081309994354,0.9135441130261244,0.8950749464668094,0.9382716049382716,0.916164383561644,"[[782, 98], [55, 836]]",782,98,55,836,D1 ANATEL/UFJF proxy
D1_ANATEL_UFJF_raw_drive_test_proxy,1,02_engineered_flattened_windows,engineered_time_windows,temporal_feature_engineering,classical_ml,SVM,SVM,1080,,0.7763975155279503,0.7764326230523483,0.7763975155279503,0.7763992265357538,0.7802944507361268,0.7732884399551067,0.7767756482525366,"[[686, 194], [202, 689]]",686,194,202,689,D1 ANATEL/UFJF proxy
D1_ANATEL_UFJF_raw_drive_test_proxy,1,02_engineered_flattened_windows,engineered_time_windows,temporal_feature_engineering,classical_ml,KNN,KNN,1080,,0.792772444946358,0.793531596378238,0.792772444946358,0.7925921422231641,0.779317697228145,0.8204264870931538,0.7993439037725533,"[[673, 207], [160, 731]]",673,207,160,731,D1 ANATEL/UFJF proxy
D1_ANATEL_UFJF_raw_drive_test_proxy,1,02_engineered_flattened_windows,engineered_time_windows,temporal_feature_engineering,classical_ml,Logistic_Regression,Logistic_Regression,1080,,0.6674195369847544,0.6675526337326168,0.6674195369847544,0.6672813984260301,0.6637744034707158,0.6868686868686869,0.6751241036955322,"[[570, 310], [279, 612]]",570,310,279,612,D1 ANATEL/UFJF proxy
D1_ANATEL_UFJF_raw_drive_test_proxy,1,03_feature_selection_on_engineered,selected_engineered_features,feature_selection_anova_top_40,classical_ml,Decision_Tree,Decision_Tree,40,,0.8040654997176736,0.8049142971437144,0.8040654997176736,0.8039698848739091,0.8215130023640662,0.7800224466891134,0.8002302820955671,"[[729, 151], [196, 695]]",729,151,196,695,D1 ANATEL/UFJF proxy
D1_ANATEL_UFJF_raw_drive_test_proxy,1,03_feature_selection_on_engineered,selected_engineered_features,feature_selection_anova_top_40,classical_ml,Random_Forest,Random_Forest,40,,0.9305477131564088,0.9308791090440488,0.9305477131564088,0.9305277756230064,0.9192139737991266,0.9450056116722784,0.9319313779745434,"[[806, 74], [49, 842]]",806,74,49,842,D1 ANATEL/UFJF proxy
D1_ANATEL_UFJF_raw_drive_test_proxy,1,03_feature_selection_on_engineered,selected_engineered_features,feature_selection_anova_top_40,classical_ml,SVM,SVM,40,,0.7272727272727273,0.7274923413790372,0.7272727272727273,0.7271594489639602,0.7212581344902386,0.7463524130190797,0.7335907335907336,"[[623, 257], [226, 665]]",623,257,226,665,D1 ANATEL/UFJF proxy
D1_ANATEL_UFJF_raw_drive_test_proxy,1,03_feature_selection_on_engineered,selected_engineered_features,feature_selection_anova_top_40,classical_ml,KNN,KNN,40,,0.7679277244494636,0.7679281277728484,0.7679277244494636,0.7679218045875791,0.7678571428571429,0.7721661054994389,0.7700055959709009,"[[672, 208], [203, 688]]",672,208,203,688,D1 ANATEL/UFJF proxy
D1_ANATEL_UFJF_raw_drive_test_proxy,1,03_feature_selection_on_engineered,selected_engineered_features,feature_selection_anova_top_40,classical_ml,Logistic_Regression,Logistic_Regression,40,,0.6696781479390175,0.6706699759619246,0.6696781479390175,0.6690308854267865,0.6587136929460581,0.712682379349046,0.6846361185983828,"[[551, 329], [256, 635]]",551,329,256,635,D1 ANATEL/UFJF proxy
D1_ANATEL_UFJF_raw_drive_test_proxy,1,04_pca_on_engineered,pca_engineered_features,pca_0.95_feature_variance,classical_ml,Decision_Tree,Decision_Tree,117,,0.722755505364201,0.7256119673668443,0.722755505364201,0.721713257187584,0.7012072434607646,0.7822671156004489,0.7395225464190981,"[[583, 297], [194, 697]]",583,297,194,697,D1 ANATEL/UFJF proxy
D1_ANATEL_UFJF_raw_drive_test_proxy,1,04_pca_on_engineered,pca_engineered_features,pca_0.95_feature_variance,classical_ml,Random_Forest,Random_Forest,117,,0.8091473743647657,0.8099945963190859,0.8091473743647657,0.808974855521308,0.7944621938232161,0.8372615039281706,0.8153005464480875,"[[687, 193], [145, 746]]",687,193,145,746,D1 ANATEL/UFJF proxy
D1_ANATEL_UFJF_raw_drive_test_proxy,1,04_pca_on_engineered,pca_engineered_features,pca_0.95_feature_variance,classical_ml,SVM,SVM,117,,0.784867306606437,0.7848660491626887,0.784867306606437,0.7848644255900871,0.785234899328859,0.7878787878787878,0.7865546218487395,"[[688, 192], [189, 702]]",688,192,189,702,D1 ANATEL/UFJF proxy
D1_ANATEL_UFJF_raw_drive_test_proxy,1,04_pca_on_engineered,pca_engineered_features,pca_0.95_feature_variance,classical_ml,KNN,KNN,117,,0.8130999435347261,0.8145137653723696,0.8130999435347261,0.8128377916104366,0.7941176470588235,0.8484848484848485,0.8204015192620727,"[[684, 196], [135, 756]]",684,196,135,756,D1 ANATEL/UFJF proxy
D1_ANATEL_UFJF_raw_drive_test_proxy,1,04_pca_on_engineered,pca_engineered_features,pca_0.95_feature_variance,classical_ml,Logistic_Regression,Logistic_Regression,117,,0.665725578769057,0.6658905132170628,0.665725578769057,0.6655624096605266,0.6616216216216216,0.6868686868686869,0.6740088105726872,"[[567, 313], [279, 612]]",567,313,279,612,D1 ANATEL/UFJF proxy
D1_ANATEL_UFJF_raw_drive_test_proxy,1,05_feature_selection_plus_pca,selected_pca_engineered_features,feature_selection_anova_plus_pca,classical_ml,Decision_Tree,Decision_Tree,5,,0.771880293619424,0.7726050168750543,0.771880293619424,0.7716740876645221,0.759318423855165,0.8002244668911336,0.7792349726775957,"[[654, 226], [178, 713]]",654,226,178,713,D1 ANATEL/UFJF proxy
D1_ANATEL_UFJF_raw_drive_test_proxy,1,05_feature_selection_plus_pca,selected_pca_engineered_features,feature_selection_anova_plus_pca,classical_ml,Random_Forest,Random_Forest,5,,0.8356860530773574,0.8360623778706667,0.8356860530773574,0.8356178046553053,0.8253796095444685,0.8540965207631874,0.839492553778268,"[[719, 161], [130, 761]]",719,161,130,761,D1 ANATEL/UFJF proxy
D1_ANATEL_UFJF_raw_drive_test_proxy,1,05_feature_selection_plus_pca,selected_pca_engineered_features,feature_selection_anova_plus_pca,classical_ml,SVM,SVM,5,,0.7120271033314511,0.7129466463360948,0.7120271033314511,0.7116108405691092,0.6998950682056663,0.7485970819304153,0.7234273318872018,"[[594, 286], [224, 667]]",594,286,224,667,D1 ANATEL/UFJF proxy
D1_ANATEL_UFJF_raw_drive_test_proxy,1,05_feature_selection_plus_pca,selected_pca_engineered_features,feature_selection_anova_plus_pca,classical_ml,KNN,KNN,5,,0.7560700169395822,0.7560700169395822,0.7560700169395822,0.7560700169395822,0.7575757575757576,0.7575757575757576,0.7575757575757576,"[[664, 216], [216, 675]]",664,216,216,675,D1 ANATEL/UFJF proxy
D1_ANATEL_UFJF_raw_drive_test_proxy,1,05_feature_selection_plus_pca,selected_pca_engineered_features,feature_selection_anova_plus_pca,classical_ml,Logistic_Regression,Logistic_Regression,5,,0.6499153020892151,0.6509521464073025,0.6499153020892151,0.6491005686354306,0.639546858908342,0.696969696969697,0.6670247046186896,"[[530, 350], [270, 621]]",530,350,270,621,D1 ANATEL/UFJF proxy
D1_ANATEL_UFJF_raw_drive_test_proxy,1,06_direct_deep_learning,engineered_sequence_features,deep_temporal_learning,deep_learning_direct,LSTM,direct_sigmoid,108,Direct sequence model.,0.8831168831168831,0.883272052459198,0.8831168831168831,0.8831130819247788,0.8913043478260869,0.8742985409652076,0.8827195467422096,"[[785, 95], [112, 779]]",785,95,112,779,D1 ANATEL/UFJF proxy
D1_ANATEL_UFJF_raw_drive_test_proxy,1,06_direct_deep_learning,engineered_sequence_features,deep_temporal_learning,deep_learning_direct,GRU,direct_sigmoid,108,Direct sequence model.,0.9023150762281196,0.9027078468365438,0.9023150762281196,0.902301620425267,0.9155092592592592,0.8877665544332211,0.9014245014245016,"[[807, 73], [100, 791]]",807,73,100,791,D1 ANATEL/UFJF proxy
D1_ANATEL_UFJF_raw_drive_test_proxy,1,06_direct_deep_learning,engineered_sequence_features,deep_temporal_learning,deep_learning_direct,TCN,direct_sigmoid,108,Direct sequence model.,0.857707509881423,0.8578733157701911,0.857707509881423,0.8577017934869943,0.865979381443299,0.8484848484848485,0.8571428571428571,"[[763, 117], [135, 756]]",763,117,135,756,D1 ANATEL/UFJF proxy
D1_ANATEL_UFJF_raw_drive_test_proxy,1,06_direct_deep_learning,engineered_sequence_features,deep_temporal_learning,deep_learning_direct,Transformer,direct_sigmoid,108,Direct sequence model.,0.8514963297571994,0.851585635968444,0.8514963297571994,0.8514950987120912,0.857630979498861,0.8451178451178452,0.851328434143584,"[[755, 125], [138, 753]]",755,125,138,753,D1 ANATEL/UFJF proxy
D1_ANATEL_UFJF_raw_drive_test_proxy,1,07_individual_deep_features_to_classifiers,LSTM_deep_features,LSTM_as_feature_extractor,classical_ml,Decision_Tree,Decision_Tree,32,Classifiers trained only on LSTM latent temporal features.,0.8831168831168831,0.8831165518442641,0.8831168831168831,0.8831164359024125,0.8834080717488789,0.8843995510662177,0.8839035333707235,"[[776, 104], [103, 788]]",776,104,103,788,D1 ANATEL/UFJF proxy
D1_ANATEL_UFJF_raw_drive_test_proxy,1,07_individual_deep_features_to_classifiers,LSTM_deep_features,LSTM_as_feature_extractor,classical_ml,Random_Forest,Random_Forest,32,Classifiers trained only on LSTM latent temporal features.,0.9040090344438172,0.9040366300593836,0.9040090344438172,0.9040043819391728,0.9010011123470524,0.9090909090909092,0.905027932960894,"[[791, 89], [81, 810]]",791,89,81,810,D1 ANATEL/UFJF proxy
D1_ANATEL_UFJF_raw_drive_test_proxy,1,07_individual_deep_features_to_classifiers,LSTM_deep_features,LSTM_as_feature_extractor,classical_ml,SVM,SVM,32,Classifiers trained only on LSTM latent temporal features.,0.8881987577639752,0.8882404366232929,0.8881987577639752,0.8881912710736469,0.8845726970033296,0.8945005611672279,0.8895089285714286,"[[776, 104], [94, 797]]",776,104,94,797,D1 ANATEL/UFJF proxy
D1_ANATEL_UFJF_raw_drive_test_proxy,1,07_individual_deep_features_to_classifiers,LSTM_deep_features,LSTM_as_feature_extractor,classical_ml,KNN,KNN,32,Classifiers trained only on LSTM latent temporal features.,0.8972332015810277,0.8972766668829847,0.8972332015810277,0.8972263198757764,0.8934517203107658,0.90347923681257,0.8984375,"[[784, 96], [86, 805]]",784,96,86,805,D1 ANATEL/UFJF proxy
D1_ANATEL_UFJF_raw_drive_test_proxy,1,07_individual_deep_features_to_classifiers,LSTM_deep_features,LSTM_as_feature_extractor,classical_ml,Logistic_Regression,Logistic_Regression,32,Classifiers trained only on LSTM latent temporal features.,0.8870694522868436,0.8870947141742197,0.8870694522868436,0.8870639787519681,0.8843159065628476,0.8922558922558923,0.888268156424581,"[[776, 104], [96, 795]]",776,104,96,795,D1 ANATEL/UFJF proxy
D1_ANATEL_UFJF_raw_drive_test_proxy,1,07_individual_deep_features_to_classifiers,GRU_deep_features,GRU_as_feature_extractor,classical_ml,Decision_Tree,Decision_Tree,32,Classifiers trained only on GRU latent temporal features.,0.9079616036137776,0.9081229684652228,0.9079616036137776,0.9079586104045358,0.9164759725400458,0.898989898989899,0.9076487252124644,"[[807, 73], [90, 801]]",807,73,90,801,D1 ANATEL/UFJF proxy
D1_ANATEL_UFJF_raw_drive_test_proxy,1,07_individual_deep_features_to_classifiers,GRU_deep_features,GRU_as_feature_extractor,classical_ml,Random_Forest,Random_Forest,32,Classifiers trained only on GRU latent temporal features.,0.911914172783738,0.9120257972031682,0.911914172783738,0.911912993225328,0.919042189281642,0.904601571268238,0.9117647058823528,"[[809, 71], [85, 806]]",809,71,85,806,D1 ANATEL/UFJF proxy
D1_ANATEL_UFJF_raw_drive_test_proxy,1,07_individual_deep_features_to_classifiers,GRU_deep_features,GRU_as_feature_extractor,classical_ml,SVM,SVM,32,Classifiers trained only on GRU latent temporal features.,0.9113495200451722,0.9113657443328358,0.9113495200451722,0.9113503679951016,0.9142212189616252,0.9090909090909092,0.911648846370287,"[[804, 76], [81, 810]]",804,76,81,810,D1 ANATEL/UFJF proxy
D1_ANATEL_UFJF_raw_drive_test_proxy,1,07_individual_deep_features_to_classifiers,GRU_deep_features,GRU_as_feature_extractor,classical_ml,KNN,KNN,32,Classifiers trained only on GRU latent temporal features.,0.9113495200451722,0.9113976103475088,0.9113495200451722,0.9113500288099392,0.9160997732426304,0.9068462401795736,0.9114495205865764,"[[806, 74], [83, 808]]",806,74,83,808,D1 ANATEL/UFJF proxy
D1_ANATEL_UFJF_raw_drive_test_proxy,1,07_individual_deep_features_to_classifiers,GRU_deep_features,GRU_as_feature_extractor,classical_ml,Logistic_Regression,Logistic_Regression,32,Classifiers trained only on GRU latent temporal features.,0.9057029926595144,0.9057990396687564,0.9057029926595144,0.9057022109692744,0.9123006833712984,0.898989898989899,0.9055963821368004,"[[803, 77], [90, 801]]",803,77,90,801,D1 ANATEL/UFJF proxy
D1_ANATEL_UFJF_raw_drive_test_proxy,1,07_individual_deep_features_to_classifiers,TCN_deep_features,TCN_as_feature_extractor,classical_ml,Decision_Tree,Decision_Tree,32,Classifiers trained only on TCN latent temporal features.,0.8520609824957651,0.8530492635576675,0.8520609824957651,0.8519272548715465,0.8349307774227902,0.8799102132435466,0.8568306010928962,"[[725, 155], [107, 784]]",725,155,107,784,D1 ANATEL/UFJF proxy
D1_ANATEL_UFJF_raw_drive_test_proxy,1,07_individual_deep_features_to_classifiers,TCN_deep_features,TCN_as_feature_extractor,classical_ml,Random_Forest,Random_Forest,32,Classifiers trained only on TCN latent temporal features.,0.898927159796725,0.8990622275587863,0.898927159796725,0.8989118167053293,0.8920704845814978,0.9090909090909092,0.9005002779321846,"[[782, 98], [81, 810]]",782,98,81,810,D1 ANATEL/UFJF proxy
D1_ANATEL_UFJF_raw_drive_test_proxy,1,07_individual_deep_features_to_classifiers,TCN_deep_features,TCN_as_feature_extractor,classical_ml,SVM,SVM,32,Classifiers trained only on TCN latent temporal features.,0.8667419536984754,0.8671354903666607,0.8667419536984754,0.8666896666344096,0.8555917480998915,0.8843995510662177,0.869757174392936,"[[747, 133], [103, 788]]",747,133,103,788,D1 ANATEL/UFJF proxy
D1_ANATEL_UFJF_raw_drive_test_proxy,1,07_individual_deep_features_to_classifiers,TCN_deep_features,TCN_as_feature_extractor,classical_ml,KNN,KNN,32,Classifiers trained only on TCN latent temporal features.,0.8797289666854884,0.8798253270540727,0.8797289666854884,0.8797140083888709,0.8741721854304636,0.8888888888888888,0.8814691151919867,"[[766, 114], [99, 792]]",766,114,99,792,D1 ANATEL/UFJF proxy
D1_ANATEL_UFJF_raw_drive_test_proxy,1,07_individual_deep_features_to_classifiers,TCN_deep_features,TCN_as_feature_extractor,classical_ml,Logistic_Regression,Logistic_Regression,32,Classifiers trained only on TCN latent temporal features.,0.8610954263128177,0.8611500701262271,0.8610954263128177,0.8610832009498809,0.8571428571428571,0.8686868686868687,0.862876254180602,"[[751, 129], [117, 774]]",751,129,117,774,D1 ANATEL/UFJF proxy
D1_ANATEL_UFJF_raw_drive_test_proxy,1,07_individual_deep_features_to_classifiers,Transformer_deep_features,Transformer_as_feature_extractor,classical_ml,Decision_Tree,Decision_Tree,32,Classifiers trained only on Transformer latent temporal features.,0.8622247317899492,0.8622471606254383,0.8622247317899492,0.8622260496183388,0.8655367231638418,0.8597081930415263,0.8626126126126126,"[[761, 119], [125, 766]]",761,119,125,766,D1 ANATEL/UFJF proxy
D1_ANATEL_UFJF_raw_drive_test_proxy,1,07_individual_deep_features_to_classifiers,Transformer_deep_features,Transformer_as_feature_extractor,classical_ml,Random_Forest,Random_Forest,32,Classifiers trained only on Transformer latent temporal features.,0.8983625070581592,0.8985143877619306,0.8983625070581592,0.8983455869244318,0.8910891089108911,0.9090909090909092,0.9,"[[781, 99], [81, 810]]",781,99,81,810,D1 ANATEL/UFJF proxy
D1_ANATEL_UFJF_raw_drive_test_proxy,1,07_individual_deep_features_to_classifiers,Transformer_deep_features,Transformer_as_feature_extractor,classical_ml,SVM,SVM,32,Classifiers trained only on Transformer latent temporal features.,0.8723884810841332,0.8724958017657313,0.8723884810841332,0.8723709003317646,0.8665931642778391,0.8821548821548821,0.8743047830923248,"[[759, 121], [105, 786]]",759,121,105,786,D1 ANATEL/UFJF proxy
D1_ANATEL_UFJF_raw_drive_test_proxy,1,07_individual_deep_features_to_classifiers,Transformer_deep_features,Transformer_as_feature_extractor,classical_ml,KNN,KNN,32,Classifiers trained only on Transformer latent temporal features.,0.8898927159796725,0.8900576724694282,0.8898927159796725,0.8898726999276126,0.8824175824175824,0.9012345679012346,0.8917268184342032,"[[773, 107], [88, 803]]",773,107,88,803,D1 ANATEL/UFJF proxy
D1_ANATEL_UFJF_raw_drive_test_proxy,1,07_individual_deep_features_to_classifiers,Transformer_deep_features,Transformer_as_feature_extractor,classical_ml,Logistic_Regression,Logistic_Regression,32,Classifiers trained only on Transformer latent temporal features.,0.859966120835686,0.8599876487579573,0.859966120835686,0.8599593336524405,0.8576195773081201,0.8653198653198653,0.8614525139664805,"[[752, 128], [120, 771]]",752,128,120,771,D1 ANATEL/UFJF proxy
D1_ANATEL_UFJF_raw_drive_test_proxy,1,08_combined_deep_features_to_classifiers,LSTM_GRU_TCN_Transformer_deep_features,combined_deep_feature_extraction,classical_ml,Decision_Tree,Decision_Tree,128,"Classifiers trained on concatenated LSTM, GRU, TCN, and Transformer features.",0.9000564652738566,0.9002540146448992,0.9000564652738566,0.9000516216542029,0.9094036697247706,0.8900112233445566,0.8996029495178672,"[[801, 79], [98, 793]]",801,79,98,793,D1 ANATEL/UFJF proxy
D1_ANATEL_UFJF_raw_drive_test_proxy,1,08_combined_deep_features_to_classifiers,LSTM_GRU_TCN_Transformer_deep_features,combined_deep_feature_extraction,classical_ml,Random_Forest,Random_Forest,128,"Classifiers trained on concatenated LSTM, GRU, TCN, and Transformer features.",0.92772444946358,0.927763416856922,0.92772444946358,0.9277250025166072,0.9320498301245752,0.9236812570145904,0.927846674182638,"[[820, 60], [68, 823]]",820,60,68,823,D1 ANATEL/UFJF proxy
D1_ANATEL_UFJF_raw_drive_test_proxy,1,08_combined_deep_features_to_classifiers,LSTM_GRU_TCN_Transformer_deep_features,combined_deep_feature_extraction,classical_ml,SVM,SVM,128,"Classifiers trained on concatenated LSTM, GRU, TCN, and Transformer features.",0.9232072275550536,0.9232180178500572,0.9232072275550536,0.923207913119112,0.9255918827508456,0.9214365881032548,0.9235095613048367,"[[814, 66], [70, 821]]",814,66,70,821,D1 ANATEL/UFJF proxy
D1_ANATEL_UFJF_raw_drive_test_proxy,1,08_combined_deep_features_to_classifiers,LSTM_GRU_TCN_Transformer_deep_features,combined_deep_feature_extraction,classical_ml,KNN,KNN,128,"Classifiers trained on concatenated LSTM, GRU, TCN, and Transformer features.",0.9209486166007904,0.9209785459445478,0.9209486166007904,0.9209447851263776,0.917686318131257,0.925925925925926,0.9217877094972068,"[[806, 74], [66, 825]]",806,74,66,825,D1 ANATEL/UFJF proxy
D1_ANATEL_UFJF_raw_drive_test_proxy,1,08_combined_deep_features_to_classifiers,LSTM_GRU_TCN_Transformer_deep_features,combined_deep_feature_extraction,classical_ml,Logistic_Regression,Logistic_Regression,128,"Classifiers trained on concatenated LSTM, GRU, TCN, and Transformer features.",0.9203839638622248,0.920454981143387,0.9203839638622248,0.9203839638622248,0.9261363636363636,0.914702581369248,0.9203839638622248,"[[815, 65], [76, 815]]",815,65,76,815,D1 ANATEL/UFJF proxy
D1_ANATEL_UFJF_raw_drive_test_proxy,7,01_raw_flattened_windows,raw_time_windows,none_raw_baseline,classical_ml,Decision_Tree,Decision_Tree,90,,0.8068887634105025,0.8068876197793893,0.8068887634105025,0.8068871624995639,0.8073908174692049,0.8092031425364759,0.8082959641255605,"[[708, 172], [170, 721]]",708,172,170,721,D1 ANATEL/UFJF proxy
D1_ANATEL_UFJF_raw_drive_test_proxy,7,01_raw_flattened_windows,raw_time_windows,none_raw_baseline,classical_ml,Random_Forest,Random_Forest,90,,0.9192546583850932,0.9193996485929432,0.9192546583850932,0.9192424010550956,0.9118942731277532,0.9292929292929292,0.9205113952195664,"[[800, 80], [63, 828]]",800,80,63,828,D1 ANATEL/UFJF proxy
D1_ANATEL_UFJF_raw_drive_test_proxy,7,01_raw_flattened_windows,raw_time_windows,none_raw_baseline,classical_ml,SVM,SVM,90,,0.7684923771880293,0.7685611753093922,0.7684923771880293,0.7684914914412994,0.7736063708759955,0.7631874298540965,0.768361581920904,"[[681, 199], [211, 680]]",681,199,211,680,D1 ANATEL/UFJF proxy
D1_ANATEL_UFJF_raw_drive_test_proxy,7,01_raw_flattened_windows,raw_time_windows,none_raw_baseline,classical_ml,KNN,KNN,90,,0.7995482778091474,0.799609971349102,0.7995482778091474,0.7995482778091474,0.8045454545454546,0.7946127946127947,0.7995482778091474,"[[708, 172], [183, 708]]",708,172,183,708,D1 ANATEL/UFJF proxy
D1_ANATEL_UFJF_raw_drive_test_proxy,7,01_raw_flattened_windows,raw_time_windows,none_raw_baseline,classical_ml,Logistic_Regression,Logistic_Regression,90,,0.6216826651609261,0.6250640975417343,0.6216826651609261,0.6185908749867275,0.6057416267942584,0.7104377104377104,0.6539256198347108,"[[468, 412], [258, 633]]",468,412,258,633,D1 ANATEL/UFJF proxy
D1_ANATEL_UFJF_raw_drive_test_proxy,7,02_engineered_flattened_windows,engineered_time_windows,temporal_feature_engineering,classical_ml,Decision_Tree,Decision_Tree,1080,,0.8091473743647657,0.8091734218509898,0.8091473743647657,0.8091345940550133,0.806881243063263,0.8159371492704826,0.8113839285714286,"[[706, 174], [164, 727]]",706,174,164,727,D1 ANATEL/UFJF proxy
D1_ANATEL_UFJF_raw_drive_test_proxy,7,02_engineered_flattened_windows,engineered_time_windows,temporal_feature_engineering,classical_ml,Random_Forest,Random_Forest,1080,,0.9113495200451722,0.9113494228238602,0.9113495200451722,0.9113491808535206,0.9114349775784754,0.9124579124579124,0.9119461581604038,"[[801, 79], [78, 813]]",801,79,78,813,D1 ANATEL/UFJF proxy
D1_ANATEL_UFJF_raw_drive_test_proxy,7,02_engineered_flattened_windows,engineered_time_windows,temporal_feature_engineering,classical_ml,SVM,SVM,1080,,0.7634105025409373,0.7635109923200399,0.7634105025409373,0.7634059765695375,0.769406392694064,0.7564534231200898,0.7628749292586304,"[[678, 202], [217, 674]]",678,202,217,674,D1 ANATEL/UFJF proxy
D1_ANATEL_UFJF_raw_drive_test_proxy,7,02_engineered_flattened_windows,engineered_time_windows,temporal_feature_engineering,classical_ml,KNN,KNN,1080,,0.7989836250705816,0.7992050062531529,0.7989836250705816,0.7989219429935249,0.7917121046892039,0.8148148148148148,0.8030973451327433,"[[689, 191], [165, 726]]",689,191,165,726,D1 ANATEL/UFJF proxy
D1_ANATEL_UFJF_raw_drive_test_proxy,7,02_engineered_flattened_windows,engineered_time_windows,temporal_feature_engineering,classical_ml,Logistic_Regression,Logistic_Regression,1080,,0.6431394692264257,0.6431624456761558,0.6431394692264257,0.6430689047421746,0.6421514818880352,0.6565656565656566,0.6492785793562708,"[[554, 326], [306, 585]]",554,326,306,585,D1 ANATEL/UFJF proxy
D1_ANATEL_UFJF_raw_drive_test_proxy,7,03_feature_selection_on_engineered,selected_engineered_features,feature_selection_anova_top_40,classical_ml,Decision_Tree,Decision_Tree,40,,0.8181818181818182,0.8182435277455246,0.8181818181818182,0.8181615247833419,0.8143646408839779,0.8271604938271605,0.8207126948775055,"[[712, 168], [154, 737]]",712,168,154,737,D1 ANATEL/UFJF proxy
D1_ANATEL_UFJF_raw_drive_test_proxy,7,03_feature_selection_on_engineered,selected_engineered_features,feature_selection_anova_top_40,classical_ml,Random_Forest,Random_Forest,40,,0.9282891022021456,0.9282955271556383,0.9282891022021456,0.928289650944069,0.9301801801801802,0.9270482603815936,0.9286115795390668,"[[818, 62], [65, 826]]",818,62,65,826,D1 ANATEL/UFJF proxy
D1_ANATEL_UFJF_raw_drive_test_proxy,7,03_feature_selection_on_engineered,selected_engineered_features,feature_selection_anova_top_40,classical_ml,SVM,SVM,40,,0.7120271033314511,0.7120518355724136,0.7120271033314511,0.7119949616133675,0.7104972375690608,0.7216610549943884,0.7160356347438753,"[[618, 262], [248, 643]]",618,262,248,643,D1 ANATEL/UFJF proxy
D1_ANATEL_UFJF_raw_drive_test_proxy,7,03_feature_selection_on_engineered,selected_engineered_features,feature_selection_anova_top_40,classical_ml,KNN,KNN,40,,0.7882552230378317,0.7883602284832066,0.7882552230378317,0.7882511723474381,0.7945205479452054,0.7811447811447811,0.7877758913412564,"[[700, 180], [195, 696]]",700,180,195,696,D1 ANATEL/UFJF proxy
D1_ANATEL_UFJF_raw_drive_test_proxy,7,03_feature_selection_on_engineered,selected_engineered_features,feature_selection_anova_top_40,classical_ml,Logistic_Regression,Logistic_Regression,40,,0.6273291925465838,0.6304077774777209,0.6273291925465838,0.6246566666302666,0.6115942028985507,0.7104377104377104,0.6573208722741433,"[[478, 402], [258, 633]]",478,402,258,633,D1 ANATEL/UFJF proxy
D1_ANATEL_UFJF_raw_drive_test_proxy,7,04_pca_on_engineered,pca_engineered_features,pca_0.95_feature_variance,classical_ml,Decision_Tree,Decision_Tree,117,,0.7210615471485037,0.7233982370007142,0.7210615471485037,0.7201806652020222,0.7015228426395939,0.7755331088664422,0.7366737739872068,"[[586, 294], [200, 691]]",586,294,200,691,D1 ANATEL/UFJF proxy
D1_ANATEL_UFJF_raw_drive_test_proxy,7,04_pca_on_engineered,pca_engineered_features,pca_0.95_feature_variance,classical_ml,Random_Forest,Random_Forest,117,,0.784867306606437,0.7853098504763887,0.784867306606437,0.784745398832952,0.7747844827586207,0.8069584736251403,0.7905442550852116,"[[671, 209], [172, 719]]",671,209,172,719,D1 ANATEL/UFJF proxy
D1_ANATEL_UFJF_raw_drive_test_proxy,7,04_pca_on_engineered,pca_engineered_features,pca_0.95_feature_variance,classical_ml,SVM,SVM,117,,0.7752682100508187,0.7754103553135018,0.7752682100508187,0.7752591817770782,0.7823596792668958,0.7665544332210998,0.7743764172335601,"[[690, 190], [208, 683]]",690,190,208,683,D1 ANATEL/UFJF proxy
D1_ANATEL_UFJF_raw_drive_test_proxy,7,04_pca_on_engineered,pca_engineered_features,pca_0.95_feature_variance,classical_ml,KNN,KNN,117,,0.8147939017504235,0.8149286181238091,0.8147939017504235,0.8147572796763185,0.8090010976948409,0.8271604938271605,0.8179800221975583,"[[706, 174], [154, 737]]",706,174,154,737,D1 ANATEL/UFJF proxy
D1_ANATEL_UFJF_raw_drive_test_proxy,7,04_pca_on_engineered,pca_engineered_features,pca_0.95_feature_variance,classical_ml,Logistic_Regression,Logistic_Regression,117,,0.6561264822134387,0.6564221056215329,0.6561264822134387,0.6558499176067943,0.6506410256410257,0.6835016835016835,0.6666666666666666,"[[553, 327], [282, 609]]",553,327,282,609,D1 ANATEL/UFJF proxy
D1_ANATEL_UFJF_raw_drive_test_proxy,7,05_feature_selection_plus_pca,selected_pca_engineered_features,feature_selection_anova_plus_pca,classical_ml,Decision_Tree,Decision_Tree,4,,0.766798418972332,0.7668112614186592,0.766798418972332,0.7667850338524994,0.7655555555555555,0.7732884399551067,0.7694025683975433,"[[669, 211], [202, 689]]",669,211,202,689,D1 ANATEL/UFJF proxy
D1_ANATEL_UFJF_raw_drive_test_proxy,7,05_feature_selection_plus_pca,selected_pca_engineered_features,feature_selection_anova_plus_pca,classical_ml,Random_Forest,Random_Forest,4,,0.8492377188029362,0.8492833138537362,0.8492377188029362,0.8492385840270938,0.8537414965986394,0.8451178451178452,0.8494077834179357,"[[751, 129], [138, 753]]",751,129,138,753,D1 ANATEL/UFJF proxy
D1_ANATEL_UFJF_raw_drive_test_proxy,7,05_feature_selection_plus_pca,selected_pca_engineered_features,feature_selection_anova_plus_pca,classical_ml,SVM,SVM,4,,0.709768492377188,0.709948480170995,0.709768492377188,0.7096546129240956,0.7046688382193268,0.7283950617283951,0.7163355408388521,"[[608, 272], [242, 649]]",608,272,242,649,D1 ANATEL/UFJF proxy
D1_ANATEL_UFJF_raw_drive_test_proxy,7,05_feature_selection_plus_pca,selected_pca_engineered_features,feature_selection_anova_plus_pca,classical_ml,KNN,KNN,4,,0.7786561264822134,0.778898192144703,0.7786561264822134,0.778634106935268,0.7877739331026529,0.7665544332210998,0.7770193401592719,"[[696, 184], [208, 683]]",696,184,208,683,D1 ANATEL/UFJF proxy
D1_ANATEL_UFJF_raw_drive_test_proxy,7,05_feature_selection_plus_pca,selected_pca_engineered_features,feature_selection_anova_plus_pca,classical_ml,Logistic_Regression,Logistic_Regression,4,,0.6222473178994918,0.6248786516758177,0.6222473178994918,0.6197881037748018,0.607976653696498,0.7014590347923682,0.6513809275664408,"[[477, 403], [266, 625]]",477,403,266,625,D1 ANATEL/UFJF proxy
D1_ANATEL_UFJF_raw_drive_test_proxy,7,06_direct_deep_learning,engineered_sequence_features,deep_temporal_learning,deep_learning_direct,LSTM,direct_sigmoid,108,Direct sequence model.,0.8723884810841332,0.8729039027187852,0.8723884810841332,0.8723611357586515,0.8870779976717112,0.8552188552188552,0.8708571428571429,"[[783, 97], [129, 762]]",783,97,129,762,D1 ANATEL/UFJF proxy
D1_ANATEL_UFJF_raw_drive_test_proxy,7,06_direct_deep_learning,engineered_sequence_features,deep_temporal_learning,deep_learning_direct,GRU,direct_sigmoid,108,Direct sequence model.,0.9034443817052512,0.9037493899294784,0.9034443817052512,0.9034166636710088,0.8930131004366813,0.9180695847362514,0.9053680132816824,"[[782, 98], [73, 818]]",782,98,73,818,D1 ANATEL/UFJF proxy
D1_ANATEL_UFJF_raw_drive_test_proxy,7,06_direct_deep_learning,engineered_sequence_features,deep_temporal_learning,deep_learning_direct,TCN,direct_sigmoid,108,Direct sequence model.,0.836815358554489,0.8377135966094976,0.836815358554489,0.8366733763010746,0.8208955223880597,0.8641975308641975,0.8419901585565883,"[[712, 168], [121, 770]]",712,168,121,770,D1 ANATEL/UFJF proxy
D1_ANATEL_UFJF_raw_drive_test_proxy,7,06_direct_deep_learning,engineered_sequence_features,deep_temporal_learning,deep_learning_direct,Transformer,direct_sigmoid,108,Direct sequence model.,0.8255223037831734,0.827045201956214,0.8255223037831734,0.8253646460816477,0.8497596153846154,0.7934904601571269,0.820661636680209,"[[755, 125], [184, 707]]",755,125,184,707,D1 ANATEL/UFJF proxy
D1_ANATEL_UFJF_raw_drive_test_proxy,7,07_individual_deep_features_to_classifiers,LSTM_deep_features,LSTM_as_feature_extractor,classical_ml,Decision_Tree,Decision_Tree,32,Classifiers trained only on LSTM latent temporal features.,0.8723884810841332,0.872392499811055,0.8723884810841332,0.8723860397053713,0.8715083798882681,0.8754208754208754,0.8734602463605823,"[[765, 115], [111, 780]]",765,115,111,780,D1 ANATEL/UFJF proxy
D1_ANATEL_UFJF_raw_drive_test_proxy,7,07_individual_deep_features_to_classifiers,LSTM_deep_features,LSTM_as_feature_extractor,classical_ml,Random_Forest,Random_Forest,32,Classifiers trained only on LSTM latent temporal features.,0.885940146809712,0.8859973689482503,0.885940146809712,0.8859405104699548,0.8910329171396141,0.8810325476992144,0.8860045146726863,"[[784, 96], [106, 785]]",784,96,106,785,D1 ANATEL/UFJF proxy
D1_ANATEL_UFJF_raw_drive_test_proxy,7,07_individual_deep_features_to_classifiers,LSTM_deep_features,LSTM_as_feature_extractor,classical_ml,SVM,SVM,32,Classifiers trained only on LSTM latent temporal features.,0.8752117447769622,0.8752812658911424,0.8752117447769622,0.8751993290844404,0.870575221238938,0.8832772166105499,0.8768802228412256,"[[763, 117], [104, 787]]",763,117,104,787,D1 ANATEL/UFJF proxy
D1_ANATEL_UFJF_raw_drive_test_proxy,7,07_individual_deep_features_to_classifiers,LSTM_deep_features,LSTM_as_feature_extractor,classical_ml,KNN,KNN,32,Classifiers trained only on LSTM latent temporal features.,0.8881987577639752,0.8882561095272923,0.8881987577639752,0.888199114223025,0.8933030646992054,0.8832772166105499,0.8882618510158014,"[[786, 94], [104, 787]]",786,94,104,787,D1 ANATEL/UFJF proxy
D1_ANATEL_UFJF_raw_drive_test_proxy,7,07_individual_deep_features_to_classifiers,LSTM_deep_features,LSTM_as_feature_extractor,classical_ml,Logistic_Regression,Logistic_Regression,32,Classifiers trained only on LSTM latent temporal features.,0.8735177865612648,0.8735177865612648,0.8735177865612648,0.8735177865612648,0.8742985409652076,0.8742985409652076,0.8742985409652076,"[[768, 112], [112, 779]]",768,112,112,779,D1 ANATEL/UFJF proxy
D1_ANATEL_UFJF_raw_drive_test_proxy,7,07_individual_deep_features_to_classifiers,GRU_deep_features,GRU_as_feature_extractor,classical_ml,Decision_Tree,Decision_Tree,32,Classifiers trained only on GRU latent temporal features.,0.8966685488424618,0.8966848199378796,0.8966685488424618,0.8966695372172203,0.899548532731377,0.8945005611672279,0.8970174451322454,"[[791, 89], [94, 797]]",791,89,94,797,D1 ANATEL/UFJF proxy
D1_ANATEL_UFJF_raw_drive_test_proxy,7,07_individual_deep_features_to_classifiers,GRU_deep_features,GRU_as_feature_extractor,classical_ml,Random_Forest,Random_Forest,32,Classifiers trained only on GRU latent temporal features.,0.9079616036137776,0.9080579314896028,0.9079616036137776,0.9079608406466572,0.9145785876993168,0.9012345679012346,0.907857546636518,"[[805, 75], [88, 803]]",805,75,88,803,D1 ANATEL/UFJF proxy
D1_ANATEL_UFJF_raw_drive_test_proxy,7,07_individual_deep_features_to_classifiers,GRU_deep_features,GRU_as_feature_extractor,classical_ml,SVM,SVM,32,Classifiers trained only on GRU latent temporal features.,0.9034443817052512,0.9034538598047914,0.9034443817052512,0.903441918697022,0.9017857142857144,0.9068462401795736,0.9043088975937326,"[[792, 88], [83, 808]]",792,88,83,808,D1 ANATEL/UFJF proxy
D1_ANATEL_UFJF_raw_drive_test_proxy,7,07_individual_deep_features_to_classifiers,GRU_deep_features,GRU_as_feature_extractor,classical_ml,KNN,KNN,32,Classifiers trained only on GRU latent temporal features.,0.9085262563523432,0.9085488623371784,0.9085262563523432,0.908527131303979,0.911864406779661,0.9057239057239056,0.9087837837837838,"[[802, 78], [84, 807]]",802,78,84,807,D1 ANATEL/UFJF proxy
D1_ANATEL_UFJF_raw_drive_test_proxy,7,07_individual_deep_features_to_classifiers,GRU_deep_features,GRU_as_feature_extractor,classical_ml,Logistic_Regression,Logistic_Regression,32,Classifiers trained only on GRU latent temporal features.,0.9045736871823828,0.9046036550231846,0.9045736871823828,0.9045745390875805,0.908371040723982,0.9012345679012346,0.9047887323943662,"[[799, 81], [88, 803]]",799,81,88,803,D1 ANATEL/UFJF proxy
D1_ANATEL_UFJF_raw_drive_test_proxy,7,07_individual_deep_features_to_classifiers,TCN_deep_features,TCN_as_feature_extractor,classical_ml,Decision_Tree,Decision_Tree,32,Classifiers trained only on TCN latent temporal features.,0.8475437605872389,0.8478159269017929,0.8475437605872389,0.8474969792366622,0.8386041439476554,0.8630751964085297,0.8506637168141593,"[[732, 148], [122, 769]]",732,148,122,769,D1 ANATEL/UFJF proxy
D1_ANATEL_UFJF_raw_drive_test_proxy,7,07_individual_deep_features_to_classifiers,TCN_deep_features,TCN_as_feature_extractor,classical_ml,Random_Forest,Random_Forest,32,Classifiers trained only on TCN latent temporal features.,0.8870694522868436,0.8870919761780793,0.8870694522868436,0.8870705324740481,0.8903954802259887,0.8843995510662177,0.8873873873873874,"[[783, 97], [103, 788]]",783,97,103,788,D1 ANATEL/UFJF proxy
D1_ANATEL_UFJF_raw_drive_test_proxy,7,07_individual_deep_features_to_classifiers,TCN_deep_features,TCN_as_feature_extractor,classical_ml,SVM,SVM,32,Classifiers trained only on TCN latent temporal features.,0.8554488989271598,0.8554488989271598,0.8554488989271598,0.8554488989271598,0.856341189674523,0.856341189674523,0.856341189674523,"[[752, 128], [128, 763]]",752,128,128,763,D1 ANATEL/UFJF proxy
D1_ANATEL_UFJF_raw_drive_test_proxy,7,07_individual_deep_features_to_classifiers,TCN_deep_features,TCN_as_feature_extractor,classical_ml,KNN,KNN,32,Classifiers trained only on TCN latent temporal features.,0.8791643139469226,0.8792042063636011,0.8791643139469226,0.8791562222715171,0.8756936736958935,0.8855218855218855,0.8805803571428571,"[[768, 112], [102, 789]]",768,112,102,789,D1 ANATEL/UFJF proxy
D1_ANATEL_UFJF_raw_drive_test_proxy,7,07_individual_deep_features_to_classifiers,TCN_deep_features,TCN_as_feature_extractor,classical_ml,Logistic_Regression,Logistic_Regression,32,Classifiers trained only on TCN latent temporal features.,0.846979107848673,0.8470947866870553,0.846979107848673,0.8469761805497487,0.8538812785388128,0.8395061728395061,0.8466327108092813,"[[752, 128], [143, 748]]",752,128,143,748,D1 ANATEL/UFJF proxy
D1_ANATEL_UFJF_raw_drive_test_proxy,7,07_individual_deep_features_to_classifiers,Transformer_deep_features,Transformer_as_feature_extractor,classical_ml,Decision_Tree,Decision_Tree,32,Classifiers trained only on Transformer latent temporal features.,0.8356860530773574,0.8360294671533347,0.8356860530773574,0.8356634193280504,0.8472222222222222,0.8215488215488216,0.8341880341880342,"[[748, 132], [159, 732]]",748,132,159,732,D1 ANATEL/UFJF proxy
D1_ANATEL_UFJF_raw_drive_test_proxy,7,07_individual_deep_features_to_classifiers,Transformer_deep_features,Transformer_as_feature_extractor,classical_ml,Random_Forest,Random_Forest,32,Classifiers trained only on Transformer latent temporal features.,0.8848108413325805,0.8850662338185324,0.8848108413325805,0.884801953280214,0.8952819332566168,0.8731762065095399,0.884090909090909,"[[789, 91], [113, 778]]",789,91,113,778,D1 ANATEL/UFJF proxy
D1_ANATEL_UFJF_raw_drive_test_proxy,7,07_individual_deep_features_to_classifiers,Transformer_deep_features,Transformer_as_feature_extractor,classical_ml,SVM,SVM,32,Classifiers trained only on Transformer latent temporal features.,0.8537549407114624,0.8538007172351015,0.8537549407114624,0.8537557800113009,0.8582766439909297,0.8496071829405163,0.8539199097574732,"[[755, 125], [134, 757]]",755,125,134,757,D1 ANATEL/UFJF proxy
D1_ANATEL_UFJF_raw_drive_test_proxy,7,07_individual_deep_features_to_classifiers,Transformer_deep_features,Transformer_as_feature_extractor,classical_ml,KNN,KNN,32,Classifiers trained only on Transformer latent temporal features.,0.8752117447769622,0.8752413194316272,0.8752117447769622,0.8752128588068357,0.8789592760180995,0.8720538720538721,0.8754929577464788,"[[773, 107], [114, 777]]",773,107,114,777,D1 ANATEL/UFJF proxy
D1_ANATEL_UFJF_raw_drive_test_proxy,7,07_individual_deep_features_to_classifiers,Transformer_deep_features,Transformer_as_feature_extractor,classical_ml,Logistic_Regression,Logistic_Regression,32,Classifiers trained only on Transformer latent temporal features.,0.8441558441558441,0.8442857142857143,0.8441558441558441,0.8441518690669313,0.8514285714285714,0.8361391694725028,0.8437146092865232,"[[750, 130], [146, 745]]",750,130,146,745,D1 ANATEL/UFJF proxy
D1_ANATEL_UFJF_raw_drive_test_proxy,7,08_combined_deep_features_to_classifiers,LSTM_GRU_TCN_Transformer_deep_features,combined_deep_feature_extraction,classical_ml,Decision_Tree,Decision_Tree,128,"Classifiers trained on concatenated LSTM, GRU, TCN, and Transformer features.",0.8983625070581592,0.89858004134448,0.8983625070581592,0.8983566739431056,0.9081515499425948,0.8877665544332211,0.8978433598183881,"[[800, 80], [100, 791]]",800,80,100,791,D1 ANATEL/UFJF proxy
D1_ANATEL_UFJF_raw_drive_test_proxy,7,08_combined_deep_features_to_classifiers,LSTM_GRU_TCN_Transformer_deep_features,combined_deep_feature_extraction,classical_ml,Random_Forest,Random_Forest,128,"Classifiers trained on concatenated LSTM, GRU, TCN, and Transformer features.",0.91699604743083,0.917124452237798,0.91699604743083,0.916994459560196,0.9246575342465754,0.9090909090909092,0.9168081494057724,"[[814, 66], [81, 810]]",814,66,81,810,D1 ANATEL/UFJF proxy
D1_ANATEL_UFJF_raw_drive_test_proxy,7,08_combined_deep_features_to_classifiers,LSTM_GRU_TCN_Transformer_deep_features,combined_deep_feature_extraction,classical_ml,SVM,SVM,128,"Classifiers trained on concatenated LSTM, GRU, TCN, and Transformer features.",0.9186900056465274,0.9186932822394538,0.9186900056465274,0.9186904722957316,0.9201349831271092,0.9180695847362514,0.9191011235955056,"[[809, 71], [73, 818]]",809,71,73,818,D1 ANATEL/UFJF proxy
D1_ANATEL_UFJF_raw_drive_test_proxy,7,08_combined_deep_features_to_classifiers,LSTM_GRU_TCN_Transformer_deep_features,combined_deep_feature_extraction,classical_ml,KNN,KNN,128,"Classifiers trained on concatenated LSTM, GRU, TCN, and Transformer features.",0.927159796725014,0.9271993353823336,0.927159796725014,0.9271556159006596,0.9233333333333332,0.9326599326599326,0.9279731993299832,"[[811, 69], [60, 831]]",811,69,60,831,D1 ANATEL/UFJF proxy
D1_ANATEL_UFJF_raw_drive_test_proxy,7,08_combined_deep_features_to_classifiers,LSTM_GRU_TCN_Transformer_deep_features,combined_deep_feature_extraction,classical_ml,Logistic_Regression,Logistic_Regression,128,"Classifiers trained on concatenated LSTM, GRU, TCN, and Transformer features.",0.9113495200451722,0.91155076448585,0.9113495200451722,0.9113452237271744,0.9208715596330276,0.9012345679012346,0.9109472490073738,"[[811, 69], [88, 803]]",811,69,88,803,D1 ANATEL/UFJF proxy
D1_ANATEL_UFJF_raw_drive_test_proxy,21,01_raw_flattened_windows,raw_time_windows,none_raw_baseline,classical_ml,Decision_Tree,Decision_Tree,90,,0.8023715415019763,0.8027129053428274,0.8023715415019763,0.8023415457791143,0.813441483198146,0.7878787878787878,0.8004561003420753,"[[719, 161], [189, 702]]",719,161,189,702,D1 ANATEL/UFJF proxy
D1_ANATEL_UFJF_raw_drive_test_proxy,21,01_raw_flattened_windows,raw_time_windows,none_raw_baseline,classical_ml,Random_Forest,Random_Forest,90,,0.9130434782608696,0.9142322117388098,0.9130434782608696,0.9129648750008328,0.8924387646432375,0.9405162738496072,0.9158469945355192,"[[779, 101], [53, 838]]",779,101,53,838,D1 ANATEL/UFJF proxy
D1_ANATEL_UFJF_raw_drive_test_proxy,21,01_raw_flattened_windows,raw_time_windows,none_raw_baseline,classical_ml,SVM,SVM,90,,0.766798418972332,0.7668575855170058,0.766798418972332,0.766798418972332,0.7715909090909091,0.7620650953984287,0.766798418972332,"[[679, 201], [212, 679]]",679,201,212,679,D1 ANATEL/UFJF proxy
D1_ANATEL_UFJF_raw_drive_test_proxy,21,01_raw_flattened_windows,raw_time_windows,none_raw_baseline,classical_ml,KNN,KNN,90,,0.7916431394692264,0.7918392985818765,0.7916431394692264,0.7915833268690189,0.7849344978165939,0.8069584736251403,0.7957941339236303,"[[683, 197], [172, 719]]",683,197,172,719,D1 ANATEL/UFJF proxy
D1_ANATEL_UFJF_raw_drive_test_proxy,21,01_raw_flattened_windows,raw_time_windows,none_raw_baseline,classical_ml,Logistic_Regression,Logistic_Regression,90,,0.6239412761151891,0.6251608083434246,0.6239412761151891,0.6227051528829554,0.6139817629179332,0.6801346801346801,0.645367412140575,"[[499, 381], [285, 606]]",499,381,285,606,D1 ANATEL/UFJF proxy
D1_ANATEL_UFJF_raw_drive_test_proxy,21,02_engineered_flattened_windows,engineered_time_windows,temporal_feature_engineering,classical_ml,Decision_Tree,Decision_Tree,1080,,0.8040654997176736,0.8044431570687923,0.8040654997176736,0.8039747367760258,0.7943722943722944,0.8237934904601572,0.8088154269972452,"[[690, 190], [157, 734]]",690,190,157,734,D1 ANATEL/UFJF proxy
D1_ANATEL_UFJF_raw_drive_test_proxy,21,02_engineered_flattened_windows,engineered_time_windows,temporal_feature_engineering,classical_ml,Random_Forest,Random_Forest,1080,,0.9045736871823828,0.9050495885580564,0.9045736871823828,0.9045340515008474,0.8915401301518439,0.9225589225589226,0.906784335355764,"[[780, 100], [69, 822]]",780,100,69,822,D1 ANATEL/UFJF proxy
D1_ANATEL_UFJF_raw_drive_test_proxy,21,02_engineered_flattened_windows,engineered_time_windows,temporal_feature_engineering,classical_ml,SVM,SVM,1080,,0.7786561264822134,0.7786912916165957,0.7786561264822134,0.7786578202071099,0.782559456398641,0.7755331088664422,0.7790304396843292,"[[688, 192], [200, 691]]",688,192,200,691,D1 ANATEL/UFJF proxy
D1_ANATEL_UFJF_raw_drive_test_proxy,21,02_engineered_flattened_windows,engineered_time_windows,temporal_feature_engineering,classical_ml,KNN,KNN,1080,,0.7854319593450029,0.7863418439747455,0.7854319593450029,0.7852075599246134,0.7709437963944857,0.8159371492704826,0.7928026172300982,"[[664, 216], [164, 727]]",664,216,164,727,D1 ANATEL/UFJF proxy
D1_ANATEL_UFJF_raw_drive_test_proxy,21,02_engineered_flattened_windows,engineered_time_windows,temporal_feature_engineering,classical_ml,Logistic_Regression,Logistic_Regression,1080,,0.6510446075663467,0.6510547643523052,0.6510446075663467,0.6509965327656215,0.6504961411245865,0.6621773288439955,0.6562847608453838,"[[563, 317], [301, 590]]",563,317,301,590,D1 ANATEL/UFJF proxy
D1_ANATEL_UFJF_raw_drive_test_proxy,21,03_feature_selection_on_engineered,selected_engineered_features,feature_selection_anova_top_40,classical_ml,Decision_Tree,Decision_Tree,40,,0.8266516092603049,0.8285646315031668,0.8266516092603049,0.8263458998089326,0.8041666666666667,0.8664421997755332,0.8341437061048083,"[[692, 188], [119, 772]]",692,188,119,772,D1 ANATEL/UFJF proxy
D1_ANATEL_UFJF_raw_drive_test_proxy,21,03_feature_selection_on_engineered,selected_engineered_features,feature_selection_anova_top_40,classical_ml,Random_Forest,Random_Forest,40,,0.9085262563523432,0.908649440527107,0.9085262563523432,0.9085136542201144,0.9018743109151048,0.9180695847362514,0.9098998887652948,"[[791, 89], [73, 818]]",791,89,73,818,D1 ANATEL/UFJF proxy
D1_ANATEL_UFJF_raw_drive_test_proxy,21,03_feature_selection_on_engineered,selected_engineered_features,feature_selection_anova_top_40,classical_ml,SVM,SVM,40,,0.717673630717109,0.7181716342325491,0.717673630717109,0.7174373669515116,0.7086446104589115,0.745230078563412,0.7264770240700219,"[[607, 273], [227, 664]]",607,273,227,664,D1 ANATEL/UFJF proxy
D1_ANATEL_UFJF_raw_drive_test_proxy,21,03_feature_selection_on_engineered,selected_engineered_features,feature_selection_anova_top_40,classical_ml,KNN,KNN,40,,0.7939017504234895,0.7939312120822787,0.7939017504234895,0.7938858459399786,0.7915742793791575,0.8013468013468014,0.7964305633017289,"[[692, 188], [177, 714]]",692,188,177,714,D1 ANATEL/UFJF proxy
D1_ANATEL_UFJF_raw_drive_test_proxy,21,03_feature_selection_on_engineered,selected_engineered_features,feature_selection_anova_top_40,classical_ml,Logistic_Regression,Logistic_Regression,40,,0.6380575945793338,0.6416990826041858,0.6380575945793338,0.6352838408113884,0.6201923076923077,0.7239057239057239,0.6680476437079234,"[[485, 395], [246, 645]]",485,395,246,645,D1 ANATEL/UFJF proxy
D1_ANATEL_UFJF_raw_drive_test_proxy,21,04_pca_on_engineered,pca_engineered_features,pca_0.95_feature_variance,classical_ml,Decision_Tree,Decision_Tree,117,,0.7080745341614907,0.7092046424933561,0.7080745341614907,0.7075597074958244,0.6947916666666667,0.7485970819304153,0.7206915180983252,"[[587, 293], [224, 667]]",587,293,224,667,D1 ANATEL/UFJF proxy
D1_ANATEL_UFJF_raw_drive_test_proxy,21,04_pca_on_engineered,pca_engineered_features,pca_0.95_feature_variance,classical_ml,Random_Forest,Random_Forest,117,,0.7939017504234895,0.7945345320522138,0.7939017504234895,0.793749027807421,0.7815845824411135,0.819304152637486,0.8,"[[676, 204], [161, 730]]",676,204,161,730,D1 ANATEL/UFJF proxy
D1_ANATEL_UFJF_raw_drive_test_proxy,21,04_pca_on_engineered,pca_engineered_features,pca_0.95_feature_variance,classical_ml,SVM,SVM,117,,0.784867306606437,0.7848839341609046,0.784867306606437,0.7848693643702787,0.7878103837471784,0.7833894500561167,0.7855936972425436,"[[692, 188], [193, 698]]",692,188,193,698,D1 ANATEL/UFJF proxy
D1_ANATEL_UFJF_raw_drive_test_proxy,21,04_pca_on_engineered,pca_engineered_features,pca_0.95_feature_variance,classical_ml,KNN,KNN,117,,0.8035008469791078,0.8043295085245356,0.8035008469791078,0.8033232240278556,0.7891373801916933,0.8316498316498316,0.8098360655737705,"[[682, 198], [150, 741]]",682,198,150,741,D1 ANATEL/UFJF proxy
D1_ANATEL_UFJF_raw_drive_test_proxy,21,04_pca_on_engineered,pca_engineered_features,pca_0.95_feature_variance,classical_ml,Logistic_Regression,Logistic_Regression,117,,0.6623376623376623,0.6623450860445743,0.6623376623376623,0.6622999745976349,0.661878453038674,0.6722783389450057,0.6670378619153675,"[[574, 306], [292, 599]]",574,306,292,599,D1 ANATEL/UFJF proxy
D1_ANATEL_UFJF_raw_drive_test_proxy,21,05_feature_selection_plus_pca,selected_pca_engineered_features,feature_selection_anova_plus_pca,classical_ml,Decision_Tree,Decision_Tree,4,,0.7950310559006211,0.7994180663975962,0.7950310559006211,0.7941723247728686,0.764,0.8574635241301908,0.8080380750925437,"[[644, 236], [127, 764]]",644,236,127,764,D1 ANATEL/UFJF proxy
D1_ANATEL_UFJF_raw_drive_test_proxy,21,05_feature_selection_plus_pca,selected_pca_engineered_features,feature_selection_anova_plus_pca,classical_ml,Random_Forest,Random_Forest,4,,0.859966120835686,0.8600033599295012,0.859966120835686,0.8599671923759268,0.8640996602491506,0.856341189674523,0.8602029312288614,"[[760, 120], [128, 763]]",760,120,128,763,D1 ANATEL/UFJF proxy
D1_ANATEL_UFJF_raw_drive_test_proxy,21,05_feature_selection_plus_pca,selected_pca_engineered_features,feature_selection_anova_plus_pca,classical_ml,SVM,SVM,4,,0.7159796725014116,0.716545542531643,0.7159796725014116,0.7157131349519968,0.7063829787234043,0.745230078563412,0.7252867285636264,"[[604, 276], [227, 664]]",604,276,227,664,D1 ANATEL/UFJF proxy
D1_ANATEL_UFJF_raw_drive_test_proxy,21,05_feature_selection_plus_pca,selected_pca_engineered_features,feature_selection_anova_plus_pca,classical_ml,KNN,KNN,4,,0.7865612648221344,0.7868457225688746,0.7865612648221344,0.7864775168974867,0.7785016286644951,0.8047138047138047,0.7913907284768212,"[[676, 204], [174, 717]]",676,204,174,717,D1 ANATEL/UFJF proxy
D1_ANATEL_UFJF_raw_drive_test_proxy,21,05_feature_selection_plus_pca,selected_pca_engineered_features,feature_selection_anova_plus_pca,classical_ml,Logistic_Regression,Logistic_Regression,4,,0.6357989836250706,0.6394769950486228,0.6357989836250706,0.6329345074319023,0.6180422264875239,0.7227833894500562,0.6663217796171754,"[[482, 398], [247, 644]]",482,398,247,644,D1 ANATEL/UFJF proxy
D1_ANATEL_UFJF_raw_drive_test_proxy,21,06_direct_deep_learning,engineered_sequence_features,deep_temporal_learning,deep_learning_direct,LSTM,direct_sigmoid,108,Direct sequence model.,0.8944099378881988,0.8944440245024282,0.8944099378881988,0.8944038773133594,0.8911111111111111,0.9001122334455668,0.8955890563930765,"[[782, 98], [89, 802]]",782,98,89,802,D1 ANATEL/UFJF proxy
D1_ANATEL_UFJF_raw_drive_test_proxy,21,06_direct_deep_learning,engineered_sequence_features,deep_temporal_learning,deep_learning_direct,GRU,direct_sigmoid,108,Direct sequence model.,0.9028797289666854,0.902890674807853,0.9028797289666854,0.902880596003583,0.9052987598647124,0.9012345679012346,0.9032620922384702,"[[796, 84], [88, 803]]",796,84,88,803,D1 ANATEL/UFJF proxy
D1_ANATEL_UFJF_raw_drive_test_proxy,21,06_direct_deep_learning,engineered_sequence_features,deep_temporal_learning,deep_learning_direct,TCN,direct_sigmoid,108,Direct sequence model.,0.8147939017504235,0.8155863266193822,0.8147939017504235,0.8146389127201916,0.80042689434365,0.8417508417508418,0.8205689277899344,"[[693, 187], [141, 750]]",693,187,141,750,D1 ANATEL/UFJF proxy
D1_ANATEL_UFJF_raw_drive_test_proxy,21,06_direct_deep_learning,engineered_sequence_features,deep_temporal_learning,deep_learning_direct,Transformer,direct_sigmoid,108,Direct sequence model.,0.8170525127046866,0.8184387510352364,0.8170525127046866,0.8168036284050514,0.7981072555205048,0.8518518518518519,0.8241042345276873,"[[688, 192], [132, 759]]",688,192,132,759,D1 ANATEL/UFJF proxy
D1_ANATEL_UFJF_raw_drive_test_proxy,21,07_individual_deep_features_to_classifiers,LSTM_deep_features,LSTM_as_feature_extractor,classical_ml,Decision_Tree,Decision_Tree,32,Classifiers trained only on LSTM latent temporal features.,0.8802936194240542,0.8803060435733802,0.8802936194240542,0.8802897261016582,0.8784838350055741,0.8843995510662177,0.8814317673378076,"[[771, 109], [103, 788]]",771,109,103,788,D1 ANATEL/UFJF proxy
D1_ANATEL_UFJF_raw_drive_test_proxy,21,07_individual_deep_features_to_classifiers,LSTM_deep_features,LSTM_as_feature_extractor,classical_ml,Random_Forest,Random_Forest,32,Classifiers trained only on LSTM latent temporal features.,0.901750423489554,0.901750423489554,0.901750423489554,0.901750423489554,0.9023569023569024,0.9023569023569024,0.9023569023569024,"[[793, 87], [87, 804]]",793,87,87,804,D1 ANATEL/UFJF proxy
D1_ANATEL_UFJF_raw_drive_test_proxy,21,07_individual_deep_features_to_classifiers,LSTM_deep_features,LSTM_as_feature_extractor,classical_ml,SVM,SVM,32,Classifiers trained only on LSTM latent temporal features.,0.8983625070581592,0.8984521463018105,0.8983625070581592,0.8983511629223649,0.8928176795580111,0.9068462401795736,0.8997772828507795,"[[783, 97], [83, 808]]",783,97,83,808,D1 ANATEL/UFJF proxy
D1_ANATEL_UFJF_raw_drive_test_proxy,21,07_individual_deep_features_to_classifiers,LSTM_deep_features,LSTM_as_feature_extractor,classical_ml,KNN,KNN,32,Classifiers trained only on LSTM latent temporal features.,0.9045736871823828,0.9046797959866404,0.9045736871823828,0.9045618188625314,0.8984547461368654,0.9135802469135802,0.905954368391764,"[[788, 92], [77, 814]]",788,92,77,814,D1 ANATEL/UFJF proxy
D1_ANATEL_UFJF_raw_drive_test_proxy,21,07_individual_deep_features_to_classifiers,LSTM_deep_features,LSTM_as_feature_extractor,classical_ml,Logistic_Regression,Logistic_Regression,32,Classifiers trained only on LSTM latent temporal features.,0.8994918125352908,0.8994971449105827,0.8994918125352908,0.8994898896794519,0.8983240223463688,0.9023569023569024,0.9003359462486002,"[[789, 91], [87, 804]]",789,91,87,804,D1 ANATEL/UFJF proxy
D1_ANATEL_UFJF_raw_drive_test_proxy,21,07_individual_deep_features_to_classifiers,GRU_deep_features,GRU_as_feature_extractor,classical_ml,Decision_Tree,Decision_Tree,32,Classifiers trained only on GRU latent temporal features.,0.8983625070581592,0.8983850741565526,0.8983625070581592,0.8983634792266433,0.9016949152542372,0.8956228956228957,0.8986486486486487,"[[793, 87], [93, 798]]",793,87,93,798,D1 ANATEL/UFJF proxy
D1_ANATEL_UFJF_raw_drive_test_proxy,21,07_individual_deep_features_to_classifiers,GRU_deep_features,GRU_as_feature_extractor,classical_ml,Random_Forest,Random_Forest,32,Classifiers trained only on GRU latent temporal features.,0.9102202145680408,0.910290447609288,0.9102202145680408,0.9102202145680408,0.9159090909090908,0.904601571268238,0.9102202145680408,"[[806, 74], [85, 806]]",806,74,85,806,D1 ANATEL/UFJF proxy
D1_ANATEL_UFJF_raw_drive_test_proxy,21,07_individual_deep_features_to_classifiers,GRU_deep_features,GRU_as_feature_extractor,classical_ml,SVM,SVM,32,Classifiers trained only on GRU latent temporal features.,0.9073969508752118,0.9074026663979448,0.9073969508752118,0.9073951792552252,0.906145251396648,0.9102132435465768,0.908174692049272,"[[796, 84], [80, 811]]",796,84,80,811,D1 ANATEL/UFJF proxy
D1_ANATEL_UFJF_raw_drive_test_proxy,21,07_individual_deep_features_to_classifiers,GRU_deep_features,GRU_as_feature_extractor,classical_ml,KNN,KNN,32,Classifiers trained only on GRU latent temporal features.,0.9102202145680408,0.910221367508436,0.9102202145680408,0.910220500824495,0.9112359550561798,0.9102132435465768,0.9107243121841662,"[[801, 79], [80, 811]]",801,79,80,811,D1 ANATEL/UFJF proxy
D1_ANATEL_UFJF_raw_drive_test_proxy,21,07_individual_deep_features_to_classifiers,GRU_deep_features,GRU_as_feature_extractor,classical_ml,Logistic_Regression,Logistic_Regression,32,Classifiers trained only on GRU latent temporal features.,0.9085262563523432,0.9085544742954276,0.9085262563523432,0.908521822789094,0.9054505005561736,0.9135802469135802,0.9094972067039108,"[[795, 85], [77, 814]]",795,85,77,814,D1 ANATEL/UFJF proxy
D1_ANATEL_UFJF_raw_drive_test_proxy,21,07_individual_deep_features_to_classifiers,TCN_deep_features,TCN_as_feature_extractor,classical_ml,Decision_Tree,Decision_Tree,32,Classifiers trained only on TCN latent temporal features.,0.8176171654432524,0.8190544891312155,0.8176171654432524,0.8173613495171328,0.7983193277310925,0.8529741863075196,0.8247422680412371,"[[688, 192], [131, 760]]",688,192,131,760,D1 ANATEL/UFJF proxy
D1_ANATEL_UFJF_raw_drive_test_proxy,21,07_individual_deep_features_to_classifiers,TCN_deep_features,TCN_as_feature_extractor,classical_ml,Random_Forest,Random_Forest,32,Classifiers trained only on TCN latent temporal features.,0.8780350084697911,0.8780472338327278,0.8780350084697911,0.878031041688482,0.8762541806020067,0.8821548821548821,0.8791946308724832,"[[769, 111], [105, 786]]",769,111,105,786,D1 ANATEL/UFJF proxy
D1_ANATEL_UFJF_raw_drive_test_proxy,21,07_individual_deep_features_to_classifiers,TCN_deep_features,TCN_as_feature_extractor,classical_ml,SVM,SVM,32,Classifiers trained only on TCN latent temporal features.,0.8272162619988707,0.8274671694209669,0.8272162619988707,0.8271632431348838,0.8189749182115594,0.8428731762065096,0.8307522123893806,"[[714, 166], [140, 751]]",714,166,140,751,D1 ANATEL/UFJF proxy
D1_ANATEL_UFJF_raw_drive_test_proxy,21,07_individual_deep_features_to_classifiers,TCN_deep_features,TCN_as_feature_extractor,classical_ml,KNN,KNN,32,Classifiers trained only on TCN latent temporal features.,0.8740824392998306,0.8742380025670436,0.8740824392998306,0.8740595491479879,0.8670329670329671,0.8855218855218855,0.8761799000555247,"[[759, 121], [102, 789]]",759,121,102,789,D1 ANATEL/UFJF proxy
D1_ANATEL_UFJF_raw_drive_test_proxy,21,07_individual_deep_features_to_classifiers,TCN_deep_features,TCN_as_feature_extractor,classical_ml,Logistic_Regression,Logistic_Regression,32,Classifiers trained only on TCN latent temporal features.,0.818746470920384,0.8187463153603326,0.818746470920384,0.8187440436073962,0.8187919463087249,0.8215488215488216,0.8201680672268907,"[[718, 162], [159, 732]]",718,162,159,732,D1 ANATEL/UFJF proxy
D1_ANATEL_UFJF_raw_drive_test_proxy,21,07_individual_deep_features_to_classifiers,Transformer_deep_features,Transformer_as_feature_extractor,classical_ml,Decision_Tree,Decision_Tree,32,Classifiers trained only on Transformer latent temporal features.,0.8407679277244494,0.840817125310609,0.8407679277244494,0.8407539132840097,0.8372093023255814,0.8484848484848485,0.842809364548495,"[[733, 147], [135, 756]]",733,147,135,756,D1 ANATEL/UFJF proxy
D1_ANATEL_UFJF_raw_drive_test_proxy,21,07_individual_deep_features_to_classifiers,Transformer_deep_features,Transformer_as_feature_extractor,classical_ml,Random_Forest,Random_Forest,32,Classifiers trained only on Transformer latent temporal features.,0.8825522303783173,0.8828610092298822,0.8825522303783173,0.8825161914119471,0.8724100327153762,0.8978675645342312,0.8849557522123894,"[[763, 117], [91, 800]]",763,117,91,800,D1 ANATEL/UFJF proxy
D1_ANATEL_UFJF_raw_drive_test_proxy,21,07_individual_deep_features_to_classifiers,Transformer_deep_features,Transformer_as_feature_extractor,classical_ml,SVM,SVM,32,Classifiers trained only on Transformer latent temporal features.,0.8441558441558441,0.8443096739372237,0.8441558441558441,0.8441250280203169,0.8375411635565313,0.856341189674523,0.8468368479467259,"[[732, 148], [128, 763]]",732,148,128,763,D1 ANATEL/UFJF proxy
D1_ANATEL_UFJF_raw_drive_test_proxy,21,07_individual_deep_features_to_classifiers,Transformer_deep_features,Transformer_as_feature_extractor,classical_ml,KNN,KNN,32,Classifiers trained only on Transformer latent temporal features.,0.8723884810841332,0.872392499811055,0.8723884810841332,0.8723860397053713,0.8715083798882681,0.8754208754208754,0.8734602463605823,"[[765, 115], [111, 780]]",765,115,111,780,D1 ANATEL/UFJF proxy
D1_ANATEL_UFJF_raw_drive_test_proxy,21,07_individual_deep_features_to_classifiers,Transformer_deep_features,Transformer_as_feature_extractor,classical_ml,Logistic_Regression,Logistic_Regression,32,Classifiers trained only on Transformer latent temporal features.,0.8300395256916996,0.8301163891889374,0.8300395256916996,0.83001838744155,0.82560706401766,0.8395061728395061,0.8324986087924319,"[[722, 158], [143, 748]]",722,158,143,748,D1 ANATEL/UFJF proxy
D1_ANATEL_UFJF_raw_drive_test_proxy,21,08_combined_deep_features_to_classifiers,LSTM_GRU_TCN_Transformer_deep_features,combined_deep_feature_extraction,classical_ml,Decision_Tree,Decision_Tree,128,"Classifiers trained on concatenated LSTM, GRU, TCN, and Transformer features.",0.9040090344438172,0.9040124421004606,0.9040090344438172,0.9040095853491276,0.905511811023622,0.90347923681257,0.904494382022472,"[[796, 84], [86, 805]]",796,84,86,805,D1 ANATEL/UFJF proxy
D1_ANATEL_UFJF_raw_drive_test_proxy,21,08_combined_deep_features_to_classifiers,LSTM_GRU_TCN_Transformer_deep_features,combined_deep_feature_extraction,classical_ml,Random_Forest,Random_Forest,128,"Classifiers trained on concatenated LSTM, GRU, TCN, and Transformer features.",0.9203839638622248,0.9204673461173166,0.9203839638622248,0.9203760425380368,0.9148230088495576,0.9281705948372616,0.921448467966574,"[[803, 77], [64, 827]]",803,77,64,827,D1 ANATEL/UFJF proxy
D1_ANATEL_UFJF_raw_drive_test_proxy,21,08_combined_deep_features_to_classifiers,LSTM_GRU_TCN_Transformer_deep_features,combined_deep_feature_extraction,classical_ml,SVM,SVM,128,"Classifiers trained on concatenated LSTM, GRU, TCN, and Transformer features.",0.9130434782608696,0.9130587848128392,0.9130434782608696,0.913040650092714,0.910813823857302,0.9169472502805835,0.9138702460850112,"[[800, 80], [74, 817]]",800,80,74,817,D1 ANATEL/UFJF proxy
D1_ANATEL_UFJF_raw_drive_test_proxy,21,08_combined_deep_features_to_classifiers,LSTM_GRU_TCN_Transformer_deep_features,combined_deep_feature_extraction,classical_ml,KNN,KNN,128,"Classifiers trained on concatenated LSTM, GRU, TCN, and Transformer features.",0.91699604743083,0.9176284574877436,0.91699604743083,0.9169534110215118,0.9017278617710583,0.9371492704826038,0.9190974133186572,"[[789, 91], [56, 835]]",789,91,56,835,D1 ANATEL/UFJF proxy
D1_ANATEL_UFJF_raw_drive_test_proxy,21,08_combined_deep_features_to_classifiers,LSTM_GRU_TCN_Transformer_deep_features,combined_deep_feature_extraction,classical_ml,Logistic_Regression,Logistic_Regression,128,"Classifiers trained on concatenated LSTM, GRU, TCN, and Transformer features.",0.9107848673066063,0.9108133964134494,0.9107848673066063,0.9107805432140548,0.907675194660734,0.915824915824916,0.911731843575419,"[[797, 83], [75, 816]]",797,83,75,816,D1 ANATEL/UFJF proxy
D1_ANATEL_UFJF_raw_drive_test_proxy,42,01_raw_flattened_windows,raw_time_windows,none_raw_baseline,classical_ml,Decision_Tree,Decision_Tree,90,,0.7972896668548842,0.798351135158215,0.7972896668548842,0.7971577529620852,0.8166666666666667,0.7699214365881033,0.7926054303870596,"[[726, 154], [205, 686]]",726,154,205,686,D1 ANATEL/UFJF proxy
D1_ANATEL_UFJF_raw_drive_test_proxy,42,01_raw_flattened_windows,raw_time_windows,none_raw_baseline,classical_ml,Random_Forest,Random_Forest,90,,0.9164313946922644,0.9168925295652888,0.9164313946922644,0.9163986044995452,0.9033659066232356,0.9337822671156004,0.9183222958057397,"[[791, 89], [59, 832]]",791,89,59,832,D1 ANATEL/UFJF proxy
D1_ANATEL_UFJF_raw_drive_test_proxy,42,01_raw_flattened_windows,raw_time_windows,none_raw_baseline,classical_ml,SVM,SVM,90,,0.7662337662337663,0.7666824850093543,0.7662337662337663,0.7661754721251289,0.7782963827304551,0.7485970819304153,0.7631578947368421,"[[690, 190], [224, 667]]",690,190,224,667,D1 ANATEL/UFJF proxy
D1_ANATEL_UFJF_raw_drive_test_proxy,42,01_raw_flattened_windows,raw_time_windows,none_raw_baseline,classical_ml,KNN,KNN,90,,0.7916431394692264,0.7919139704111349,0.7916431394692264,0.7915660401974561,0.783695652173913,0.8092031425364759,0.7962451684152402,"[[681, 199], [170, 721]]",681,199,170,721,D1 ANATEL/UFJF proxy
D1_ANATEL_UFJF_raw_drive_test_proxy,42,01_raw_flattened_windows,raw_time_windows,none_raw_baseline,classical_ml,Logistic_Regression,Logistic_Regression,90,,0.6092603049124788,0.6109723411871182,0.6092603049124788,0.6072911235607644,0.5984174085064293,0.6790123456790124,0.6361724500525763,"[[474, 406], [286, 605]]",474,406,286,605,D1 ANATEL/UFJF proxy
D1_ANATEL_UFJF_raw_drive_test_proxy,42,02_engineered_flattened_windows,engineered_time_windows,temporal_feature_engineering,classical_ml,Decision_Tree,Decision_Tree,1080,,0.8328627893845285,0.8334967854418656,0.8328627893845285,0.8327539899851797,0.8195488721804511,0.856341189674523,0.8375411635565313,"[[712, 168], [128, 763]]",712,168,128,763,D1 ANATEL/UFJF proxy
D1_ANATEL_UFJF_raw_drive_test_proxy,42,02_engineered_flattened_windows,engineered_time_windows,temporal_feature_engineering,classical_ml,Random_Forest,Random_Forest,1080,,0.9090909090909092,0.9091987903380164,0.9090909090909092,0.9090796025850152,0.9028697571743928,0.9180695847362514,0.9104062326099054,"[[792, 88], [73, 818]]",792,88,73,818,D1 ANATEL/UFJF proxy
D1_ANATEL_UFJF_raw_drive_test_proxy,42,02_engineered_flattened_windows,engineered_time_windows,temporal_feature_engineering,classical_ml,SVM,SVM,1080,,0.7617165443252399,0.7617846683788392,0.7617165443252399,0.7617156326542155,0.7667804323094426,0.7564534231200898,0.7615819209039548,"[[675, 205], [217, 674]]",675,205,217,674,D1 ANATEL/UFJF proxy
D1_ANATEL_UFJF_raw_drive_test_proxy,42,02_engineered_flattened_windows,engineered_time_windows,temporal_feature_engineering,classical_ml,KNN,KNN,1080,,0.7747035573122529,0.7748832241352702,0.7747035573122529,0.7746388818990203,0.7685589519650655,0.7901234567901234,0.7791920309905921,"[[668, 212], [187, 704]]",668,212,187,704,D1 ANATEL/UFJF proxy
D1_ANATEL_UFJF_raw_drive_test_proxy,42,02_engineered_flattened_windows,engineered_time_windows,temporal_feature_engineering,classical_ml,Logistic_Regression,Logistic_Regression,1080,,0.6476566911349521,0.6477814780215818,0.6476566911349521,0.6476364696694329,0.653272101033295,0.6386083052749719,0.6458569807037458,"[[578, 302], [322, 569]]",578,302,322,569,D1 ANATEL/UFJF proxy
D1_ANATEL_UFJF_raw_drive_test_proxy,42,03_feature_selection_on_engineered,selected_engineered_features,feature_selection_anova_top_40,classical_ml,Decision_Tree,Decision_Tree,40,,0.8390739695087521,0.8400606646409602,0.8390739695087521,0.8389229492272746,0.8223404255319149,0.867564534231201,0.8443473511742218,"[[713, 167], [118, 773]]",713,167,118,773,D1 ANATEL/UFJF proxy
D1_ANATEL_UFJF_raw_drive_test_proxy,42,03_feature_selection_on_engineered,selected_engineered_features,feature_selection_anova_top_40,classical_ml,Random_Forest,Random_Forest,40,,0.9136081309994354,0.913608052502228,0.9136081309994354,0.9136078004496092,0.9136771300448432,0.914702581369248,0.9141895681435782,"[[803, 77], [76, 815]]",803,77,76,815,D1 ANATEL/UFJF proxy
D1_ANATEL_UFJF_raw_drive_test_proxy,42,03_feature_selection_on_engineered,selected_engineered_features,feature_selection_anova_top_40,classical_ml,SVM,SVM,40,,0.7108977978543196,0.7108953130244544,0.7108977978543196,0.7108883951134388,0.7112597547380156,0.7160493827160493,0.7136465324384788,"[[621, 259], [253, 638]]",621,259,253,638,D1 ANATEL/UFJF proxy
D1_ANATEL_UFJF_raw_drive_test_proxy,42,03_feature_selection_on_engineered,selected_engineered_features,feature_selection_anova_top_40,classical_ml,KNN,KNN,40,,0.7888198757763976,0.788855155226251,0.7888198757763976,0.7888012892490059,0.7862679955703211,0.7968574635241302,0.7915273132664437,"[[687, 193], [181, 710]]",687,193,181,710,D1 ANATEL/UFJF proxy
D1_ANATEL_UFJF_raw_drive_test_proxy,42,03_feature_selection_on_engineered,selected_engineered_features,feature_selection_anova_top_40,classical_ml,Logistic_Regression,Logistic_Regression,40,,0.6499153020892151,0.6528970298676043,0.6499153020892151,0.6478562842898772,0.6327130264446621,0.7250280583613917,0.6757322175732218,"[[505, 375], [245, 646]]",505,375,245,646,D1 ANATEL/UFJF proxy
D1_ANATEL_UFJF_raw_drive_test_proxy,42,04_pca_on_engineered,pca_engineered_features,pca_0.95_feature_variance,classical_ml,Decision_Tree,Decision_Tree,118,,0.7052512704686618,0.7052481823765878,0.7052512704686618,0.7052488269730186,0.7066069428891377,0.7081930415263749,0.7073991031390134,"[[618, 262], [260, 631]]",618,262,260,631,D1 ANATEL/UFJF proxy
D1_ANATEL_UFJF_raw_drive_test_proxy,42,04_pca_on_engineered,pca_engineered_features,pca_0.95_feature_variance,classical_ml,Random_Forest,Random_Forest,118,,0.7950310559006211,0.7952668503050335,0.7950310559006211,0.7949639750910874,0.7875816993464052,0.8114478114478114,0.7993366500829188,"[[685, 195], [168, 723]]",685,195,168,723,D1 ANATEL/UFJF proxy
D1_ANATEL_UFJF_raw_drive_test_proxy,42,04_pca_on_engineered,pca_engineered_features,pca_0.95_feature_variance,classical_ml,SVM,SVM,118,,0.7622811970638057,0.7623232987624551,0.7622811970638057,0.7622825613311106,0.7664399092970522,0.7586980920314254,0.7625493513818387,"[[674, 206], [215, 676]]",674,206,215,676,D1 ANATEL/UFJF proxy
D1_ANATEL_UFJF_raw_drive_test_proxy,42,04_pca_on_engineered,pca_engineered_features,pca_0.95_feature_variance,classical_ml,KNN,KNN,118,,0.7995482778091474,0.8000203317253423,0.7995482778091474,0.799434689201307,0.7887931034482759,0.8215488215488216,0.8048378229796591,"[[684, 196], [159, 732]]",684,196,159,732,D1 ANATEL/UFJF proxy
D1_ANATEL_UFJF_raw_drive_test_proxy,42,04_pca_on_engineered,pca_engineered_features,pca_0.95_feature_variance,classical_ml,Logistic_Regression,Logistic_Regression,118,,0.6629023150762281,0.6629221722177393,0.6629023150762281,0.6628511428663774,0.6618942731277533,0.6745230078563412,0.6681489716509171,"[[573, 307], [290, 601]]",573,307,290,601,D1 ANATEL/UFJF proxy
D1_ANATEL_UFJF_raw_drive_test_proxy,42,05_feature_selection_plus_pca,selected_pca_engineered_features,feature_selection_anova_plus_pca,classical_ml,Decision_Tree,Decision_Tree,4,,0.7933370976849238,0.7933488817470861,0.7933370976849238,0.793338942658787,0.7959413754227734,0.792368125701459,0.7941507311586051,"[[699, 181], [185, 706]]",699,181,185,706,D1 ANATEL/UFJF proxy
D1_ANATEL_UFJF_raw_drive_test_proxy,42,05_feature_selection_plus_pca,selected_pca_engineered_features,feature_selection_anova_plus_pca,classical_ml,Random_Forest,Random_Forest,4,,0.8594014680971203,0.8595194047686386,0.8594014680971203,0.859398778438699,0.8664383561643836,0.8518518518518519,0.8590831918505942,"[[763, 117], [132, 759]]",763,117,132,759,D1 ANATEL/UFJF proxy
D1_ANATEL_UFJF_raw_drive_test_proxy,42,05_feature_selection_plus_pca,selected_pca_engineered_features,feature_selection_anova_plus_pca,classical_ml,SVM,SVM,4,,0.7154150197628458,0.7154409321311299,0.7154150197628458,0.715383256182622,0.7138121546961326,0.7250280583613917,0.7193763919821826,"[[621, 259], [245, 646]]",621,259,245,646,D1 ANATEL/UFJF proxy
D1_ANATEL_UFJF_raw_drive_test_proxy,42,05_feature_selection_plus_pca,selected_pca_engineered_features,feature_selection_anova_plus_pca,classical_ml,KNN,KNN,4,,0.7933370976849238,0.7933414933603574,0.7933370976849238,0.7933382837516514,0.7952755905511811,0.7934904601571269,0.7943820224719101,"[[698, 182], [184, 707]]",698,182,184,707,D1 ANATEL/UFJF proxy
D1_ANATEL_UFJF_raw_drive_test_proxy,42,05_feature_selection_plus_pca,selected_pca_engineered_features,feature_selection_anova_plus_pca,classical_ml,Logistic_Regression,Logistic_Regression,4,,0.6533032185206098,0.656066977848944,0.6533032185206098,0.6514419927036795,0.6364532019704433,0.7250280583613917,0.6778593913955928,"[[511, 369], [245, 646]]",511,369,245,646,D1 ANATEL/UFJF proxy
D1_ANATEL_UFJF_raw_drive_test_proxy,42,06_direct_deep_learning,engineered_sequence_features,deep_temporal_learning,deep_learning_direct,LSTM,direct_sigmoid,108,Direct sequence model.,0.8944099378881988,0.8950527526842632,0.8944099378881988,0.894381653618253,0.911214953271028,0.8754208754208754,0.8929593589009731,"[[804, 76], [111, 780]]",804,76,111,780,D1 ANATEL/UFJF proxy
D1_ANATEL_UFJF_raw_drive_test_proxy,42,06_direct_deep_learning,engineered_sequence_features,deep_temporal_learning,deep_learning_direct,GRU,direct_sigmoid,108,Direct sequence model.,0.8740824392998306,0.8741290324512453,0.8740824392998306,0.874083161940232,0.8786848072562359,0.8698092031425365,0.874224478285392,"[[773, 107], [116, 775]]",773,107,116,775,D1 ANATEL/UFJF proxy
D1_ANATEL_UFJF_raw_drive_test_proxy,42,06_direct_deep_learning,engineered_sequence_features,deep_temporal_learning,deep_learning_direct,TCN,direct_sigmoid,108,Direct sequence model.,0.862789384528515,0.863325516809016,0.862789384528515,0.8627576191354206,0.8776223776223776,0.8451178451178452,0.8610634648370498,"[[775, 105], [138, 753]]",775,105,138,753,D1 ANATEL/UFJF proxy
D1_ANATEL_UFJF_raw_drive_test_proxy,42,06_direct_deep_learning,engineered_sequence_features,deep_temporal_learning,deep_learning_direct,Transformer,direct_sigmoid,108,Direct sequence model.,0.8458498023715415,0.8461899044602258,0.8458498023715415,0.8457927614468984,0.8358695652173913,0.8630751964085297,0.8492545554942021,"[[729, 151], [122, 769]]",729,151,122,769,D1 ANATEL/UFJF proxy
D1_ANATEL_UFJF_raw_drive_test_proxy,42,07_individual_deep_features_to_classifiers,LSTM_deep_features,LSTM_as_feature_extractor,classical_ml,Decision_Tree,Decision_Tree,32,Classifiers trained only on LSTM latent temporal features.,0.8876341050254094,0.8878687420203011,0.8876341050254094,0.8876265813416184,0.8977011494252873,0.8765432098765432,0.8869960249858035,"[[791, 89], [110, 781]]",791,89,110,781,D1 ANATEL/UFJF proxy
D1_ANATEL_UFJF_raw_drive_test_proxy,42,07_individual_deep_features_to_classifiers,LSTM_deep_features,LSTM_as_feature_extractor,classical_ml,Random_Forest,Random_Forest,32,Classifiers trained only on LSTM latent temporal features.,0.9040090344438172,0.9043750424512672,0.9040090344438172,0.9039970976140302,0.9167630057803468,0.8900112233445566,0.9031890660592256,"[[808, 72], [98, 793]]",808,72,98,793,D1 ANATEL/UFJF proxy
D1_ANATEL_UFJF_raw_drive_test_proxy,42,07_individual_deep_features_to_classifiers,LSTM_deep_features,LSTM_as_feature_extractor,classical_ml,SVM,SVM,32,Classifiers trained only on LSTM latent temporal features.,0.8966685488424618,0.8974674084151024,0.8966685488424618,0.8966325634190996,0.9154929577464788,0.8754208754208754,0.8950086058519794,"[[808, 72], [111, 780]]",808,72,111,780,D1 ANATEL/UFJF proxy
D1_ANATEL_UFJF_raw_drive_test_proxy,42,07_individual_deep_features_to_classifiers,LSTM_deep_features,LSTM_as_feature_extractor,classical_ml,KNN,KNN,32,Classifiers trained only on LSTM latent temporal features.,0.901750423489554,0.9018926353149956,0.901750423489554,0.9017479174552394,0.9097142857142856,0.8933782267115601,0.9014722536806342,"[[801, 79], [95, 796]]",801,79,95,796,D1 ANATEL/UFJF proxy
D1_ANATEL_UFJF_raw_drive_test_proxy,42,07_individual_deep_features_to_classifiers,LSTM_deep_features,LSTM_as_feature_extractor,classical_ml,Logistic_Regression,Logistic_Regression,32,Classifiers trained only on LSTM latent temporal features.,0.8944099378881988,0.8951268602199658,0.8944099378881988,0.8943775446317681,0.9121779859484778,0.8742985409652076,0.8928366762177651,"[[805, 75], [112, 779]]",805,75,112,779,D1 ANATEL/UFJF proxy
D1_ANATEL_UFJF_raw_drive_test_proxy,42,07_individual_deep_features_to_classifiers,GRU_deep_features,GRU_as_feature_extractor,classical_ml,Decision_Tree,Decision_Tree,32,Classifiers trained only on GRU latent temporal features.,0.8644833427442123,0.8645206970579958,0.8644833427442123,0.8644843797186388,0.8686296715741789,0.8608305274971941,0.8647125140924464,"[[764, 116], [124, 767]]",764,116,124,767,D1 ANATEL/UFJF proxy
D1_ANATEL_UFJF_raw_drive_test_proxy,42,07_individual_deep_features_to_classifiers,GRU_deep_features,GRU_as_feature_extractor,classical_ml,Random_Forest,Random_Forest,32,Classifiers trained only on GRU latent temporal features.,0.8944099378881988,0.8944789510006902,0.8944099378881988,0.8944099378881988,0.9,0.8888888888888888,0.8944099378881988,"[[792, 88], [99, 792]]",792,88,99,792,D1 ANATEL/UFJF proxy
D1_ANATEL_UFJF_raw_drive_test_proxy,42,07_individual_deep_features_to_classifiers,GRU_deep_features,GRU_as_feature_extractor,classical_ml,SVM,SVM,32,Classifiers trained only on GRU latent temporal features.,0.8785996612083569,0.8786955784662287,0.8785996612083569,0.87858456245825,0.8730684326710817,0.8877665544332211,0.8803561491374513,"[[765, 115], [100, 791]]",765,115,100,791,D1 ANATEL/UFJF proxy
D1_ANATEL_UFJF_raw_drive_test_proxy,42,07_individual_deep_features_to_classifiers,GRU_deep_features,GRU_as_feature_extractor,classical_ml,KNN,KNN,32,Classifiers trained only on GRU latent temporal features.,0.8955392433653303,0.8955690902257825,0.8955392433653303,0.8955401759242743,0.8993212669683258,0.8922558922558923,0.895774647887324,"[[791, 89], [96, 795]]",791,89,96,795,D1 ANATEL/UFJF proxy
D1_ANATEL_UFJF_raw_drive_test_proxy,42,07_individual_deep_features_to_classifiers,GRU_deep_features,GRU_as_feature_extractor,classical_ml,Logistic_Regression,Logistic_Regression,32,Classifiers trained only on GRU latent temporal features.,0.8791643139469226,0.8792042063636011,0.8791643139469226,0.8791562222715171,0.8756936736958935,0.8855218855218855,0.8805803571428571,"[[768, 112], [102, 789]]",768,112,102,789,D1 ANATEL/UFJF proxy
D1_ANATEL_UFJF_raw_drive_test_proxy,42,07_individual_deep_features_to_classifiers,TCN_deep_features,TCN_as_feature_extractor,classical_ml,Decision_Tree,Decision_Tree,32,Classifiers trained only on TCN latent temporal features.,0.8514963297571994,0.8520825740252068,0.8514963297571994,0.8514565502759386,0.866822429906542,0.8327721661054994,0.8494562106468231,"[[766, 114], [149, 742]]",766,114,149,742,D1 ANATEL/UFJF proxy
D1_ANATEL_UFJF_raw_drive_test_proxy,42,07_individual_deep_features_to_classifiers,TCN_deep_features,TCN_as_feature_extractor,classical_ml,Random_Forest,Random_Forest,32,Classifiers trained only on TCN latent temporal features.,0.90626764539808,0.9062684030176842,0.90626764539808,0.9062668683477416,0.9059350503919372,0.9079685746352412,0.90695067264574,"[[796, 84], [82, 809]]",796,84,82,809,D1 ANATEL/UFJF proxy
D1_ANATEL_UFJF_raw_drive_test_proxy,42,07_individual_deep_features_to_classifiers,TCN_deep_features,TCN_as_feature_extractor,classical_ml,SVM,SVM,32,Classifiers trained only on TCN latent temporal features.,0.88085827216262,0.8808651507947387,0.88085827216262,0.8808591838519572,0.8828828828828829,0.8799102132435466,0.8813940415964024,"[[776, 104], [107, 784]]",776,104,107,784,D1 ANATEL/UFJF proxy
D1_ANATEL_UFJF_raw_drive_test_proxy,42,07_individual_deep_features_to_classifiers,TCN_deep_features,TCN_as_feature_extractor,classical_ml,KNN,KNN,32,Classifiers trained only on TCN latent temporal features.,0.8819875776397516,0.882017243029679,0.8819875776397516,0.8819886311793153,0.8857466063348416,0.8787878787878788,0.8822535211267606,"[[779, 101], [108, 783]]",779,101,108,783,D1 ANATEL/UFJF proxy
D1_ANATEL_UFJF_raw_drive_test_proxy,42,07_individual_deep_features_to_classifiers,TCN_deep_features,TCN_as_feature_extractor,classical_ml,Logistic_Regression,Logistic_Regression,32,Classifiers trained only on TCN latent temporal features.,0.8661773009599096,0.8664927940943028,0.8661773009599096,0.8661623665575706,0.8775981524249422,0.8529741863075196,0.8651109846328969,"[[774, 106], [131, 760]]",774,106,131,760,D1 ANATEL/UFJF proxy
D1_ANATEL_UFJF_raw_drive_test_proxy,42,07_individual_deep_features_to_classifiers,Transformer_deep_features,Transformer_as_feature_extractor,classical_ml,Decision_Tree,Decision_Tree,32,Classifiers trained only on Transformer latent temporal features.,0.8379446640316206,0.8380027497045487,0.8379446640316206,0.8379285404852236,0.834070796460177,0.8462401795735129,0.8401114206128134,"[[730, 150], [137, 754]]",730,150,137,754,D1 ANATEL/UFJF proxy
D1_ANATEL_UFJF_raw_drive_test_proxy,42,07_individual_deep_features_to_classifiers,Transformer_deep_features,Transformer_as_feature_extractor,classical_ml,Random_Forest,Random_Forest,32,Classifiers trained only on Transformer latent temporal features.,0.8893280632411067,0.8893505957737738,0.8893280632411067,0.8893291218245672,0.8926553672316384,0.8866442199775533,0.8896396396396397,"[[785, 95], [101, 790]]",785,95,101,790,D1 ANATEL/UFJF proxy
D1_ANATEL_UFJF_raw_drive_test_proxy,42,07_individual_deep_features_to_classifiers,Transformer_deep_features,Transformer_as_feature_extractor,classical_ml,SVM,SVM,32,Classifiers trained only on Transformer latent temporal features.,0.862789384528515,0.8629068123869512,0.862789384528515,0.8627685556390783,0.8568281938325991,0.8731762065095399,0.8649249583101724,"[[750, 130], [113, 778]]",750,130,113,778,D1 ANATEL/UFJF proxy
D1_ANATEL_UFJF_raw_drive_test_proxy,42,07_individual_deep_features_to_classifiers,Transformer_deep_features,Transformer_as_feature_extractor,classical_ml,KNN,KNN,32,Classifiers trained only on Transformer latent temporal features.,0.8684359119141728,0.8684656744942272,0.8684359119141728,0.8684283605027419,0.8655555555555555,0.8742985409652076,0.8699050809603573,"[[759, 121], [112, 779]]",759,121,112,779,D1 ANATEL/UFJF proxy
D1_ANATEL_UFJF_raw_drive_test_proxy,42,07_individual_deep_features_to_classifiers,Transformer_deep_features,Transformer_as_feature_extractor,classical_ml,Logistic_Regression,Logistic_Regression,32,Classifiers trained only on Transformer latent temporal features.,0.846979107848673,0.8470052984004964,0.846979107848673,0.8469703248765795,0.8444444444444444,0.8529741863075196,0.8486878838637633,"[[740, 140], [131, 760]]",740,140,131,760,D1 ANATEL/UFJF proxy
D1_ANATEL_UFJF_raw_drive_test_proxy,42,08_combined_deep_features_to_classifiers,LSTM_GRU_TCN_Transformer_deep_features,combined_deep_feature_extraction,classical_ml,Decision_Tree,Decision_Tree,128,"Classifiers trained on concatenated LSTM, GRU, TCN, and Transformer features.",0.8898927159796725,0.889986796922832,0.8898927159796725,0.889891803227596,0.8963553530751709,0.8832772166105499,0.889768230638779,"[[789, 91], [104, 787]]",789,91,104,787,D1 ANATEL/UFJF proxy
D1_ANATEL_UFJF_raw_drive_test_proxy,42,08_combined_deep_features_to_classifiers,LSTM_GRU_TCN_Transformer_deep_features,combined_deep_feature_extraction,classical_ml,Random_Forest,Random_Forest,128,"Classifiers trained on concatenated LSTM, GRU, TCN, and Transformer features.",0.9141727837380011,0.9142847509656926,0.9141727837380011,0.9141716344246784,0.9213226909920182,0.9068462401795736,0.9140271493212668,"[[811, 69], [83, 808]]",811,69,83,808,D1 ANATEL/UFJF proxy
D1_ANATEL_UFJF_raw_drive_test_proxy,42,08_combined_deep_features_to_classifiers,LSTM_GRU_TCN_Transformer_deep_features,combined_deep_feature_extraction,classical_ml,SVM,SVM,128,"Classifiers trained on concatenated LSTM, GRU, TCN, and Transformer features.",0.9107848673066063,0.9109659067491552,0.9107848673066063,0.9107812832180362,0.9198167239404352,0.9012345679012346,0.9104308390022676,"[[810, 70], [88, 803]]",810,70,88,803,D1 ANATEL/UFJF proxy
D1_ANATEL_UFJF_raw_drive_test_proxy,42,08_combined_deep_features_to_classifiers,LSTM_GRU_TCN_Transformer_deep_features,combined_deep_feature_extraction,classical_ml,KNN,KNN,128,"Classifiers trained on concatenated LSTM, GRU, TCN, and Transformer features.",0.924901185770751,0.925282514249392,0.924901185770751,0.9248766079534836,0.9128540305010894,0.9405162738496072,0.9264787175234936,"[[800, 80], [53, 838]]",800,80,53,838,D1 ANATEL/UFJF proxy
D1_ANATEL_UFJF_raw_drive_test_proxy,42,08_combined_deep_features_to_classifiers,LSTM_GRU_TCN_Transformer_deep_features,combined_deep_feature_extraction,classical_ml,Logistic_Regression,Logistic_Regression,128,"Classifiers trained on concatenated LSTM, GRU, TCN, and Transformer features.",0.9034443817052512,0.9035703234215252,0.9034443817052512,0.9034425345904318,0.910958904109589,0.8956228956228957,0.9032258064516128,"[[802, 78], [93, 798]]",802,78,93,798,D1 ANATEL/UFJF proxy
D1_ANATEL_UFJF_raw_drive_test_proxy,100,01_raw_flattened_windows,raw_time_windows,none_raw_baseline,classical_ml,Decision_Tree,Decision_Tree,90,,0.79785431959345,0.7980745197264403,0.79785431959345,0.7977922909878706,0.7906215921483097,0.813692480359147,0.8019911504424779,"[[688, 192], [166, 725]]",688,192,166,725,D1 ANATEL/UFJF proxy
D1_ANATEL_UFJF_raw_drive_test_proxy,100,01_raw_flattened_windows,raw_time_windows,none_raw_baseline,classical_ml,Random_Forest,Random_Forest,90,,0.9147374364765668,0.9168114832744528,0.9147374364765668,0.914610480706973,0.8878406708595388,0.9506172839506172,0.9181571815718156,"[[773, 107], [44, 847]]",773,107,44,847,D1 ANATEL/UFJF proxy
D1_ANATEL_UFJF_raw_drive_test_proxy,100,01_raw_flattened_windows,raw_time_windows,none_raw_baseline,classical_ml,SVM,SVM,90,,0.7504234895539243,0.7504379251629933,0.7504234895539243,0.7504067768411713,0.7491675915649278,0.7575757575757576,0.7533482142857143,"[[654, 226], [216, 675]]",654,226,216,675,D1 ANATEL/UFJF proxy
D1_ANATEL_UFJF_raw_drive_test_proxy,100,01_raw_flattened_windows,raw_time_windows,none_raw_baseline,classical_ml,KNN,KNN,90,,0.7888198757763976,0.7894698382785609,0.7888198757763976,0.7886567771324188,0.7764705882352941,0.8148148148148148,0.7951807228915663,"[[671, 209], [165, 726]]",671,209,165,726,D1 ANATEL/UFJF proxy
D1_ANATEL_UFJF_raw_drive_test_proxy,100,01_raw_flattened_windows,raw_time_windows,none_raw_baseline,classical_ml,Logistic_Regression,Logistic_Regression,90,,0.6160361377752682,0.6169553726954802,0.6160361377752682,0.6149662694285118,0.6077630234933605,0.6677890011223344,0.6363636363636364,"[[496, 384], [296, 595]]",496,384,296,595,D1 ANATEL/UFJF proxy
D1_ANATEL_UFJF_raw_drive_test_proxy,100,02_engineered_flattened_windows,engineered_time_windows,temporal_feature_engineering,classical_ml,Decision_Tree,Decision_Tree,1080,,0.7967250141163185,0.799834504096519,0.7967250141163185,0.7961087833763959,0.7700915564598169,0.8496071829405163,0.807897545357524,"[[654, 226], [134, 757]]",654,226,134,757,D1 ANATEL/UFJF proxy
D1_ANATEL_UFJF_raw_drive_test_proxy,100,02_engineered_flattened_windows,engineered_time_windows,temporal_feature_engineering,classical_ml,Random_Forest,Random_Forest,1080,,0.9102202145680408,0.9116627085928856,0.9102202145680408,0.9101229925084702,0.8877118644067796,0.9405162738496072,0.9133514986376022,"[[774, 106], [53, 838]]",774,106,53,838,D1 ANATEL/UFJF proxy
D1_ANATEL_UFJF_raw_drive_test_proxy,100,02_engineered_flattened_windows,engineered_time_windows,temporal_feature_engineering,classical_ml,SVM,SVM,1080,,0.7645398080180689,0.7645378894441025,0.7645398080180689,0.7645366547797017,0.7651006711409396,0.7676767676767676,0.7663865546218488,"[[670, 210], [207, 684]]",670,210,207,684,D1 ANATEL/UFJF proxy
D1_ANATEL_UFJF_raw_drive_test_proxy,100,02_engineered_flattened_windows,engineered_time_windows,temporal_feature_engineering,classical_ml,KNN,KNN,1080,,0.7939017504234895,0.7954981699741142,0.7939017504234895,0.7935576780214323,0.7745302713987474,0.8327721661054994,0.8025959978366685,"[[664, 216], [149, 742]]",664,216,149,742,D1 ANATEL/UFJF proxy
D1_ANATEL_UFJF_raw_drive_test_proxy,100,02_engineered_flattened_windows,engineered_time_windows,temporal_feature_engineering,classical_ml,Logistic_Regression,Logistic_Regression,1080,,0.6504799548277809,0.650476206746929,0.6504799548277809,0.6504529825667035,0.6507760532150776,0.6588103254769921,0.6547685443390965,"[[565, 315], [304, 587]]",565,315,304,587,D1 ANATEL/UFJF proxy
D1_ANATEL_UFJF_raw_drive_test_proxy,100,03_feature_selection_on_engineered,selected_engineered_features,feature_selection_anova_top_40,classical_ml,Decision_Tree,Decision_Tree,40,,0.8232636928289102,0.8232801979630979,0.8232636928289102,0.8232653833278143,0.8261851015801355,0.8215488215488216,0.8238604389420371,"[[726, 154], [159, 732]]",726,154,159,732,D1 ANATEL/UFJF proxy
D1_ANATEL_UFJF_raw_drive_test_proxy,100,03_feature_selection_on_engineered,selected_engineered_features,feature_selection_anova_top_40,classical_ml,Random_Forest,Random_Forest,40,,0.9175607001693958,0.9182315127151572,0.9175607001693958,0.9175161957117444,0.9018338727076592,0.9382716049382716,0.9196919691969196,"[[789, 91], [55, 836]]",789,91,55,836,D1 ANATEL/UFJF proxy
D1_ANATEL_UFJF_raw_drive_test_proxy,100,03_feature_selection_on_engineered,selected_engineered_features,feature_selection_anova_top_40,classical_ml,SVM,SVM,40,,0.704686617730096,0.7047771606370383,0.704686617730096,0.7046129609285819,0.7013129102844639,0.7194163860830527,0.7102493074792243,"[[607, 273], [250, 641]]",607,273,250,641,D1 ANATEL/UFJF proxy
D1_ANATEL_UFJF_raw_drive_test_proxy,100,03_feature_selection_on_engineered,selected_engineered_features,feature_selection_anova_top_40,classical_ml,KNN,KNN,40,,0.7837380011293055,0.7838168416985622,0.7837380011293055,0.7837051720566542,0.7797356828193832,0.7946127946127947,0.7871039466370205,"[[680, 200], [183, 708]]",680,200,183,708,D1 ANATEL/UFJF proxy
D1_ANATEL_UFJF_raw_drive_test_proxy,100,03_feature_selection_on_engineered,selected_engineered_features,feature_selection_anova_top_40,classical_ml,Logistic_Regression,Logistic_Regression,40,,0.6307171089779785,0.6329282124301355,0.6307171089779785,0.6287958327143567,0.6169792694965449,0.7014590347923682,0.6565126050420168,"[[492, 388], [266, 625]]",492,388,266,625,D1 ANATEL/UFJF proxy
D1_ANATEL_UFJF_raw_drive_test_proxy,100,04_pca_on_engineered,pca_engineered_features,pca_0.95_feature_variance,classical_ml,Decision_Tree,Decision_Tree,117,,0.7159796725014116,0.7232360031632293,0.7159796725014116,0.7133863187908023,0.6840607210626186,0.8092031425364759,0.741388174807198,"[[547, 333], [170, 721]]",547,333,170,721,D1 ANATEL/UFJF proxy
D1_ANATEL_UFJF_raw_drive_test_proxy,100,04_pca_on_engineered,pca_engineered_features,pca_0.95_feature_variance,classical_ml,Random_Forest,Random_Forest,117,,0.792772444946358,0.793826901106982,0.792772444946358,0.7925322739341267,0.7769556025369979,0.8249158249158249,0.8002177463255308,"[[669, 211], [156, 735]]",669,211,156,735,D1 ANATEL/UFJF proxy
D1_ANATEL_UFJF_raw_drive_test_proxy,100,04_pca_on_engineered,pca_engineered_features,pca_0.95_feature_variance,classical_ml,SVM,SVM,117,,0.7684923771880293,0.7684913602628657,0.7684923771880293,0.7684879481380631,0.7687150837988826,0.7721661054994389,0.7704367301231803,"[[673, 207], [203, 688]]",673,207,203,688,D1 ANATEL/UFJF proxy
D1_ANATEL_UFJF_raw_drive_test_proxy,100,04_pca_on_engineered,pca_engineered_features,pca_0.95_feature_variance,classical_ml,KNN,KNN,117,,0.8097120271033315,0.8107553531696139,0.8097120271033315,0.8095059652538016,0.7934322033898306,0.8406285072951739,0.8163487738419618,"[[685, 195], [142, 749]]",685,195,142,749,D1 ANATEL/UFJF proxy
D1_ANATEL_UFJF_raw_drive_test_proxy,100,04_pca_on_engineered,pca_engineered_features,pca_0.95_feature_variance,classical_ml,Logistic_Regression,Logistic_Regression,117,,0.6600790513833992,0.6600756225660755,0.6600790513833992,0.6600562888198758,0.660377358490566,0.6677890011223344,0.6640625,"[[574, 306], [296, 595]]",574,306,296,595,D1 ANATEL/UFJF proxy
D1_ANATEL_UFJF_raw_drive_test_proxy,100,05_feature_selection_plus_pca,selected_pca_engineered_features,feature_selection_anova_plus_pca,classical_ml,Decision_Tree,Decision_Tree,4,,0.7639751552795031,0.7645558910062882,0.7639751552795031,0.7637928685597623,0.7529411764705882,0.7901234567901234,0.7710843373493976,"[[649, 231], [187, 704]]",649,231,187,704,D1 ANATEL/UFJF proxy
D1_ANATEL_UFJF_raw_drive_test_proxy,100,05_feature_selection_plus_pca,selected_pca_engineered_features,feature_selection_anova_plus_pca,classical_ml,Random_Forest,Random_Forest,4,,0.83399209486166,0.8343917229635146,0.83399209486166,0.8339192219399305,0.8234019501625135,0.8529741863075196,0.8379272326350606,"[[717, 163], [131, 760]]",717,163,131,760,D1 ANATEL/UFJF proxy
D1_ANATEL_UFJF_raw_drive_test_proxy,100,05_feature_selection_plus_pca,selected_pca_engineered_features,feature_selection_anova_plus_pca,classical_ml,SVM,SVM,4,,0.7029926595143986,0.7032537461278366,0.7029926595143986,0.702832321536833,0.6968716289104638,0.7250280583613917,0.7106710671067107,"[[599, 281], [245, 646]]",599,281,245,646,D1 ANATEL/UFJF proxy
D1_ANATEL_UFJF_raw_drive_test_proxy,100,05_feature_selection_plus_pca,selected_pca_engineered_features,feature_selection_anova_plus_pca,classical_ml,KNN,KNN,4,,0.7769621682665161,0.777549760081272,0.7769621682665161,0.776796893106661,0.765524625267666,0.8024691358024691,0.7835616438356164,"[[661, 219], [176, 715]]",661,219,176,715,D1 ANATEL/UFJF proxy
D1_ANATEL_UFJF_raw_drive_test_proxy,100,05_feature_selection_plus_pca,selected_pca_engineered_features,feature_selection_anova_plus_pca,classical_ml,Logistic_Regression,Logistic_Regression,4,,0.6273291925465838,0.6296285874372937,0.6273291925465838,0.6252657800136872,0.6135693215339233,0.7003367003367004,0.6540880503144654,"[[487, 393], [267, 624]]",487,393,267,624,D1 ANATEL/UFJF proxy
D1_ANATEL_UFJF_raw_drive_test_proxy,100,06_direct_deep_learning,engineered_sequence_features,deep_temporal_learning,deep_learning_direct,LSTM,direct_sigmoid,108,Direct sequence model.,0.88085827216262,0.8812431118669303,0.88085827216262,0.8808141855871632,0.8695652173913043,0.8978675645342312,0.883489784649365,"[[760, 120], [91, 800]]",760,120,91,800,D1 ANATEL/UFJF proxy
D1_ANATEL_UFJF_raw_drive_test_proxy,100,06_direct_deep_learning,engineered_sequence_features,deep_temporal_learning,deep_learning_direct,GRU,direct_sigmoid,108,Direct sequence model.,0.8464144551101073,0.846544809228039,0.8464144551101073,0.8464105376311787,0.8537142857142858,0.8383838383838383,0.8459796149490374,"[[752, 128], [144, 747]]",752,128,144,747,D1 ANATEL/UFJF proxy
D1_ANATEL_UFJF_raw_drive_test_proxy,100,06_direct_deep_learning,engineered_sequence_features,deep_temporal_learning,deep_learning_direct,TCN,direct_sigmoid,108,Direct sequence model.,0.8328627893845285,0.8346462079595512,0.8328627893845285,0.832591462743919,0.8108672936259144,0.8709315375982043,0.8398268398268398,"[[699, 181], [115, 776]]",699,181,115,776,D1 ANATEL/UFJF proxy
D1_ANATEL_UFJF_raw_drive_test_proxy,100,06_direct_deep_learning,engineered_sequence_features,deep_temporal_learning,deep_learning_direct,Transformer,direct_sigmoid,108,Direct sequence model.,0.8097120271033315,0.8099143071559194,0.8097120271033315,0.8096992859905799,0.8183908045977012,0.7991021324354658,0.8086314593980692,"[[722, 158], [179, 712]]",722,158,179,712,D1 ANATEL/UFJF proxy
D1_ANATEL_UFJF_raw_drive_test_proxy,100,07_individual_deep_features_to_classifiers,LSTM_deep_features,LSTM_as_feature_extractor,classical_ml,Decision_Tree,Decision_Tree,32,Classifiers trained only on LSTM latent temporal features.,0.8644833427442123,0.8645611807146475,0.8644833427442123,0.8644682172298201,0.8596685082872928,0.8731762065095399,0.8663697104677061,"[[753, 127], [113, 778]]",753,127,113,778,D1 ANATEL/UFJF proxy
D1_ANATEL_UFJF_raw_drive_test_proxy,100,07_individual_deep_features_to_classifiers,LSTM_deep_features,LSTM_as_feature_extractor,classical_ml,Random_Forest,Random_Forest,32,Classifiers trained only on LSTM latent temporal features.,0.8904573687182383,0.8904608973567745,0.8904573687182383,0.8904579973984162,0.8920134983127109,0.8900112233445566,0.8910112359550562,"[[784, 96], [98, 793]]",784,96,98,793,D1 ANATEL/UFJF proxy
D1_ANATEL_UFJF_raw_drive_test_proxy,100,07_individual_deep_features_to_classifiers,LSTM_deep_features,LSTM_as_feature_extractor,classical_ml,SVM,SVM,32,Classifiers trained only on LSTM latent temporal features.,0.8842461885940147,0.8844077903614338,0.8842461885940147,0.8842251460777468,0.8769230769230769,0.8956228956228957,0.8861743475846752,"[[768, 112], [93, 798]]",768,112,93,798,D1 ANATEL/UFJF proxy
D1_ANATEL_UFJF_raw_drive_test_proxy,100,07_individual_deep_features_to_classifiers,LSTM_deep_features,LSTM_as_feature_extractor,classical_ml,KNN,KNN,32,Classifiers trained only on LSTM latent temporal features.,0.8853754940711462,0.885393952240543,0.8853754940711462,0.885370888794064,0.8830734966592427,0.8900112233445566,0.8865287870318613,"[[775, 105], [98, 793]]",775,105,98,793,D1 ANATEL/UFJF proxy
D1_ANATEL_UFJF_raw_drive_test_proxy,100,07_individual_deep_features_to_classifiers,LSTM_deep_features,LSTM_as_feature_extractor,classical_ml,Logistic_Regression,Logistic_Regression,32,Classifiers trained only on LSTM latent temporal features.,0.8848108413325805,0.8848518502759084,0.8848108413325805,0.8848031277728482,0.881243063263041,0.8911335578002245,0.8861607142857143,"[[773, 107], [97, 794]]",773,107,97,794,D1 ANATEL/UFJF proxy
D1_ANATEL_UFJF_raw_drive_test_proxy,100,07_individual_deep_features_to_classifiers,GRU_deep_features,GRU_as_feature_extractor,classical_ml,Decision_Tree,Decision_Tree,32,Classifiers trained only on GRU latent temporal features.,0.8430265386787126,0.843570256032746,0.8430265386787126,0.8429873943255697,0.8576429404900817,0.8249158249158249,0.8409610983981693,"[[758, 122], [156, 735]]",758,122,156,735,D1 ANATEL/UFJF proxy
D1_ANATEL_UFJF_raw_drive_test_proxy,100,07_individual_deep_features_to_classifiers,GRU_deep_features,GRU_as_feature_extractor,classical_ml,Random_Forest,Random_Forest,32,Classifiers trained only on GRU latent temporal features.,0.8774703557312253,0.8774721101029155,0.8774703557312253,0.8774687148373986,0.8769574944071589,0.8799102132435466,0.8784313725490196,"[[770, 110], [107, 784]]",770,110,107,784,D1 ANATEL/UFJF proxy
D1_ANATEL_UFJF_raw_drive_test_proxy,100,07_individual_deep_features_to_classifiers,GRU_deep_features,GRU_as_feature_extractor,classical_ml,SVM,SVM,32,Classifiers trained only on GRU latent temporal features.,0.8582721626199887,0.8582736136973755,0.8582721626199887,0.8582726145091084,0.8595505617977528,0.8585858585858586,0.8590679393599102,"[[755, 125], [126, 765]]",755,125,126,765,D1 ANATEL/UFJF proxy
D1_ANATEL_UFJF_raw_drive_test_proxy,100,07_individual_deep_features_to_classifiers,GRU_deep_features,GRU_as_feature_extractor,classical_ml,KNN,KNN,32,Classifiers trained only on GRU latent temporal features.,0.8780350084697911,0.8780461444229368,0.8780350084697911,0.8780360973068251,0.8804960541149943,0.8765432098765432,0.8785151856017998,"[[774, 106], [110, 781]]",774,106,110,781,D1 ANATEL/UFJF proxy
D1_ANATEL_UFJF_raw_drive_test_proxy,100,07_individual_deep_features_to_classifiers,GRU_deep_features,GRU_as_feature_extractor,classical_ml,Logistic_Regression,Logistic_Regression,32,Classifiers trained only on GRU latent temporal features.,0.849802371541502,0.8499334516415262,0.849802371541502,0.8497985404775498,0.8571428571428571,0.8417508417508418,0.8493771234428086,"[[755, 125], [141, 750]]",755,125,141,750,D1 ANATEL/UFJF proxy
D1_ANATEL_UFJF_raw_drive_test_proxy,100,07_individual_deep_features_to_classifiers,TCN_deep_features,TCN_as_feature_extractor,classical_ml,Decision_Tree,Decision_Tree,32,Classifiers trained only on TCN latent temporal features.,0.8373800112930547,0.8380245200401181,0.8373800112930547,0.8372741524180126,0.8238453276047261,0.8608305274971941,0.8419319429198683,"[[716, 164], [124, 767]]",716,164,124,767,D1 ANATEL/UFJF proxy
D1_ANATEL_UFJF_raw_drive_test_proxy,100,07_individual_deep_features_to_classifiers,TCN_deep_features,TCN_as_feature_extractor,classical_ml,Random_Forest,Random_Forest,32,Classifiers trained only on TCN latent temporal features.,0.8848108413325805,0.8850308064556361,0.8848108413325805,0.8847841689432625,0.8762322015334063,0.8978675645342312,0.8869179600886918,"[[767, 113], [91, 800]]",767,113,91,800,D1 ANATEL/UFJF proxy
D1_ANATEL_UFJF_raw_drive_test_proxy,100,07_individual_deep_features_to_classifiers,TCN_deep_features,TCN_as_feature_extractor,classical_ml,SVM,SVM,32,Classifiers trained only on TCN latent temporal features.,0.8633540372670807,0.8636909850708231,0.8633540372670807,0.8633064387984423,0.85310119695321,0.8799102132435466,0.8662983425414365,"[[745, 135], [107, 784]]",745,135,107,784,D1 ANATEL/UFJF proxy
D1_ANATEL_UFJF_raw_drive_test_proxy,100,07_individual_deep_features_to_classifiers,TCN_deep_features,TCN_as_feature_extractor,classical_ml,KNN,KNN,32,Classifiers trained only on TCN latent temporal features.,0.8785996612083569,0.8788804807411225,0.8785996612083569,0.8785648110483444,0.868995633187773,0.8933782267115601,0.8810182623132263,"[[760, 120], [95, 796]]",760,120,95,796,D1 ANATEL/UFJF proxy
D1_ANATEL_UFJF_raw_drive_test_proxy,100,07_individual_deep_features_to_classifiers,TCN_deep_features,TCN_as_feature_extractor,classical_ml,Logistic_Regression,Logistic_Regression,32,Classifiers trained only on TCN latent temporal features.,0.8571428571428571,0.85728835624306,0.8571428571428571,0.8571168875983899,0.8505494505494505,0.8686868686868687,0.8595224875069406,"[[744, 136], [117, 774]]",744,136,117,774,D1 ANATEL/UFJF proxy
D1_ANATEL_UFJF_raw_drive_test_proxy,100,07_individual_deep_features_to_classifiers,Transformer_deep_features,Transformer_as_feature_extractor,classical_ml,Decision_Tree,Decision_Tree,32,Classifiers trained only on Transformer latent temporal features.,0.8311688311688312,0.8315386263501822,0.8311688311688312,0.8310987065014993,0.8210412147505423,0.8496071829405163,0.8350799779371207,"[[715, 165], [134, 757]]",715,165,134,757,D1 ANATEL/UFJF proxy
D1_ANATEL_UFJF_raw_drive_test_proxy,100,07_individual_deep_features_to_classifiers,Transformer_deep_features,Transformer_as_feature_extractor,classical_ml,Random_Forest,Random_Forest,32,Classifiers trained only on Transformer latent temporal features.,0.8740824392998306,0.8740996370096947,0.8740824392998306,0.8740773803008685,0.8719376391982183,0.8787878787878788,0.8753493571827837,"[[765, 115], [108, 783]]",765,115,108,783,D1 ANATEL/UFJF proxy
D1_ANATEL_UFJF_raw_drive_test_proxy,100,07_individual_deep_features_to_classifiers,Transformer_deep_features,Transformer_as_feature_extractor,classical_ml,SVM,SVM,32,Classifiers trained only on Transformer latent temporal features.,0.8441558441558441,0.8442784616545845,0.8441558441558441,0.8441298999507955,0.8382838283828383,0.8552188552188552,0.8466666666666667,"[[733, 147], [129, 762]]",733,147,129,762,D1 ANATEL/UFJF proxy
D1_ANATEL_UFJF_raw_drive_test_proxy,100,07_individual_deep_features_to_classifiers,Transformer_deep_features,Transformer_as_feature_extractor,classical_ml,KNN,KNN,32,Classifiers trained only on Transformer latent temporal features.,0.8718238283455675,0.871831188997338,0.8718238283455675,0.871820558738152,0.8705357142857143,0.8754208754208754,0.8729714605484051,"[[764, 116], [111, 780]]",764,116,111,780,D1 ANATEL/UFJF proxy
D1_ANATEL_UFJF_raw_drive_test_proxy,100,07_individual_deep_features_to_classifiers,Transformer_deep_features,Transformer_as_feature_extractor,classical_ml,Logistic_Regression,Logistic_Regression,32,Classifiers trained only on Transformer latent temporal features.,0.8385093167701864,0.8385116934366454,0.8385093167701864,0.838506227237771,0.8379888268156425,0.8417508417508418,0.8398656215005599,"[[735, 145], [141, 750]]",735,145,141,750,D1 ANATEL/UFJF proxy
D1_ANATEL_UFJF_raw_drive_test_proxy,100,08_combined_deep_features_to_classifiers,LSTM_GRU_TCN_Transformer_deep_features,combined_deep_feature_extraction,classical_ml,Decision_Tree,Decision_Tree,128,"Classifiers trained on concatenated LSTM, GRU, TCN, and Transformer features.",0.8814229249011858,0.8814632639285241,0.8814229249011858,0.8814149844720497,0.8779134295227525,0.8877665544332211,0.8828125,"[[770, 110], [100, 791]]",770,110,100,791,D1 ANATEL/UFJF proxy
D1_ANATEL_UFJF_raw_drive_test_proxy,100,08_combined_deep_features_to_classifiers,LSTM_GRU_TCN_Transformer_deep_features,combined_deep_feature_extraction,classical_ml,Random_Forest,Random_Forest,128,"Classifiers trained on concatenated LSTM, GRU, TCN, and Transformer features.",0.9085262563523432,0.908649440527107,0.9085262563523432,0.9085136542201144,0.9018743109151048,0.9180695847362514,0.9098998887652948,"[[791, 89], [73, 818]]",791,89,73,818,D1 ANATEL/UFJF proxy
D1_ANATEL_UFJF_raw_drive_test_proxy,100,08_combined_deep_features_to_classifiers,LSTM_GRU_TCN_Transformer_deep_features,combined_deep_feature_extraction,classical_ml,SVM,SVM,128,"Classifiers trained on concatenated LSTM, GRU, TCN, and Transformer features.",0.8949745906267645,0.8951246423802214,0.8949745906267645,0.8949571064885795,0.8877887788778878,0.9057239057239056,0.8966666666666666,"[[778, 102], [84, 807]]",778,102,84,807,D1 ANATEL/UFJF proxy
D1_ANATEL_UFJF_raw_drive_test_proxy,100,08_combined_deep_features_to_classifiers,LSTM_GRU_TCN_Transformer_deep_features,combined_deep_feature_extraction,classical_ml,KNN,KNN,128,"Classifiers trained on concatenated LSTM, GRU, TCN, and Transformer features.",0.9096555618294748,0.9100479776991894,0.9096555618294748,0.9096240917675652,0.8977149075081611,0.925925925925926,0.9116022099447514,"[[786, 94], [66, 825]]",786,94,66,825,D1 ANATEL/UFJF proxy
D1_ANATEL_UFJF_raw_drive_test_proxy,100,08_combined_deep_features_to_classifiers,LSTM_GRU_TCN_Transformer_deep_features,combined_deep_feature_extraction,classical_ml,Logistic_Regression,Logistic_Regression,128,"Classifiers trained on concatenated LSTM, GRU, TCN, and Transformer features.",0.8966685488424618,0.8966848199378796,0.8966685488424618,0.8966695372172203,0.899548532731377,0.8945005611672279,0.8970174451322454,"[[791, 89], [94, 797]]",791,89,94,797,D1 ANATEL/UFJF proxy
D2_urban_multi_operator_public_proxy,1,01_raw_flattened_windows,raw_time_windows,none_raw_baseline,classical_ml,Decision_Tree,Decision_Tree,490,,0.631055312092858,0.7764298356300381,0.631055312092858,0.6672847929031573,0.3164754953076121,0.7111892208553017,0.4380299476817608,"[[4114, 2622], [493, 1214]]",4114,2622,493,1214,D2 Urban proxy
D2_urban_multi_operator_public_proxy,1,01_raw_flattened_windows,raw_time_windows,none_raw_baseline,classical_ml,Random_Forest,Random_Forest,490,,0.8004263887243871,0.7657282603897012,0.8004263887243871,0.769558971986322,0.5141388174807198,0.2343292325717633,0.3219315895372233,"[[6358, 378], [1307, 400]]",6358,378,1307,400,D2 Urban proxy
D2_urban_multi_operator_public_proxy,1,01_raw_flattened_windows,raw_time_windows,none_raw_baseline,classical_ml,SVM,SVM,490,,0.7298353665758617,0.780017871482393,0.7298353665758617,0.7478464012515065,0.3883268482490272,0.5846514352665495,0.4666822539162965,"[[5164, 1572], [709, 998]]",5164,1572,709,998,D2 Urban proxy
D2_urban_multi_operator_public_proxy,1,01_raw_flattened_windows,raw_time_windows,none_raw_baseline,classical_ml,KNN,KNN,490,,0.7781594220063959,0.7408048804207914,0.7781594220063959,0.7520870544018624,0.4118895966029724,0.2272993555946104,0.2929407323518309,"[[6182, 554], [1319, 388]]",6182,554,1319,388,D2 Urban proxy
D2_urban_multi_operator_public_proxy,1,01_raw_flattened_windows,raw_time_windows,none_raw_baseline,classical_ml,Logistic_Regression,Logistic_Regression,490,,0.6835248134549331,0.7861501854917308,0.6835248134549331,0.7126936371008279,0.3540973692168128,0.6859988283538372,0.4670921420023933,"[[4600, 2136], [536, 1171]]",4600,2136,536,1171,D2 Urban proxy
D2_urban_multi_operator_public_proxy,1,02_engineered_flattened_windows,engineered_time_windows,temporal_feature_engineering,classical_ml,Decision_Tree,Decision_Tree,5880,,0.6266729835366576,0.7516865654450066,0.6266729835366576,0.6625701884287409,0.2969935375105366,0.6192149970708846,0.4014432206608431,"[[4234, 2502], [650, 1057]]",4234,2502,650,1057,D2 Urban proxy
D2_urban_multi_operator_public_proxy,1,02_engineered_flattened_windows,engineered_time_windows,temporal_feature_engineering,classical_ml,Random_Forest,Random_Forest,5880,,0.8003079474120574,0.7569849590719226,0.8003079474120574,0.7513769039748123,0.5227765726681128,0.1411833626244874,0.2223247232472324,"[[6516, 220], [1466, 241]]",6516,220,1466,241,D2 Urban proxy
D2_urban_multi_operator_public_proxy,1,02_engineered_flattened_windows,engineered_time_windows,temporal_feature_engineering,classical_ml,SVM,SVM,5880,,0.7420348217458249,0.7659411641930128,0.7420348217458249,0.7521713430566119,0.389695550351288,0.4874048037492677,0.433107756376887,"[[5433, 1303], [875, 832]]",5433,1303,875,832,D2 Urban proxy
D2_urban_multi_operator_public_proxy,1,02_engineered_flattened_windows,engineered_time_windows,temporal_feature_engineering,classical_ml,KNN,KNN,5880,,0.7625251687788701,0.7145809139089396,0.7625251687788701,0.730905202525621,0.328735632183908,0.1675454012888108,0.2219635234769111,"[[6152, 584], [1421, 286]]",6152,584,1421,286,D2 Urban proxy
D2_urban_multi_operator_public_proxy,1,02_engineered_flattened_windows,engineered_time_windows,temporal_feature_engineering,classical_ml,Logistic_Regression,Logistic_Regression,5880,,0.6816297524576572,0.7618517093405155,0.6816297524576572,0.7081807706577109,0.3350151362260343,0.5834797891036907,0.4256410256410256,"[[4759, 1977], [711, 996]]",4759,1977,711,996,D2 Urban proxy
D2_urban_multi_operator_public_proxy,1,03_feature_selection_on_engineered,selected_engineered_features,feature_selection_anova_top_40,classical_ml,Decision_Tree,Decision_Tree,40,,0.6449129456354377,0.754306623205889,0.6449129456354377,0.6779820416589081,0.3077152219243372,0.6051552431165788,0.4079778830963665,"[[4412, 2324], [674, 1033]]",4412,2324,674,1033,D2 Urban proxy
D2_urban_multi_operator_public_proxy,1,03_feature_selection_on_engineered,selected_engineered_features,feature_selection_anova_top_40,classical_ml,Random_Forest,Random_Forest,40,,0.7735402108255359,0.7519080860788672,0.7735402108255359,0.7604407256962739,0.4192277383766745,0.3116578793204452,0.3575268817204301,"[[5999, 737], [1175, 532]]",5999,737,1175,532,D2 Urban proxy
D2_urban_multi_operator_public_proxy,1,03_feature_selection_on_engineered,selected_engineered_features,feature_selection_anova_top_40,classical_ml,SVM,SVM,40,,0.6789056022740731,0.7824203954242919,0.6789056022740731,0.7085450867994899,0.3485214242607121,0.6766256590509666,0.4600677155945031,"[[4577, 2159], [552, 1155]]",4577,2159,552,1155,D2 Urban proxy
D2_urban_multi_operator_public_proxy,1,03_feature_selection_on_engineered,selected_engineered_features,feature_selection_anova_top_40,classical_ml,KNN,KNN,40,,0.7789885111927041,0.7317677775804515,0.7789885111927041,0.7438815111648283,0.3955321944809461,0.1763327475102519,0.2439222042139384,"[[6276, 460], [1406, 301]]",6276,460,1406,301,D2 Urban proxy
D2_urban_multi_operator_public_proxy,1,03_feature_selection_on_engineered,selected_engineered_features,feature_selection_anova_top_40,classical_ml,Logistic_Regression,Logistic_Regression,40,,0.6700225038493427,0.7780252446638551,0.6700225038493427,0.7008132008951107,0.3397683397683397,0.6701816051552432,0.4509262908947576,"[[4513, 2223], [563, 1144]]",4513,2223,563,1144,D2 Urban proxy
D2_urban_multi_operator_public_proxy,1,04_pca_on_engineered,pca_engineered_features,pca_0.95_feature_variance,classical_ml,Decision_Tree,Decision_Tree,423,,0.649295274191638,0.7316908598995796,0.649295274191638,0.6783691204260264,0.2880324543610548,0.4991212653778559,0.3652733118971061,"[[4630, 2106], [855, 852]]",4630,2106,855,852,D2 Urban proxy
D2_urban_multi_operator_public_proxy,1,04_pca_on_engineered,pca_engineered_features,pca_0.95_feature_variance,classical_ml,Random_Forest,Random_Forest,423,,0.7994788582257492,0.7582389201253912,0.7994788582257492,0.7189987971244627,0.5875,0.0275336848271821,0.0526021264689423,"[[6703, 33], [1660, 47]]",6703,33,1660,47,D2 Urban proxy
D2_urban_multi_operator_public_proxy,1,04_pca_on_engineered,pca_engineered_features,pca_0.95_feature_variance,classical_ml,SVM,SVM,423,,0.7362311974416677,0.7630793852792225,0.7362311974416677,0.7474809714845181,0.3807339449541284,0.4862331575864089,0.4270645742217648,"[[5386, 1350], [877, 830]]",5386,1350,877,830,D2 Urban proxy
D2_urban_multi_operator_public_proxy,1,04_pca_on_engineered,pca_engineered_features,pca_0.95_feature_variance,classical_ml,KNN,KNN,423,,0.7659599668364325,0.7206413265092655,0.7659599668364325,0.7356822832970314,0.3483652762119504,0.1810193321616871,0.2382420971472629,"[[6158, 578], [1398, 309]]",6158,578,1398,309,D2 Urban proxy
D2_urban_multi_operator_public_proxy,1,04_pca_on_engineered,pca_engineered_features,pca_0.95_feature_variance,classical_ml,Logistic_Regression,Logistic_Regression,423,,0.6804453393343598,0.7815162547945942,0.6804453393343598,0.709727122910152,0.3489789698262724,0.6707674282366726,0.4591018444266239,"[[4600, 2136], [562, 1145]]",4600,2136,562,1145,D2 Urban proxy
D2_urban_multi_operator_public_proxy,1,05_feature_selection_plus_pca,selected_pca_engineered_features,feature_selection_anova_plus_pca,classical_ml,Decision_Tree,Decision_Tree,10,,0.6190927395475542,0.7428035412668154,0.6190927395475542,0.6555991296170812,0.2864421171808661,0.5928529584065613,0.3862595419847328,"[[4215, 2521], [695, 1012]]",4215,2521,695,1012,D2 Urban proxy
D2_urban_multi_operator_public_proxy,1,05_feature_selection_plus_pca,selected_pca_engineered_features,feature_selection_anova_plus_pca,classical_ml,Random_Forest,Random_Forest,10,,0.7738955347625252,0.7446075256492021,0.7738955347625252,0.7550602795834858,0.4096601073345259,0.268306971294669,0.3242477876106194,"[[6076, 660], [1249, 458]]",6076,660,1249,458,D2 Urban proxy
D2_urban_multi_operator_public_proxy,1,05_feature_selection_plus_pca,selected_pca_engineered_features,feature_selection_anova_plus_pca,classical_ml,SVM,SVM,10,,0.6658770579178017,0.780575979696295,0.6658770579178017,0.6975456721705615,0.3388310185185185,0.6859988283538372,0.4536122409451869,"[[4451, 2285], [536, 1171]]",4451,2285,536,1171,D2 Urban proxy
D2_urban_multi_operator_public_proxy,1,05_feature_selection_plus_pca,selected_pca_engineered_features,feature_selection_anova_plus_pca,classical_ml,KNN,KNN,10,,0.7788700698803743,0.7300409124761037,0.7788700698803743,0.7423579430989047,0.391304347826087,0.1687170474516696,0.2357756856324191,"[[6288, 448], [1419, 288]]",6288,448,1419,288,D2 Urban proxy
D2_urban_multi_operator_public_proxy,1,05_feature_selection_plus_pca,selected_pca_engineered_features,feature_selection_anova_plus_pca,classical_ml,Logistic_Regression,Logistic_Regression,10,,0.6683643254767263,0.7823638369245371,0.6683643254767263,0.6997620500932308,0.3415482748622789,0.690099589923843,0.4569433669511249,"[[4465, 2271], [529, 1178]]",4465,2271,529,1178,D2 Urban proxy
D2_urban_multi_operator_public_proxy,1,06_direct_deep_learning,engineered_sequence_features,deep_temporal_learning,deep_learning_direct,LSTM,direct_sigmoid,588,Direct sequence model.,0.6411228236408859,0.7797332533793966,0.6411228236408859,0.6762358188573894,0.3238348868175765,0.7123608670181605,0.4452581471988283,"[[4197, 2539], [491, 1216]]",4197,2539,491,1216,D2 Urban proxy
D2_urban_multi_operator_public_proxy,1,06_direct_deep_learning,engineered_sequence_features,deep_temporal_learning,deep_learning_direct,GRU,direct_sigmoid,588,Direct sequence model.,0.6391093213312804,0.781298586227854,0.6391093213312804,0.674499419768769,0.3236842105263158,0.7205623901581723,0.4467041946613401,"[[4166, 2570], [477, 1230]]",4166,2570,477,1230,D2 Urban proxy
D2_urban_multi_operator_public_proxy,1,06_direct_deep_learning,engineered_sequence_features,deep_temporal_learning,deep_learning_direct,TCN,direct_sigmoid,588,Direct sequence model.,0.536065379604406,0.7755928103901473,0.536065379604406,0.5756700201786025,0.2762251923855812,0.799062683069713,0.4105342362678705,"[[3162, 3574], [343, 1364]]",3162,3574,343,1364,D2 Urban proxy
D2_urban_multi_operator_public_proxy,1,06_direct_deep_learning,engineered_sequence_features,deep_temporal_learning,deep_learning_direct,Transformer,direct_sigmoid,588,Direct sequence model.,0.6548620158711359,0.7591302912221176,0.6548620158711359,0.6865884745266374,0.3168437025796661,0.6115992970123023,0.4174330267892843,"[[4485, 2251], [663, 1044]]",4485,2251,663,1044,D2 Urban proxy
D2_urban_multi_operator_public_proxy,1,07_individual_deep_features_to_classifiers,LSTM_deep_features,LSTM_as_feature_extractor,classical_ml,Decision_Tree,Decision_Tree,32,Classifiers trained only on LSTM latent temporal features.,0.6906312921947175,0.7605704587907514,0.6906312921947175,0.7148160241099303,0.3399363282631765,0.5629759812536614,0.4239082487869431,"[[4870, 1866], [746, 961]]",4870,1866,746,961,D2 Urban proxy
D2_urban_multi_operator_public_proxy,1,07_individual_deep_features_to_classifiers,LSTM_deep_features,LSTM_as_feature_extractor,classical_ml,Random_Forest,Random_Forest,32,Classifiers trained only on LSTM latent temporal features.,0.7590903707213076,0.7558208924901932,0.7590903707213076,0.7574141980183514,0.4006079027355623,0.38605741066198,0.3931980906921241,"[[5750, 986], [1048, 659]]",5750,986,1048,659,D2 Urban proxy
D2_urban_multi_operator_public_proxy,1,07_individual_deep_features_to_classifiers,LSTM_deep_features,LSTM_as_feature_extractor,classical_ml,SVM,SVM,32,Classifiers trained only on LSTM latent temporal features.,0.6853014331398792,0.7700967104435263,0.6853014331398792,0.7122830102614189,0.3441601049868766,0.6145284124194493,0.4412197686645636,"[[4737, 1999], [658, 1049]]",4737,1999,658,1049,D2 Urban proxy
D2_urban_multi_operator_public_proxy,1,07_individual_deep_features_to_classifiers,LSTM_deep_features,LSTM_as_feature_extractor,classical_ml,KNN,KNN,32,Classifiers trained only on LSTM latent temporal features.,0.7683287930830274,0.7470072117306191,0.7683287930830274,0.7556533933711946,0.4034134988363072,0.3046280023432923,0.3471295060080107,"[[5967, 769], [1187, 520]]",5967,769,1187,520,D2 Urban proxy
D2_urban_multi_operator_public_proxy,1,07_individual_deep_features_to_classifiers,LSTM_deep_features,LSTM_as_feature_extractor,classical_ml,Logistic_Regression,Logistic_Regression,32,Classifiers trained only on LSTM latent temporal features.,0.681274428520668,0.7676479130373288,0.681274428520668,0.7087697801360378,0.3395303326810176,0.6098418277680141,0.436203645505971,"[[4711, 2025], [666, 1041]]",4711,2025,666,1041,D2 Urban proxy
D2_urban_multi_operator_public_proxy,1,07_individual_deep_features_to_classifiers,GRU_deep_features,GRU_as_feature_extractor,classical_ml,Decision_Tree,Decision_Tree,32,Classifiers trained only on GRU latent temporal features.,0.6952505033755774,0.7637823705768024,0.6952505033755774,0.7188948638338484,0.3460170697012802,0.5700058582308143,0.4306262447444124,"[[4897, 1839], [734, 973]]",4897,1839,734,973,D2 Urban proxy
D2_urban_multi_operator_public_proxy,1,07_individual_deep_features_to_classifiers,GRU_deep_features,GRU_as_feature_extractor,classical_ml,Random_Forest,Random_Forest,32,Classifiers trained only on GRU latent temporal features.,0.7724742390145682,0.7594510997078607,0.7724742390145682,0.7651573057723382,0.4259002770083102,0.3602811950790861,0.390352269120914,"[[5907, 829], [1092, 615]]",5907,829,1092,615,D2 Urban proxy
D2_urban_multi_operator_public_proxy,1,07_individual_deep_features_to_classifiers,GRU_deep_features,GRU_as_feature_extractor,classical_ml,SVM,SVM,32,Classifiers trained only on GRU latent temporal features.,0.6886177898851119,0.7802095224872937,0.6886177898851119,0.7162284762874431,0.3538363982244769,0.6537785588752196,0.4591647809092779,"[[4698, 2038], [591, 1116]]",4698,2038,591,1116,D2 Urban proxy
D2_urban_multi_operator_public_proxy,1,07_individual_deep_features_to_classifiers,GRU_deep_features,GRU_as_feature_extractor,classical_ml,KNN,KNN,32,Classifiers trained only on GRU latent temporal features.,0.7761459196967903,0.7519255030100706,0.7761459196967903,0.7610207625180659,0.4243176178660049,0.3005272407732864,0.3518518518518518,"[[6040, 696], [1194, 513]]",6040,696,1194,513,D2 Urban proxy
D2_urban_multi_operator_public_proxy,1,07_individual_deep_features_to_classifiers,GRU_deep_features,GRU_as_feature_extractor,classical_ml,Logistic_Regression,Logistic_Regression,32,Classifiers trained only on GRU latent temporal features.,0.6951320620632476,0.7817248524086319,0.6951320620632476,0.7216323189781926,0.3596633214632567,0.6508494434680726,0.463302752293578,"[[4758, 1978], [596, 1111]]",4758,1978,596,1111,D2 Urban proxy
D2_urban_multi_operator_public_proxy,1,07_individual_deep_features_to_classifiers,TCN_deep_features,TCN_as_feature_extractor,classical_ml,Decision_Tree,Decision_Tree,32,Classifiers trained only on TCN latent temporal features.,0.6720360061589482,0.7451421164288221,0.6720360061589482,0.6979390850401243,0.3135533707865168,0.5231400117164616,0.3920965971459934,"[[4781, 1955], [814, 893]]",4781,1955,814,893,D2 Urban proxy
D2_urban_multi_operator_public_proxy,1,07_individual_deep_features_to_classifiers,TCN_deep_features,TCN_as_feature_extractor,classical_ml,Random_Forest,Random_Forest,32,Classifiers trained only on TCN latent temporal features.,0.7467724742390146,0.7299561621626858,0.7467724742390146,0.7374747798590487,0.3472714386959603,0.28705330990041,0.3143040410519563,"[[5815, 921], [1217, 490]]",5815,921,1217,490,D2 Urban proxy
D2_urban_multi_operator_public_proxy,1,07_individual_deep_features_to_classifiers,TCN_deep_features,TCN_as_feature_extractor,classical_ml,SVM,SVM,32,Classifiers trained only on TCN latent temporal features.,0.6578230486793794,0.757931659823584,0.6578230486793794,0.6888571200192914,0.3174799258801729,0.6022261277094317,0.4157735085945399,"[[4526, 2210], [679, 1028]]",4526,2210,679,1028,D2 Urban proxy
D2_urban_multi_operator_public_proxy,1,07_individual_deep_features_to_classifiers,TCN_deep_features,TCN_as_feature_extractor,classical_ml,KNN,KNN,32,Classifiers trained only on TCN latent temporal features.,0.7425085869951439,0.7197849579206929,0.7425085869951439,0.7296825618122638,0.3232399697199091,0.2501464557703574,0.2820343461030383,"[[5842, 894], [1280, 427]]",5842,894,1280,427,D2 Urban proxy
D2_urban_multi_operator_public_proxy,1,07_individual_deep_features_to_classifiers,TCN_deep_features,TCN_as_feature_extractor,classical_ml,Logistic_Regression,Logistic_Regression,32,Classifiers trained only on TCN latent temporal features.,0.664811086106834,0.7569337237017337,0.664811086106834,0.6943138053125626,0.3205496963886226,0.5875805506736965,0.4148056244830438,"[[4610, 2126], [704, 1003]]",4610,2126,704,1003,D2 Urban proxy
D2_urban_multi_operator_public_proxy,1,07_individual_deep_features_to_classifiers,Transformer_deep_features,Transformer_as_feature_extractor,classical_ml,Decision_Tree,Decision_Tree,32,Classifiers trained only on Transformer latent temporal features.,0.6880255833234632,0.7450586195761232,0.6880255833234632,0.7095537819280331,0.322888803974016,0.49502050380785,0.3908418131359852,"[[4964, 1772], [862, 845]]",4964,1772,862,845,D2 Urban proxy
D2_urban_multi_operator_public_proxy,1,07_individual_deep_features_to_classifiers,Transformer_deep_features,Transformer_as_feature_extractor,classical_ml,Random_Forest,Random_Forest,32,Classifiers trained only on Transformer latent temporal features.,0.7434561174937818,0.7448007126303162,0.7434561174937818,0.7441226378438726,0.3674176776429809,0.3725834797891036,0.3699825479930192,"[[5641, 1095], [1071, 636]]",5641,1095,1071,636,D2 Urban proxy
D2_urban_multi_operator_public_proxy,1,07_individual_deep_features_to_classifiers,Transformer_deep_features,Transformer_as_feature_extractor,classical_ml,SVM,SVM,32,Classifiers trained only on Transformer latent temporal features.,0.6880255833234632,0.7565706746929802,0.6880255833234632,0.7120939519429221,0.3345233845055337,0.5489162272993556,0.4157054125998225,"[[4872, 1864], [770, 937]]",4872,1864,770,937,D2 Urban proxy
D2_urban_multi_operator_public_proxy,1,07_individual_deep_features_to_classifiers,Transformer_deep_features,Transformer_as_feature_extractor,classical_ml,KNN,KNN,32,Classifiers trained only on Transformer latent temporal features.,0.7429823522444629,0.7351422385867997,0.7429823522444629,0.7388720053656979,0.3524537922243467,0.3239601640304628,0.3376068376068376,"[[5720, 1016], [1154, 553]]",5720,1016,1154,553,D2 Urban proxy
D2_urban_multi_operator_public_proxy,1,07_individual_deep_features_to_classifiers,Transformer_deep_features,Transformer_as_feature_extractor,classical_ml,Logistic_Regression,Logistic_Regression,32,Classifiers trained only on Transformer latent temporal features.,0.6785502783370839,0.7572522261540064,0.6785502783370839,0.7050584211042888,0.3290322580645161,0.5676625659050967,0.4165950128976784,"[[4760, 1976], [738, 969]]",4760,1976,738,969,D2 Urban proxy
D2_urban_multi_operator_public_proxy,1,08_combined_deep_features_to_classifiers,LSTM_GRU_TCN_Transformer_deep_features,combined_deep_feature_extraction,classical_ml,Decision_Tree,Decision_Tree,128,"Classifiers trained on concatenated LSTM, GRU, TCN, and Transformer features.",0.7047258083619566,0.7489086185843206,0.7047258083619566,0.7221893508941581,0.3384046052631579,0.482132396016403,0.3976805991785455,"[[5127, 1609], [884, 823]]",5127,1609,884,823,D2 Urban proxy
D2_urban_multi_operator_public_proxy,1,08_combined_deep_features_to_classifiers,LSTM_GRU_TCN_Transformer_deep_features,combined_deep_feature_extraction,classical_ml,Random_Forest,Random_Forest,128,"Classifiers trained on concatenated LSTM, GRU, TCN, and Transformer features.",0.7684472343953571,0.7543169893272733,0.7684472343953571,0.7604927274991808,0.4131652661064425,0.3456356180433509,0.3763955342902711,"[[5898, 838], [1117, 590]]",5898,838,1117,590,D2 Urban proxy
D2_urban_multi_operator_public_proxy,1,08_combined_deep_features_to_classifiers,LSTM_GRU_TCN_Transformer_deep_features,combined_deep_feature_extraction,classical_ml,SVM,SVM,128,"Classifiers trained on concatenated LSTM, GRU, TCN, and Transformer features.",0.7059102214852541,0.7608006741615706,0.7059102214852541,0.7261038391519649,0.3513409961685824,0.5371997656707674,0.4248320593004401,"[[5043, 1693], [790, 917]]",5043,1693,790,917,D2 Urban proxy
D2_urban_multi_operator_public_proxy,1,08_combined_deep_features_to_classifiers,LSTM_GRU_TCN_Transformer_deep_features,combined_deep_feature_extraction,classical_ml,KNN,KNN,128,"Classifiers trained on concatenated LSTM, GRU, TCN, and Transformer features.",0.7554186900390857,0.743478390908648,0.7554186900390857,0.7489282025500752,0.3795423956931359,0.3304042179261863,0.3532727842154713,"[[5814, 922], [1143, 564]]",5814,922,1143,564,D2 Urban proxy
D2_urban_multi_operator_public_proxy,1,08_combined_deep_features_to_classifiers,LSTM_GRU_TCN_Transformer_deep_features,combined_deep_feature_extraction,classical_ml,Logistic_Regression,Logistic_Regression,128,"Classifiers trained on concatenated LSTM, GRU, TCN, and Transformer features.",0.7097003434798057,0.7637385606212128,0.7097003434798057,0.7295195596498324,0.357033051498847,0.5442296426479203,0.4311905314458111,"[[5063, 1673], [778, 929]]",5063,1673,778,929,D2 Urban proxy
D2_urban_multi_operator_public_proxy,7,01_raw_flattened_windows,raw_time_windows,none_raw_baseline,classical_ml,Decision_Tree,Decision_Tree,490,,0.6695304695304696,0.8180916128419208,0.6695304695304696,0.7149804892491322,0.2622950819672131,0.6569536423841059,0.3749055177626606,"[[2855, 1395], [259, 496]]",2855,1395,259,496,D2 Urban proxy
D2_urban_multi_operator_public_proxy,7,01_raw_flattened_windows,raw_time_windows,none_raw_baseline,classical_ml,Random_Forest,Random_Forest,490,,0.8247752247752248,0.7973142074316107,0.8247752247752248,0.8080120808865748,0.3729166666666667,0.2370860927152318,0.2898785425101214,"[[3949, 301], [576, 179]]",3949,301,576,179,D2 Urban proxy
D2_urban_multi_operator_public_proxy,7,01_raw_flattened_windows,raw_time_windows,none_raw_baseline,classical_ml,SVM,SVM,490,,0.7198801198801199,0.8329761272408213,0.7198801198801199,0.7557856807661032,0.3059388122375525,0.6754966887417219,0.4211395540875309,"[[3093, 1157], [245, 510]]",3093,1157,245,510,D2 Urban proxy
D2_urban_multi_operator_public_proxy,7,01_raw_flattened_windows,raw_time_windows,none_raw_baseline,classical_ml,KNN,KNN,490,,0.7966033966033966,0.7820435610520566,0.7966033966033966,0.7888302434937892,0.2909379968203497,0.2423841059602649,0.2644508670520231,"[[3804, 446], [572, 183]]",3804,446,572,183,D2 Urban proxy
D2_urban_multi_operator_public_proxy,7,01_raw_flattened_windows,raw_time_windows,none_raw_baseline,classical_ml,Logistic_Regression,Logistic_Regression,490,,0.6591408591408592,0.8198848854507637,0.6591408591408592,0.7067280669645316,0.2589964521033958,0.6768211920529801,0.374633431085044,"[[2788, 1462], [244, 511]]",2788,1462,244,511,D2 Urban proxy
D2_urban_multi_operator_public_proxy,7,02_engineered_flattened_windows,engineered_time_windows,temporal_feature_engineering,classical_ml,Decision_Tree,Decision_Tree,5880,,0.6237762237762238,0.8002177052755897,0.6237762237762238,0.676873499129251,0.2264791464597478,0.6185430463576159,0.331558395456159,"[[2655, 1595], [288, 467]]",2655,1595,288,467,D2 Urban proxy
D2_urban_multi_operator_public_proxy,7,02_engineered_flattened_windows,engineered_time_windows,temporal_feature_engineering,classical_ml,Random_Forest,Random_Forest,5880,,0.8297702297702297,0.7835434923929986,0.8297702297702297,0.7983357494635691,0.343042071197411,0.1403973509933775,0.1992481203007518,"[[4047, 203], [649, 106]]",4047,203,649,106,D2 Urban proxy
D2_urban_multi_operator_public_proxy,7,02_engineered_flattened_windows,engineered_time_windows,temporal_feature_engineering,classical_ml,SVM,SVM,5880,,0.7480519480519481,0.8083481603003103,0.7480519480519481,0.7716062212563973,0.2988871224165342,0.4980132450331125,0.3735717834078489,"[[3368, 882], [379, 376]]",3368,882,379,376,D2 Urban proxy
D2_urban_multi_operator_public_proxy,7,02_engineered_flattened_windows,engineered_time_windows,temporal_feature_engineering,classical_ml,KNN,KNN,5880,,0.7912087912087912,0.7656771959802262,0.7912087912087912,0.7772679652098933,0.2363636363636363,0.1721854304635761,0.1992337164750957,"[[3830, 420], [625, 130]]",3830,420,625,130,D2 Urban proxy
D2_urban_multi_operator_public_proxy,7,02_engineered_flattened_windows,engineered_time_windows,temporal_feature_engineering,classical_ml,Logistic_Regression,Logistic_Regression,5880,,0.6895104895104895,0.8032950711413188,0.6895104895104895,0.7288161400003506,0.2562538133007931,0.5562913907284768,0.3508771929824561,"[[3031, 1219], [335, 420]]",3031,1219,335,420,D2 Urban proxy
D2_urban_multi_operator_public_proxy,7,03_feature_selection_on_engineered,selected_engineered_features,feature_selection_anova_top_40,classical_ml,Decision_Tree,Decision_Tree,40,,0.6295704295704295,0.806697206311512,0.6295704295704295,0.6818919416304973,0.2346692419121197,0.6437086092715232,0.3439490445859872,"[[2665, 1585], [269, 486]]",2665,1585,269,486,D2 Urban proxy
D2_urban_multi_operator_public_proxy,7,03_feature_selection_on_engineered,selected_engineered_features,feature_selection_anova_top_40,classical_ml,Random_Forest,Random_Forest,40,,0.784015984015984,0.7873957045256162,0.784015984015984,0.7856812164719225,0.2920918367346938,0.3033112582781457,0.2975958414554905,"[[3695, 555], [526, 229]]",3695,555,526,229,D2 Urban proxy
D2_urban_multi_operator_public_proxy,7,03_feature_selection_on_engineered,selected_engineered_features,feature_selection_anova_top_40,classical_ml,SVM,SVM,40,,0.6459540459540459,0.808119735799414,0.6459540459540459,0.6953822594731243,0.2422706538266599,0.633112582781457,0.3504398826979472,"[[2755, 1495], [277, 478]]",2755,1495,277,478,D2 Urban proxy
D2_urban_multi_operator_public_proxy,7,03_feature_selection_on_engineered,selected_engineered_features,feature_selection_anova_top_40,classical_ml,KNN,KNN,40,,0.8127872127872128,0.7760969596877599,0.8127872127872128,0.7909222254174171,0.2903225806451613,0.166887417218543,0.2119428090832632,"[[3942, 308], [629, 126]]",3942,308,629,126,D2 Urban proxy
D2_urban_multi_operator_public_proxy,7,03_feature_selection_on_engineered,selected_engineered_features,feature_selection_anova_top_40,classical_ml,Logistic_Regression,Logistic_Regression,40,,0.6489510489510489,0.8166328102866243,0.6489510489510489,0.6982514931859446,0.2514880952380952,0.671523178807947,0.3659328762179718,"[[2741, 1509], [248, 507]]",2741,1509,248,507,D2 Urban proxy
D2_urban_multi_operator_public_proxy,7,04_pca_on_engineered,pca_engineered_features,pca_0.95_feature_variance,classical_ml,Decision_Tree,Decision_Tree,426,,0.6373626373626373,0.7816779260794608,0.6373626373626373,0.68648831773489,0.2100656455142232,0.5086092715231788,0.29732868757259,"[[2806, 1444], [371, 384]]",2806,1444,371,384,D2 Urban proxy
D2_urban_multi_operator_public_proxy,7,04_pca_on_engineered,pca_engineered_features,pca_0.95_feature_variance,classical_ml,Random_Forest,Random_Forest,426,,0.8447552447552448,0.7410806948495391,0.8447552447552448,0.7791661913768485,0.1333333333333333,0.0052980132450331,0.0101910828025477,"[[4224, 26], [751, 4]]",4224,26,751,4,D2 Urban proxy
D2_urban_multi_operator_public_proxy,7,04_pca_on_engineered,pca_engineered_features,pca_0.95_feature_variance,classical_ml,SVM,SVM,426,,0.7428571428571429,0.8123794129783783,0.7428571428571429,0.7690403873333957,0.3003003003003003,0.5298013245033113,0.3833253473885961,"[[3318, 932], [355, 400]]",3318,932,355,400,D2 Urban proxy
D2_urban_multi_operator_public_proxy,7,04_pca_on_engineered,pca_engineered_features,pca_0.95_feature_variance,classical_ml,KNN,KNN,426,,0.7936063936063936,0.7684664605876728,0.7936063936063936,0.7798256536476742,0.2472727272727272,0.1801324503311258,0.2084291187739463,"[[3836, 414], [619, 136]]",3836,414,619,136,D2 Urban proxy
D2_urban_multi_operator_public_proxy,7,04_pca_on_engineered,pca_engineered_features,pca_0.95_feature_variance,classical_ml,Logistic_Regression,Logistic_Regression,426,,0.6847152847152848,0.8147181350192872,0.6847152847152848,0.7266125561075706,0.2665910380034033,0.6225165562913907,0.3733121525019857,"[[2957, 1293], [285, 470]]",2957,1293,285,470,D2 Urban proxy
D2_urban_multi_operator_public_proxy,7,05_feature_selection_plus_pca,selected_pca_engineered_features,feature_selection_anova_plus_pca,classical_ml,Decision_Tree,Decision_Tree,10,,0.6671328671328671,0.7879448956098977,0.6671328671328671,0.7098722857525179,0.227408737283064,0.5033112582781457,0.313272877164056,"[[2959, 1291], [375, 380]]",2959,1291,375,380,D2 Urban proxy
D2_urban_multi_operator_public_proxy,7,05_feature_selection_plus_pca,selected_pca_engineered_features,feature_selection_anova_plus_pca,classical_ml,Random_Forest,Random_Forest,10,,0.7902097902097902,0.7904381602073204,0.7902097902097902,0.7903238533386803,0.3051519154557464,0.3059602649006622,0.3055555555555556,"[[3724, 526], [524, 231]]",3724,526,524,231,D2 Urban proxy
D2_urban_multi_operator_public_proxy,7,05_feature_selection_plus_pca,selected_pca_engineered_features,feature_selection_anova_plus_pca,classical_ml,SVM,SVM,10,,0.6475524475524476,0.8090088013134361,0.6475524475524477,0.6967272021004906,0.2437785678009141,0.6357615894039735,0.3524229074889868,"[[2761, 1489], [275, 480]]",2761,1489,275,480,D2 Urban proxy
D2_urban_multi_operator_public_proxy,7,05_feature_selection_plus_pca,selected_pca_engineered_features,feature_selection_anova_plus_pca,classical_ml,KNN,KNN,10,,0.803996003996004,0.7692010614323388,0.803996003996004,0.7840222927263546,0.2575107296137339,0.1589403973509933,0.1965601965601965,"[[3904, 346], [635, 120]]",3904,346,635,120,D2 Urban proxy
D2_urban_multi_operator_public_proxy,7,05_feature_selection_plus_pca,selected_pca_engineered_features,feature_selection_anova_plus_pca,classical_ml,Logistic_Regression,Logistic_Regression,10,,0.6467532467532467,0.8175439916554764,0.6467532467532469,0.6964828880098014,0.2513500245459008,0.6781456953642384,0.3667621776504298,"[[2725, 1525], [243, 512]]",2725,1525,243,512,D2 Urban proxy
D2_urban_multi_operator_public_proxy,7,06_direct_deep_learning,engineered_sequence_features,deep_temporal_learning,deep_learning_direct,LSTM,direct_sigmoid,588,Direct sequence model.,0.7422577422577422,0.8015990210595791,0.7422577422577422,0.7658844089198558,0.2847948511665326,0.4688741721854305,0.3543543543543543,"[[3361, 889], [401, 354]]",3361,889,401,354,D2 Urban proxy
D2_urban_multi_operator_public_proxy,7,06_direct_deep_learning,engineered_sequence_features,deep_temporal_learning,deep_learning_direct,GRU,direct_sigmoid,588,Direct sequence model.,0.7308691308691309,0.8116529422641237,0.7308691308691309,0.7604440897266512,0.2906647807637906,0.5443708609271524,0.3789764868603043,"[[3247, 1003], [344, 411]]",3247,1003,344,411,D2 Urban proxy
D2_urban_multi_operator_public_proxy,7,06_direct_deep_learning,engineered_sequence_features,deep_temporal_learning,deep_learning_direct,TCN,direct_sigmoid,588,Direct sequence model.,0.6619380619380619,0.7866686262642851,0.6619380619380619,0.7058083656543334,0.2239245727754861,0.5033112582781457,0.3099510603588907,"[[2933, 1317], [375, 380]]",2933,1317,375,380,D2 Urban proxy
D2_urban_multi_operator_public_proxy,7,06_direct_deep_learning,engineered_sequence_features,deep_temporal_learning,deep_learning_direct,Transformer,direct_sigmoid,588,Direct sequence model.,0.7064935064935065,0.7971417739238111,0.7064935064935065,0.7401256642975297,0.2568119891008174,0.4993377483443708,0.3391812865497076,"[[3159, 1091], [378, 377]]",3159,1091,378,377,D2 Urban proxy
D2_urban_multi_operator_public_proxy,7,07_individual_deep_features_to_classifiers,LSTM_deep_features,LSTM_as_feature_extractor,classical_ml,Decision_Tree,Decision_Tree,32,Classifiers trained only on LSTM latent temporal features.,0.7326673326673326,0.7988319131438703,0.7326673326673326,0.7586883879717762,0.2742060418280402,0.4688741721854305,0.3460410557184751,"[[3313, 937], [401, 354]]",3313,937,401,354,D2 Urban proxy
D2_urban_multi_operator_public_proxy,7,07_individual_deep_features_to_classifiers,LSTM_deep_features,LSTM_as_feature_extractor,classical_ml,Random_Forest,Random_Forest,32,Classifiers trained only on LSTM latent temporal features.,0.8081918081918081,0.7957416367538116,0.8081918081918081,0.8015024544160555,0.3395931142410016,0.2874172185430463,0.3113342898134864,"[[3828, 422], [538, 217]]",3828,422,538,217,D2 Urban proxy
D2_urban_multi_operator_public_proxy,7,07_individual_deep_features_to_classifiers,LSTM_deep_features,LSTM_as_feature_extractor,classical_ml,SVM,SVM,32,Classifiers trained only on LSTM latent temporal features.,0.7404595404595404,0.8096170840123,0.7404595404595404,0.7667215556212869,0.2948717948717949,0.5178807947019868,0.3757808745795291,"[[3315, 935], [364, 391]]",3315,935,364,391,D2 Urban proxy
D2_urban_multi_operator_public_proxy,7,07_individual_deep_features_to_classifiers,LSTM_deep_features,LSTM_as_feature_extractor,classical_ml,KNN,KNN,32,Classifiers trained only on LSTM latent temporal features.,0.8045954045954046,0.7845830147051773,0.8045954045954046,0.7935431257625312,0.3067590987868284,0.2344370860927152,0.2657657657657657,"[[3850, 400], [578, 177]]",3850,400,578,177,D2 Urban proxy
D2_urban_multi_operator_public_proxy,7,07_individual_deep_features_to_classifiers,LSTM_deep_features,LSTM_as_feature_extractor,classical_ml,Logistic_Regression,Logistic_Regression,32,Classifiers trained only on LSTM latent temporal features.,0.7390609390609391,0.8099201631529663,0.739060939060939,0.7658225150098994,0.2942494398805078,0.5218543046357615,0.3763132760267431,"[[3305, 945], [361, 394]]",3305,945,361,394,D2 Urban proxy
D2_urban_multi_operator_public_proxy,7,07_individual_deep_features_to_classifiers,GRU_deep_features,GRU_as_feature_extractor,classical_ml,Decision_Tree,Decision_Tree,32,Classifiers trained only on GRU latent temporal features.,0.66993006993007,0.8197734571133407,0.66993006993007,0.7154206944760237,0.2640715412940557,0.6649006622516557,0.378012048192771,"[[2851, 1399], [253, 502]]",2851,1399,253,502,D2 Urban proxy
D2_urban_multi_operator_public_proxy,7,07_individual_deep_features_to_classifiers,GRU_deep_features,GRU_as_feature_extractor,classical_ml,Random_Forest,Random_Forest,32,Classifiers trained only on GRU latent temporal features.,0.797002997002997,0.8139898648501976,0.797002997002997,0.804694951172255,0.357064622124863,0.4317880794701986,0.3908872901678657,"[[3663, 587], [429, 326]]",3663,587,429,326,D2 Urban proxy
D2_urban_multi_operator_public_proxy,7,07_individual_deep_features_to_classifiers,GRU_deep_features,GRU_as_feature_extractor,classical_ml,SVM,SVM,32,Classifiers trained only on GRU latent temporal features.,0.6883116883116883,0.820418563783115,0.6883116883116883,0.7299942402224966,0.2742568704430734,0.6476821192052981,0.3853427895981087,"[[2956, 1294], [266, 489]]",2956,1294,266,489,D2 Urban proxy
D2_urban_multi_operator_public_proxy,7,07_individual_deep_features_to_classifiers,GRU_deep_features,GRU_as_feature_extractor,classical_ml,KNN,KNN,32,Classifiers trained only on GRU latent temporal features.,0.7934065934065934,0.7897720103033865,0.7934065934065934,0.7915575520960835,0.3070539419087137,0.2940397350993377,0.3004059539918809,"[[3749, 501], [533, 222]]",3749,501,533,222,D2 Urban proxy
D2_urban_multi_operator_public_proxy,7,07_individual_deep_features_to_classifiers,GRU_deep_features,GRU_as_feature_extractor,classical_ml,Logistic_Regression,Logistic_Regression,32,Classifiers trained only on GRU latent temporal features.,0.7182817182817183,0.828335125569853,0.7182817182817183,0.7539780135773457,0.3004265691651432,0.6529801324503312,0.4115191986644407,"[[3102, 1148], [262, 493]]",3102,1148,262,493,D2 Urban proxy
D2_urban_multi_operator_public_proxy,7,07_individual_deep_features_to_classifiers,TCN_deep_features,TCN_as_feature_extractor,classical_ml,Decision_Tree,Decision_Tree,32,Classifiers trained only on TCN latent temporal features.,0.6823176823176823,0.7904906169890397,0.6823176823176823,0.7214699685364614,0.2365930599369085,0.4966887417218543,0.3205128205128205,"[[3040, 1210], [380, 375]]",3040,1210,380,375,D2 Urban proxy
D2_urban_multi_operator_public_proxy,7,07_individual_deep_features_to_classifiers,TCN_deep_features,TCN_as_feature_extractor,classical_ml,Random_Forest,Random_Forest,32,Classifiers trained only on TCN latent temporal features.,0.7904095904095904,0.7849621328053266,0.7904095904095904,0.7876192332788368,0.2923728813559322,0.2741721854304635,0.2829801777170198,"[[3749, 501], [548, 207]]",3749,501,548,207,D2 Urban proxy
D2_urban_multi_operator_public_proxy,7,07_individual_deep_features_to_classifiers,TCN_deep_features,TCN_as_feature_extractor,classical_ml,SVM,SVM,32,Classifiers trained only on TCN latent temporal features.,0.6923076923076923,0.7976158721549695,0.6923076923076923,0.7299833667148343,0.2504767959313413,0.5218543046357615,0.3384879725085911,"[[3071, 1179], [361, 394]]",3071,1179,361,394,D2 Urban proxy
D2_urban_multi_operator_public_proxy,7,07_individual_deep_features_to_classifiers,TCN_deep_features,TCN_as_feature_extractor,classical_ml,KNN,KNN,32,Classifiers trained only on TCN latent temporal features.,0.7878121878121878,0.7704107209228489,0.7878121878121878,0.7785427857322764,0.2495921696574225,0.2026490066225165,0.2236842105263158,"[[3790, 460], [602, 153]]",3790,460,602,153,D2 Urban proxy
D2_urban_multi_operator_public_proxy,7,07_individual_deep_features_to_classifiers,TCN_deep_features,TCN_as_feature_extractor,classical_ml,Logistic_Regression,Logistic_Regression,32,Classifiers trained only on TCN latent temporal features.,0.6997002997002997,0.7958644166274348,0.6997002997002997,0.7350212776475709,0.2516600265604249,0.5019867549668874,0.335249889429456,"[[3123, 1127], [376, 379]]",3123,1127,376,379,D2 Urban proxy
D2_urban_multi_operator_public_proxy,7,07_individual_deep_features_to_classifiers,Transformer_deep_features,Transformer_as_feature_extractor,classical_ml,Decision_Tree,Decision_Tree,32,Classifiers trained only on Transformer latent temporal features.,0.6659340659340659,0.7953639124698785,0.6659340659340659,0.7099683339928688,0.2363427257044278,0.5443708609271524,0.3295910184442662,"[[2922, 1328], [344, 411]]",2922,1328,344,411,D2 Urban proxy
D2_urban_multi_operator_public_proxy,7,07_individual_deep_features_to_classifiers,Transformer_deep_features,Transformer_as_feature_extractor,classical_ml,Random_Forest,Random_Forest,32,Classifiers trained only on Transformer latent temporal features.,0.7924075924075924,0.7817948455099686,0.7924075924075924,0.7868506355024154,0.286144578313253,0.2516556291390728,0.2677942212825934,"[[3776, 474], [565, 190]]",3776,474,565,190,D2 Urban proxy
D2_urban_multi_operator_public_proxy,7,07_individual_deep_features_to_classifiers,Transformer_deep_features,Transformer_as_feature_extractor,classical_ml,SVM,SVM,32,Classifiers trained only on Transformer latent temporal features.,0.6819180819180819,0.8007087520129257,0.6819180819180819,0.7227591109952031,0.2495511669658887,0.552317880794702,0.3437757625721352,"[[2996, 1254], [338, 417]]",2996,1254,338,417,D2 Urban proxy
D2_urban_multi_operator_public_proxy,7,07_individual_deep_features_to_classifiers,Transformer_deep_features,Transformer_as_feature_extractor,classical_ml,KNN,KNN,32,Classifiers trained only on Transformer latent temporal features.,0.7740259740259741,0.7683806511414768,0.7740259740259741,0.7711503996356124,0.2352112676056338,0.2211920529801324,0.2279863481228669,"[[3707, 543], [588, 167]]",3707,543,588,167,D2 Urban proxy
D2_urban_multi_operator_public_proxy,7,07_individual_deep_features_to_classifiers,Transformer_deep_features,Transformer_as_feature_extractor,classical_ml,Logistic_Regression,Logistic_Regression,32,Classifiers trained only on Transformer latent temporal features.,0.7030969030969031,0.7912483336402483,0.7030969030969031,0.7364899198824468,0.2467082467082467,0.471523178807947,0.3239308462238398,"[[3163, 1087], [399, 356]]",3163,1087,399,356,D2 Urban proxy
D2_urban_multi_operator_public_proxy,7,08_combined_deep_features_to_classifiers,LSTM_GRU_TCN_Transformer_deep_features,combined_deep_feature_extraction,classical_ml,Decision_Tree,Decision_Tree,128,"Classifiers trained on concatenated LSTM, GRU, TCN, and Transformer features.",0.7060939060939061,0.8013500055136311,0.7060939060939061,0.7406628738653205,0.2622841965471447,0.5231788079470199,0.3494029190623617,"[[3139, 1111], [360, 395]]",3139,1111,360,395,D2 Urban proxy
D2_urban_multi_operator_public_proxy,7,08_combined_deep_features_to_classifiers,LSTM_GRU_TCN_Transformer_deep_features,combined_deep_feature_extraction,classical_ml,Random_Forest,Random_Forest,128,"Classifiers trained on concatenated LSTM, GRU, TCN, and Transformer features.",0.8175824175824176,0.8024099073234903,0.8175824175824175,0.8091683245396658,0.3696369636963696,0.2966887417218543,0.3291697281410727,"[[3868, 382], [531, 224]]",3868,382,531,224,D2 Urban proxy
D2_urban_multi_operator_public_proxy,7,08_combined_deep_features_to_classifiers,LSTM_GRU_TCN_Transformer_deep_features,combined_deep_feature_extraction,classical_ml,SVM,SVM,128,"Classifiers trained on concatenated LSTM, GRU, TCN, and Transformer features.",0.7472527472527473,0.8129376667545344,0.7472527472527473,0.7722224533502254,0.3044478527607362,0.5258278145695364,0.3856240893637688,"[[3343, 907], [358, 397]]",3343,907,358,397,D2 Urban proxy
D2_urban_multi_operator_public_proxy,7,08_combined_deep_features_to_classifiers,LSTM_GRU_TCN_Transformer_deep_features,combined_deep_feature_extraction,classical_ml,KNN,KNN,128,"Classifiers trained on concatenated LSTM, GRU, TCN, and Transformer features.",0.7964035964035964,0.7845997068640221,0.7964035964035964,0.7901702040261827,0.2975460122699386,0.2569536423841059,0.2757640369580668,"[[3792, 458], [561, 194]]",3792,458,561,194,D2 Urban proxy
D2_urban_multi_operator_public_proxy,7,08_combined_deep_features_to_classifiers,LSTM_GRU_TCN_Transformer_deep_features,combined_deep_feature_extraction,classical_ml,Logistic_Regression,Logistic_Regression,128,"Classifiers trained on concatenated LSTM, GRU, TCN, and Transformer features.",0.7412587412587412,0.8198692857392815,0.7412587412587412,0.7695493810699547,0.3082386363636363,0.5748344370860927,0.401294498381877,"[[3276, 974], [321, 434]]",3276,974,321,434,D2 Urban proxy
D2_urban_multi_operator_public_proxy,21,01_raw_flattened_windows,raw_time_windows,none_raw_baseline,classical_ml,Decision_Tree,Decision_Tree,490,,0.6144761079206847,0.7342078892202009,0.6144761079206847,0.6421044540047366,0.350022655188038,0.6915846016114593,0.4648014440433213,"[[4126, 2869], [689, 1545]]",4126,2869,689,1545,D2 Urban proxy
D2_urban_multi_operator_public_proxy,21,01_raw_flattened_windows,raw_time_windows,none_raw_baseline,classical_ml,Random_Forest,Random_Forest,490,,0.7768989056235779,0.7505300496978239,0.7768989056235779,0.7507394817273034,0.5733445096395641,0.306177260519248,0.3991829588561424,"[[6486, 509], [1550, 684]]",6486,509,1550,684,D2 Urban proxy
D2_urban_multi_operator_public_proxy,21,01_raw_flattened_windows,raw_time_windows,none_raw_baseline,classical_ml,SVM,SVM,490,,0.6508830859248023,0.7331568127842175,0.6508830859248023,0.6743045406950176,0.3707482993197279,0.6342882721575649,0.4679656538969617,"[[4590, 2405], [817, 1417]]",4590,2405,817,1417,D2 Urban proxy
D2_urban_multi_operator_public_proxy,21,01_raw_flattened_windows,raw_time_windows,none_raw_baseline,classical_ml,KNN,KNN,490,,0.724563874742659,0.6893883029421067,0.724563874742659,0.7010826588941045,0.3907801418439716,0.2466427931960609,0.3024149286498353,"[[6136, 859], [1683, 551]]",6136,859,1683,551,D2 Urban proxy
D2_urban_multi_operator_public_proxy,21,01_raw_flattened_windows,raw_time_windows,none_raw_baseline,classical_ml,Logistic_Regression,Logistic_Regression,490,,0.6182685014627803,0.7387658678542768,0.6182685014627803,0.6456262677543227,0.3544160831262706,0.7023276633840645,0.4711004353700646,"[[4137, 2858], [665, 1569]]",4137,2858,665,1569,D2 Urban proxy
D2_urban_multi_operator_public_proxy,21,02_engineered_flattened_windows,engineered_time_windows,temporal_feature_engineering,classical_ml,Decision_Tree,Decision_Tree,5880,,0.6001733665619243,0.7262110808653373,0.6001733665619243,0.6287999721617046,0.3385093167701863,0.6830796777081468,0.4526846633046574,"[[4013, 2982], [708, 1526]]",4013,2982,708,1526,D2 Urban proxy
D2_urban_multi_operator_public_proxy,21,02_engineered_flattened_windows,engineered_time_windows,temporal_feature_engineering,classical_ml,Random_Forest,Random_Forest,5880,,0.7708310759562249,0.7377049761221243,0.7708310759562249,0.7300528381943854,0.5694282380396732,0.2184422560429722,0.3157554189582659,"[[6626, 369], [1746, 488]]",6626,369,1746,488,D2 Urban proxy
D2_urban_multi_operator_public_proxy,21,02_engineered_flattened_windows,engineered_time_windows,temporal_feature_engineering,classical_ml,SVM,SVM,5880,,0.7001842019720447,0.7342272726107332,0.7001842019720447,0.7130483806859689,0.4102391377568204,0.5452103849597135,0.4681914280222948,"[[5244, 1751], [1016, 1218]]",5244,1751,1016,1218,D2 Urban proxy
D2_urban_multi_operator_public_proxy,21,02_engineered_flattened_windows,engineered_time_windows,temporal_feature_engineering,classical_ml,KNN,KNN,5880,,0.7327987864340665,0.6856122593874819,0.7327987864340665,0.6973743437782315,0.3945454545454545,0.1942703670546105,0.2603479304139172,"[[6329, 666], [1800, 434]]",6329,666,1800,434,D2 Urban proxy
D2_urban_multi_operator_public_proxy,21,02_engineered_flattened_windows,engineered_time_windows,temporal_feature_engineering,classical_ml,Logistic_Regression,Logistic_Regression,5880,,0.6456820890670711,0.719115993814841,0.6456820890670711,0.6684225628704438,0.3583925642427556,0.5868397493285586,0.445010183299389,"[[4648, 2347], [923, 1311]]",4648,2347,923,1311,D2 Urban proxy
D2_urban_multi_operator_public_proxy,21,03_feature_selection_on_engineered,selected_engineered_features,feature_selection_anova_top_40,classical_ml,Decision_Tree,Decision_Tree,40,,0.5809946906490411,0.7108667698648661,0.5809946906490411,0.6109353754817679,0.3211391018619934,0.6562220232766338,0.4312398882188557,"[[3896, 3099], [768, 1466]]",3896,3099,768,1466,D2 Urban proxy
D2_urban_multi_operator_public_proxy,21,03_feature_selection_on_engineered,selected_engineered_features,feature_selection_anova_top_40,classical_ml,Random_Forest,Random_Forest,40,,0.7312818290172283,0.6978011485367136,0.7312818290172283,0.7084465610393256,0.4128895184135977,0.2609668755595344,0.3198025233132199,"[[6166, 829], [1651, 583]]",6166,829,1651,583,D2 Urban proxy
D2_urban_multi_operator_public_proxy,21,03_feature_selection_on_engineered,selected_engineered_features,feature_selection_anova_top_40,classical_ml,SVM,SVM,40,,0.6158847112363203,0.72409055570325,0.6158847112363203,0.6432299257244983,0.345072086977074,0.6535362578334826,0.4516627996906419,"[[4224, 2771], [774, 1460]]",4224,2771,774,1460,D2 Urban proxy
D2_urban_multi_operator_public_proxy,21,03_feature_selection_on_engineered,selected_engineered_features,feature_selection_anova_top_40,classical_ml,KNN,KNN,40,,0.7366995340773649,0.6757126732206324,0.7366995340773649,0.6868279389078716,0.3778054862842893,0.1356311548791405,0.1996047430830039,"[[6496, 499], [1931, 303]]",6496,499,1931,303,D2 Urban proxy
D2_urban_multi_operator_public_proxy,21,03_feature_selection_on_engineered,selected_engineered_features,feature_selection_anova_top_40,classical_ml,Logistic_Regression,Logistic_Regression,40,,0.5949723697041933,0.7379497140969613,0.5949723697041933,0.623491332023235,0.3420168067226891,0.7287376902417189,0.4655418930511867,"[[3863, 3132], [606, 1628]]",3863,3132,606,1628,D2 Urban proxy
D2_urban_multi_operator_public_proxy,21,04_pca_on_engineered,pca_engineered_features,pca_0.95_feature_variance,classical_ml,Decision_Tree,Decision_Tree,421,,0.5867374580127858,0.6830699502302425,0.5867374580127858,0.615447310748656,0.3027958062905641,0.5429722470904208,0.3887820512820513,"[[4202, 2793], [1021, 1213]]",4202,2793,1021,1213,D2 Urban proxy
D2_urban_multi_operator_public_proxy,21,04_pca_on_engineered,pca_engineered_features,pca_0.95_feature_variance,classical_ml,Random_Forest,Random_Forest,421,,0.7595622494311409,0.7262808548683408,0.7595622494311409,0.6620875716384571,0.6190476190476191,0.0174574753804834,0.0339573356552024,"[[6971, 24], [2195, 39]]",6971,24,2195,39,D2 Urban proxy
D2_urban_multi_operator_public_proxy,21,04_pca_on_engineered,pca_engineered_features,pca_0.95_feature_variance,classical_ml,SVM,SVM,421,,0.6894571459529744,0.7322216738801564,0.6894571459529744,0.7047915153125381,0.3991060025542784,0.5595344673231871,0.4658963846440551,"[[5113, 1882], [984, 1250]]",5113,1882,984,1250,D2 Urban proxy
D2_urban_multi_operator_public_proxy,21,04_pca_on_engineered,pca_engineered_features,pca_0.95_feature_variance,classical_ml,KNN,KNN,421,,0.7266226026655109,0.6794085206807133,0.7266226026655109,0.692711423121769,0.3744569939183318,0.1929274843330349,0.2546528803545052,"[[6275, 720], [1803, 431]]",6275,720,1803,431,D2 Urban proxy
D2_urban_multi_operator_public_proxy,21,04_pca_on_engineered,pca_engineered_features,pca_0.95_feature_variance,classical_ml,Logistic_Regression,Logistic_Regression,421,,0.6111171307834001,0.7480772892592051,0.6111171307834001,0.6387262154771727,0.3549561121815457,0.7421665174574754,0.480231716147719,"[[3982, 3013], [576, 1658]]",3982,3013,576,1658,D2 Urban proxy
D2_urban_multi_operator_public_proxy,21,05_feature_selection_plus_pca,selected_pca_engineered_features,feature_selection_anova_plus_pca,classical_ml,Decision_Tree,Decision_Tree,10,,0.5481633979846137,0.6997535176898055,0.5481633979846137,0.5793827390759143,0.3026101141924959,0.6642793196060878,0.4158027458671897,"[[3575, 3420], [750, 1484]]",3575,3420,750,1484,D2 Urban proxy
D2_urban_multi_operator_public_proxy,21,05_feature_selection_plus_pca,selected_pca_engineered_features,feature_selection_anova_plus_pca,classical_ml,Random_Forest,Random_Forest,10,,0.7335572651424856,0.6977042940616627,0.7335572651424856,0.7083495963970254,0.4162323157110946,0.2502238137869292,0.312552418227565,"[[6211, 784], [1675, 559]]",6211,784,1675,559,D2 Urban proxy
D2_urban_multi_operator_public_proxy,21,05_feature_selection_plus_pca,selected_pca_engineered_features,feature_selection_anova_plus_pca,classical_ml,SVM,SVM,10,,0.607974861848521,0.7279679790708675,0.607974861848521,0.636069407637289,0.3432971014492754,0.6786034019695614,0.4559398496240601,"[[4095, 2900], [718, 1516]]",4095,2900,718,1516,D2 Urban proxy
D2_urban_multi_operator_public_proxy,21,05_feature_selection_plus_pca,selected_pca_engineered_features,feature_selection_anova_plus_pca,classical_ml,KNN,KNN,10,,0.7360494094701484,0.6769633656265317,0.7360494094701484,0.6882690238820334,0.3800475059382422,0.1432408236347359,0.2080624187256176,"[[6473, 522], [1914, 320]]",6473,522,1914,320,D2 Urban proxy
D2_urban_multi_operator_public_proxy,21,05_feature_selection_plus_pca,selected_pca_engineered_features,feature_selection_anova_plus_pca,classical_ml,Logistic_Regression,Logistic_Regression,10,,0.5916133925669087,0.7376808528653449,0.5916133925669087,0.6202208094491001,0.3402705515088449,0.7318710832587287,0.4645546242363972,"[[3825, 3170], [599, 1635]]",3825,3170,599,1635,D2 Urban proxy
D2_urban_multi_operator_public_proxy,21,06_direct_deep_learning,engineered_sequence_features,deep_temporal_learning,deep_learning_direct,LSTM,direct_sigmoid,588,Direct sequence model.,0.5942138909957742,0.7270444458664851,0.5942138909957742,0.6231416459776713,0.3361526783777922,0.693822739480752,0.4528853177501826,"[[3934, 3061], [684, 1550]]",3934,3061,684,1550,D2 Urban proxy
D2_urban_multi_operator_public_proxy,21,06_direct_deep_learning,engineered_sequence_features,deep_temporal_learning,deep_learning_direct,GRU,direct_sigmoid,588,Direct sequence model.,0.6161014194387258,0.7428240874404738,0.6161014194387258,0.6435778180259626,0.3552311435523114,0.7188898836168308,0.475499629903775,"[[4080, 2915], [628, 1606]]",4080,2915,628,1606,D2 Urban proxy
D2_urban_multi_operator_public_proxy,21,06_direct_deep_learning,engineered_sequence_features,deep_temporal_learning,deep_learning_direct,TCN,direct_sigmoid,588,Direct sequence model.,0.6554339581753169,0.7154052663809781,0.6554339581753169,0.675614449683522,0.3616959064327485,0.553715308863026,0.4375663247258578,"[[4812, 2183], [997, 1237]]",4812,2183,997,1237,D2 Urban proxy
D2_urban_multi_operator_public_proxy,21,06_direct_deep_learning,engineered_sequence_features,deep_temporal_learning,deep_learning_direct,Transformer,direct_sigmoid,588,Direct sequence model.,0.6216274786000651,0.6985156741130006,0.6216274786000651,0.6461634724076186,0.3296316359696641,0.544762757385855,0.4107323658454269,"[[4520, 2475], [1017, 1217]]",4520,2475,1017,1217,D2 Urban proxy
D2_urban_multi_operator_public_proxy,21,07_individual_deep_features_to_classifiers,LSTM_deep_features,LSTM_as_feature_extractor,classical_ml,Decision_Tree,Decision_Tree,32,Classifiers trained only on LSTM latent temporal features.,0.6064579044316828,0.7105135645405959,0.6064579044316828,0.6343046091756152,0.3318094321462945,0.61727842435094,0.4316118935837246,"[[4218, 2777], [855, 1379]]",4218,2777,855,1379,D2 Urban proxy
D2_urban_multi_operator_public_proxy,21,07_individual_deep_features_to_classifiers,LSTM_deep_features,LSTM_as_feature_extractor,classical_ml,Random_Forest,Random_Forest,32,Classifiers trained only on LSTM latent temporal features.,0.7111279661935205,0.7079590751412498,0.7111279661935205,0.7095018558463136,0.4000925069380203,0.3871978513876454,0.3935395814376706,"[[5698, 1297], [1369, 865]]",5698,1297,1369,865,D2 Urban proxy
D2_urban_multi_operator_public_proxy,21,07_individual_deep_features_to_classifiers,LSTM_deep_features,LSTM_as_feature_extractor,classical_ml,SVM,SVM,32,Classifiers trained only on LSTM latent temporal features.,0.601148553472749,0.7311761360152833,0.601148553472749,0.6296440418128653,0.3416502516962136,0.6987466427931961,0.4589151844774364,"[[3987, 3008], [673, 1561]]",3987,3008,673,1561,D2 Urban proxy
D2_urban_multi_operator_public_proxy,21,07_individual_deep_features_to_classifiers,LSTM_deep_features,LSTM_as_feature_extractor,classical_ml,KNN,KNN,32,Classifiers trained only on LSTM latent temporal features.,0.7216383140101853,0.6998443241939293,0.7216383140101853,0.708508377863403,0.4026728646135967,0.3102059086839749,0.3504424778761062,"[[5967, 1028], [1541, 693]]",5967,1028,1541,693,D2 Urban proxy
D2_urban_multi_operator_public_proxy,21,07_individual_deep_features_to_classifiers,LSTM_deep_features,LSTM_as_feature_extractor,classical_ml,Logistic_Regression,Logistic_Regression,32,Classifiers trained only on LSTM latent temporal features.,0.5916133925669087,0.7205182594157644,0.5916133925669087,0.6208122857476275,0.3313557459898923,0.675022381378693,0.4445099484156227,"[[3952, 3043], [726, 1508]]",3952,3043,726,1508,D2 Urban proxy
D2_urban_multi_operator_public_proxy,21,07_individual_deep_features_to_classifiers,GRU_deep_features,GRU_as_feature_extractor,classical_ml,Decision_Tree,Decision_Tree,32,Classifiers trained only on GRU latent temporal features.,0.6152345866291039,0.7230973596939351,0.6152345866291039,0.6426147930216378,0.3441420118343195,0.6508504923903312,0.4502244929555659,"[[4224, 2771], [780, 1454]]",4224,2771,780,1454,D2 Urban proxy
D2_urban_multi_operator_public_proxy,21,07_individual_deep_features_to_classifiers,GRU_deep_features,GRU_as_feature_extractor,classical_ml,Random_Forest,Random_Forest,32,Classifiers trained only on GRU latent temporal features.,0.6820890670711887,0.7159919580414302,0.6820890670711887,0.6953586594245894,0.3810333106730115,0.5017905102954342,0.4331530139103555,"[[5174, 1821], [1113, 1121]]",5174,1821,1113,1121,D2 Urban proxy
D2_urban_multi_operator_public_proxy,21,07_individual_deep_features_to_classifiers,GRU_deep_features,GRU_as_feature_extractor,classical_ml,SVM,SVM,32,Classifiers trained only on GRU latent temporal features.,0.6214107703976596,0.7377721406997939,0.6214107703976596,0.6485234040534253,0.3556370302474794,0.6947179946284691,0.4704455895725977,"[[4183, 2812], [682, 1552]]",4183,2812,682,1552,D2 Urban proxy
D2_urban_multi_operator_public_proxy,21,07_individual_deep_features_to_classifiers,GRU_deep_features,GRU_as_feature_extractor,classical_ml,KNN,KNN,32,Classifiers trained only on GRU latent temporal features.,0.7010510347816665,0.7038259464206467,0.7010510347816665,0.7024096688120148,0.3856209150326797,0.3961504028648164,0.3908147493928019,"[[5585, 1410], [1349, 885]]",5585,1410,1349,885,D2 Urban proxy
D2_urban_multi_operator_public_proxy,21,07_individual_deep_features_to_classifiers,GRU_deep_features,GRU_as_feature_extractor,classical_ml,Logistic_Regression,Logistic_Regression,32,Classifiers trained only on GRU latent temporal features.,0.6151262325279012,0.7409937910926256,0.6151262325279012,0.6426822496255757,0.3538154392191659,0.7139659803043867,0.4731533669534263,"[[4082, 2913], [639, 1595]]",4082,2913,639,1595,D2 Urban proxy
D2_urban_multi_operator_public_proxy,21,07_individual_deep_features_to_classifiers,TCN_deep_features,TCN_as_feature_extractor,classical_ml,Decision_Tree,Decision_Tree,32,Classifiers trained only on TCN latent temporal features.,0.6360385740600282,0.6949343783150491,0.6360385740600282,0.6568767666831934,0.3332345093388675,0.5031333930170099,0.4009274121633672,"[[4746, 2249], [1110, 1124]]",4746,2249,1110,1124,D2 Urban proxy
D2_urban_multi_operator_public_proxy,21,07_individual_deep_features_to_classifiers,TCN_deep_features,TCN_as_feature_extractor,classical_ml,Random_Forest,Random_Forest,32,Classifiers trained only on TCN latent temporal features.,0.7228302091234153,0.7051502419149761,0.7228302091234153,0.7124905959262082,0.4106945975744211,0.3334825425246195,0.3680830039525691,"[[5926, 1069], [1489, 745]]",5926,1069,1489,745,D2 Urban proxy
D2_urban_multi_operator_public_proxy,21,07_individual_deep_features_to_classifiers,TCN_deep_features,TCN_as_feature_extractor,classical_ml,SVM,SVM,32,Classifiers trained only on TCN latent temporal features.,0.6531585220500596,0.7196192676383045,0.6531585220500596,0.6745196039225998,0.3633794857304323,0.5756490599820949,0.4455222587909233,"[[4742, 2253], [948, 1286]]",4742,2253,948,1286,D2 Urban proxy
D2_urban_multi_operator_public_proxy,21,07_individual_deep_features_to_classifiers,TCN_deep_features,TCN_as_feature_extractor,classical_ml,KNN,KNN,32,Classifiers trained only on TCN latent temporal features.,0.7130783400151696,0.6833683894765461,0.7130783400151696,0.6946768871658902,0.3684879288437103,0.2596239928379588,0.3046218487394957,"[[6001, 994], [1654, 580]]",6001,994,1654,580,D2 Urban proxy
D2_urban_multi_operator_public_proxy,21,07_individual_deep_features_to_classifiers,TCN_deep_features,TCN_as_feature_extractor,classical_ml,Logistic_Regression,Logistic_Regression,32,Classifiers trained only on TCN latent temporal features.,0.6559757286813306,0.7172272198379068,0.6559757286813306,0.6763551966028587,0.3634252539912917,0.5604297224709042,0.4409226976580384,"[[4802, 2193], [982, 1252]]",4802,2193,982,1252,D2 Urban proxy
D2_urban_multi_operator_public_proxy,21,07_individual_deep_features_to_classifiers,Transformer_deep_features,Transformer_as_feature_extractor,classical_ml,Decision_Tree,Decision_Tree,32,Classifiers trained only on Transformer latent temporal features.,0.6276953082674179,0.6984438691892205,0.6276953082674179,0.6510245630600785,0.3324037925264919,0.5335720680393913,0.4096219931271477,"[[4601, 2394], [1042, 1192]]",4601,2394,1042,1192,D2 Urban proxy
D2_urban_multi_operator_public_proxy,21,07_individual_deep_features_to_classifiers,Transformer_deep_features,Transformer_as_feature_extractor,classical_ml,Random_Forest,Random_Forest,32,Classifiers trained only on Transformer latent temporal features.,0.7227218550222126,0.6921465511187981,0.7227218550222126,0.7030501715432932,0.3930217248189598,0.2672336615935541,0.3181454836131095,"[[6073, 922], [1637, 597]]",6073,922,1637,597,D2 Urban proxy
D2_urban_multi_operator_public_proxy,21,07_individual_deep_features_to_classifiers,Transformer_deep_features,Transformer_as_feature_extractor,classical_ml,SVM,SVM,32,Classifiers trained only on Transformer latent temporal features.,0.620002167082024,0.7159593511731512,0.620002167082024,0.6464903705121449,0.3420203524447753,0.6168307967770814,0.4400447070094204,"[[4344, 2651], [856, 1378]]",4344,2651,856,1378,D2 Urban proxy
D2_urban_multi_operator_public_proxy,21,07_individual_deep_features_to_classifiers,Transformer_deep_features,Transformer_as_feature_extractor,classical_ml,KNN,KNN,32,Classifiers trained only on Transformer latent temporal features.,0.7241304583378481,0.6854424266075583,0.7241304583378481,0.6978333208567885,0.3834080717488789,0.229632945389436,0.2872340425531915,"[[6170, 825], [1721, 513]]",6170,825,1721,513,D2 Urban proxy
D2_urban_multi_operator_public_proxy,21,07_individual_deep_features_to_classifiers,Transformer_deep_features,Transformer_as_feature_extractor,classical_ml,Logistic_Regression,Logistic_Regression,32,Classifiers trained only on Transformer latent temporal features.,0.6209773539928486,0.719884562203888,0.6209773539928486,0.6475765848543685,0.3450980392156862,0.630259623992838,0.445993031358885,"[[4323, 2672], [826, 1408]]",4323,2672,826,1408,D2 Urban proxy
D2_urban_multi_operator_public_proxy,21,08_combined_deep_features_to_classifiers,LSTM_GRU_TCN_Transformer_deep_features,combined_deep_feature_extraction,classical_ml,Decision_Tree,Decision_Tree,128,"Classifiers trained on concatenated LSTM, GRU, TCN, and Transformer features.",0.6404810922093401,0.7188969334980402,0.6404810922093401,0.6641246252506126,0.35515766969535,0.5948970456580125,0.4447791164658634,"[[4582, 2413], [905, 1329]]",4582,2413,905,1329,D2 Urban proxy
D2_urban_multi_operator_public_proxy,21,08_combined_deep_features_to_classifiers,LSTM_GRU_TCN_Transformer_deep_features,combined_deep_feature_extraction,classical_ml,Random_Forest,Random_Forest,128,"Classifiers trained on concatenated LSTM, GRU, TCN, and Transformer features.",0.7214216058077798,0.721294305889748,0.7214216058077798,0.72135788105771,0.4244733303451367,0.4239033124440465,0.4241881298992161,"[[5711, 1284], [1287, 947]]",5711,1284,1287,947,D2 Urban proxy
D2_urban_multi_operator_public_proxy,21,08_combined_deep_features_to_classifiers,LSTM_GRU_TCN_Transformer_deep_features,combined_deep_feature_extraction,classical_ml,SVM,SVM,128,"Classifiers trained on concatenated LSTM, GRU, TCN, and Transformer features.",0.6552172499729114,0.7297843578027547,0.6552172499729114,0.6775619036526521,0.3715447154471544,0.6136974037600716,0.462862930452397,"[[4676, 2319], [863, 1371]]",4676,2319,863,1371,D2 Urban proxy
D2_urban_multi_operator_public_proxy,21,08_combined_deep_features_to_classifiers,LSTM_GRU_TCN_Transformer_deep_features,combined_deep_feature_extraction,classical_ml,KNN,KNN,128,"Classifiers trained on concatenated LSTM, GRU, TCN, and Transformer features.",0.7196879401885361,0.6958111759031892,0.7196879401885361,0.7051569180432187,0.3948779035139964,0.2967770814682184,0.3388704318936877,"[[5979, 1016], [1571, 663]]",5979,1016,1571,663,D2 Urban proxy
D2_urban_multi_operator_public_proxy,21,08_combined_deep_features_to_classifiers,LSTM_GRU_TCN_Transformer_deep_features,combined_deep_feature_extraction,classical_ml,Logistic_Regression,Logistic_Regression,128,"Classifiers trained on concatenated LSTM, GRU, TCN, and Transformer features.",0.6432982988406111,0.7313139096370053,0.6432982988406111,0.6676940530335183,0.3648441492079713,0.639212175470009,0.4645413142485361,"[[4509, 2486], [806, 1428]]",4509,2486,806,1428,D2 Urban proxy
D2_urban_multi_operator_public_proxy,42,01_raw_flattened_windows,raw_time_windows,none_raw_baseline,classical_ml,Decision_Tree,Decision_Tree,490,,0.6640793994146839,0.7540640764524287,0.6640793994146839,0.6911985034513357,0.3466187520418164,0.623750734861846,0.4456110877782444,"[[4158, 2000], [640, 1061]]",4158,2000,640,1061,D2 Urban proxy
D2_urban_multi_operator_public_proxy,42,01_raw_flattened_windows,raw_time_windows,none_raw_baseline,classical_ml,Random_Forest,Random_Forest,490,,0.7957755439623362,0.7630557480402562,0.7957755439623362,0.75015845686229,0.5930232558139535,0.1798941798941798,0.2760487144790257,"[[5948, 210], [1395, 306]]",5948,210,1395,306,D2 Urban proxy
D2_urban_multi_operator_public_proxy,42,01_raw_flattened_windows,raw_time_windows,none_raw_baseline,classical_ml,SVM,SVM,490,,0.7367349535564321,0.7541910716417268,0.7367349535564321,0.7443504071334802,0.4085487077534791,0.4832451499118165,0.4427686506867762,"[[4968, 1190], [879, 822]]",4968,1190,879,822,D2 Urban proxy
D2_urban_multi_operator_public_proxy,42,01_raw_flattened_windows,raw_time_windows,none_raw_baseline,classical_ml,KNN,KNN,490,,0.7545489247995928,0.7038702052579533,0.7545489247995928,0.7187024991512753,0.3575,0.1681363903586125,0.2287085165933626,"[[5644, 514], [1415, 286]]",5644,514,1415,286,D2 Urban proxy
D2_urban_multi_operator_public_proxy,42,01_raw_flattened_windows,raw_time_windows,none_raw_baseline,classical_ml,Logistic_Regression,Logistic_Regression,490,,0.6852016796030029,0.7606297359404147,0.6852016796030029,0.7090185656885458,0.3656586722280153,0.6184597295708407,0.4595893403232853,"[[4333, 1825], [649, 1052]]",4333,1825,649,1052,D2 Urban proxy
D2_urban_multi_operator_public_proxy,42,02_engineered_flattened_windows,engineered_time_windows,temporal_feature_engineering,classical_ml,Decision_Tree,Decision_Tree,5880,,0.6751495101157908,0.7377825945678771,0.6751495101157908,0.697313409050326,0.3405688622754491,0.5349794238683128,0.4161902584038418,"[[4396, 1762], [791, 910]]",4396,1762,791,910,D2 Urban proxy
D2_urban_multi_operator_public_proxy,42,02_engineered_flattened_windows,engineered_time_windows,temporal_feature_engineering,classical_ml,Random_Forest,Random_Forest,5880,,0.78954065402723,0.7492896316713191,0.78954065402723,0.7349501469179606,0.5577395577395577,0.133450911228689,0.215370018975332,"[[5978, 180], [1474, 227]]",5978,180,1474,227,D2 Urban proxy
D2_urban_multi_operator_public_proxy,42,02_engineered_flattened_windows,engineered_time_windows,temporal_feature_engineering,classical_ml,SVM,SVM,5880,,0.7632014251176995,0.7585454343630061,0.7632014251176995,0.7607611438967282,0.4502487562189055,0.4256319811875367,0.437594439407676,"[[5274, 884], [977, 724]]",5274,884,977,724,D2 Urban proxy
D2_urban_multi_operator_public_proxy,42,02_engineered_flattened_windows,engineered_time_windows,temporal_feature_engineering,classical_ml,KNN,KNN,5880,,0.7596386308690674,0.6966721837851627,0.7596386308690674,0.7121335585399797,0.3438538205980066,0.1216931216931216,0.1797655232305688,"[[5763, 395], [1494, 207]]",5763,395,1494,207,D2 Urban proxy
D2_urban_multi_operator_public_proxy,42,02_engineered_flattened_windows,engineered_time_windows,temporal_feature_engineering,classical_ml,Logistic_Regression,Logistic_Regression,5880,,0.6815116427026339,0.7367137756559455,0.6815116427026339,0.7017642032288974,0.3437256430241621,0.5185185185185185,0.4134052027185376,"[[4474, 1684], [819, 882]]",4474,1684,819,882,D2 Urban proxy
D2_urban_multi_operator_public_proxy,42,03_feature_selection_on_engineered,selected_engineered_features,feature_selection_anova_top_40,classical_ml,Decision_Tree,Decision_Tree,40,,0.6018577427153582,0.7394476354307933,0.6018577427153582,0.6369384608344912,0.3042763157894737,0.6525573192239859,0.4150308468872686,"[[3620, 2538], [591, 1110]]",3620,2538,591,1110,D2 Urban proxy
D2_urban_multi_operator_public_proxy,42,03_feature_selection_on_engineered,selected_engineered_features,feature_selection_anova_top_40,classical_ml,Random_Forest,Random_Forest,40,,0.7493319760783814,0.7189565859841615,0.7493319760783814,0.730260227766908,0.382532751091703,0.2574955908289241,0.3078004216444132,"[[5451, 707], [1263, 438]]",5451,707,1263,438,D2 Urban proxy
D2_urban_multi_operator_public_proxy,42,03_feature_selection_on_engineered,selected_engineered_features,feature_selection_anova_top_40,classical_ml,SVM,SVM,40,,0.6125461254612546,0.750713095139806,0.6125461254612546,0.646694268723532,0.3163934426229508,0.6807760141093474,0.4320089535534415,"[[3656, 2502], [543, 1158]]",3656,2502,543,1158,D2 Urban proxy
D2_urban_multi_operator_public_proxy,42,03_feature_selection_on_engineered,selected_engineered_features,feature_selection_anova_top_40,classical_ml,KNN,KNN,40,,0.7652373075454892,0.7123233772070087,0.7652373075454892,0.7237641062787361,0.3938053097345133,0.1569664902998236,0.2244640605296343,"[[5747, 411], [1434, 267]]",5747,411,1434,267,D2 Urban proxy
D2_urban_multi_operator_public_proxy,42,03_feature_selection_on_engineered,selected_engineered_features,feature_selection_anova_top_40,classical_ml,Logistic_Regression,Logistic_Regression,40,,0.6265428171523094,0.7563667795011269,0.6265428171523094,0.6593322927385346,0.3267827063447501,0.6843033509700176,0.4423332699980999,"[[3760, 2398], [537, 1164]]",3760,2398,537,1164,D2 Urban proxy
D2_urban_multi_operator_public_proxy,42,04_pca_on_engineered,pca_engineered_features,pca_0.95_feature_variance,classical_ml,Decision_Tree,Decision_Tree,406,,0.5785723374475124,0.692927731745786,0.5785723374475124,0.6146070610170093,0.2571600844136267,0.5014697236919459,0.3399760860900757,"[[3694, 2464], [848, 853]]",3694,2464,848,853,D2 Urban proxy
D2_urban_multi_operator_public_proxy,42,04_pca_on_engineered,pca_engineered_features,pca_0.95_feature_variance,classical_ml,Random_Forest,Random_Forest,406,,0.784832675912966,0.7485342383643633,0.784832675912966,0.6954323357457264,0.6136363636363636,0.0158730158730158,0.030945558739255,"[[6141, 17], [1674, 27]]",6141,17,1674,27,D2 Urban proxy
D2_urban_multi_operator_public_proxy,42,04_pca_on_engineered,pca_engineered_features,pca_0.95_feature_variance,classical_ml,SVM,SVM,406,,0.7579844763964881,0.7569557605720875,0.7579844763964881,0.7574650639528093,0.4402141582391434,0.4350382128159906,0.4376108811354228,"[[5217, 941], [961, 740]]",5217,941,961,740,D2 Urban proxy
D2_urban_multi_operator_public_proxy,42,04_pca_on_engineered,pca_engineered_features,pca_0.95_feature_variance,classical_ml,KNN,KNN,406,,0.7559485939686983,0.6947338616559088,0.7559485939686983,0.7113248754068299,0.3343511450381679,0.128747795414462,0.1859083191850594,"[[5722, 436], [1482, 219]]",5722,436,1482,219,D2 Urban proxy
D2_urban_multi_operator_public_proxy,42,04_pca_on_engineered,pca_engineered_features,pca_0.95_feature_variance,classical_ml,Logistic_Regression,Logistic_Regression,406,,0.686092378165161,0.7596059769265865,0.686092378165161,0.7095694559373564,0.3656140350877193,0.612580834803057,0.4579213359701164,"[[4350, 1808], [659, 1042]]",4350,1808,659,1042,D2 Urban proxy
D2_urban_multi_operator_public_proxy,42,05_feature_selection_plus_pca,selected_pca_engineered_features,feature_selection_anova_plus_pca,classical_ml,Decision_Tree,Decision_Tree,10,,0.6429571192263647,0.727186398114464,0.6429571192263647,0.6707807751840201,0.312902133423637,0.5432098765432098,0.3970777825526428,"[[4129, 2029], [777, 924]]",4129,2029,777,924,D2 Urban proxy
D2_urban_multi_operator_public_proxy,42,05_feature_selection_plus_pca,selected_pca_engineered_features,feature_selection_anova_plus_pca,classical_ml,Random_Forest,Random_Forest,10,,0.756203079272172,0.7238952323728254,0.756203079272172,0.7350571399134933,0.4009216589861751,0.255731922398589,0.312275664034458,"[[5508, 650], [1266, 435]]",5508,650,1266,435,D2 Urban proxy
D2_urban_multi_operator_public_proxy,42,05_feature_selection_plus_pca,selected_pca_engineered_features,feature_selection_anova_plus_pca,classical_ml,SVM,SVM,10,,0.6092378165160962,0.7518597556944012,0.6092378165160962,0.6436962351832599,0.3155627355950458,0.6890064667842446,0.4328716528162512,"[[3616, 2542], [529, 1172]]",3616,2542,529,1172,D2 Urban proxy
D2_urban_multi_operator_public_proxy,42,05_feature_selection_plus_pca,selected_pca_engineered_features,feature_selection_anova_plus_pca,classical_ml,KNN,KNN,10,,0.7634559104211732,0.7096035724511759,0.7634559104211732,0.7219191461238298,0.3841642228739003,0.1540270429159318,0.219890893831305,"[[5738, 420], [1439, 262]]",5738,420,1439,262,D2 Urban proxy
D2_urban_multi_operator_public_proxy,42,05_feature_selection_plus_pca,selected_pca_engineered_features,feature_selection_anova_plus_pca,classical_ml,Logistic_Regression,Logistic_Regression,10,,0.6250159053314671,0.7555389994312395,0.6250159053314671,0.6579542530197576,0.3254901960784314,0.6831275720164609,0.4409030544488712,"[[3750, 2408], [539, 1162]]",3750,2408,539,1162,D2 Urban proxy
D2_urban_multi_operator_public_proxy,42,06_direct_deep_learning,engineered_sequence_features,deep_temporal_learning,deep_learning_direct,LSTM,direct_sigmoid,588,Direct sequence model.,0.6516096195444713,0.7340138820086926,0.6516096195444713,0.678599741436081,0.3234593122233571,0.5584950029394474,0.4096593359206554,"[[4171, 1987], [751, 950]]",4171,1987,751,950,D2 Urban proxy
D2_urban_multi_operator_public_proxy,42,06_direct_deep_learning,engineered_sequence_features,deep_temporal_learning,deep_learning_direct,GRU,direct_sigmoid,588,Direct sequence model.,0.6344318615599949,0.7526915032208047,0.6344318615599949,0.6661303952789219,0.3285547103569339,0.6601998824221046,0.4387575698378589,"[[3863, 2295], [578, 1123]]",3863,2295,578,1123,D2 Urban proxy
D2_urban_multi_operator_public_proxy,42,06_direct_deep_learning,engineered_sequence_features,deep_temporal_learning,deep_learning_direct,TCN,direct_sigmoid,588,Direct sequence model.,0.6678966789667896,0.7082347260879694,0.6678966789667896,0.6845713846160055,0.3036717062634989,0.4132863021751911,0.3500996015936255,"[[4546, 1612], [998, 703]]",4546,1612,998,703,D2 Urban proxy
D2_urban_multi_operator_public_proxy,42,06_direct_deep_learning,engineered_sequence_features,deep_temporal_learning,deep_learning_direct,Transformer,direct_sigmoid,588,Direct sequence model.,0.6276880010179412,0.7414729783710343,0.6276880010179412,0.6596986565236818,0.3173277661795407,0.6255144032921811,0.4210526315789473,"[[3869, 2289], [637, 1064]]",3869,2289,637,1064,D2 Urban proxy
D2_urban_multi_operator_public_proxy,42,07_individual_deep_features_to_classifiers,LSTM_deep_features,LSTM_as_feature_extractor,classical_ml,Decision_Tree,Decision_Tree,32,Classifiers trained only on LSTM latent temporal features.,0.6770581498918438,0.7399811510636868,0.6770581498918438,0.6991843608799603,0.3437849944008959,0.5414462081128748,0.4205479452054794,"[[4400, 1758], [780, 921]]",4400,1758,780,921,D2 Urban proxy
D2_urban_multi_operator_public_proxy,42,07_individual_deep_features_to_classifiers,LSTM_deep_features,LSTM_as_feature_extractor,classical_ml,Random_Forest,Random_Forest,32,Classifiers trained only on LSTM latent temporal features.,0.748823005471434,0.7272467750156191,0.748823005471434,0.7360395946172541,0.3950807071483474,0.30217519106408,0.3424383744170552,"[[5371, 787], [1187, 514]]",5371,787,1187,514,D2 Urban proxy
D2_urban_multi_operator_public_proxy,42,07_individual_deep_features_to_classifiers,LSTM_deep_features,LSTM_as_feature_extractor,classical_ml,SVM,SVM,32,Classifiers trained only on LSTM latent temporal features.,0.6622980022903677,0.7425624364845305,0.6622980022903677,0.68828195218049,0.3367591640972936,0.5778953556731334,0.4255411255411255,"[[4222, 1936], [718, 983]]",4222,1936,718,983,D2 Urban proxy
D2_urban_multi_operator_public_proxy,42,07_individual_deep_features_to_classifiers,LSTM_deep_features,LSTM_as_feature_extractor,classical_ml,KNN,KNN,32,Classifiers trained only on LSTM latent temporal features.,0.7605293294312253,0.7219118950332734,0.7605293294312253,0.7335404410125859,0.4048370136698212,0.2263374485596707,0.2903469079939668,"[[5592, 566], [1316, 385]]",5592,566,1316,385,D2 Urban proxy
D2_urban_multi_operator_public_proxy,42,07_individual_deep_features_to_classifiers,LSTM_deep_features,LSTM_as_feature_extractor,classical_ml,Logistic_Regression,Logistic_Regression,32,Classifiers trained only on LSTM latent temporal features.,0.6726046570810535,0.74729014182679,0.6726046570810535,0.6970904783651471,0.3470175438596491,0.5814226925338036,0.4346297517029224,"[[4297, 1861], [712, 989]]",4297,1861,712,989,D2 Urban proxy
D2_urban_multi_operator_public_proxy,42,07_individual_deep_features_to_classifiers,GRU_deep_features,GRU_as_feature_extractor,classical_ml,Decision_Tree,Decision_Tree,32,Classifiers trained only on GRU latent temporal features.,0.6738770835984222,0.7449546381942895,0.6738770835984222,0.6976924397799774,0.3459614010007148,0.569077013521458,0.4303178484107579,"[[4328, 1830], [733, 968]]",4328,1830,733,968,D2 Urban proxy
D2_urban_multi_operator_public_proxy,42,07_individual_deep_features_to_classifiers,GRU_deep_features,GRU_as_feature_extractor,classical_ml,Random_Forest,Random_Forest,32,Classifiers trained only on GRU latent temporal features.,0.7582389616999619,0.7367912093841126,0.7582389616999619,0.7451998601204392,0.4223263075722092,0.3180482069370958,0.3628437290409121,"[[5418, 740], [1160, 541]]",5418,740,1160,541,D2 Urban proxy
D2_urban_multi_operator_public_proxy,42,07_individual_deep_features_to_classifiers,GRU_deep_features,GRU_as_feature_extractor,classical_ml,SVM,SVM,32,Classifiers trained only on GRU latent temporal features.,0.6784578190609493,0.7569992380045377,0.6784578190609493,0.7031504607442576,0.3582704186684969,0.6137566137566137,0.4524377031419285,"[[4288, 1870], [657, 1044]]",4288,1870,657,1044,D2 Urban proxy
D2_urban_multi_operator_public_proxy,42,07_individual_deep_features_to_classifiers,GRU_deep_features,GRU_as_feature_extractor,classical_ml,KNN,KNN,32,Classifiers trained only on GRU latent temporal features.,0.7620562412520677,0.7276590450977061,0.7620562412520677,0.7384682002816176,0.4170755642787046,0.2498530276308054,0.3125,"[[5564, 594], [1276, 425]]",5564,594,1276,425,D2 Urban proxy
D2_urban_multi_operator_public_proxy,42,07_individual_deep_features_to_classifiers,GRU_deep_features,GRU_as_feature_extractor,classical_ml,Logistic_Regression,Logistic_Regression,32,Classifiers trained only on GRU latent temporal features.,0.6743860542053697,0.7501364530710956,0.6743860542053697,0.6989282082421583,0.350418410041841,0.5908289241622575,0.4399212081418253,"[[4295, 1863], [696, 1005]]",4295,1863,696,1005,D2 Urban proxy
D2_urban_multi_operator_public_proxy,42,07_individual_deep_features_to_classifiers,TCN_deep_features,TCN_as_feature_extractor,classical_ml,Decision_Tree,Decision_Tree,32,Classifiers trained only on TCN latent temporal features.,0.6754039954192645,0.7114389300496924,0.6754039954192645,0.6905087306779438,0.311613475177305,0.4132863021751911,0.3553196866312863,"[[4605, 1553], [998, 703]]",4605,1553,998,703,D2 Urban proxy
D2_urban_multi_operator_public_proxy,42,07_individual_deep_features_to_classifiers,TCN_deep_features,TCN_as_feature_extractor,classical_ml,Random_Forest,Random_Forest,32,Classifiers trained only on TCN latent temporal features.,0.7401705051533274,0.7089679971861444,0.7401705051533274,0.7211151931083118,0.3531438415159345,0.2410346854791299,0.286512928022362,"[[5407, 751], [1291, 410]]",5407,751,1291,410,D2 Urban proxy
D2_urban_multi_operator_public_proxy,42,07_individual_deep_features_to_classifiers,TCN_deep_features,TCN_as_feature_extractor,classical_ml,SVM,SVM,32,Classifiers trained only on TCN latent temporal features.,0.6696780760911057,0.7166169721272095,0.6696780760911057,0.6882722461881207,0.3151590251961999,0.448559670781893,0.3702086365841824,"[[4500, 1658], [938, 763]]",4500,1658,938,763,D2 Urban proxy
D2_urban_multi_operator_public_proxy,42,07_individual_deep_features_to_classifiers,TCN_deep_features,TCN_as_feature_extractor,classical_ml,KNN,KNN,32,Classifiers trained only on TCN latent temporal features.,0.7494592187301183,0.7076733756979372,0.7494592187301183,0.7216848221815113,0.3604166666666666,0.2034097589653145,0.2600526118000751,"[[5544, 614], [1355, 346]]",5544,614,1355,346,D2 Urban proxy
D2_urban_multi_operator_public_proxy,42,07_individual_deep_features_to_classifiers,TCN_deep_features,TCN_as_feature_extractor,classical_ml,Logistic_Regression,Logistic_Regression,32,Classifiers trained only on TCN latent temporal features.,0.6790940323196335,0.712407599467113,0.6790940323196335,0.6932092471043346,0.3148398737032025,0.4103468547912992,0.3563042368555385,"[[4639, 1519], [1003, 698]]",4639,1519,1003,698,D2 Urban proxy
D2_urban_multi_operator_public_proxy,42,07_individual_deep_features_to_classifiers,Transformer_deep_features,Transformer_as_feature_extractor,classical_ml,Decision_Tree,Decision_Tree,32,Classifiers trained only on Transformer latent temporal features.,0.6687873775289477,0.7196962717006622,0.6687873775289477,0.6884947149510956,0.3182917002417405,0.4644326866549089,0.377719340186469,"[[4466, 1692], [911, 790]]",4466,1692,911,790,D2 Urban proxy
D2_urban_multi_operator_public_proxy,42,07_individual_deep_features_to_classifiers,Transformer_deep_features,Transformer_as_feature_extractor,classical_ml,Random_Forest,Random_Forest,32,Classifiers trained only on Transformer latent temporal features.,0.7518768291131187,0.7192411630150212,0.7518768291131187,0.7308956266457842,0.3865086599817685,0.249265138154027,0.3030736240171551,"[[5485, 673], [1277, 424]]",5485,673,1277,424,D2 Urban proxy
D2_urban_multi_operator_public_proxy,42,07_individual_deep_features_to_classifiers,Transformer_deep_features,Transformer_as_feature_extractor,classical_ml,SVM,SVM,32,Classifiers trained only on Transformer latent temporal features.,0.6477923399923654,0.7433175027519829,0.6477923399923654,0.6767016437709301,0.3290611983338674,0.6037624926513815,0.4259643301534633,"[[4064, 2094], [674, 1027]]",4064,2094,674,1027,D2 Urban proxy
D2_urban_multi_operator_public_proxy,42,07_individual_deep_features_to_classifiers,Transformer_deep_features,Transformer_as_feature_extractor,classical_ml,KNN,KNN,32,Classifiers trained only on Transformer latent temporal features.,0.7472960936505917,0.709851271137688,0.7472960936505917,0.7231177428549143,0.3625843780135004,0.2210464432686655,0.2746530314097881,"[[5497, 661], [1325, 376]]",5497,661,1325,376,D2 Urban proxy
D2_urban_multi_operator_public_proxy,42,07_individual_deep_features_to_classifiers,Transformer_deep_features,Transformer_as_feature_extractor,classical_ml,Logistic_Regression,Logistic_Regression,32,Classifiers trained only on Transformer latent temporal features.,0.6535182593205242,0.7363764663929696,0.6535182593205242,0.6804500801998272,0.3265444670739986,0.5655496766607878,0.4140305573488272,"[[4174, 1984], [739, 962]]",4174,1984,739,962,D2 Urban proxy
D2_urban_multi_operator_public_proxy,42,08_combined_deep_features_to_classifiers,LSTM_GRU_TCN_Transformer_deep_features,combined_deep_feature_extraction,classical_ml,Decision_Tree,Decision_Tree,128,"Classifiers trained on concatenated LSTM, GRU, TCN, and Transformer features.",0.6915638121898461,0.7348157305572705,0.6915638121898461,0.7084155267385769,0.3488080301129234,0.4902998236331569,0.407624633431085,"[[4601, 1557], [867, 834]]",4601,1557,867,834,D2 Urban proxy
D2_urban_multi_operator_public_proxy,42,08_combined_deep_features_to_classifiers,LSTM_GRU_TCN_Transformer_deep_features,combined_deep_feature_extraction,classical_ml,Random_Forest,Random_Forest,128,"Classifiers trained on concatenated LSTM, GRU, TCN, and Transformer features.",0.7644738516350681,0.734793884599702,0.7644738516350681,0.7446003148843965,0.4316939890710382,0.2786596119929453,0.3386923901393355,"[[5534, 624], [1227, 474]]",5534,624,1227,474,D2 Urban proxy
D2_urban_multi_operator_public_proxy,42,08_combined_deep_features_to_classifiers,LSTM_GRU_TCN_Transformer_deep_features,combined_deep_feature_extraction,classical_ml,SVM,SVM,128,"Classifiers trained on concatenated LSTM, GRU, TCN, and Transformer features.",0.7056877465326378,0.7380351040065324,0.7056877465326378,0.718925053103679,0.3629032258064516,0.4761904761904761,0.4118993135011441,"[[4736, 1422], [891, 810]]",4736,1422,891,810,D2 Urban proxy
D2_urban_multi_operator_public_proxy,42,08_combined_deep_features_to_classifiers,LSTM_GRU_TCN_Transformer_deep_features,combined_deep_feature_extraction,classical_ml,KNN,KNN,128,"Classifiers trained on concatenated LSTM, GRU, TCN, and Transformer features.",0.7472960936505917,0.7090823612665299,0.7472960936505917,0.7225373814131759,0.3609756097560975,0.2175191064079953,0.2714600146735143,"[[5503, 655], [1331, 370]]",5503,655,1331,370,D2 Urban proxy
D2_urban_multi_operator_public_proxy,42,08_combined_deep_features_to_classifiers,LSTM_GRU_TCN_Transformer_deep_features,combined_deep_feature_extraction,classical_ml,Logistic_Regression,Logistic_Regression,128,"Classifiers trained on concatenated LSTM, GRU, TCN, and Transformer features.",0.7144674895024812,0.741924094230675,0.7144674895024812,0.7259330973483962,0.3743637204997686,0.4756025867136978,0.418953909891248,"[[4806, 1352], [892, 809]]",4806,1352,892,809,D2 Urban proxy
D2_urban_multi_operator_public_proxy,100,01_raw_flattened_windows,raw_time_windows,none_raw_baseline,classical_ml,Decision_Tree,Decision_Tree,490,,0.7407195888063963,0.841170386080032,0.7407195888063963,0.7762358789925358,0.2732752846617549,0.5956204379562043,0.3746556473829201,"[[3483, 1085], [277, 408]]",3483,1085,277,408,D2 Urban proxy
D2_urban_multi_operator_public_proxy,100,01_raw_flattened_windows,raw_time_windows,none_raw_baseline,classical_ml,Random_Forest,Random_Forest,490,,0.885208452312964,0.8662285965795198,0.885208452312964,0.8600894641282243,0.6722689075630253,0.2335766423357664,0.3466955579631636,"[[4490, 78], [525, 160]]",4490,78,525,160,D2 Urban proxy
D2_urban_multi_operator_public_proxy,100,01_raw_flattened_windows,raw_time_windows,none_raw_baseline,classical_ml,SVM,SVM,490,,0.7755568246716162,0.8432411375657823,0.7755568246716162,0.8011421106365216,0.3036565977742448,0.5576642335766423,0.393206381883685,"[[3692, 876], [303, 382]]",3692,876,303,382,D2 Urban proxy
D2_urban_multi_operator_public_proxy,100,01_raw_flattened_windows,raw_time_windows,none_raw_baseline,classical_ml,KNN,KNN,490,,0.8242908814011042,0.8055186654982041,0.8242908814011042,0.8141128873815062,0.2729007633587786,0.2087591240875912,0.2365591397849462,"[[4187, 381], [542, 143]]",4187,381,542,143,D2 Urban proxy
D2_urban_multi_operator_public_proxy,100,01_raw_flattened_windows,raw_time_windows,none_raw_baseline,classical_ml,Logistic_Regression,Logistic_Regression,490,,0.7262516657148296,0.8453913045824241,0.7262516657148296,0.7663170919530322,0.2688766114180478,0.6394160583941606,0.3785652549697493,"[[3377, 1191], [247, 438]]",3377,1191,247,438,D2 Urban proxy
D2_urban_multi_operator_public_proxy,100,02_engineered_flattened_windows,engineered_time_windows,temporal_feature_engineering,classical_ml,Decision_Tree,Decision_Tree,5880,,0.7184466019417476,0.8394404722580745,0.7184466019417476,0.759738187158114,0.2570379436964504,0.6131386861313869,0.3622250970245795,"[[3354, 1214], [265, 420]]",3354,1214,265,420,D2 Urban proxy
D2_urban_multi_operator_public_proxy,100,02_engineered_flattened_windows,engineered_time_windows,temporal_feature_engineering,classical_ml,Random_Forest,Random_Forest,5880,,0.8844469826765657,0.8653822618522713,0.8844469826765657,0.8573767026316864,0.6788990825688074,0.2160583941605839,0.327796234772979,"[[4498, 70], [537, 148]]",4498,70,537,148,D2 Urban proxy
D2_urban_multi_operator_public_proxy,100,02_engineered_flattened_windows,engineered_time_windows,temporal_feature_engineering,classical_ml,SVM,SVM,5880,,0.8145821435370265,0.8427966215027276,0.8145821435370265,0.8266543968617011,0.3470899470899471,0.4788321167883211,0.4024539877300613,"[[3951, 617], [357, 328]]",3951,617,357,328,D2 Urban proxy
D2_urban_multi_operator_public_proxy,100,02_engineered_flattened_windows,engineered_time_windows,temporal_feature_engineering,classical_ml,KNN,KNN,5880,,0.8368551304016753,0.8044465764835879,0.8368551304016753,0.8178959635146337,0.285,0.1664233576642335,0.2101382488479262,"[[4282, 286], [571, 114]]",4282,286,571,114,D2 Urban proxy
D2_urban_multi_operator_public_proxy,100,02_engineered_flattened_windows,engineered_time_windows,temporal_feature_engineering,classical_ml,Logistic_Regression,Logistic_Regression,5880,,0.7445269369883876,0.8375298438012931,0.7445269369883876,0.7782926600607328,0.2710801393728223,0.5678832116788322,0.3669811320754716,"[[3522, 1046], [296, 389]]",3522,1046,296,389,D2 Urban proxy
D2_urban_multi_operator_public_proxy,100,03_feature_selection_on_engineered,selected_engineered_features,feature_selection_anova_top_40,classical_ml,Decision_Tree,Decision_Tree,40,,0.6649533599847706,0.8232889749292452,0.6649533599847707,0.7176718047360361,0.2124130551096843,0.5795620437956205,0.3108848864526233,"[[3096, 1472], [288, 397]]",3096,1472,288,397,D2 Urban proxy
D2_urban_multi_operator_public_proxy,100,03_feature_selection_on_engineered,selected_engineered_features,feature_selection_anova_top_40,classical_ml,Random_Forest,Random_Forest,40,,0.8195316961736151,0.8206478443290935,0.8195316961736151,0.8200866909335458,0.3107913669064748,0.3153284671532846,0.3130434782608696,"[[4089, 479], [469, 216]]",4089,479,469,216,D2 Urban proxy
D2_urban_multi_operator_public_proxy,100,03_feature_selection_on_engineered,selected_engineered_features,feature_selection_anova_top_40,classical_ml,SVM,SVM,40,,0.681324957167333,0.8401735980049606,0.681324957167333,0.7316894756116026,0.2384981491274458,0.6583941605839416,0.3501552795031056,"[[3128, 1440], [234, 451]]",3128,1440,234,451,D2 Urban proxy
D2_urban_multi_operator_public_proxy,100,03_feature_selection_on_engineered,selected_engineered_features,feature_selection_anova_top_40,classical_ml,KNN,KNN,40,,0.8322863125832858,0.8079770204153055,0.8322863125832858,0.8186046498519118,0.2914893617021276,0.2,0.2372294372294372,"[[4235, 333], [548, 137]]",4235,333,548,137,D2 Urban proxy
D2_urban_multi_operator_public_proxy,100,03_feature_selection_on_engineered,selected_engineered_features,feature_selection_anova_top_40,classical_ml,Logistic_Regression,Logistic_Regression,40,,0.6670474014848657,0.8344671171037602,0.6670474014848657,0.7201457770384402,0.2260556127703398,0.6408759124087591,0.3342215454891511,"[[3065, 1503], [246, 439]]",3065,1503,246,439,D2 Urban proxy
D2_urban_multi_operator_public_proxy,100,04_pca_on_engineered,pca_engineered_features,pca_0.95_feature_variance,classical_ml,Decision_Tree,Decision_Tree,425,,0.6405863316200266,0.8003945218156634,0.6405863316200266,0.6969457266505577,0.1753912574203993,0.4744525547445255,0.256107171000788,"[[3040, 1528], [360, 325]]",3040,1528,360,325,D2 Urban proxy
D2_urban_multi_operator_public_proxy,100,04_pca_on_engineered,pca_engineered_features,pca_0.95_feature_variance,classical_ml,Random_Forest,Random_Forest,425,,0.8732153055396916,0.8512977782771504,0.8732153055396916,0.8224126087123468,0.6938775510204082,0.0496350364963503,0.0926430517711171,"[[4553, 15], [651, 34]]",4553,15,651,34,D2 Urban proxy
D2_urban_multi_operator_public_proxy,100,04_pca_on_engineered,pca_engineered_features,pca_0.95_feature_variance,classical_ml,SVM,SVM,425,,0.80868075385494,0.8406235139654679,0.80868075385494,0.8222199276533619,0.3357289527720739,0.4773722627737226,0.3942133815551537,"[[3921, 647], [358, 327]]",3921,647,358,327,D2 Urban proxy
D2_urban_multi_operator_public_proxy,100,04_pca_on_engineered,pca_engineered_features,pca_0.95_feature_variance,classical_ml,KNN,KNN,425,,0.8326670474014849,0.8011989900429347,0.8326670474014849,0.8146183867173117,0.2668269230769231,0.1620437956204379,0.2016348773841962,"[[4263, 305], [574, 111]]",4263,305,574,111,D2 Urban proxy
D2_urban_multi_operator_public_proxy,100,04_pca_on_engineered,pca_engineered_features,pca_0.95_feature_variance,classical_ml,Logistic_Regression,Logistic_Regression,425,,0.7422425280791929,0.8441052893006669,0.7422425280791929,0.7778298937372511,0.2780358327803583,0.6116788321167883,0.3822992700729927,"[[3480, 1088], [266, 419]]",3480,1088,266,419,D2 Urban proxy
D2_urban_multi_operator_public_proxy,100,05_feature_selection_plus_pca,selected_pca_engineered_features,feature_selection_anova_plus_pca,classical_ml,Decision_Tree,Decision_Tree,10,,0.6820864268037312,0.8194348183648203,0.6820864268037312,0.7302008906869146,0.2138291690877397,0.5372262773722628,0.3059019118869493,"[[3215, 1353], [317, 368]]",3215,1353,317,368,D2 Urban proxy
D2_urban_multi_operator_public_proxy,100,05_feature_selection_plus_pca,selected_pca_engineered_features,feature_selection_anova_plus_pca,classical_ml,Random_Forest,Random_Forest,10,,0.81305920426423,0.8142148169650031,0.81305920426423,0.813634103899517,0.2863309352517985,0.2905109489051095,0.2884057971014492,"[[4072, 496], [486, 199]]",4072,496,486,199,D2 Urban proxy
D2_urban_multi_operator_public_proxy,100,05_feature_selection_plus_pca,selected_pca_engineered_features,feature_selection_anova_plus_pca,classical_ml,SVM,SVM,10,,0.6719969541214544,0.8374489946617055,0.6719969541214544,0.7242202235593704,0.2313664596273291,0.6525547445255474,0.3416125334352312,"[[3083, 1485], [238, 447]]",3083,1485,238,447,D2 Urban proxy
D2_urban_multi_operator_public_proxy,100,05_feature_selection_plus_pca,selected_pca_engineered_features,feature_selection_anova_plus_pca,classical_ml,KNN,KNN,10,,0.8280982295830954,0.8012989979704548,0.8280982295830954,0.813112193470673,0.2620087336244541,0.1751824817518248,0.2099737532808399,"[[4230, 338], [565, 120]]",4230,338,565,120,D2 Urban proxy
D2_urban_multi_operator_public_proxy,100,05_feature_selection_plus_pca,selected_pca_engineered_features,feature_selection_anova_plus_pca,classical_ml,Logistic_Regression,Logistic_Regression,10,,0.6679992385303636,0.836989808554995,0.6679992385303636,0.7210539969721712,0.229156010230179,0.654014598540146,0.3393939393939394,"[[3061, 1507], [237, 448]]",3061,1507,237,448,D2 Urban proxy
D2_urban_multi_operator_public_proxy,100,06_direct_deep_learning,engineered_sequence_features,deep_temporal_learning,deep_learning_direct,LSTM,direct_sigmoid,588,Direct sequence model.,0.7605177993527508,0.842790787594815,0.7605177993527508,0.790607665535097,0.2901098901098901,0.5781021897810219,0.3863414634146341,"[[3599, 969], [289, 396]]",3599,969,289,396,D2 Urban proxy
D2_urban_multi_operator_public_proxy,100,06_direct_deep_learning,engineered_sequence_features,deep_temporal_learning,deep_learning_direct,GRU,direct_sigmoid,588,Direct sequence model.,0.771749476489625,0.8454660547890515,0.771749476489625,0.7990223831943418,0.3032159264931087,0.5781021897810219,0.3977900552486187,"[[3658, 910], [289, 396]]",3658,910,289,396,D2 Urban proxy
D2_urban_multi_operator_public_proxy,100,06_direct_deep_learning,engineered_sequence_features,deep_temporal_learning,deep_learning_direct,TCN,direct_sigmoid,588,Direct sequence model.,0.6702836474395584,0.8296487368524325,0.6702836474395584,0.7223114497030748,0.2219861922464153,0.6102189781021898,0.3255451713395638,"[[3103, 1465], [267, 418]]",3103,1465,267,418,D2 Urban proxy
D2_urban_multi_operator_public_proxy,100,06_direct_deep_learning,engineered_sequence_features,deep_temporal_learning,deep_learning_direct,Transformer,direct_sigmoid,588,Direct sequence model.,0.686084142394822,0.836687682938588,0.686084142394822,0.735075235432299,0.2368995633187773,0.6335766423357664,0.344854986094557,"[[3170, 1398], [251, 434]]",3170,1398,251,434,D2 Urban proxy
D2_urban_multi_operator_public_proxy,100,07_individual_deep_features_to_classifiers,LSTM_deep_features,LSTM_as_feature_extractor,classical_ml,Decision_Tree,Decision_Tree,32,Classifiers trained only on LSTM latent temporal features.,0.7447173043974872,0.8371043069235785,0.7447173043974872,0.7783457269816592,0.2706293706293706,0.564963503649635,0.3659574468085106,"[[3525, 1043], [298, 387]]",3525,1043,298,387,D2 Urban proxy
D2_urban_multi_operator_public_proxy,100,07_individual_deep_features_to_classifiers,LSTM_deep_features,LSTM_as_feature_extractor,classical_ml,Random_Forest,Random_Forest,32,Classifiers trained only on LSTM latent temporal features.,0.8267656577193985,0.8354197289038058,0.8267656577193985,0.8308727892089052,0.3533246414602347,0.3956204379562044,0.3732782369146005,"[[4072, 496], [414, 271]]",4072,496,414,271,D2 Urban proxy
D2_urban_multi_operator_public_proxy,100,07_individual_deep_features_to_classifiers,LSTM_deep_features,LSTM_as_feature_extractor,classical_ml,SVM,SVM,32,Classifiers trained only on LSTM latent temporal features.,0.75214163335237,0.842500799469662,0.75214163335237,0.7846379485257226,0.2832044975404076,0.5883211678832116,0.3823529411764705,"[[3548, 1020], [282, 403]]",3548,1020,282,403,D2 Urban proxy
D2_urban_multi_operator_public_proxy,100,07_individual_deep_features_to_classifiers,LSTM_deep_features,LSTM_as_feature_extractor,classical_ml,KNN,KNN,32,Classifiers trained only on LSTM latent temporal features.,0.8345707214924805,0.8239254865867511,0.8345707214924805,0.8288918699757347,0.3424657534246575,0.291970802919708,0.3152088258471237,"[[4184, 384], [485, 200]]",4184,384,485,200,D2 Urban proxy
D2_urban_multi_operator_public_proxy,100,07_individual_deep_features_to_classifiers,LSTM_deep_features,LSTM_as_feature_extractor,classical_ml,Logistic_Regression,Logistic_Regression,32,Classifiers trained only on LSTM latent temporal features.,0.7599466971254522,0.8426579114937648,0.7599466971254522,0.7901795095414542,0.2894736842105263,0.5781021897810219,0.385776911836337,"[[3596, 972], [289, 396]]",3596,972,289,396,D2 Urban proxy
D2_urban_multi_operator_public_proxy,100,07_individual_deep_features_to_classifiers,GRU_deep_features,GRU_as_feature_extractor,classical_ml,Decision_Tree,Decision_Tree,32,Classifiers trained only on GRU latent temporal features.,0.7588044926708547,0.8359538517375432,0.7588044926708547,0.7879386966602303,0.2792109256449165,0.5372262773722628,0.3674488267598602,"[[3618, 950], [317, 368]]",3618,950,317,368,D2 Urban proxy
D2_urban_multi_operator_public_proxy,100,07_individual_deep_features_to_classifiers,GRU_deep_features,GRU_as_feature_extractor,classical_ml,Random_Forest,Random_Forest,32,Classifiers trained only on GRU latent temporal features.,0.8317152103559871,0.8331725796728868,0.8317152103559871,0.832437224111389,0.3576537911301859,0.364963503649635,0.361271676300578,"[[4119, 449], [435, 250]]",4119,449,435,250,D2 Urban proxy
D2_urban_multi_operator_public_proxy,100,07_individual_deep_features_to_classifiers,GRU_deep_features,GRU_as_feature_extractor,classical_ml,SVM,SVM,32,Classifiers trained only on GRU latent temporal features.,0.7601370645345517,0.8473313356490192,0.7601370645345517,0.7912370832120255,0.2956645344705046,0.6072992700729927,0.3977055449330784,"[[3577, 991], [269, 416]]",3577,991,269,416,D2 Urban proxy
D2_urban_multi_operator_public_proxy,100,07_individual_deep_features_to_classifiers,GRU_deep_features,GRU_as_feature_extractor,classical_ml,KNN,KNN,32,Classifiers trained only on GRU latent temporal features.,0.828669331810394,0.8181475740349516,0.828669331810394,0.8231049738984441,0.3174872665534805,0.272992700729927,0.2935635792778649,"[[4166, 402], [498, 187]]",4166,402,498,187,D2 Urban proxy
D2_urban_multi_operator_public_proxy,100,07_individual_deep_features_to_classifiers,GRU_deep_features,GRU_as_feature_extractor,classical_ml,Logistic_Regression,Logistic_Regression,32,Classifiers trained only on GRU latent temporal features.,0.7576622882162574,0.8451430209784646,0.7576622882162574,0.7890608662263637,0.2908961593172119,0.5970802919708029,0.3912003825920612,"[[3571, 997], [276, 409]]",3571,997,276,409,D2 Urban proxy
D2_urban_multi_operator_public_proxy,100,07_individual_deep_features_to_classifiers,TCN_deep_features,TCN_as_feature_extractor,classical_ml,Decision_Tree,Decision_Tree,32,Classifiers trained only on TCN latent temporal features.,0.6969350847134971,0.8229299279083293,0.6969350847134971,0.7416115815675614,0.2246508803885853,0.5401459854014599,0.3173241852487135,"[[3291, 1277], [315, 370]]",3291,1277,315,370,D2 Urban proxy
D2_urban_multi_operator_public_proxy,100,07_individual_deep_features_to_classifiers,TCN_deep_features,TCN_as_feature_extractor,classical_ml,Random_Forest,Random_Forest,32,Classifiers trained only on TCN latent temporal features.,0.8062059775366457,0.809769704577658,0.8062059775366457,0.8079631118481311,0.2671328671328671,0.2788321167883211,0.2728571428571428,"[[4044, 524], [494, 191]]",4044,524,494,191,D2 Urban proxy
D2_urban_multi_operator_public_proxy,100,07_individual_deep_features_to_classifiers,TCN_deep_features,TCN_as_feature_extractor,classical_ml,SVM,SVM,32,Classifiers trained only on TCN latent temporal features.,0.6957928802588996,0.8292987972086786,0.6957928802588996,0.7416220457393294,0.2325717633274751,0.5795620437956205,0.3319397993311037,"[[3258, 1310], [288, 397]]",3258,1310,288,397,D2 Urban proxy
D2_urban_multi_operator_public_proxy,100,07_individual_deep_features_to_classifiers,TCN_deep_features,TCN_as_feature_extractor,classical_ml,KNN,KNN,32,Classifiers trained only on TCN latent temporal features.,0.8094422234913383,0.8071778001746077,0.8094422234913383,0.8082999927481826,0.2627627627627628,0.2554744525547445,0.2590673575129533,"[[4077, 491], [510, 175]]",4077,491,510,175,D2 Urban proxy
D2_urban_multi_operator_public_proxy,100,07_individual_deep_features_to_classifiers,TCN_deep_features,TCN_as_feature_extractor,classical_ml,Logistic_Regression,Logistic_Regression,32,Classifiers trained only on TCN latent temporal features.,0.7117837426232629,0.8281551195101229,0.7117837426232629,0.7532092463660385,0.238815374921235,0.5532846715328467,0.3336267605633803,"[[3360, 1208], [306, 379]]",3360,1208,306,379,D2 Urban proxy
D2_urban_multi_operator_public_proxy,100,07_individual_deep_features_to_classifiers,Transformer_deep_features,Transformer_as_feature_extractor,classical_ml,Decision_Tree,Decision_Tree,32,Classifiers trained only on Transformer latent temporal features.,0.6801827527127355,0.8232494489242738,0.6801827527127355,0.7292354837828924,0.2181303116147308,0.5620437956204379,0.3142857142857143,"[[3188, 1380], [300, 385]]",3188,1380,300,385,D2 Urban proxy
D2_urban_multi_operator_public_proxy,100,07_individual_deep_features_to_classifiers,Transformer_deep_features,Transformer_as_feature_extractor,classical_ml,Random_Forest,Random_Forest,32,Classifiers trained only on Transformer latent temporal features.,0.8014467923091567,0.81749995048557,0.8014467923091567,0.8089605596571439,0.2822384428223844,0.3386861313868613,0.3078964830789648,"[[3978, 590], [453, 232]]",3978,590,453,232,D2 Urban proxy
D2_urban_multi_operator_public_proxy,100,07_individual_deep_features_to_classifiers,Transformer_deep_features,Transformer_as_feature_extractor,classical_ml,SVM,SVM,32,Classifiers trained only on Transformer latent temporal features.,0.7003616980772892,0.8358822355138082,0.7003616980772892,0.7458259530392588,0.242914979757085,0.6131386861313869,0.347970173985087,"[[3259, 1309], [265, 420]]",3259,1309,265,420,D2 Urban proxy
D2_urban_multi_operator_public_proxy,100,07_individual_deep_features_to_classifiers,Transformer_deep_features,Transformer_as_feature_extractor,classical_ml,KNN,KNN,32,Classifiers trained only on Transformer latent temporal features.,0.7921187892632782,0.8098489232520578,0.7921187892632782,0.8004408771548651,0.2551143200962695,0.3094890510948905,0.2796833773087071,"[[3949, 619], [473, 212]]",3949,619,473,212,D2 Urban proxy
D2_urban_multi_operator_public_proxy,100,07_individual_deep_features_to_classifiers,Transformer_deep_features,Transformer_as_feature_extractor,classical_ml,Logistic_Regression,Logistic_Regression,32,Classifiers trained only on Transformer latent temporal features.,0.7129259470778603,0.8315248738781046,0.7129259470778603,0.7545547533420803,0.2439327940261356,0.5722627737226277,0.3420593368237347,"[[3353, 1215], [293, 392]]",3353,1215,293,392,D2 Urban proxy
D2_urban_multi_operator_public_proxy,100,08_combined_deep_features_to_classifiers,LSTM_GRU_TCN_Transformer_deep_features,combined_deep_feature_extraction,classical_ml,Decision_Tree,Decision_Tree,128,"Classifiers trained on concatenated LSTM, GRU, TCN, and Transformer features.",0.7905958499904816,0.8355202061201537,0.7905958499904816,0.8090603071784147,0.3066169617893756,0.4802919708029197,0.3742889647326507,"[[3824, 744], [356, 329]]",3824,744,356,329,D2 Urban proxy
D2_urban_multi_operator_public_proxy,100,08_combined_deep_features_to_classifiers,LSTM_GRU_TCN_Transformer_deep_features,combined_deep_feature_extraction,classical_ml,Random_Forest,Random_Forest,128,"Classifiers trained on concatenated LSTM, GRU, TCN, and Transformer features.",0.8425661526746621,0.8345495079025702,0.8425661526746621,0.8383114005032555,0.3824503311258278,0.3372262773722628,0.3584173778122576,"[[4195, 373], [454, 231]]",4195,373,454,231,D2 Urban proxy
D2_urban_multi_operator_public_proxy,100,08_combined_deep_features_to_classifiers,LSTM_GRU_TCN_Transformer_deep_features,combined_deep_feature_extraction,classical_ml,SVM,SVM,128,"Classifiers trained on concatenated LSTM, GRU, TCN, and Transformer features.",0.7664191890348372,0.8437235961104287,0.7664191890348372,0.7949319865295924,0.2962406015037594,0.5751824817518248,0.3910669975186104,"[[3632, 936], [291, 394]]",3632,936,291,394,D2 Urban proxy
D2_urban_multi_operator_public_proxy,100,08_combined_deep_features_to_classifiers,LSTM_GRU_TCN_Transformer_deep_features,combined_deep_feature_extraction,classical_ml,KNN,KNN,128,"Classifiers trained on concatenated LSTM, GRU, TCN, and Transformer features.",0.830001903674091,0.826705595210847,0.830001903674091,0.8283214801023168,0.3409785932721712,0.3255474452554744,0.3330843913368185,"[[4137, 431], [462, 223]]",4137,431,462,223,D2 Urban proxy
D2_urban_multi_operator_public_proxy,100,08_combined_deep_features_to_classifiers,LSTM_GRU_TCN_Transformer_deep_features,combined_deep_feature_extraction,classical_ml,Logistic_Regression,Logistic_Regression,128,"Classifiers trained on concatenated LSTM, GRU, TCN, and Transformer features.",0.7624214734437464,0.8471575043132908,0.7624214734437464,0.7928254942933569,0.2973362131029518,0.602919708029197,0.3982642237222758,"[[3592, 976], [272, 413]]",3592,976,272,413,D2 Urban proxy
D3_ORAN_7_2_event_log_handover_labels,1,01_raw_flattened_windows,raw_time_windows,none_raw_baseline,classical_ml,Decision_Tree,Decision_Tree,540,,0.9039744705541052,0.9158098774204182,0.9039744705541052,0.903924862896732,0.8372465314834578,0.9836990595611286,0.9045834534447968,"[[1547, 305], [26, 1569]]",1547,305,26,1569,D3 O-RAN event label
D3_ORAN_7_2_event_log_handover_labels,1,01_raw_flattened_windows,raw_time_windows,none_raw_baseline,classical_ml,Random_Forest,Random_Forest,540,,0.923991876994488,0.9331866838411248,0.923991876994488,0.9240150986025252,0.8628198149156233,0.9937304075235108,0.9236596736596736,"[[1600, 252], [10, 1585]]",1600,252,10,1585,D3 O-RAN event label
D3_ORAN_7_2_event_log_handover_labels,1,01_raw_flattened_windows,raw_time_windows,none_raw_baseline,classical_ml,SVM,SVM,540,,0.8816362053959965,0.905046581606752,0.8816362053959965,0.8810545047607379,0.7971957936905358,0.9981191222570532,0.8864142538975501,"[[1447, 405], [3, 1592]]",1447,405,3,1592,D3 O-RAN event label
D3_ORAN_7_2_event_log_handover_labels,1,01_raw_flattened_windows,raw_time_windows,none_raw_baseline,classical_ml,KNN,KNN,540,,0.900203075137801,0.9060064596524956,0.900203075137801,0.9003079336361522,0.8500279798545047,0.9523510971786834,0.8982850384387936,"[[1584, 268], [76, 1519]]",1584,268,76,1519,D3 O-RAN event label
D3_ORAN_7_2_event_log_handover_labels,1,01_raw_flattened_windows,raw_time_windows,none_raw_baseline,classical_ml,Logistic_Regression,Logistic_Regression,540,,0.8923701769654773,0.909382369006454,0.8923701769654773,0.8921182298155652,0.8164426059979317,0.9899686520376176,0.8948710682913007,"[[1497, 355], [16, 1579]]",1497,355,16,1579,D3 O-RAN event label
D3_ORAN_7_2_event_log_handover_labels,1,02_engineered_flattened_windows,engineered_time_windows,temporal_feature_engineering,classical_ml,Decision_Tree,Decision_Tree,6480,,0.9266028430519292,0.9314536390126912,0.9266028430519292,0.92669266449788,0.879524886877828,0.974921630094044,0.9247695509961344,"[[1639, 213], [40, 1555]]",1639,213,40,1555,D3 O-RAN event label
D3_ORAN_7_2_event_log_handover_labels,1,02_engineered_flattened_windows,engineered_time_windows,temporal_feature_engineering,classical_ml,Random_Forest,Random_Forest,6480,,0.930664345807949,0.9354195787098036,0.930664345807949,0.9307502153267664,0.8839184597961495,0.9786833855799372,0.9288902112466528,"[[1647, 205], [34, 1561]]",1647,205,34,1561,D3 O-RAN event label
D3_ORAN_7_2_event_log_handover_labels,1,02_engineered_flattened_windows,engineered_time_windows,temporal_feature_engineering,classical_ml,SVM,SVM,6480,,0.8944009283434871,0.913389966823274,0.8944009283434871,0.8940792995268217,0.8151561699948797,0.9981191222570532,0.8974069898534386,"[[1491, 361], [3, 1592]]",1491,361,3,1592,D3 O-RAN event label
D3_ORAN_7_2_event_log_handover_labels,1,02_engineered_flattened_windows,engineered_time_windows,temporal_feature_engineering,classical_ml,KNN,KNN,6480,,0.8958514650420656,0.9027509173982916,0.8958514650420656,0.8959365569447184,0.8421926910299004,0.9536050156739811,0.8944428109379594,"[[1567, 285], [74, 1521]]",1567,285,74,1521,D3 O-RAN event label
D3_ORAN_7_2_event_log_handover_labels,1,02_engineered_flattened_windows,engineered_time_windows,temporal_feature_engineering,classical_ml,Logistic_Regression,Logistic_Regression,6480,,0.9071656512909776,0.9197997462820008,0.9071656512909776,0.9070958898509462,0.8385554965480616,0.9899686520376176,0.9079930994824612,"[[1548, 304], [16, 1579]]",1548,304,16,1579,D3 O-RAN event label
D3_ORAN_7_2_event_log_handover_labels,1,03_feature_selection_on_engineered,selected_engineered_features,feature_selection_anova_top_40,classical_ml,Decision_Tree,Decision_Tree,40,,0.8900493182477517,0.9002962522909088,0.8900493182477517,0.8900396573731892,0.8275862068965517,0.9630094043887149,0.8901767603593161,"[[1532, 320], [59, 1536]]",1532,320,59,1536,D3 O-RAN event label
D3_ORAN_7_2_event_log_handover_labels,1,03_feature_selection_on_engineered,selected_engineered_features,feature_selection_anova_top_40,classical_ml,Random_Forest,Random_Forest,40,,0.9080359733101248,0.9177376684483044,0.9080359733101248,0.908047629636516,0.8461538461538461,0.9793103448275862,0.9078756175530368,"[[1568, 284], [33, 1562]]",1568,284,33,1562,D3 O-RAN event label
D3_ORAN_7_2_event_log_handover_labels,1,03_feature_selection_on_engineered,selected_engineered_features,feature_selection_anova_top_40,classical_ml,SVM,SVM,40,,0.8810559907165652,0.9039849168618734,0.8810559907165652,0.8804932744437157,0.7972905168088309,0.9962382445141066,0.8857302118171684,"[[1448, 404], [6, 1589]]",1448,404,6,1589,D3 O-RAN event label
D3_ORAN_7_2_event_log_handover_labels,1,03_feature_selection_on_engineered,selected_engineered_features,feature_selection_anova_top_40,classical_ml,KNN,KNN,40,,0.9071656512909776,0.9107628974417868,0.9071656512909776,0.9072918191761894,0.8657487091222031,0.9460815047021944,0.9041342121030556,"[[1618, 234], [86, 1509]]",1618,234,86,1509,D3 O-RAN event label
D3_ORAN_7_2_event_log_handover_labels,1,03_feature_selection_on_engineered,selected_engineered_features,feature_selection_anova_top_40,classical_ml,Logistic_Regression,Logistic_Regression,40,,0.8987525384392225,0.9141831745454644,0.8987525384392225,0.898577418207718,0.8251565762004175,0.9912225705329154,0.900598120193677,"[[1517, 335], [14, 1581]]",1517,335,14,1581,D3 O-RAN event label
D3_ORAN_7_2_event_log_handover_labels,1,04_pca_on_engineered,pca_engineered_features,pca_0.95_feature_variance,classical_ml,Decision_Tree,Decision_Tree,137,,0.8793153466782709,0.8893634956789788,0.8793153466782709,0.8793074241387911,0.8177897574123989,0.9510971786833856,0.8794202898550725,"[[1514, 338], [78, 1517]]",1514,338,78,1517,D3 O-RAN event label
D3_ORAN_7_2_event_log_handover_labels,1,04_pca_on_engineered,pca_engineered_features,pca_0.95_feature_variance,classical_ml,Random_Forest,Random_Forest,137,,0.8917899622860458,0.9059856587804892,0.8917899622860458,0.8916435944505912,0.8209033613445378,0.9799373040752352,0.8933981137467848,"[[1511, 341], [32, 1563]]",1511,341,32,1563,D3 O-RAN event label
D3_ORAN_7_2_event_log_handover_labels,1,04_pca_on_engineered,pca_engineered_features,pca_0.95_feature_variance,classical_ml,SVM,SVM,137,,0.8796054540179866,0.9037526882776332,0.8796054540179866,0.8789742984124961,0.7944111776447106,0.9981191222570532,0.8846901917199222,"[[1440, 412], [3, 1592]]",1440,412,3,1592,D3 O-RAN event label
D3_ORAN_7_2_event_log_handover_labels,1,04_pca_on_engineered,pca_engineered_features,pca_0.95_feature_variance,classical_ml,KNN,KNN,137,,0.8967217870612126,0.9033230755753,0.8967217870612126,0.8968131265600358,0.8439755691282621,0.9529780564263324,0.8951707891637221,"[[1571, 281], [75, 1520]]",1571,281,75,1520,D3 O-RAN event label
D3_ORAN_7_2_event_log_handover_labels,1,04_pca_on_engineered,pca_engineered_features,pca_0.95_feature_variance,classical_ml,Logistic_Regression,Logistic_Regression,137,,0.9042645778938208,0.9175399622309308,0.9042645778938208,0.904171552395382,0.8344791115811739,0.9893416927899686,0.9053356282271944,"[[1539, 313], [17, 1578]]",1539,313,17,1578,D3 O-RAN event label
D3_ORAN_7_2_event_log_handover_labels,1,05_feature_selection_plus_pca,selected_pca_engineered_features,feature_selection_anova_plus_pca,classical_ml,Decision_Tree,Decision_Tree,2,,0.8836669567740064,0.900660353973892,0.8836669567740064,0.8833863409422358,0.8083677685950413,0.9811912225705328,0.886434437836307,"[[1481, 371], [30, 1565]]",1481,371,30,1565,D3 O-RAN event label
D3_ORAN_7_2_event_log_handover_labels,1,05_feature_selection_plus_pca,selected_pca_engineered_features,feature_selection_anova_plus_pca,classical_ml,Random_Forest,Random_Forest,2,,0.8874383521903104,0.9032800201924908,0.8874383521903104,0.8872176409956326,0.8138325533021321,0.9811912225705328,0.8897100625355315,"[[1494, 358], [30, 1565]]",1494,358,30,1565,D3 O-RAN event label
D3_ORAN_7_2_event_log_handover_labels,1,05_feature_selection_plus_pca,selected_pca_engineered_features,feature_selection_anova_plus_pca,classical_ml,SVM,SVM,2,,0.8749637365825356,0.9005862810022696,0.8749637365825356,0.8742230913183718,0.788404360753221,0.9974921630094044,0.880708552449488,"[[1425, 427], [4, 1591]]",1425,427,4,1591,D3 O-RAN event label
D3_ORAN_7_2_event_log_handover_labels,1,05_feature_selection_plus_pca,selected_pca_engineered_features,feature_selection_anova_plus_pca,classical_ml,KNN,KNN,2,,0.8848273861328692,0.8899782075905682,0.8848273861328692,0.8849607904839986,0.8372747747747747,0.9322884012539184,0.8822307920498369,"[[1563, 289], [108, 1487]]",1563,289,108,1487,D3 O-RAN event label
D3_ORAN_7_2_event_log_handover_labels,1,05_feature_selection_plus_pca,selected_pca_engineered_features,feature_selection_anova_plus_pca,classical_ml,Logistic_Regression,Logistic_Regression,2,,0.8900493182477517,0.90300055651597,0.8900493182477517,0.8899455716757867,0.8216931216931217,0.973667711598746,0.891248206599713,"[[1515, 337], [42, 1553]]",1515,337,42,1553,D3 O-RAN event label
D3_ORAN_7_2_event_log_handover_labels,1,06_direct_deep_learning,engineered_sequence_features,deep_temporal_learning,deep_learning_direct,LSTM,direct_sigmoid,648,Direct sequence model.,0.9274731650710762,0.9311823024612204,0.9274731650710762,0.9275712291315268,0.8853868194842407,0.9686520376175548,0.9251497005988024,"[[1652, 200], [50, 1545]]",1652,200,50,1545,D3 O-RAN event label
D3_ORAN_7_2_event_log_handover_labels,1,06_direct_deep_learning,engineered_sequence_features,deep_temporal_learning,deep_learning_direct,GRU,direct_sigmoid,648,Direct sequence model.,0.9225413402959096,0.9275949288326064,0.9225413402959096,0.922633700451371,0.8747178329571106,0.9717868338557992,0.9207009207009208,"[[1630, 222], [45, 1550]]",1630,222,45,1550,D3 O-RAN event label
D3_ORAN_7_2_event_log_handover_labels,1,06_direct_deep_learning,engineered_sequence_features,deep_temporal_learning,deep_learning_direct,TCN,direct_sigmoid,648,Direct sequence model.,0.8909196402668987,0.9089910189981504,0.8909196402668987,0.8906205989241297,0.8133676092544987,0.9918495297805644,0.8937853107344633,"[[1489, 363], [13, 1582]]",1489,363,13,1582,D3 O-RAN event label
D3_ORAN_7_2_event_log_handover_labels,1,06_direct_deep_learning,engineered_sequence_features,deep_temporal_learning,deep_learning_direct,Transformer,direct_sigmoid,648,Direct sequence model.,0.89353060632434,0.909603387669044,0.89353060632434,0.893318252478244,0.8191268191268192,0.9880877742946708,0.8957090082409775,"[[1504, 348], [19, 1576]]",1504,348,19,1576,D3 O-RAN event label
D3_ORAN_7_2_event_log_handover_labels,1,07_individual_deep_features_to_classifiers,LSTM_deep_features,LSTM_as_feature_extractor,classical_ml,Decision_Tree,Decision_Tree,32,Classifiers trained only on LSTM latent temporal features.,0.913548012764723,0.9202399187814926,0.913548012764723,0.9136244711092434,0.8600777345918934,0.9711598746081505,0.9122497055359248,"[[1600, 252], [46, 1549]]",1600,252,46,1549,D3 O-RAN event label
D3_ORAN_7_2_event_log_handover_labels,1,07_individual_deep_features_to_classifiers,LSTM_deep_features,LSTM_as_feature_extractor,classical_ml,Random_Forest,Random_Forest,32,Classifiers trained only on LSTM latent temporal features.,0.9213809109370468,0.9247683397454832,0.9213809109370468,0.9214888954835976,0.880897583429229,0.9598746081504702,0.9186918691869188,"[[1645, 207], [64, 1531]]",1645,207,64,1531,D3 O-RAN event label
D3_ORAN_7_2_event_log_handover_labels,1,07_individual_deep_features_to_classifiers,LSTM_deep_features,LSTM_as_feature_extractor,classical_ml,SVM,SVM,32,Classifiers trained only on LSTM latent temporal features.,0.9007832898172324,0.9159758145204658,0.9007832898172324,0.9006212598891727,0.8274960794563513,0.9924764890282132,0.902508551881414,"[[1522, 330], [12, 1583]]",1522,330,12,1583,D3 O-RAN event label
D3_ORAN_7_2_event_log_handover_labels,1,07_individual_deep_features_to_classifiers,LSTM_deep_features,LSTM_as_feature_extractor,classical_ml,KNN,KNN,32,Classifiers trained only on LSTM latent temporal features.,0.918189730200174,0.9183999126714534,0.918189730200174,0.918234074703613,0.904497843499692,0.9203761755485892,0.9123679303915476,"[[1697, 155], [127, 1468]]",1697,155,127,1468,D3 O-RAN event label
D3_ORAN_7_2_event_log_handover_labels,1,07_individual_deep_features_to_classifiers,LSTM_deep_features,LSTM_as_feature_extractor,classical_ml,Logistic_Regression,Logistic_Regression,32,Classifiers trained only on LSTM latent temporal features.,0.9126776907455758,0.9238208307683512,0.9126776907455758,0.9126539670995824,0.8471030042918455,0.9899686520376176,0.9129806302399538,"[[1567, 285], [16, 1579]]",1567,285,16,1579,D3 O-RAN event label
D3_ORAN_7_2_event_log_handover_labels,1,07_individual_deep_features_to_classifiers,GRU_deep_features,GRU_as_feature_extractor,classical_ml,Decision_Tree,Decision_Tree,32,Classifiers trained only on GRU latent temporal features.,0.91238758340586,0.9181267619838946,0.91238758340586,0.9124814855709314,0.8621848739495799,0.9648902821316614,0.9106508875739644,"[[1606, 246], [56, 1539]]",1606,246,56,1539,D3 O-RAN event label
D3_ORAN_7_2_event_log_handover_labels,1,07_individual_deep_features_to_classifiers,GRU_deep_features,GRU_as_feature_extractor,classical_ml,Random_Forest,Random_Forest,32,Classifiers trained only on GRU latent temporal features.,0.923991876994488,0.928473063690245,0.923991876994488,0.9240885777144526,0.8784781374219194,0.9699059561128528,0.9219308700834328,"[[1638, 214], [48, 1547]]",1638,214,48,1547,D3 O-RAN event label
D3_ORAN_7_2_event_log_handover_labels,1,07_individual_deep_features_to_classifiers,GRU_deep_features,GRU_as_feature_extractor,classical_ml,SVM,SVM,32,Classifiers trained only on GRU latent temporal features.,0.904844792573252,0.9191973859703034,0.904844792573252,0.9047189678551176,0.8328954282711508,0.9937304075235108,0.906232132647227,"[[1534, 318], [10, 1585]]",1534,318,10,1585,D3 O-RAN event label
D3_ORAN_7_2_event_log_handover_labels,1,07_individual_deep_features_to_classifiers,GRU_deep_features,GRU_as_feature_extractor,classical_ml,KNN,KNN,32,Classifiers trained only on GRU latent temporal features.,0.9205105889178996,0.9206364869609622,0.9205105889178996,0.9205424501794068,0.9089783281733748,0.9203761755485892,0.9146417445482866,"[[1705, 147], [127, 1468]]",1705,147,127,1468,D3 O-RAN event label
D3_ORAN_7_2_event_log_handover_labels,1,07_individual_deep_features_to_classifiers,GRU_deep_features,GRU_as_feature_extractor,classical_ml,Logistic_Regression,Logistic_Regression,32,Classifiers trained only on GRU latent temporal features.,0.9062953292718304,0.9196924376264338,0.9062953292718304,0.9062016262495812,0.8361522198731501,0.9918495297805644,0.907370232291368,"[[1542, 310], [13, 1582]]",1542,310,13,1582,D3 O-RAN event label
D3_ORAN_7_2_event_log_handover_labels,1,07_individual_deep_features_to_classifiers,TCN_deep_features,TCN_as_feature_extractor,classical_ml,Decision_Tree,Decision_Tree,32,Classifiers trained only on TCN latent temporal features.,0.8883086742094575,0.8989868604201154,0.8883086742094575,0.8882835754766186,0.8249194414607949,0.9630094043887149,0.8886317616430431,"[[1526, 326], [59, 1536]]",1526,326,59,1536,D3 O-RAN event label
D3_ORAN_7_2_event_log_handover_labels,1,07_individual_deep_features_to_classifiers,TCN_deep_features,TCN_as_feature_extractor,classical_ml,Random_Forest,Random_Forest,32,Classifiers trained only on TCN latent temporal features.,0.8984624310995069,0.9095017566148238,0.8984624310995069,0.8984324355040468,0.8337801608579088,0.974921630094044,0.8988439306358381,"[[1542, 310], [40, 1555]]",1542,310,40,1555,D3 O-RAN event label
D3_ORAN_7_2_event_log_handover_labels,1,07_individual_deep_features_to_classifiers,TCN_deep_features,TCN_as_feature_extractor,classical_ml,SVM,SVM,32,Classifiers trained only on TCN latent temporal features.,0.8845372787931535,0.9062378347657684,0.8845372787931535,0.8840527217485524,0.8021201413427562,0.9962382445141066,0.8887024608501118,"[[1460, 392], [6, 1589]]",1460,392,6,1589,D3 O-RAN event label
D3_ORAN_7_2_event_log_handover_labels,1,07_individual_deep_features_to_classifiers,TCN_deep_features,TCN_as_feature_extractor,classical_ml,KNN,KNN,32,Classifiers trained only on TCN latent temporal features.,0.8917899622860458,0.8942875082729195,0.8917899622860458,0.8919400640645812,0.8560606060606061,0.9210031347962384,0.8873452129266083,"[[1605, 247], [126, 1469]]",1605,247,126,1469,D3 O-RAN event label
D3_ORAN_7_2_event_log_handover_labels,1,07_individual_deep_features_to_classifiers,TCN_deep_features,TCN_as_feature_extractor,classical_ml,Logistic_Regression,Logistic_Regression,32,Classifiers trained only on TCN latent temporal features.,0.8865680301711634,0.907129372544044,0.8865680301711634,0.8861450934250688,0.8055837563451776,0.9949843260188088,0.8903225806451613,"[[1469, 383], [8, 1587]]",1469,383,8,1587,D3 O-RAN event label
D3_ORAN_7_2_event_log_handover_labels,1,07_individual_deep_features_to_classifiers,Transformer_deep_features,Transformer_as_feature_extractor,classical_ml,Decision_Tree,Decision_Tree,32,Classifiers trained only on Transformer latent temporal features.,0.8900493182477517,0.9031700816268294,0.8900493182477517,0.889939369500283,0.821353065539112,0.974294670846395,0.8913105821623172,"[[1514, 338], [41, 1554]]",1514,338,41,1554,D3 O-RAN event label
D3_ORAN_7_2_event_log_handover_labels,1,07_individual_deep_features_to_classifiers,Transformer_deep_features,Transformer_as_feature_extractor,classical_ml,Random_Forest,Random_Forest,32,Classifiers trained only on Transformer latent temporal features.,0.8938207136640557,0.9051132758509356,0.8938207136640557,0.8937790874145731,0.8287854467629748,0.9711598746081505,0.8943418013856813,"[[1532, 320], [46, 1549]]",1532,320,46,1549,D3 O-RAN event label
D3_ORAN_7_2_event_log_handover_labels,1,07_individual_deep_features_to_classifiers,Transformer_deep_features,Transformer_as_feature_extractor,classical_ml,SVM,SVM,32,Classifiers trained only on Transformer latent temporal features.,0.8830867420945749,0.9062056896222566,0.8830867420945749,0.8825282975140463,0.7988966900702106,0.9987460815047022,0.887712454722764,"[[1451, 401], [2, 1593]]",1451,401,2,1593,D3 O-RAN event label
D3_ORAN_7_2_event_log_handover_labels,1,07_individual_deep_features_to_classifiers,Transformer_deep_features,Transformer_as_feature_extractor,classical_ml,KNN,KNN,32,Classifiers trained only on Transformer latent temporal features.,0.8825065274151436,0.8862993345038522,0.8825065274151436,0.8826640168632268,0.8403890160183066,0.9210031347962384,0.8788513311396949,"[[1573, 279], [126, 1469]]",1573,279,126,1469,D3 O-RAN event label
D3_ORAN_7_2_event_log_handover_labels,1,07_individual_deep_features_to_classifiers,Transformer_deep_features,Transformer_as_feature_extractor,classical_ml,Logistic_Regression,Logistic_Regression,32,Classifiers trained only on Transformer latent temporal features.,0.8874383521903104,0.9079191768201988,0.8874383521903104,0.8870233351037917,0.8065007618080243,0.9956112852664576,0.8911335578002245,"[[1471, 381], [7, 1588]]",1471,381,7,1588,D3 O-RAN event label
D3_ORAN_7_2_event_log_handover_labels,1,08_combined_deep_features_to_classifiers,LSTM_GRU_TCN_Transformer_deep_features,combined_deep_feature_extraction,classical_ml,Decision_Tree,Decision_Tree,128,"Classifiers trained on concatenated LSTM, GRU, TCN, and Transformer features.",0.906875543951262,0.9152812848528292,0.906875543951262,0.9069193737421788,0.8484682713347921,0.9724137931034482,0.906222611744084,"[[1575, 277], [44, 1551]]",1575,277,44,1551,D3 O-RAN event label
D3_ORAN_7_2_event_log_handover_labels,1,08_combined_deep_features_to_classifiers,LSTM_GRU_TCN_Transformer_deep_features,combined_deep_feature_extraction,classical_ml,Random_Forest,Random_Forest,128,"Classifiers trained on concatenated LSTM, GRU, TCN, and Transformer features.",0.9260226283724978,0.9304572660022916,0.9260226283724978,0.926117207996126,0.8806818181818182,0.9717868338557992,0.9239940387481372,"[[1642, 210], [45, 1550]]",1642,210,45,1550,D3 O-RAN event label
D3_ORAN_7_2_event_log_handover_labels,1,08_combined_deep_features_to_classifiers,LSTM_GRU_TCN_Transformer_deep_features,combined_deep_feature_extraction,classical_ml,SVM,SVM,128,"Classifiers trained on concatenated LSTM, GRU, TCN, and Transformer features.",0.8984624310995069,0.9161233767256768,0.8984624310995069,0.8982065143956123,0.8210417741103662,0.9981191222570532,0.9009620826259196,"[[1505, 347], [3, 1592]]",1505,347,3,1592,D3 O-RAN event label
D3_ORAN_7_2_event_log_handover_labels,1,08_combined_deep_features_to_classifiers,LSTM_GRU_TCN_Transformer_deep_features,combined_deep_feature_extraction,classical_ml,KNN,KNN,128,"Classifiers trained on concatenated LSTM, GRU, TCN, and Transformer features.",0.9161589788221642,0.9168617960076786,0.9161589788221642,0.9162416828226267,0.8948004836759371,0.927899686520376,0.9110495537088334,"[[1678, 174], [115, 1480]]",1678,174,115,1480,D3 O-RAN event label
D3_ORAN_7_2_event_log_handover_labels,1,08_combined_deep_features_to_classifiers,LSTM_GRU_TCN_Transformer_deep_features,combined_deep_feature_extraction,classical_ml,Logistic_Regression,Logistic_Regression,128,"Classifiers trained on concatenated LSTM, GRU, TCN, and Transformer features.",0.9112271540469974,0.9230830911039064,0.9112271540469974,0.9111835348379406,0.8441003737319808,0.9912225705329154,0.9117647058823528,"[[1560, 292], [14, 1581]]",1560,292,14,1581,D3 O-RAN event label
D3_ORAN_7_2_event_log_handover_labels,7,01_raw_flattened_windows,raw_time_windows,none_raw_baseline,classical_ml,Decision_Tree,Decision_Tree,540,,0.9202418658220558,0.9268738608253716,0.9202418658220558,0.921433846022567,0.8323170731707317,0.9503916449086162,0.8874441284030882,"[[2104, 220], [57, 1092]]",2104,220,57,1092,D3 O-RAN event label
D3_ORAN_7_2_event_log_handover_labels,7,01_raw_flattened_windows,raw_time_windows,none_raw_baseline,classical_ml,Random_Forest,Random_Forest,540,,0.9320472214224014,0.9408653388881408,0.9320472214224014,0.9332397934496844,0.838398813936249,0.9843342036553524,0.9055244195356285,"[[2106, 218], [18, 1131]]",2106,218,18,1131,D3 O-RAN event label
D3_ORAN_7_2_event_log_handover_labels,7,01_raw_flattened_windows,raw_time_windows,none_raw_baseline,classical_ml,SVM,SVM,540,,0.892312122084653,0.9164801556623724,0.892312122084653,0.8950605077719013,0.7578176979374585,0.9912967798085291,0.8589743589743589,"[[1960, 364], [10, 1139]]",1960,364,10,1139,D3 O-RAN event label
D3_ORAN_7_2_event_log_handover_labels,7,01_raw_flattened_windows,raw_time_windows,none_raw_baseline,classical_ml,KNN,KNN,540,,0.9153469622804492,0.9201524269738984,0.9153469622804492,0.9163953146493188,0.8342455043002346,0.9286335944299392,0.8789126853377265,"[[2112, 212], [82, 1067]]",2112,212,82,1067,D3 O-RAN event label
D3_ORAN_7_2_event_log_handover_labels,7,01_raw_flattened_windows,raw_time_windows,none_raw_baseline,classical_ml,Logistic_Regression,Logistic_Regression,540,,0.9038295421825512,0.9193462225013224,0.9038295421825512,0.9059298739503908,0.7867698803659395,0.9730200174064404,0.8700389105058366,"[[2021, 303], [31, 1118]]",2021,303,31,1118,D3 O-RAN event label
D3_ORAN_7_2_event_log_handover_labels,7,02_engineered_flattened_windows,engineered_time_windows,temporal_feature_engineering,classical_ml,Decision_Tree,Decision_Tree,6480,,0.9360783184566656,0.9406560798626552,0.9360783184566656,0.9368905476476116,0.8612626656274357,0.9617058311575284,0.908717105263158,"[[2146, 178], [44, 1105]]",2146,178,44,1105,D3 O-RAN event label
D3_ORAN_7_2_event_log_handover_labels,7,02_engineered_flattened_windows,engineered_time_windows,temporal_feature_engineering,classical_ml,Random_Forest,Random_Forest,6480,,0.9380938669737978,0.94453777876328,0.9380938669737978,0.9390373168076556,0.8548632218844985,0.97911227154047,0.9127789046653144,"[[2133, 191], [24, 1125]]",2133,191,24,1125,D3 O-RAN event label
D3_ORAN_7_2_event_log_handover_labels,7,02_engineered_flattened_windows,engineered_time_windows,temporal_feature_engineering,classical_ml,SVM,SVM,6480,,0.9121796717535272,0.929423619548112,0.9121796717535272,0.9141909663609248,0.7926490984743412,0.9947780678851176,0.882284832111154,"[[2025, 299], [6, 1143]]",2025,299,6,1143,D3 O-RAN event label
D3_ORAN_7_2_event_log_handover_labels,7,02_engineered_flattened_windows,engineered_time_windows,temporal_feature_engineering,classical_ml,KNN,KNN,6480,,0.9219694788367404,0.9274734475595916,0.9219694788367404,0.9230288406662656,0.839258114374034,0.9451697127937336,0.8890708145722472,"[[2116, 208], [63, 1086]]",2116,208,63,1086,D3 O-RAN event label
D3_ORAN_7_2_event_log_handover_labels,7,02_engineered_flattened_windows,engineered_time_windows,temporal_feature_engineering,classical_ml,Logistic_Regression,Logistic_Regression,6480,,0.9283040598905844,0.9380323988240086,0.9283040598905844,0.92961403777251,0.8308823529411765,0.9834638816362054,0.9007572738142686,"[[2094, 230], [19, 1130]]",2094,230,19,1130,D3 O-RAN event label
D3_ORAN_7_2_event_log_handover_labels,7,03_feature_selection_on_engineered,selected_engineered_features,feature_selection_anova_top_40,classical_ml,Decision_Tree,Decision_Tree,40,,0.913907284768212,0.9229984516321262,0.913907284768212,0.9154009158472964,0.8157503714710252,0.9556135770234988,0.8801603206412826,"[[2076, 248], [51, 1098]]",2076,248,51,1098,D3 O-RAN event label
D3_ORAN_7_2_event_log_handover_labels,7,03_feature_selection_on_engineered,selected_engineered_features,feature_selection_anova_top_40,classical_ml,Random_Forest,Random_Forest,40,,0.9225453498416356,0.9307012478636666,0.9225453498416356,0.9238362344764708,0.8293413173652695,0.9643167972149695,0.8917505030181087,"[[2096, 228], [41, 1108]]",2096,228,41,1108,D3 O-RAN event label
D3_ORAN_7_2_event_log_handover_labels,7,03_feature_selection_on_engineered,selected_engineered_features,feature_selection_anova_top_40,classical_ml,SVM,SVM,40,,0.9136193492657644,0.9286658702548012,0.9136193492657644,0.9154967545596252,0.7991543340380549,0.9869451697127938,0.883177570093458,"[[2039, 285], [15, 1134]]",2039,285,15,1134,D3 O-RAN event label
D3_ORAN_7_2_event_log_handover_labels,7,03_feature_selection_on_engineered,selected_engineered_features,feature_selection_anova_top_40,classical_ml,KNN,KNN,40,,0.9193780593147136,0.9224106801568952,0.9193780593147136,0.9201443958414384,0.8489959839357429,0.9199303742384682,0.8830409356725146,"[[2136, 188], [92, 1057]]",2136,188,92,1057,D3 O-RAN event label
D3_ORAN_7_2_event_log_handover_labels,7,03_feature_selection_on_engineered,selected_engineered_features,feature_selection_anova_top_40,classical_ml,Logistic_Regression,Logistic_Regression,40,,0.9176504463000288,0.9294789284266408,0.9176504463000288,0.9192728939790183,0.812002892263196,0.9773716275021758,0.8870458135860979,"[[2064, 260], [26, 1123]]",2064,260,26,1123,D3 O-RAN event label
D3_ORAN_7_2_event_log_handover_labels,7,04_pca_on_engineered,pca_engineered_features,pca_0.95_feature_variance,classical_ml,Decision_Tree,Decision_Tree,180,,0.9015260581629716,0.9110229328136582,0.9015260581629716,0.9032411069738876,0.799554565701559,0.93733681462141,0.8629807692307693,"[[2054, 270], [72, 1077]]",2054,270,72,1077,D3 O-RAN event label
D3_ORAN_7_2_event_log_handover_labels,7,04_pca_on_engineered,pca_engineered_features,pca_0.95_feature_variance,classical_ml,Random_Forest,Random_Forest,180,,0.9162107687877916,0.9284912374681252,0.9162107687877916,0.9178864885417916,0.8090778097982709,0.9773716275021758,0.885297595585337,"[[2059, 265], [26, 1123]]",2059,265,26,1123,D3 O-RAN event label
D3_ORAN_7_2_event_log_handover_labels,7,04_pca_on_engineered,pca_engineered_features,pca_0.95_feature_variance,classical_ml,SVM,SVM,180,,0.9018139936654188,0.9225804805945752,0.9018139936654188,0.9042060332167788,0.7740841248303935,0.9930374238468234,0.869996187571483,"[[1991, 333], [8, 1141]]",1991,333,8,1141,D3 O-RAN event label
D3_ORAN_7_2_event_log_handover_labels,7,04_pca_on_engineered,pca_engineered_features,pca_0.95_feature_variance,classical_ml,KNN,KNN,180,,0.9179383818024762,0.9234179540682652,0.9179383818024762,0.9190396503522028,0.8343653250773994,0.938207136640557,0.8832445718967636,"[[2110, 214], [71, 1078]]",2110,214,71,1078,D3 O-RAN event label
D3_ORAN_7_2_event_log_handover_labels,7,04_pca_on_engineered,pca_engineered_features,pca_0.95_feature_variance,classical_ml,Logistic_Regression,Logistic_Regression,180,,0.9234091563489778,0.9347498500950534,0.9234091563489778,0.9248996623080892,0.8201595358955766,0.9843342036553524,0.8947784810126582,"[[2076, 248], [18, 1131]]",2076,248,18,1131,D3 O-RAN event label
D3_ORAN_7_2_event_log_handover_labels,7,05_feature_selection_plus_pca,selected_pca_engineered_features,feature_selection_anova_plus_pca,classical_ml,Decision_Tree,Decision_Tree,2,,0.8793550244745177,0.8981489391311889,0.8793550244745177,0.8821528664199161,0.7520718232044199,0.9477806788511748,0.8386599922988063,"[[1965, 359], [60, 1089]]",1965,359,60,1089,D3 O-RAN event label
D3_ORAN_7_2_event_log_handover_labels,7,05_feature_selection_plus_pca,selected_pca_engineered_features,feature_selection_anova_plus_pca,classical_ml,Random_Forest,Random_Forest,2,,0.8963432191189173,0.9087814680049816,0.8963432191189173,0.8983854609526105,0.7852494577006508,0.9451697127937336,0.8578199052132701,"[[2027, 297], [63, 1086]]",2027,297,63,1086,D3 O-RAN event label
D3_ORAN_7_2_event_log_handover_labels,7,05_feature_selection_plus_pca,selected_pca_engineered_features,feature_selection_anova_plus_pca,classical_ml,SVM,SVM,2,,0.8885689605528362,0.9134005138335276,0.8885689605528362,0.8914334233649269,0.7526525198938993,0.9878154917319408,0.8543470079036507,"[[1951, 373], [14, 1135]]",1951,373,14,1135,D3 O-RAN event label
D3_ORAN_7_2_event_log_handover_labels,7,05_feature_selection_plus_pca,selected_pca_engineered_features,feature_selection_anova_plus_pca,classical_ml,KNN,KNN,2,,0.8969190901238122,0.9014531782883468,0.8969190901238122,0.8980938256585492,0.8121546961325967,0.8955613577023499,0.8518211920529801,"[[2086, 238], [120, 1029]]",2086,238,120,1029,D3 O-RAN event label
D3_ORAN_7_2_event_log_handover_labels,7,05_feature_selection_plus_pca,selected_pca_engineered_features,feature_selection_anova_plus_pca,classical_ml,Logistic_Regression,Logistic_Regression,2,,0.9041174776849984,0.9134717009343376,0.9041174776849984,0.9057809531008352,0.8031203566121843,0.9408181026979984,0.8665330661322646,"[[2059, 265], [68, 1081]]",2059,265,68,1081,D3 O-RAN event label
D3_ORAN_7_2_event_log_handover_labels,7,06_direct_deep_learning,engineered_sequence_features,deep_temporal_learning,deep_learning_direct,LSTM,direct_sigmoid,648,Direct sequence model.,0.9288799308954794,0.9346933503217686,0.9288799308954794,0.9298893266859511,0.8463901689708141,0.959094865100087,0.8992248062015504,"[[2124, 200], [47, 1102]]",2124,200,47,1102,D3 O-RAN event label
D3_ORAN_7_2_event_log_handover_labels,7,06_direct_deep_learning,engineered_sequence_features,deep_temporal_learning,deep_learning_direct,GRU,direct_sigmoid,648,Direct sequence model.,0.9334868989346388,0.9409510684042304,0.9334868989346388,0.9345675355447628,0.8451127819548873,0.9782419495213228,0.9068172650262204,"[[2118, 206], [25, 1124]]",2118,206,25,1124,D3 O-RAN event label
D3_ORAN_7_2_event_log_handover_labels,7,06_direct_deep_learning,engineered_sequence_features,deep_temporal_learning,deep_learning_direct,TCN,direct_sigmoid,648,Direct sequence model.,0.8735963144255686,0.9080186894769672,0.8735963144255686,0.877130176725219,0.7241161616161617,0.9982593559617058,0.8393706549579217,"[[1887, 437], [2, 1147]]",1887,437,2,1147,D3 O-RAN event label
D3_ORAN_7_2_event_log_handover_labels,7,06_direct_deep_learning,engineered_sequence_features,deep_temporal_learning,deep_learning_direct,Transformer,direct_sigmoid,648,Direct sequence model.,0.9133314137633172,0.9253652397954856,0.9133314137633172,0.915044141421021,0.8063583815028902,0.9712793733681462,0.8811685748124753,"[[2056, 268], [33, 1116]]",2056,268,33,1116,D3 O-RAN event label
D3_ORAN_7_2_event_log_handover_labels,7,07_individual_deep_features_to_classifiers,LSTM_deep_features,LSTM_as_feature_extractor,classical_ml,Decision_Tree,Decision_Tree,32,Classifiers trained only on LSTM latent temporal features.,0.9234091563489778,0.9290549367755716,0.9234091563489778,0.9244668016539276,0.8404009252120278,0.948651000870322,0.8912510220768601,"[[2117, 207], [59, 1090]]",2117,207,59,1090,D3 O-RAN event label
D3_ORAN_7_2_event_log_handover_labels,7,07_individual_deep_features_to_classifiers,LSTM_deep_features,LSTM_as_feature_extractor,classical_ml,Random_Forest,Random_Forest,32,Classifiers trained only on LSTM latent temporal features.,0.9294558019003744,0.9350203702014338,0.9294558019003744,0.9304353933093976,0.8482280431432974,0.95822454308094,0.8998774008990601,"[[2127, 197], [48, 1101]]",2127,197,48,1101,D3 O-RAN event label
D3_ORAN_7_2_event_log_handover_labels,7,07_individual_deep_features_to_classifiers,LSTM_deep_features,LSTM_as_feature_extractor,classical_ml,SVM,SVM,32,Classifiers trained only on LSTM latent temporal features.,0.9162107687877916,0.930023102416121,0.9162107687877916,0.9179727840612468,0.8051209103840683,0.9852045256744996,0.8861056751467711,"[[2050, 274], [17, 1132]]",2050,274,17,1132,D3 O-RAN event label
D3_ORAN_7_2_event_log_handover_labels,7,07_individual_deep_features_to_classifiers,LSTM_deep_features,LSTM_as_feature_extractor,classical_ml,KNN,KNN,32,Classifiers trained only on LSTM latent temporal features.,0.9331989634321912,0.9341988668268107,0.9331989634321912,0.9335205743278392,0.8836820083682009,0.9190600522193212,0.9010238907849828,"[[2185, 139], [93, 1056]]",2185,139,93,1056,D3 O-RAN event label
D3_ORAN_7_2_event_log_handover_labels,7,07_individual_deep_features_to_classifiers,LSTM_deep_features,LSTM_as_feature_extractor,classical_ml,Logistic_Regression,Logistic_Regression,32,Classifiers trained only on LSTM latent temporal features.,0.9182263173049235,0.930366169797788,0.9182263173049235,0.9198568978863292,0.8118240807498197,0.979982593559617,0.88801261829653,"[[2063, 261], [23, 1126]]",2063,261,23,1126,D3 O-RAN event label
D3_ORAN_7_2_event_log_handover_labels,7,07_individual_deep_features_to_classifiers,GRU_deep_features,GRU_as_feature_extractor,classical_ml,Decision_Tree,Decision_Tree,32,Classifiers trained only on GRU latent temporal features.,0.9308954794126116,0.9390388640242736,0.9308954794126116,0.9320614990099474,0.8394324122479462,0.9782419495213228,0.9035369774919614,"[[2109, 215], [25, 1124]]",2109,215,25,1124,D3 O-RAN event label
D3_ORAN_7_2_event_log_handover_labels,7,07_individual_deep_features_to_classifiers,GRU_deep_features,GRU_as_feature_extractor,classical_ml,Random_Forest,Random_Forest,32,Classifiers trained only on GRU latent temporal features.,0.9355024474517708,0.9415785509645972,0.9355024474517708,0.936451946498667,0.8533231474407945,0.9721496953872932,0.9088689991863304,"[[2132, 192], [32, 1117]]",2132,192,32,1117,D3 O-RAN event label
D3_ORAN_7_2_event_log_handover_labels,7,07_individual_deep_features_to_classifiers,GRU_deep_features,GRU_as_feature_extractor,classical_ml,SVM,SVM,32,Classifiers trained only on GRU latent temporal features.,0.9162107687877916,0.931822533992958,0.9162107687877916,0.9180625354944048,0.8008415147265077,0.9939077458659704,0.8869902912621359,"[[2040, 284], [7, 1142]]",2040,284,7,1142,D3 O-RAN event label
D3_ORAN_7_2_event_log_handover_labels,7,07_individual_deep_features_to_classifiers,GRU_deep_features,GRU_as_feature_extractor,classical_ml,KNN,KNN,32,Classifiers trained only on GRU latent temporal features.,0.9389576734811402,0.9410926280833448,0.9389576734811402,0.939461118708062,0.8805848903330625,0.9434290687554396,0.9109243697478993,"[[2177, 147], [65, 1084]]",2177,147,65,1084,D3 O-RAN event label
D3_ORAN_7_2_event_log_handover_labels,7,07_individual_deep_features_to_classifiers,GRU_deep_features,GRU_as_feature_extractor,classical_ml,Logistic_Regression,Logistic_Regression,32,Classifiers trained only on GRU latent temporal features.,0.919090123812266,0.9331697903669124,0.919090123812266,0.92080941849238,0.8078014184397163,0.9912967798085291,0.8901914810472841,"[[2053, 271], [10, 1139]]",2053,271,10,1139,D3 O-RAN event label
D3_ORAN_7_2_event_log_handover_labels,7,07_individual_deep_features_to_classifiers,TCN_deep_features,TCN_as_feature_extractor,classical_ml,Decision_Tree,Decision_Tree,32,Classifiers trained only on TCN latent temporal features.,0.9072847682119204,0.9199053344967572,0.9072847682119204,0.909144458989528,0.7976961843052556,0.9643167972149695,0.8731284475965327,"[[2043, 281], [41, 1108]]",2043,281,41,1108,D3 O-RAN event label
D3_ORAN_7_2_event_log_handover_labels,7,07_individual_deep_features_to_classifiers,TCN_deep_features,TCN_as_feature_extractor,classical_ml,Random_Forest,Random_Forest,32,Classifiers trained only on TCN latent temporal features.,0.9136193492657644,0.926224180442908,0.9136193492657644,0.9153620999892484,0.805176132278936,0.9747606614447344,0.8818897637795275,"[[2053, 271], [29, 1120]]",2053,271,29,1120,D3 O-RAN event label
D3_ORAN_7_2_event_log_handover_labels,7,07_individual_deep_features_to_classifiers,TCN_deep_features,TCN_as_feature_extractor,classical_ml,SVM,SVM,32,Classifiers trained only on TCN latent temporal features.,0.8900086380650735,0.917216776903689,0.8900086380650735,0.8929158341254914,0.750817527795945,0.999129677980853,0.8573562359970127,"[[1943, 381], [1, 1148]]",1943,381,1,1148,D3 O-RAN event label
D3_ORAN_7_2_event_log_handover_labels,7,07_individual_deep_features_to_classifiers,TCN_deep_features,TCN_as_feature_extractor,classical_ml,KNN,KNN,32,Classifiers trained only on TCN latent temporal features.,0.9150590267780018,0.9190802561462258,0.9150590267780018,0.9160056516199434,0.8378164556962026,0.9216710182767625,0.8777455449647742,"[[2119, 205], [90, 1059]]",2119,205,90,1059,D3 O-RAN event label
D3_ORAN_7_2_event_log_handover_labels,7,07_individual_deep_features_to_classifiers,TCN_deep_features,TCN_as_feature_extractor,classical_ml,Logistic_Regression,Logistic_Regression,32,Classifiers trained only on TCN latent temporal features.,0.9032536711776562,0.9218379541576378,0.9032536711776562,0.9055200323641652,0.7797660013764625,0.9860748476936466,0.8708685626441199,"[[2004, 320], [16, 1133]]",2004,320,16,1133,D3 O-RAN event label
D3_ORAN_7_2_event_log_handover_labels,7,07_individual_deep_features_to_classifiers,Transformer_deep_features,Transformer_as_feature_extractor,classical_ml,Decision_Tree,Decision_Tree,32,Classifiers trained only on Transformer latent temporal features.,0.9136193492657644,0.9252388072588088,0.9136193492657644,0.9153003710241608,0.807831762146483,0.969538729329852,0.8813291139240507,"[[2059, 265], [35, 1114]]",2059,265,35,1114,D3 O-RAN event label
D3_ORAN_7_2_event_log_handover_labels,7,07_individual_deep_features_to_classifiers,Transformer_deep_features,Transformer_as_feature_extractor,classical_ml,Random_Forest,Random_Forest,32,Classifiers trained only on Transformer latent temporal features.,0.917074575295134,0.926297672970411,0.917074575295134,0.9185299174301232,0.8191252779836916,0.9617058311575284,0.8847077662129704,"[[2080, 244], [44, 1105]]",2080,244,44,1105,D3 O-RAN event label
D3_ORAN_7_2_event_log_handover_labels,7,07_individual_deep_features_to_classifiers,Transformer_deep_features,Transformer_as_feature_extractor,classical_ml,SVM,SVM,32,Classifiers trained only on Transformer latent temporal features.,0.9081485747192628,0.925318595334104,0.9081485747192628,0.910243225092079,0.7881944444444444,0.9878154917319408,0.8767864040169949,"[[2019, 305], [14, 1135]]",2019,305,14,1135,D3 O-RAN event label
D3_ORAN_7_2_event_log_handover_labels,7,07_individual_deep_features_to_classifiers,Transformer_deep_features,Transformer_as_feature_extractor,classical_ml,KNN,KNN,32,Classifiers trained only on Transformer latent temporal features.,0.9069968327094732,0.910970314452545,0.9069968327094732,0.9080018111995724,0.8277777777777777,0.9077458659704092,0.8659194686591947,"[[2107, 217], [106, 1043]]",2107,217,106,1043,D3 O-RAN event label
D3_ORAN_7_2_event_log_handover_labels,7,07_individual_deep_features_to_classifiers,Transformer_deep_features,Transformer_as_feature_extractor,classical_ml,Logistic_Regression,Logistic_Regression,32,Classifiers trained only on Transformer latent temporal features.,0.9101641232363952,0.9253122693572216,0.9101641232363952,0.9121166247420104,0.7949260042283298,0.9817232375979112,0.8785046728971962,"[[2033, 291], [21, 1128]]",2033,291,21,1128,D3 O-RAN event label
D3_ORAN_7_2_event_log_handover_labels,7,08_combined_deep_features_to_classifiers,LSTM_GRU_TCN_Transformer_deep_features,combined_deep_feature_extraction,classical_ml,Decision_Tree,Decision_Tree,128,"Classifiers trained on concatenated LSTM, GRU, TCN, and Transformer features.",0.9326230924272962,0.937168435063038,0.9326230924272962,0.9334683889976048,0.8571428571428571,0.9556135770234988,0.9037037037037036,"[[2141, 183], [51, 1098]]",2141,183,51,1098,D3 O-RAN event label
D3_ORAN_7_2_event_log_handover_labels,7,08_combined_deep_features_to_classifiers,LSTM_GRU_TCN_Transformer_deep_features,combined_deep_feature_extraction,classical_ml,Random_Forest,Random_Forest,128,"Classifiers trained on concatenated LSTM, GRU, TCN, and Transformer features.",0.936942124964008,0.9426838446991936,0.936942124964008,0.9378466846630418,0.8565950920245399,0.9721496953872932,0.9107215654300856,"[[2137, 187], [32, 1117]]",2137,187,32,1117,D3 O-RAN event label
D3_ORAN_7_2_event_log_handover_labels,7,08_combined_deep_features_to_classifiers,LSTM_GRU_TCN_Transformer_deep_features,combined_deep_feature_extraction,classical_ml,SVM,SVM,128,"Classifiers trained on concatenated LSTM, GRU, TCN, and Transformer features.",0.9179383818024762,0.9329487232763856,0.9179383818024762,0.919726256784034,0.8042253521126761,0.9939077458659704,0.8890618917866874,"[[2046, 278], [7, 1142]]",2046,278,7,1142,D3 O-RAN event label
D3_ORAN_7_2_event_log_handover_labels,7,08_combined_deep_features_to_classifiers,LSTM_GRU_TCN_Transformer_deep_features,combined_deep_feature_extraction,classical_ml,KNN,KNN,128,"Classifiers trained on concatenated LSTM, GRU, TCN, and Transformer features.",0.9386697379786928,0.9398808874045632,0.9386697379786928,0.9390193103976052,0.8887043189368771,0.9312445604873804,0.9094772630684232,"[[2190, 134], [79, 1070]]",2190,134,79,1070,D3 O-RAN event label
D3_ORAN_7_2_event_log_handover_labels,7,08_combined_deep_features_to_classifiers,LSTM_GRU_TCN_Transformer_deep_features,combined_deep_feature_extraction,classical_ml,Logistic_Regression,Logistic_Regression,128,"Classifiers trained on concatenated LSTM, GRU, TCN, and Transformer features.",0.9236970918514252,0.936262200400887,0.9236970918514252,0.9252498187548774,0.8170731707317073,0.9912967798085291,0.8957923712151002,"[[2069, 255], [10, 1139]]",2069,255,10,1139,D3 O-RAN event label
D3_ORAN_7_2_event_log_handover_labels,21,01_raw_flattened_windows,raw_time_windows,none_raw_baseline,classical_ml,Decision_Tree,Decision_Tree,540,,0.9083333333333332,0.9211722940603752,0.9083333333333332,0.9093496362986584,0.81973293768546,0.9813499111900532,0.8932902182700081,"[[1511, 243], [21, 1105]]",1511,243,21,1105,D3 O-RAN event label
D3_ORAN_7_2_event_log_handover_labels,21,01_raw_flattened_windows,raw_time_windows,none_raw_baseline,classical_ml,Random_Forest,Random_Forest,540,,0.9302083333333332,0.9393373816639028,0.9302083333333332,0.9309146397533627,0.8527841342486652,0.9928952042628776,0.9175215428805908,"[[1561, 193], [8, 1118]]",1561,193,8,1118,D3 O-RAN event label
D3_ORAN_7_2_event_log_handover_labels,21,01_raw_flattened_windows,raw_time_windows,none_raw_baseline,classical_ml,SVM,SVM,540,,0.8805555555555555,0.906234830366982,0.8805555555555555,0.8819881201956674,0.7689133425034388,0.9928952042628776,0.8666666666666667,"[[1418, 336], [8, 1118]]",1418,336,8,1118,D3 O-RAN event label
D3_ORAN_7_2_event_log_handover_labels,21,01_raw_flattened_windows,raw_time_windows,none_raw_baseline,classical_ml,KNN,KNN,540,,0.915625,0.9219190571151056,0.915625,0.9163649075119196,0.8468185388845247,0.9573712255772646,0.8987077949145478,"[[1559, 195], [48, 1078]]",1559,195,48,1078,D3 O-RAN event label
D3_ORAN_7_2_event_log_handover_labels,21,01_raw_flattened_windows,raw_time_windows,none_raw_baseline,classical_ml,Logistic_Regression,Logistic_Regression,540,,0.8829861111111111,0.9009030120205322,0.8829861111111111,0.8843676040766167,0.7832017229002154,0.9689165186500888,0.8662167526796348,"[[1452, 302], [35, 1091]]",1452,302,35,1091,D3 O-RAN event label
D3_ORAN_7_2_event_log_handover_labels,21,02_engineered_flattened_windows,engineered_time_windows,temporal_feature_engineering,classical_ml,Decision_Tree,Decision_Tree,6480,,0.934375,0.939615273793214,0.934375,0.9349174768930084,0.8715305313243458,0.9760213143872114,0.9208211143695014,"[[1592, 162], [27, 1099]]",1592,162,27,1099,D3 O-RAN event label
D3_ORAN_7_2_event_log_handover_labels,21,02_engineered_flattened_windows,engineered_time_windows,temporal_feature_engineering,classical_ml,Random_Forest,Random_Forest,6480,,0.93125,0.9380167218578604,0.93125,0.9318771606577916,0.8619344773790951,0.9813499111900532,0.9177740863787376,"[[1577, 177], [21, 1105]]",1577,177,21,1105,D3 O-RAN event label
D3_ORAN_7_2_event_log_handover_labels,21,02_engineered_flattened_windows,engineered_time_windows,temporal_feature_engineering,classical_ml,SVM,SVM,6480,,0.9027777777777778,0.9209298526316152,0.9027777777777778,0.903928552749258,0.8030085959885387,0.9955595026642984,0.8889770023790642,"[[1479, 275], [5, 1121]]",1479,275,5,1121,D3 O-RAN event label
D3_ORAN_7_2_event_log_handover_labels,21,02_engineered_flattened_windows,engineered_time_windows,temporal_feature_engineering,classical_ml,KNN,KNN,6480,,0.909375,0.9164802531880948,0.909375,0.9102051514891376,0.8371005455962588,0.9538188277087034,0.8916562889165629,"[[1545, 209], [52, 1074]]",1545,209,52,1074,D3 O-RAN event label
D3_ORAN_7_2_event_log_handover_labels,21,02_engineered_flattened_windows,engineered_time_windows,temporal_feature_engineering,classical_ml,Logistic_Regression,Logistic_Regression,6480,,0.9232638888888888,0.9328234756793018,0.9232638888888888,0.9240497595553272,0.844106463878327,0.9857904085257548,0.9094633346988938,"[[1549, 205], [16, 1110]]",1549,205,16,1110,D3 O-RAN event label
D3_ORAN_7_2_event_log_handover_labels,21,03_feature_selection_on_engineered,selected_engineered_features,feature_selection_anova_top_40,classical_ml,Decision_Tree,Decision_Tree,40,,0.9003472222222222,0.9110642294754864,0.9003472222222222,0.9013961840858916,0.8166037735849057,0.960923623445826,0.882904936760506,"[[1511, 243], [44, 1082]]",1511,243,44,1082,D3 O-RAN event label
D3_ORAN_7_2_event_log_handover_labels,21,03_feature_selection_on_engineered,selected_engineered_features,feature_selection_anova_top_40,classical_ml,Random_Forest,Random_Forest,40,,0.9177083333333332,0.9276872874026796,0.9177083333333332,0.9185607266345268,0.8369977255496588,0.9804618117229128,0.9030674846625768,"[[1539, 215], [22, 1104]]",1539,215,22,1104,D3 O-RAN event label
D3_ORAN_7_2_event_log_handover_labels,21,03_feature_selection_on_engineered,selected_engineered_features,feature_selection_anova_top_40,classical_ml,SVM,SVM,40,,0.8972222222222223,0.9171014457792576,0.8972222222222223,0.8984503165445976,0.7943262411347518,0.994671403197158,0.8832807570977917,"[[1464, 290], [6, 1120]]",1464,290,6,1120,D3 O-RAN event label
D3_ORAN_7_2_event_log_handover_labels,21,03_feature_selection_on_engineered,selected_engineered_features,feature_selection_anova_top_40,classical_ml,KNN,KNN,40,,0.9145833333333332,0.919096428849757,0.9145833333333332,0.9152312654257696,0.8531300160513644,0.94404973357016,0.8962900505902193,"[[1571, 183], [63, 1063]]",1571,183,63,1063,D3 O-RAN event label
D3_ORAN_7_2_event_log_handover_labels,21,03_feature_selection_on_engineered,selected_engineered_features,feature_selection_anova_top_40,classical_ml,Logistic_Regression,Logistic_Regression,40,,0.903125,0.918863289036545,0.903125,0.9042466367242608,0.808,0.9866785079928952,0.8884446221511395,"[[1490, 264], [15, 1111]]",1490,264,15,1111,D3 O-RAN event label
D3_ORAN_7_2_event_log_handover_labels,21,04_pca_on_engineered,pca_engineered_features,pca_0.95_feature_variance,classical_ml,Decision_Tree,Decision_Tree,179,,0.884375,0.8987697316963335,0.884375,0.8856868686924528,0.7913299044819986,0.9564831261101244,0.8661037394451147,"[[1470, 284], [49, 1077]]",1470,284,49,1077,D3 O-RAN event label
D3_ORAN_7_2_event_log_handover_labels,21,04_pca_on_engineered,pca_engineered_features,pca_0.95_feature_variance,classical_ml,Random_Forest,Random_Forest,179,,0.9059027777777776,0.9207441367827416,0.9059027777777776,0.9069803177700746,0.8127286027798098,0.9866785079928952,0.8912956277577216,"[[1498, 256], [15, 1111]]",1498,256,15,1111,D3 O-RAN event label
D3_ORAN_7_2_event_log_handover_labels,21,04_pca_on_engineered,pca_engineered_features,pca_0.95_feature_variance,classical_ml,SVM,SVM,179,,0.8868055555555555,0.9105796682098766,0.8868055555555555,0.888167291322351,0.7777777777777778,0.994671403197158,0.872954014029618,"[[1434, 320], [6, 1120]]",1434,320,6,1120,D3 O-RAN event label
D3_ORAN_7_2_event_log_handover_labels,21,04_pca_on_engineered,pca_engineered_features,pca_0.95_feature_variance,classical_ml,KNN,KNN,179,,0.9125,0.9187600714978564,0.9125,0.9132637672976538,0.8435534591194969,0.9529307282415632,0.8949124270225187,"[[1555, 199], [53, 1073]]",1555,199,53,1073,D3 O-RAN event label
D3_ORAN_7_2_event_log_handover_labels,21,04_pca_on_engineered,pca_engineered_features,pca_0.95_feature_variance,classical_ml,Logistic_Regression,Logistic_Regression,179,,0.9121527777777778,0.923485715145119,0.9121527777777778,0.913095918336562,0.827456864216054,0.9795737122557726,0.8971126474176494,"[[1524, 230], [23, 1103]]",1524,230,23,1103,D3 O-RAN event label
D3_ORAN_7_2_event_log_handover_labels,21,05_feature_selection_plus_pca,selected_pca_engineered_features,feature_selection_anova_plus_pca,classical_ml,Decision_Tree,Decision_Tree,2,,0.871875,0.8934595105365284,0.871875,0.8734138921364244,0.7659873506676037,0.9680284191829484,0.8552373479795998,"[[1421, 333], [36, 1090]]",1421,333,36,1090,D3 O-RAN event label
D3_ORAN_7_2_event_log_handover_labels,21,05_feature_selection_plus_pca,selected_pca_engineered_features,feature_selection_anova_plus_pca,classical_ml,Random_Forest,Random_Forest,2,,0.8833333333333333,0.8999982288653724,0.8833333333333333,0.8846955670513642,0.7858176555716353,0.9644760213143873,0.8660287081339713,"[[1458, 296], [40, 1086]]",1458,296,40,1086,D3 O-RAN event label
D3_ORAN_7_2_event_log_handover_labels,21,05_feature_selection_plus_pca,selected_pca_engineered_features,feature_selection_anova_plus_pca,classical_ml,SVM,SVM,2,,0.8625,0.8944892514669825,0.8625,0.8640912767546043,0.7436582109479306,0.9893428063943162,0.8490853658536586,"[[1370, 384], [12, 1114]]",1370,384,12,1114,D3 O-RAN event label
D3_ORAN_7_2_event_log_handover_labels,21,05_feature_selection_plus_pca,selected_pca_engineered_features,feature_selection_anova_plus_pca,classical_ml,KNN,KNN,2,,0.8868055555555555,0.8924078676304505,0.8868055555555555,0.8877263698043124,0.8179650238473768,0.9138543516873888,0.863255033557047,"[[1525, 229], [97, 1029]]",1525,229,97,1029,D3 O-RAN event label
D3_ORAN_7_2_event_log_handover_labels,21,05_feature_selection_plus_pca,selected_pca_engineered_features,feature_selection_anova_plus_pca,classical_ml,Logistic_Regression,Logistic_Regression,2,,0.8920138888888889,0.9039418915572368,0.8920138888888889,0.8931839352022716,0.8047868362004488,0.955595026642984,0.8737312220868859,"[[1493, 261], [50, 1076]]",1493,261,50,1076,D3 O-RAN event label
D3_ORAN_7_2_event_log_handover_labels,21,06_direct_deep_learning,engineered_sequence_features,deep_temporal_learning,deep_learning_direct,LSTM,direct_sigmoid,648,Direct sequence model.,0.9239583333333332,0.9313486790189256,0.9239583333333332,0.924671808607761,0.851823118696664,0.9751332149200712,0.9093167701863354,"[[1563, 191], [28, 1098]]",1563,191,28,1098,D3 O-RAN event label
D3_ORAN_7_2_event_log_handover_labels,21,06_direct_deep_learning,engineered_sequence_features,deep_temporal_learning,deep_learning_direct,GRU,direct_sigmoid,648,Direct sequence model.,0.9215277777777776,0.9317346770937652,0.9215277777777776,0.9223472873448896,0.840393343419062,0.9866785079928952,0.9076797385620916,"[[1543, 211], [15, 1111]]",1543,211,15,1111,D3 O-RAN event label
D3_ORAN_7_2_event_log_handover_labels,21,06_direct_deep_learning,engineered_sequence_features,deep_temporal_learning,deep_learning_direct,TCN,direct_sigmoid,648,Direct sequence model.,0.8961805555555555,0.9135523795923288,0.8961805555555555,0.8974017213275729,0.7976961843052556,0.9840142095914742,0.8811133200795228,"[[1473, 281], [18, 1108]]",1473,281,18,1108,D3 O-RAN event label
D3_ORAN_7_2_event_log_handover_labels,21,06_direct_deep_learning,engineered_sequence_features,deep_temporal_learning,deep_learning_direct,Transformer,direct_sigmoid,648,Direct sequence model.,0.8979166666666667,0.907164148399748,0.8979166666666667,0.8989402383682886,0.8180428134556575,0.950266429840142,0.8792111750205424,"[[1516, 238], [56, 1070]]",1516,238,56,1070,D3 O-RAN event label
D3_ORAN_7_2_event_log_handover_labels,21,07_individual_deep_features_to_classifiers,LSTM_deep_features,LSTM_as_feature_extractor,classical_ml,Decision_Tree,Decision_Tree,32,Classifiers trained only on LSTM latent temporal features.,0.9152777777777776,0.9244937818403808,0.9152777777777776,0.9161325685647234,0.8366412213740458,0.9733570159857904,0.8998357963875205,"[[1540, 214], [30, 1096]]",1540,214,30,1096,D3 O-RAN event label
D3_ORAN_7_2_event_log_handover_labels,21,07_individual_deep_features_to_classifiers,LSTM_deep_features,LSTM_as_feature_extractor,classical_ml,Random_Forest,Random_Forest,32,Classifiers trained only on LSTM latent temporal features.,0.9315972222222222,0.9360994071502178,0.9315972222222222,0.932125725811328,0.8718975180144115,0.9671403197158082,0.9170526315789472,"[[1594, 160], [37, 1089]]",1594,160,37,1089,D3 O-RAN event label
D3_ORAN_7_2_event_log_handover_labels,21,07_individual_deep_features_to_classifiers,LSTM_deep_features,LSTM_as_feature_extractor,classical_ml,SVM,SVM,32,Classifiers trained only on LSTM latent temporal features.,0.9055555555555556,0.9225190323583896,0.9055555555555556,0.906663101949177,0.8080808080808081,0.994671403197158,0.89171974522293,"[[1488, 266], [6, 1120]]",1488,266,6,1120,D3 O-RAN event label
D3_ORAN_7_2_event_log_handover_labels,21,07_individual_deep_features_to_classifiers,LSTM_deep_features,LSTM_as_feature_extractor,classical_ml,KNN,KNN,32,Classifiers trained only on LSTM latent temporal features.,0.9319444444444444,0.9324148666792068,0.9319444444444444,0.9320885427169456,0.902946273830156,0.9253996447602132,0.9140350877192982,"[[1642, 112], [84, 1042]]",1642,112,84,1042,D3 O-RAN event label
D3_ORAN_7_2_event_log_handover_labels,21,07_individual_deep_features_to_classifiers,LSTM_deep_features,LSTM_as_feature_extractor,classical_ml,Logistic_Regression,Logistic_Regression,32,Classifiers trained only on LSTM latent temporal features.,0.9159722222222222,0.9289385741951102,0.9159722222222222,0.9169074092476024,0.8274074074074074,0.9920071047957372,0.9022617124394184,"[[1521, 233], [9, 1117]]",1521,233,9,1117,D3 O-RAN event label
D3_ORAN_7_2_event_log_handover_labels,21,07_individual_deep_features_to_classifiers,GRU_deep_features,GRU_as_feature_extractor,classical_ml,Decision_Tree,Decision_Tree,32,Classifiers trained only on GRU latent temporal features.,0.9138888888888888,0.9226118429475534,0.9138888888888888,0.9147412844943708,0.8366564417177914,0.9689165186500888,0.8979423868312757,"[[1541, 213], [35, 1091]]",1541,213,35,1091,D3 O-RAN event label
D3_ORAN_7_2_event_log_handover_labels,21,07_individual_deep_features_to_classifiers,GRU_deep_features,GRU_as_feature_extractor,classical_ml,Random_Forest,Random_Forest,32,Classifiers trained only on GRU latent temporal features.,0.9326388888888888,0.9379665702321848,0.9326388888888888,0.9331986353608028,0.8692551505546752,0.9742451154529308,0.9187604690117251,"[[1589, 165], [29, 1097]]",1589,165,29,1097,D3 O-RAN event label
D3_ORAN_7_2_event_log_handover_labels,21,07_individual_deep_features_to_classifiers,GRU_deep_features,GRU_as_feature_extractor,classical_ml,SVM,SVM,32,Classifiers trained only on GRU latent temporal features.,0.9045138888888888,0.9213694481672428,0.9045138888888888,0.9056324762611146,0.8072202166064982,0.9928952042628776,0.8904818797291916,"[[1487, 267], [8, 1118]]",1487,267,8,1118,D3 O-RAN event label
D3_ORAN_7_2_event_log_handover_labels,21,07_individual_deep_features_to_classifiers,GRU_deep_features,GRU_as_feature_extractor,classical_ml,KNN,KNN,32,Classifiers trained only on GRU latent temporal features.,0.9329861111111112,0.934019704595717,0.9329861111111112,0.9332249869825024,0.8970212765957447,0.9360568383658968,0.9161234245980008,"[[1633, 121], [72, 1054]]",1633,121,72,1054,D3 O-RAN event label
D3_ORAN_7_2_event_log_handover_labels,21,07_individual_deep_features_to_classifiers,GRU_deep_features,GRU_as_feature_extractor,classical_ml,Logistic_Regression,Logistic_Regression,32,Classifiers trained only on GRU latent temporal features.,0.9079861111111112,0.9230265405235668,0.9079861111111112,0.9090428474781792,0.8144631117604091,0.9902309058614563,0.8937875751503006,"[[1500, 254], [11, 1115]]",1500,254,11,1115,D3 O-RAN event label
D3_ORAN_7_2_event_log_handover_labels,21,07_individual_deep_features_to_classifiers,TCN_deep_features,TCN_as_feature_extractor,classical_ml,Decision_Tree,Decision_Tree,32,Classifiers trained only on TCN latent temporal features.,0.8996527777777777,0.9115003070110878,0.8996527777777777,0.9007400555416608,0.8130142109199701,0.9653641207815276,0.8826634185952091,"[[1504, 250], [39, 1087]]",1504,250,39,1087,D3 O-RAN event label
D3_ORAN_7_2_event_log_handover_labels,21,07_individual_deep_features_to_classifiers,TCN_deep_features,TCN_as_feature_extractor,classical_ml,Random_Forest,Random_Forest,32,Classifiers trained only on TCN latent temporal features.,0.9138888888888888,0.923468307703074,0.9138888888888888,0.914768198476968,0.8340943683409436,0.9733570159857904,0.898360655737705,"[[1536, 218], [30, 1096]]",1536,218,30,1096,D3 O-RAN event label
D3_ORAN_7_2_event_log_handover_labels,21,07_individual_deep_features_to_classifiers,TCN_deep_features,TCN_as_feature_extractor,classical_ml,SVM,SVM,32,Classifiers trained only on TCN latent temporal features.,0.8885416666666667,0.9116479942048556,0.8885416666666667,0.8898826947987497,0.7804878048780488,0.994671403197158,0.8746583365872705,"[[1439, 315], [6, 1120]]",1439,315,6,1120,D3 O-RAN event label
D3_ORAN_7_2_event_log_handover_labels,21,07_individual_deep_features_to_classifiers,TCN_deep_features,TCN_as_feature_extractor,classical_ml,KNN,KNN,32,Classifiers trained only on TCN latent temporal features.,0.9135416666666668,0.915974292510333,0.9135416666666668,0.9140207933535712,0.8632974316487159,0.9253996447602132,0.8932704672096013,"[[1589, 165], [84, 1042]]",1589,165,84,1042,D3 O-RAN event label
D3_ORAN_7_2_event_log_handover_labels,21,07_individual_deep_features_to_classifiers,TCN_deep_features,TCN_as_feature_extractor,classical_ml,Logistic_Regression,Logistic_Regression,32,Classifiers trained only on TCN latent temporal features.,0.8951388888888889,0.9121729945274124,0.8951388888888889,0.8963685911347481,0.7972582972582972,0.9813499111900532,0.8797770700636943,"[[1473, 281], [21, 1105]]",1473,281,21,1105,D3 O-RAN event label
D3_ORAN_7_2_event_log_handover_labels,21,07_individual_deep_features_to_classifiers,Transformer_deep_features,Transformer_as_feature_extractor,classical_ml,Decision_Tree,Decision_Tree,32,Classifiers trained only on Transformer latent temporal features.,0.89375,0.907337888707988,0.89375,0.8949412372147916,0.8028064992614475,0.9653641207815276,0.8766129032258064,"[[1487, 267], [39, 1087]]",1487,267,39,1087,D3 O-RAN event label
D3_ORAN_7_2_event_log_handover_labels,21,07_individual_deep_features_to_classifiers,Transformer_deep_features,Transformer_as_feature_extractor,classical_ml,Random_Forest,Random_Forest,32,Classifiers trained only on Transformer latent temporal features.,0.9013888888888888,0.9131223843332334,0.9013888888888888,0.9024549515413068,0.8151197604790419,0.9671403197158082,0.8846466287571081,"[[1507, 247], [37, 1089]]",1507,247,37,1089,D3 O-RAN event label
D3_ORAN_7_2_event_log_handover_labels,21,07_individual_deep_features_to_classifiers,Transformer_deep_features,Transformer_as_feature_extractor,classical_ml,SVM,SVM,32,Classifiers trained only on Transformer latent temporal features.,0.8840277777777777,0.9097147425736186,0.8840277777777777,0.8854186980969562,0.7723521320495186,0.9973357015985792,0.8705426356589148,"[[1423, 331], [3, 1123]]",1423,331,3,1123,D3 O-RAN event label
D3_ORAN_7_2_event_log_handover_labels,21,07_individual_deep_features_to_classifiers,Transformer_deep_features,Transformer_as_feature_extractor,classical_ml,KNN,KNN,32,Classifiers trained only on Transformer latent temporal features.,0.8895833333333333,0.8950208620951126,0.8895833333333333,0.8904717279636747,0.821656050955414,0.91651865008881,0.8664987405541562,"[[1530, 224], [94, 1032]]",1530,224,94,1032,D3 O-RAN event label
D3_ORAN_7_2_event_log_handover_labels,21,07_individual_deep_features_to_classifiers,Transformer_deep_features,Transformer_as_feature_extractor,classical_ml,Logistic_Regression,Logistic_Regression,32,Classifiers trained only on Transformer latent temporal features.,0.8920138888888889,0.9130392605760902,0.8920138888888889,0.8933093117729156,0.7871740662438337,0.9920071047957372,0.8777996070726916,"[[1452, 302], [9, 1117]]",1452,302,9,1117,D3 O-RAN event label
D3_ORAN_7_2_event_log_handover_labels,21,08_combined_deep_features_to_classifiers,LSTM_GRU_TCN_Transformer_deep_features,combined_deep_feature_extraction,classical_ml,Decision_Tree,Decision_Tree,128,"Classifiers trained on concatenated LSTM, GRU, TCN, and Transformer features.",0.921875,0.929926473381646,0.921875,0.9226300795703348,0.8473400154202004,0.9760213143872114,0.9071399092034668,"[[1556, 198], [27, 1099]]",1556,198,27,1099,D3 O-RAN event label
D3_ORAN_7_2_event_log_handover_labels,21,08_combined_deep_features_to_classifiers,LSTM_GRU_TCN_Transformer_deep_features,combined_deep_feature_extraction,classical_ml,Random_Forest,Random_Forest,128,"Classifiers trained on concatenated LSTM, GRU, TCN, and Transformer features.",0.9354166666666668,0.940188408163986,0.9354166666666668,0.9359304816601196,0.8748006379585327,0.9742451154529308,0.9218487394957984,"[[1597, 157], [29, 1097]]",1597,157,29,1097,D3 O-RAN event label
D3_ORAN_7_2_event_log_handover_labels,21,08_combined_deep_features_to_classifiers,LSTM_GRU_TCN_Transformer_deep_features,combined_deep_feature_extraction,classical_ml,SVM,SVM,128,"Classifiers trained on concatenated LSTM, GRU, TCN, and Transformer features.",0.9027777777777778,0.9211685513074716,0.9027777777777778,0.9039303989216227,0.8025751072961373,0.9964476021314388,0.8890649762282092,"[[1478, 276], [4, 1122]]",1478,276,4,1122,D3 O-RAN event label
D3_ORAN_7_2_event_log_handover_labels,21,08_combined_deep_features_to_classifiers,LSTM_GRU_TCN_Transformer_deep_features,combined_deep_feature_extraction,classical_ml,KNN,KNN,128,"Classifiers trained on concatenated LSTM, GRU, TCN, and Transformer features.",0.9340277777777778,0.9347898679781234,0.9340277777777778,0.9342229889765852,0.9013722126929674,0.933392539964476,0.9171029668411868,"[[1639, 115], [75, 1051]]",1639,115,75,1051,D3 O-RAN event label
D3_ORAN_7_2_event_log_handover_labels,21,08_combined_deep_features_to_classifiers,LSTM_GRU_TCN_Transformer_deep_features,combined_deep_feature_extraction,classical_ml,Logistic_Regression,Logistic_Regression,128,"Classifiers trained on concatenated LSTM, GRU, TCN, and Transformer features.",0.9208333333333332,0.9323609581355424,0.9208333333333332,0.9216891864486548,0.8360778443113772,0.9920071047957372,0.9073923639317628,"[[1535, 219], [9, 1117]]",1535,219,9,1117,D3 O-RAN event label
D3_ORAN_7_2_event_log_handover_labels,42,01_raw_flattened_windows,raw_time_windows,none_raw_baseline,classical_ml,Decision_Tree,Decision_Tree,540,,0.9688017669795692,0.9707413128704636,0.9688017669795692,0.9694150020619444,0.8558139534883721,0.9417786308381318,0.8967407858665855,"[[9055, 248], [91, 1472]]",9055,248,91,1472,D3 O-RAN event label
D3_ORAN_7_2_event_log_handover_labels,42,01_raw_flattened_windows,raw_time_windows,none_raw_baseline,classical_ml,Random_Forest,Random_Forest,540,,0.970090189582183,0.9721102134936824,0.970090189582183,0.970706171397767,0.8582175925925926,0.9488163787587972,0.9012458219386204,"[[9058, 245], [80, 1483]]",9058,245,80,1483,D3 O-RAN event label
D3_ORAN_7_2_event_log_handover_labels,42,01_raw_flattened_windows,raw_time_windows,none_raw_baseline,classical_ml,SVM,SVM,540,,0.9652125897294312,0.9697603091783138,0.9652125897294312,0.9663916040515492,0.8207904710341094,0.9699296225207934,0.8891495601173021,"[[8972, 331], [47, 1516]]",8972,331,47,1516,D3 O-RAN event label
D3_ORAN_7_2_event_log_handover_labels,42,01_raw_flattened_windows,raw_time_windows,none_raw_baseline,classical_ml,KNN,KNN,540,,0.9621755935946992,0.9630463527323988,0.9621755935946992,0.9625326694447388,0.8520782396088019,0.891874600127959,0.8715223507346046,"[[9061, 242], [169, 1394]]",9061,242,169,1394,D3 O-RAN event label
D3_ORAN_7_2_event_log_handover_labels,42,01_raw_flattened_windows,raw_time_windows,none_raw_baseline,classical_ml,Logistic_Regression,Logistic_Regression,540,,0.9678814651205596,0.9701558027607357,0.9678814651205596,0.9685803542473768,0.8492520138089759,0.944337811900192,0.8942744622841563,"[[9041, 262], [87, 1476]]",9041,262,87,1476,D3 O-RAN event label
D3_ORAN_7_2_event_log_handover_labels,42,02_engineered_flattened_windows,engineered_time_windows,temporal_feature_engineering,classical_ml,Decision_Tree,Decision_Tree,6480,,0.973771397018222,0.974987655304642,0.973771397018222,0.974167905918293,0.8799048751486326,0.946896992962252,0.9121725731895224,"[[9101, 202], [83, 1480]]",9101,202,83,1480,D3 O-RAN event label
D3_ORAN_7_2_event_log_handover_labels,42,02_engineered_flattened_windows,engineered_time_windows,temporal_feature_engineering,classical_ml,Random_Forest,Random_Forest,6480,,0.9757960611080434,0.977192712584219,0.9757960611080434,0.9762144028017352,0.8823529411764706,0.9596928982725528,0.9193993257738278,"[[9103, 200], [63, 1500]]",9103,200,63,1500,D3 O-RAN event label
D3_ORAN_7_2_event_log_handover_labels,42,02_engineered_flattened_windows,engineered_time_windows,temporal_feature_engineering,classical_ml,SVM,SVM,6480,,0.9678814651205596,0.9717810619466744,0.9678814651205596,0.96889050156893,0.8327850877192983,0.9718490083173384,0.8969589607322114,"[[8998, 305], [44, 1519]]",8998,305,44,1519,D3 O-RAN event label
D3_ORAN_7_2_event_log_handover_labels,42,02_engineered_flattened_windows,engineered_time_windows,temporal_feature_engineering,classical_ml,KNN,KNN,6480,,0.9647524387999264,0.9655238342229304,0.9647524387999264,0.9650674455313036,0.8615196078431373,0.8995521433141395,0.8801251956181534,"[[9077, 226], [157, 1406]]",9077,226,157,1406,D3 O-RAN event label
D3_ORAN_7_2_event_log_handover_labels,42,02_engineered_flattened_windows,engineered_time_windows,temporal_feature_engineering,classical_ml,Logistic_Regression,Logistic_Regression,6480,,0.9706423706975889,0.9732136855713855,0.9706423706975889,0.9713621980374058,0.8530079455164585,0.961612284069098,0.90406015037594,"[[9044, 259], [60, 1503]]",9044,259,60,1503,D3 O-RAN event label
D3_ORAN_7_2_event_log_handover_labels,42,03_feature_selection_on_engineered,selected_engineered_features,feature_selection_anova_top_40,classical_ml,Decision_Tree,Decision_Tree,40,,0.9652125897294312,0.9673700080945224,0.9652125897294312,0.9659168039523444,0.8434782608695652,0.9309021113243762,0.885036496350365,"[[9033, 270], [108, 1455]]",9033,270,108,1455,D3 O-RAN event label
D3_ORAN_7_2_event_log_handover_labels,42,03_feature_selection_on_engineered,selected_engineered_features,feature_selection_anova_top_40,classical_ml,Random_Forest,Random_Forest,40,,0.96981409902448,0.9721276780795328,0.96981409902448,0.9704953905592434,0.8538681948424068,0.9532949456174024,0.9008464328899636,"[[9048, 255], [73, 1490]]",9048,255,73,1490,D3 O-RAN event label
D3_ORAN_7_2_event_log_handover_labels,42,03_feature_selection_on_engineered,selected_engineered_features,feature_selection_anova_top_40,classical_ml,SVM,SVM,40,,0.9642002576845206,0.9692833795829616,0.9642002576845206,0.9654931583939462,0.8142398286937902,0.9731285988483686,0.8866219761002623,"[[8956, 347], [42, 1521]]",8956,347,42,1521,D3 O-RAN event label
D3_ORAN_7_2_event_log_handover_labels,42,03_feature_selection_on_engineered,selected_engineered_features,feature_selection_anova_top_40,classical_ml,KNN,KNN,40,,0.9654886802871342,0.96614689638136,0.9654886802871342,0.9657621990783576,0.8657635467980296,0.8995521433141395,0.8823344838406024,"[[9085, 218], [157, 1406]]",9085,218,157,1406,D3 O-RAN event label
D3_ORAN_7_2_event_log_handover_labels,42,03_feature_selection_on_engineered,selected_engineered_features,feature_selection_anova_top_40,classical_ml,Logistic_Regression,Logistic_Regression,40,,0.9655807104730352,0.9692187984059298,0.9655807104730352,0.9665904825025318,0.8293628808864266,0.9577735124760076,0.8889548693586699,"[[8995, 308], [66, 1497]]",8995,308,66,1497,D3 O-RAN event label
D3_ORAN_7_2_event_log_handover_labels,42,04_pca_on_engineered,pca_engineered_features,pca_0.95_feature_variance,classical_ml,Decision_Tree,Decision_Tree,148,,0.962635744524204,0.9647517653830164,0.962635744524204,0.9633569725633692,0.836924868957484,0.9193857965451055,0.876219512195122,"[[9023, 280], [126, 1437]]",9023,280,126,1437,D3 O-RAN event label
D3_ORAN_7_2_event_log_handover_labels,42,04_pca_on_engineered,pca_engineered_features,pca_0.95_feature_variance,classical_ml,Random_Forest,Random_Forest,148,,0.9649364991717284,0.9682676191259596,0.9649364991717284,0.96589904898728,0.8305369127516778,0.9500959692898272,0.8863025962399284,"[[9000, 303], [78, 1485]]",9000,303,78,1485,D3 O-RAN event label
D3_ORAN_7_2_event_log_handover_labels,42,04_pca_on_engineered,pca_engineered_features,pca_0.95_feature_variance,classical_ml,SVM,SVM,148,,0.9636480765691148,0.9687209415921006,0.9636480765691148,0.9649532794992456,0.8129689174705252,0.9705694177863085,0.8848060659084281,"[[8954, 349], [46, 1517]]",8954,349,46,1517,D3 O-RAN event label
D3_ORAN_7_2_event_log_handover_labels,42,04_pca_on_engineered,pca_engineered_features,pca_0.95_feature_variance,classical_ml,KNN,KNN,148,,0.962635744524204,0.963972944322713,0.962635744524204,0.963141419279824,0.8466147393648892,0.9040307101727448,0.8743811881188119,"[[9047, 256], [150, 1413]]",9047,256,150,1413,D3 O-RAN event label
D3_ORAN_7_2_event_log_handover_labels,42,04_pca_on_engineered,pca_engineered_features,pca_0.95_feature_variance,classical_ml,Logistic_Regression,Logistic_Regression,148,,0.969445978280876,0.9720185187206608,0.969445978280876,0.970184686136533,0.8499147242751564,0.9564939219449776,0.9000602046959663,"[[9039, 264], [68, 1495]]",9039,264,68,1495,D3 O-RAN event label
D3_ORAN_7_2_event_log_handover_labels,42,05_feature_selection_plus_pca,selected_pca_engineered_features,feature_selection_anova_plus_pca,classical_ml,Decision_Tree,Decision_Tree,3,,0.9614393521074912,0.9654481603323798,0.9614393521074912,0.9626002873127892,0.8156732891832229,0.945617402431222,0.8758518518518519,"[[8969, 334], [85, 1478]]",8969,334,85,1478,D3 O-RAN event label
D3_ORAN_7_2_event_log_handover_labels,42,05_feature_selection_plus_pca,selected_pca_engineered_features,feature_selection_anova_plus_pca,classical_ml,Random_Forest,Random_Forest,3,,0.9642002576845206,0.9672170013958578,0.9642002576845206,0.9651105663573988,0.831638418079096,0.9417786308381318,0.8832883288328833,"[[9005, 298], [91, 1472]]",9005,298,91,1472,D3 O-RAN event label
D3_ORAN_7_2_event_log_handover_labels,42,05_feature_selection_plus_pca,selected_pca_engineered_features,feature_selection_anova_plus_pca,classical_ml,SVM,SVM,3,,0.95849438615866,0.9649800978237392,0.95849438615866,0.9601734810884794,0.7910994764397906,0.966730646193218,0.8701410883961993,"[[8904, 399], [52, 1511]]",8904,399,52,1511,D3 O-RAN event label
D3_ORAN_7_2_event_log_handover_labels,42,05_feature_selection_plus_pca,selected_pca_engineered_features,feature_selection_anova_plus_pca,classical_ml,KNN,KNN,3,,0.9617154426651942,0.962553360189197,0.9617154426651942,0.9620624145158152,0.8511941212492345,0.889315419065899,0.869837296620776,"[[9060, 243], [173, 1390]]",9060,243,173,1390,D3 O-RAN event label
D3_ORAN_7_2_event_log_handover_labels,42,05_feature_selection_plus_pca,selected_pca_engineered_features,feature_selection_anova_plus_pca,classical_ml,Logistic_Regression,Logistic_Regression,3,,0.9645683784281244,0.9670491738715834,0.9645683784281244,0.9653557816693918,0.8381171067738232,0.9341010876519512,0.8835098335854765,"[[9021, 282], [103, 1460]]",9021,282,103,1460,D3 O-RAN event label
D3_ORAN_7_2_event_log_handover_labels,42,06_direct_deep_learning,engineered_sequence_features,deep_temporal_learning,deep_learning_direct,LSTM,direct_sigmoid,648,Direct sequence model.,0.969906129210381,0.972232842562268,0.969906129210381,0.9705888159144288,0.8539518900343642,0.9539347408829176,0.9011786038077968,"[[9048, 255], [72, 1491]]",9048,255,72,1491,D3 O-RAN event label
D3_ORAN_7_2_event_log_handover_labels,42,06_direct_deep_learning,engineered_sequence_features,deep_temporal_learning,deep_learning_direct,GRU,direct_sigmoid,648,Direct sequence model.,0.9710104914411928,0.9733241294084302,0.9710104914411928,0.9716748073713596,0.8569794050343249,0.9584133077415228,0.904862579281184,"[[9053, 250], [65, 1498]]",9053,250,65,1498,D3 O-RAN event label
D3_ORAN_7_2_event_log_handover_labels,42,06_direct_deep_learning,engineered_sequence_features,deep_temporal_learning,deep_learning_direct,TCN,direct_sigmoid,648,Direct sequence model.,0.9619915332228972,0.9665792968726582,0.9619915332228972,0.9632512497909604,0.8125,0.9564939219449776,0.8786364972083456,"[[8958, 345], [68, 1495]]",8958,345,68,1495,D3 O-RAN event label
D3_ORAN_7_2_event_log_handover_labels,42,06_direct_deep_learning,engineered_sequence_features,deep_temporal_learning,deep_learning_direct,Transformer,direct_sigmoid,648,Direct sequence model.,0.9591385974599668,0.9609280763741748,0.9591385974599668,0.9598007369763863,0.830869308101715,0.8989123480486244,0.8635525507068224,"[[9017, 286], [158, 1405]]",9017,286,158,1405,D3 O-RAN event label
D3_ORAN_7_2_event_log_handover_labels,42,07_individual_deep_features_to_classifiers,LSTM_deep_features,LSTM_as_feature_extractor,classical_ml,Decision_Tree,Decision_Tree,32,Classifiers trained only on LSTM latent temporal features.,0.9709184612552916,0.9719615301091338,0.9709184612552916,0.971290624791485,0.8749248346361996,0.9309021113243762,0.9020458772473652,"[[9095, 208], [108, 1455]]",9095,208,108,1455,D3 O-RAN event label
D3_ORAN_7_2_event_log_handover_labels,42,07_individual_deep_features_to_classifiers,LSTM_deep_features,LSTM_as_feature_extractor,classical_ml,Random_Forest,Random_Forest,32,Classifiers trained only on LSTM latent temporal features.,0.973771397018222,0.9746114349540188,0.973771397018222,0.9740714042779256,0.8868038740920097,0.9373000639795266,0.911353032659409,"[[9116, 187], [98, 1465]]",9116,187,98,1465,D3 O-RAN event label
D3_ORAN_7_2_event_log_handover_labels,42,07_individual_deep_features_to_classifiers,LSTM_deep_features,LSTM_as_feature_extractor,classical_ml,SVM,SVM,32,Classifiers trained only on LSTM latent temporal features.,0.969261917909074,0.9719858939963516,0.969261917909074,0.9700330673773228,0.8477645727221279,0.9584133077415228,0.8996996996996997,"[[9034, 269], [65, 1498]]",9034,269,65,1498,D3 O-RAN event label
D3_ORAN_7_2_event_log_handover_labels,42,07_individual_deep_features_to_classifiers,LSTM_deep_features,LSTM_as_feature_extractor,classical_ml,KNN,KNN,32,Classifiers trained only on LSTM latent temporal features.,0.9714706423706976,0.9715014680900216,0.9714706423706976,0.9714858046491444,0.8998085513720485,0.9021113243761996,0.9009584664536742,"[[9146, 157], [153, 1410]]",9146,157,153,1410,D3 O-RAN event label
D3_ORAN_7_2_event_log_handover_labels,42,07_individual_deep_features_to_classifiers,LSTM_deep_features,LSTM_as_feature_extractor,classical_ml,Logistic_Regression,Logistic_Regression,32,Classifiers trained only on LSTM latent temporal features.,0.9725750046015093,0.9742685435202794,0.9725750046015093,0.9730914187397254,0.869235259778167,0.9526551503518874,0.909035409035409,"[[9079, 224], [74, 1489]]",9079,224,74,1489,D3 O-RAN event label
D3_ORAN_7_2_event_log_handover_labels,42,07_individual_deep_features_to_classifiers,GRU_deep_features,GRU_as_feature_extractor,classical_ml,Decision_Tree,Decision_Tree,32,Classifiers trained only on GRU latent temporal features.,0.9710104914411928,0.9725056313645872,0.9710104914411928,0.9714976654605352,0.8679245283018868,0.9417786308381318,0.9033445842282908,"[[9079, 224], [91, 1472]]",9079,224,91,1472,D3 O-RAN event label
D3_ORAN_7_2_event_log_handover_labels,42,07_individual_deep_features_to_classifiers,GRU_deep_features,GRU_as_feature_extractor,classical_ml,Random_Forest,Random_Forest,32,Classifiers trained only on GRU latent temporal features.,0.973403276274618,0.9742514524172564,0.973403276274618,0.973707494162528,0.885593220338983,0.9360204734484964,0.910108864696734,"[[9114, 189], [100, 1463]]",9114,189,100,1463,D3 O-RAN event label
D3_ORAN_7_2_event_log_handover_labels,42,07_individual_deep_features_to_classifiers,GRU_deep_features,GRU_as_feature_extractor,classical_ml,SVM,SVM,32,Classifiers trained only on GRU latent temporal features.,0.969722068838579,0.97266188279545,0.969722068838579,0.9705261178152316,0.846629213483146,0.964171465131158,0.9015854023332336,"[[9030, 273], [56, 1507]]",9030,273,56,1507,D3 O-RAN event label
D3_ORAN_7_2_event_log_handover_labels,42,07_individual_deep_features_to_classifiers,GRU_deep_features,GRU_as_feature_extractor,classical_ml,KNN,KNN,32,Classifiers trained only on GRU latent temporal features.,0.9725750046015093,0.9726198267998416,0.9725750046015093,0.9725968503678352,0.9031230082855322,0.9065898912348048,0.90485312899106,"[[9151, 152], [146, 1417]]",9151,152,146,1417,D3 O-RAN event label
D3_ORAN_7_2_event_log_handover_labels,42,07_individual_deep_features_to_classifiers,GRU_deep_features,GRU_as_feature_extractor,classical_ml,Logistic_Regression,Logistic_Regression,32,Classifiers trained only on GRU latent temporal features.,0.9716547027424997,0.9739240332117438,0.9716547027424997,0.9723009906295736,0.859187178019462,0.9603326935380678,0.9069486404833836,"[[9057, 246], [62, 1501]]",9057,246,62,1501,D3 O-RAN event label
D3_ORAN_7_2_event_log_handover_labels,42,07_individual_deep_features_to_classifiers,TCN_deep_features,TCN_as_feature_extractor,classical_ml,Decision_Tree,Decision_Tree,32,Classifiers trained only on TCN latent temporal features.,0.9639241671268176,0.96659605268383,0.9639241671268176,0.9647633202671548,0.834380354083381,0.9347408829174664,0.8817139408569704,"[[9013, 290], [102, 1461]]",9013,290,102,1461,D3 O-RAN event label
D3_ORAN_7_2_event_log_handover_labels,42,07_individual_deep_features_to_classifiers,TCN_deep_features,TCN_as_feature_extractor,classical_ml,Random_Forest,Random_Forest,32,Classifiers trained only on TCN latent temporal features.,0.9643843180563224,0.9671285276825208,0.9643843180563224,0.9652331879240832,0.8348519362186788,0.9379398592450416,0.8833986140403736,"[[9013, 290], [97, 1466]]",9013,290,97,1466,D3 O-RAN event label
D3_ORAN_7_2_event_log_handover_labels,42,07_individual_deep_features_to_classifiers,TCN_deep_features,TCN_as_feature_extractor,classical_ml,SVM,SVM,32,Classifiers trained only on TCN latent temporal features.,0.9602429596907786,0.9661339799177906,0.9602429596907786,0.9617739494800988,0.7990481226864093,0.966730646193218,0.87492762015055,"[[8923, 380], [52, 1511]]",8923,380,52,1511,D3 O-RAN event label
D3_ORAN_7_2_event_log_handover_labels,42,07_individual_deep_features_to_classifiers,TCN_deep_features,TCN_as_feature_extractor,classical_ml,KNN,KNN,32,Classifiers trained only on TCN latent temporal features.,0.9607951408061844,0.9614857812309444,0.9607951408061844,0.9610909230154802,0.850709438618137,0.8822776711452335,0.8662060301507538,"[[9061, 242], [184, 1379]]",9061,242,184,1379,D3 O-RAN event label
D3_ORAN_7_2_event_log_handover_labels,42,07_individual_deep_features_to_classifiers,TCN_deep_features,TCN_as_feature_extractor,classical_ml,Logistic_Regression,Logistic_Regression,32,Classifiers trained only on TCN latent temporal features.,0.962451684152402,0.9674862344899136,0.962451684152402,0.9637800623298002,0.8103170338527673,0.9648112603966732,0.8808411214953271,"[[8950, 353], [55, 1508]]",8950,353,55,1508,D3 O-RAN event label
D3_ORAN_7_2_event_log_handover_labels,42,07_individual_deep_features_to_classifiers,Transformer_deep_features,Transformer_as_feature_extractor,classical_ml,Decision_Tree,Decision_Tree,32,Classifiers trained only on Transformer latent temporal features.,0.9578501748573532,0.9597833120181248,0.9578501748573532,0.9585635621625748,0.8255745433117265,0.8963531669865643,0.8595092024539878,"[[9007, 296], [162, 1401]]",9007,296,162,1401,D3 O-RAN event label
D3_ORAN_7_2_event_log_handover_labels,42,07_individual_deep_features_to_classifiers,Transformer_deep_features,Transformer_as_feature_extractor,classical_ml,Random_Forest,Random_Forest,32,Classifiers trained only on Transformer latent temporal features.,0.9663169519602428,0.9679155917159378,0.9663169519602428,0.9668708719574206,0.8535144713526285,0.924504158669226,0.8875921375921376,"[[9055, 248], [118, 1445]]",9055,248,118,1445,D3 O-RAN event label
D3_ORAN_7_2_event_log_handover_labels,42,07_individual_deep_features_to_classifiers,Transformer_deep_features,Transformer_as_feature_extractor,classical_ml,SVM,SVM,32,Classifiers trained only on Transformer latent temporal features.,0.9614393521074912,0.9666543626352316,0.9614393521074912,0.9628238585067947,0.8065380493033226,0.962891874600128,0.8778069407990667,"[[8942, 361], [58, 1505]]",8942,361,58,1505,D3 O-RAN event label
D3_ORAN_7_2_event_log_handover_labels,42,07_individual_deep_features_to_classifiers,Transformer_deep_features,Transformer_as_feature_extractor,classical_ml,KNN,KNN,32,Classifiers trained only on Transformer latent temporal features.,0.9633719860114116,0.9638755952380208,0.9633719860114116,0.9635921834356492,0.8620261031696707,0.8873960332693538,0.8745271122320303,"[[9081, 222], [176, 1387]]",9081,222,176,1387,D3 O-RAN event label
D3_ORAN_7_2_event_log_handover_labels,42,07_individual_deep_features_to_classifiers,Transformer_deep_features,Transformer_as_feature_extractor,classical_ml,Logistic_Regression,Logistic_Regression,32,Classifiers trained only on Transformer latent temporal features.,0.9632799558255108,0.9673995208520444,0.9632799558255108,0.9644255713225858,0.8194291986827662,0.9552143314139476,0.8821270310192023,"[[8974, 329], [70, 1493]]",8974,329,70,1493,D3 O-RAN event label
D3_ORAN_7_2_event_log_handover_labels,42,08_combined_deep_features_to_classifiers,LSTM_GRU_TCN_Transformer_deep_features,combined_deep_feature_extraction,classical_ml,Decision_Tree,Decision_Tree,128,"Classifiers trained on concatenated LSTM, GRU, TCN, and Transformer features.",0.969998159396282,0.9708341691599716,0.969998159396282,0.9703151949596716,0.8759878419452888,0.9219449776071658,0.8983790523690773,"[[9099, 204], [122, 1441]]",9099,204,122,1441,D3 O-RAN event label
D3_ORAN_7_2_event_log_handover_labels,42,08_combined_deep_features_to_classifiers,LSTM_GRU_TCN_Transformer_deep_features,combined_deep_feature_extraction,classical_ml,Random_Forest,Random_Forest,128,"Classifiers trained on concatenated LSTM, GRU, TCN, and Transformer features.",0.9755199705503406,0.9763557419609188,0.9755199705503406,0.9758090793718448,0.8918429003021148,0.944337811900192,0.9173399627097576,"[[9124, 179], [87, 1476]]",9124,179,87,1476,D3 O-RAN event label
D3_ORAN_7_2_event_log_handover_labels,42,08_combined_deep_features_to_classifiers,LSTM_GRU_TCN_Transformer_deep_features,combined_deep_feature_extraction,classical_ml,SVM,SVM,128,"Classifiers trained on concatenated LSTM, GRU, TCN, and Transformer features.",0.970182219768084,0.9728992451371196,0.970182219768084,0.9709370431244546,0.8501978518937253,0.9622520793346128,0.9027611044417768,"[[9038, 265], [59, 1504]]",9038,265,59,1504,D3 O-RAN event label
D3_ORAN_7_2_event_log_handover_labels,42,08_combined_deep_features_to_classifiers,LSTM_GRU_TCN_Transformer_deep_features,combined_deep_feature_extraction,classical_ml,KNN,KNN,128,"Classifiers trained on concatenated LSTM, GRU, TCN, and Transformer features.",0.9749677894349348,0.9748248763714288,0.9749677894349348,0.9748870768375548,0.9194282001299544,0.9053103007037748,0.912314635718891,"[[9179, 124], [148, 1415]]",9179,124,148,1415,D3 O-RAN event label
D3_ORAN_7_2_event_log_handover_labels,42,08_combined_deep_features_to_classifiers,LSTM_GRU_TCN_Transformer_deep_features,combined_deep_feature_extraction,classical_ml,Logistic_Regression,Logistic_Regression,128,"Classifiers trained on concatenated LSTM, GRU, TCN, and Transformer features.",0.973955457390024,0.9755851742975696,0.973955457390024,0.974442794606172,0.8738317757009346,0.9571337172104928,0.913587786259542,"[[9087, 216], [67, 1496]]",9087,216,67,1496,D3 O-RAN event label
D3_ORAN_7_2_event_log_handover_labels,100,01_raw_flattened_windows,raw_time_windows,none_raw_baseline,classical_ml,Decision_Tree,Decision_Tree,540,,0.9145110410094636,0.9210527429234484,0.9145110410094636,0.914734122377446,0.8585669781931464,0.9690576652601968,0.9104724149322762,"[[1521, 227], [44, 1378]]",1521,227,44,1378,D3 O-RAN event label
D3_ORAN_7_2_event_log_handover_labels,100,01_raw_flattened_windows,raw_time_windows,none_raw_baseline,classical_ml,Random_Forest,Random_Forest,540,,0.929652996845426,0.9359504575955248,0.929652996845426,0.9298375971222111,0.8744534665833854,0.9845288326300984,0.926232219649355,"[[1547, 201], [22, 1400]]",1547,201,22,1400,D3 O-RAN event label
D3_ORAN_7_2_event_log_handover_labels,100,01_raw_flattened_windows,raw_time_windows,none_raw_baseline,classical_ml,SVM,SVM,540,,0.9006309148264984,0.915910058140391,0.9006309148264984,0.9007366675360708,0.8234950321449445,0.990857946554149,0.8994573890839451,"[[1446, 302], [13, 1409]]",1446,302,13,1409,D3 O-RAN event label
D3_ORAN_7_2_event_log_handover_labels,100,01_raw_flattened_windows,raw_time_windows,none_raw_baseline,classical_ml,KNN,KNN,540,,0.8996845425867508,0.9014934000107224,0.8996845425867508,0.8998948061088285,0.8655629139072848,0.919127988748242,0.8915416098226466,"[[1545, 203], [115, 1307]]",1545,203,115,1307,D3 O-RAN event label
D3_ORAN_7_2_event_log_handover_labels,100,01_raw_flattened_windows,raw_time_windows,none_raw_baseline,classical_ml,Logistic_Regression,Logistic_Regression,540,,0.907255520504732,0.9142530314783466,0.907255520504732,0.9074944458112456,0.8498759305210918,0.9634317862165964,0.9030982201713909,"[[1506, 242], [52, 1370]]",1506,242,52,1370,D3 O-RAN event label
D3_ORAN_7_2_event_log_handover_labels,100,02_engineered_flattened_windows,engineered_time_windows,temporal_feature_engineering,classical_ml,Decision_Tree,Decision_Tree,6480,,0.929968454258675,0.9330722826686922,0.929968454258675,0.9301426219060016,0.8886010362694301,0.9648382559774964,0.9251517194875252,"[[1576, 172], [50, 1372]]",1576,172,50,1372,D3 O-RAN event label
D3_ORAN_7_2_event_log_handover_labels,100,02_engineered_flattened_windows,engineered_time_windows,temporal_feature_engineering,classical_ml,Random_Forest,Random_Forest,6480,,0.9340694006309148,0.9383229834211416,0.9340694006309148,0.9342421566779746,0.8870453095086152,0.9774964838255976,0.9300769488123118,"[[1571, 177], [32, 1390]]",1571,177,32,1390,D3 O-RAN event label
D3_ORAN_7_2_event_log_handover_labels,100,02_engineered_flattened_windows,engineered_time_windows,temporal_feature_engineering,classical_ml,SVM,SVM,6480,,0.9113564668769716,0.9231523406090456,0.9113564668769716,0.91152261930345,0.8410041841004184,0.989451476793249,0.9092084006462036,"[[1482, 266], [15, 1407]]",1482,266,15,1407,D3 O-RAN event label
D3_ORAN_7_2_event_log_handover_labels,100,02_engineered_flattened_windows,engineered_time_windows,temporal_feature_engineering,classical_ml,KNN,KNN,6480,,0.9110410094637224,0.9144621708645996,0.9110410094637224,0.9112662487373376,0.867741935483871,0.9458509142053446,0.905114401076716,"[[1543, 205], [77, 1345]]",1543,205,77,1345,D3 O-RAN event label
D3_ORAN_7_2_event_log_handover_labels,100,02_engineered_flattened_windows,engineered_time_windows,temporal_feature_engineering,classical_ml,Logistic_Regression,Logistic_Regression,6480,,0.9170347003154574,0.9229344744236512,0.9170347003154574,0.9172537428059796,0.8633228840125392,0.9683544303797468,0.9128273118992376,"[[1530, 218], [45, 1377]]",1530,218,45,1377,D3 O-RAN event label
D3_ORAN_7_2_event_log_handover_labels,100,03_feature_selection_on_engineered,selected_engineered_features,feature_selection_anova_top_40,classical_ml,Decision_Tree,Decision_Tree,40,,0.8996845425867508,0.9082229592360422,0.8996845425867508,0.8999261176331804,0.8378212974296205,0.9627285513361464,0.8959424083769634,"[[1483, 265], [53, 1369]]",1483,265,53,1369,D3 O-RAN event label
D3_ORAN_7_2_event_log_handover_labels,100,03_feature_selection_on_engineered,selected_engineered_features,feature_selection_anova_top_40,classical_ml,Random_Forest,Random_Forest,40,,0.9160883280757098,0.9231038810063248,0.9160883280757098,0.9163044985911272,0.858560794044665,0.9732770745428974,0.9123269611074488,"[[1520, 228], [38, 1384]]",1520,228,38,1384,D3 O-RAN event label
D3_ORAN_7_2_event_log_handover_labels,100,03_feature_selection_on_engineered,selected_engineered_features,feature_selection_anova_top_40,classical_ml,SVM,SVM,40,,0.9009463722397476,0.9159291728540012,0.9009463722397476,0.9010591561221416,0.8243559718969555,0.9901547116736992,0.8996805111821087,"[[1448, 300], [14, 1408]]",1448,300,14,1408,D3 O-RAN event label
D3_ORAN_7_2_event_log_handover_labels,100,03_feature_selection_on_engineered,selected_engineered_features,feature_selection_anova_top_40,classical_ml,KNN,KNN,40,,0.910410094637224,0.912055164442932,0.910410094637224,0.9105923891662784,0.8778220451527224,0.929676511954993,0.9030054644808744,"[[1564, 184], [100, 1322]]",1564,184,100,1322,D3 O-RAN event label
D3_ORAN_7_2_event_log_handover_labels,100,03_feature_selection_on_engineered,selected_engineered_features,feature_selection_anova_top_40,classical_ml,Logistic_Regression,Logistic_Regression,40,,0.9107255520504732,0.91969151918283,0.9107255520504732,0.91093593408894,0.8474679682733374,0.9767932489451476,0.907546553413917,"[[1498, 250], [33, 1389]]",1498,250,33,1389,D3 O-RAN event label
D3_ORAN_7_2_event_log_handover_labels,100,04_pca_on_engineered,pca_engineered_features,pca_0.95_feature_variance,classical_ml,Decision_Tree,Decision_Tree,159,,0.8861198738170347,0.8973533335724267,0.8861198738170347,0.8863411441899717,0.8178550029958058,0.959915611814346,0.8832093173730184,"[[1444, 304], [57, 1365]]",1444,304,57,1365,D3 O-RAN event label
D3_ORAN_7_2_event_log_handover_labels,100,04_pca_on_engineered,pca_engineered_features,pca_0.95_feature_variance,classical_ml,Random_Forest,Random_Forest,159,,0.8981072555205047,0.9067135140832132,0.8981072555205047,0.8983516182601777,0.8360856269113149,0.961322081575246,0.8943408570493948,"[[1480, 268], [55, 1367]]",1480,268,55,1367,D3 O-RAN event label
D3_ORAN_7_2_event_log_handover_labels,100,04_pca_on_engineered,pca_engineered_features,pca_0.95_feature_variance,classical_ml,SVM,SVM,159,,0.8958990536277602,0.9124388202907308,0.8958990536277602,0.8959741431311745,0.8167053364269141,0.9901547116736992,0.8951048951048951,"[[1432, 316], [14, 1408]]",1432,316,14,1408,D3 O-RAN event label
D3_ORAN_7_2_event_log_handover_labels,100,04_pca_on_engineered,pca_engineered_features,pca_0.95_feature_variance,classical_ml,KNN,KNN,159,,0.9100946372239748,0.9137593251466756,0.9100946372239748,0.9103251467330556,0.8655948553054662,0.9465541490857946,0.9042660396372186,"[[1539, 209], [76, 1346]]",1539,209,76,1346,D3 O-RAN event label
D3_ORAN_7_2_event_log_handover_labels,100,04_pca_on_engineered,pca_engineered_features,pca_0.95_feature_variance,classical_ml,Logistic_Regression,Logistic_Regression,159,,0.910410094637224,0.9172785957698864,0.910410094637224,0.9106418348042544,0.853416149068323,0.9662447257383966,0.9063324538258576,"[[1512, 236], [48, 1374]]",1512,236,48,1374,D3 O-RAN event label
D3_ORAN_7_2_event_log_handover_labels,100,05_feature_selection_plus_pca,selected_pca_engineered_features,feature_selection_anova_plus_pca,classical_ml,Decision_Tree,Decision_Tree,3,,0.8908517350157729,0.9039816597812232,0.8908517350157729,0.8910206260168021,0.8183431952662722,0.9725738396624471,0.8888174807197944,"[[1441, 307], [39, 1383]]",1441,307,39,1383,D3 O-RAN event label
D3_ORAN_7_2_event_log_handover_labels,100,05_feature_selection_plus_pca,selected_pca_engineered_features,feature_selection_anova_plus_pca,classical_ml,Random_Forest,Random_Forest,3,,0.9,0.9083180053137137,0.9,0.9002436720064978,0.838749233599019,0.9620253164556962,0.8961677038978054,"[[1485, 263], [54, 1368]]",1485,263,54,1368,D3 O-RAN event label
D3_ORAN_7_2_event_log_handover_labels,100,05_feature_selection_plus_pca,selected_pca_engineered_features,feature_selection_anova_plus_pca,classical_ml,SVM,SVM,3,,0.8873817034700315,0.9069139104886929,0.8873817034700315,0.8873631557937238,0.8037649743297205,0.990857946554149,0.8875590551181103,"[[1404, 344], [13, 1409]]",1404,344,13,1409,D3 O-RAN event label
D3_ORAN_7_2_event_log_handover_labels,100,05_feature_selection_plus_pca,selected_pca_engineered_features,feature_selection_anova_plus_pca,classical_ml,KNN,KNN,3,,0.8873817034700315,0.8888629456464922,0.8873817034700315,0.8875979097818576,0.8552368245496998,0.9015471167369902,0.8777815816501198,"[[1531, 217], [140, 1282]]",1531,217,140,1282,D3 O-RAN event label
D3_ORAN_7_2_event_log_handover_labels,100,05_feature_selection_plus_pca,selected_pca_engineered_features,feature_selection_anova_plus_pca,classical_ml,Logistic_Regression,Logistic_Regression,3,,0.8886435331230284,0.8969180418903547,0.8886435331230284,0.8889148776602327,0.8277130594727161,0.9493670886075948,0.8843760235833606,"[[1467, 281], [72, 1350]]",1467,281,72,1350,D3 O-RAN event label
D3_ORAN_7_2_event_log_handover_labels,100,06_direct_deep_learning,engineered_sequence_features,deep_temporal_learning,deep_learning_direct,LSTM,direct_sigmoid,648,Direct sequence model.,0.9126182965299684,0.91580253072706,0.9126182965299684,0.9128363122294882,0.8705501618122977,0.9458509142053446,0.906639703404112,"[[1548, 200], [77, 1345]]",1548,200,77,1345,D3 O-RAN event label
D3_ORAN_7_2_event_log_handover_labels,100,06_direct_deep_learning,engineered_sequence_features,deep_temporal_learning,deep_learning_direct,GRU,direct_sigmoid,648,Direct sequence model.,0.9201892744479496,0.9254772164117464,0.9201892744479496,0.9204008510928632,0.8687697160883281,0.9683544303797468,0.915862986365148,"[[1540, 208], [45, 1377]]",1540,208,45,1377,D3 O-RAN event label
D3_ORAN_7_2_event_log_handover_labels,100,06_direct_deep_learning,engineered_sequence_features,deep_temporal_learning,deep_learning_direct,TCN,direct_sigmoid,648,Direct sequence model.,0.8968454258675079,0.9074926803360638,0.8968454258675079,0.8970590323166864,0.8296207104154124,0.9690576652601968,0.8939344794031787,"[[1465, 283], [44, 1378]]",1465,283,44,1378,D3 O-RAN event label
D3_ORAN_7_2_event_log_handover_labels,100,06_direct_deep_learning,engineered_sequence_features,deep_temporal_learning,deep_learning_direct,Transformer,direct_sigmoid,648,Direct sequence model.,0.9034700315457412,0.9127884994616332,0.9034700315457412,0.9036920543851268,0.8394160583941606,0.9704641350210972,0.9001956947162426,"[[1484, 264], [42, 1380]]",1484,264,42,1380,D3 O-RAN event label
D3_ORAN_7_2_event_log_handover_labels,100,07_individual_deep_features_to_classifiers,LSTM_deep_features,LSTM_as_feature_extractor,classical_ml,Decision_Tree,Decision_Tree,32,Classifiers trained only on LSTM latent temporal features.,0.9091482649842272,0.912863766015639,0.9091482649842272,0.9093817273327928,0.8643958868894601,0.9458509142053446,0.90329079919409,"[[1537, 211], [77, 1345]]",1537,211,77,1345,D3 O-RAN event label
D3_ORAN_7_2_event_log_handover_labels,100,07_individual_deep_features_to_classifiers,LSTM_deep_features,LSTM_as_feature_extractor,classical_ml,Random_Forest,Random_Forest,32,Classifiers trained only on LSTM latent temporal features.,0.9246056782334384,0.9274941074768488,0.9246056782334384,0.9247899438002548,0.8843404808317089,0.9571026722925458,0.9192840256670044,"[[1570, 178], [61, 1361]]",1570,178,61,1361,D3 O-RAN event label
D3_ORAN_7_2_event_log_handover_labels,100,07_individual_deep_features_to_classifiers,LSTM_deep_features,LSTM_as_feature_extractor,classical_ml,SVM,SVM,32,Classifiers trained only on LSTM latent temporal features.,0.9085173501577288,0.9185025528927576,0.9085173501577288,0.9087185454252806,0.8426150121065376,0.978902953586498,0.9056603773584906,"[[1488, 260], [30, 1392]]",1488,260,30,1392,D3 O-RAN event label
D3_ORAN_7_2_event_log_handover_labels,100,07_individual_deep_features_to_classifiers,LSTM_deep_features,LSTM_as_feature_extractor,classical_ml,KNN,KNN,32,Classifiers trained only on LSTM latent temporal features.,0.9182965299684542,0.9184586983320338,0.9182965299684542,0.9183444047096876,0.9035392088827204,0.9156118143459916,0.9095354523227384,"[[1609, 139], [120, 1302]]",1609,139,120,1302,D3 O-RAN event label
D3_ORAN_7_2_event_log_handover_labels,100,07_individual_deep_features_to_classifiers,LSTM_deep_features,LSTM_as_feature_extractor,classical_ml,Logistic_Regression,Logistic_Regression,32,Classifiers trained only on LSTM latent temporal features.,0.916403785488959,0.9243403346502916,0.916403785488959,0.9166118143427296,0.856,0.9781997187060478,0.91302920905809,"[[1514, 234], [31, 1391]]",1514,234,31,1391,D3 O-RAN event label
D3_ORAN_7_2_event_log_handover_labels,100,07_individual_deep_features_to_classifiers,GRU_deep_features,GRU_as_feature_extractor,classical_ml,Decision_Tree,Decision_Tree,32,Classifiers trained only on GRU latent temporal features.,0.9182965299684542,0.9227833147302884,0.9182965299684542,0.9185116285801976,0.8701464035646085,0.961322081575246,0.913464751085867,"[[1544, 204], [55, 1367]]",1544,204,55,1367,D3 O-RAN event label
D3_ORAN_7_2_event_log_handover_labels,100,07_individual_deep_features_to_classifiers,GRU_deep_features,GRU_as_feature_extractor,classical_ml,Random_Forest,Random_Forest,32,Classifiers trained only on GRU latent temporal features.,0.9271293375394322,0.9301019238785524,0.9271293375394322,0.927308731291112,0.8864373783257625,0.960618846694796,0.9220384745190684,"[[1573, 175], [56, 1366]]",1573,175,56,1366,D3 O-RAN event label
D3_ORAN_7_2_event_log_handover_labels,100,07_individual_deep_features_to_classifiers,GRU_deep_features,GRU_as_feature_extractor,classical_ml,SVM,SVM,32,Classifiers trained only on GRU latent temporal features.,0.9148264984227128,0.9250154951886688,0.9148264984227128,0.9150115035902494,0.8482466747279322,0.9866385372714488,0.91222366710013,"[[1497, 251], [19, 1403]]",1497,251,19,1403,D3 O-RAN event label
D3_ORAN_7_2_event_log_handover_labels,100,07_individual_deep_features_to_classifiers,GRU_deep_features,GRU_as_feature_extractor,classical_ml,KNN,KNN,32,Classifiers trained only on GRU latent temporal features.,0.9258675078864352,0.9259993861868572,0.9258675078864352,0.9259066319282416,0.912439193884642,0.9233473980309423,0.917860887801468,"[[1622, 126], [109, 1313]]",1622,126,109,1313,D3 O-RAN event label
D3_ORAN_7_2_event_log_handover_labels,100,07_individual_deep_features_to_classifiers,GRU_deep_features,GRU_as_feature_extractor,classical_ml,Logistic_Regression,Logistic_Regression,32,Classifiers trained only on GRU latent temporal features.,0.917981072555205,0.92705910262851,0.917981072555205,0.9181734615383632,0.8542682926829268,0.9852320675105484,0.9150881776616592,"[[1509, 239], [21, 1401]]",1509,239,21,1401,D3 O-RAN event label
D3_ORAN_7_2_event_log_handover_labels,100,07_individual_deep_features_to_classifiers,TCN_deep_features,TCN_as_feature_extractor,classical_ml,Decision_Tree,Decision_Tree,32,Classifiers trained only on TCN latent temporal features.,0.8958990536277602,0.9027404000014068,0.8958990536277602,0.8961683291739577,0.8391304347826087,0.950070323488045,0.8911609498680739,"[[1489, 259], [71, 1351]]",1489,259,71,1351,D3 O-RAN event label
D3_ORAN_7_2_event_log_handover_labels,100,07_individual_deep_features_to_classifiers,TCN_deep_features,TCN_as_feature_extractor,classical_ml,Random_Forest,Random_Forest,32,Classifiers trained only on TCN latent temporal features.,0.9044164037854888,0.9126042756224282,0.9044164037854888,0.9046510397561456,0.8434622467771639,0.9662447257383966,0.9006882989183874,"[[1493, 255], [48, 1374]]",1493,255,48,1374,D3 O-RAN event label
D3_ORAN_7_2_event_log_handover_labels,100,07_individual_deep_features_to_classifiers,TCN_deep_features,TCN_as_feature_extractor,classical_ml,SVM,SVM,32,Classifiers trained only on TCN latent temporal features.,0.8911671924290221,0.9077311811167867,0.8911671924290221,0.8912426729060031,0.8121739130434783,0.9852320675105484,0.8903717826501429,"[[1424, 324], [21, 1401]]",1424,324,21,1401,D3 O-RAN event label
D3_ORAN_7_2_event_log_handover_labels,100,07_individual_deep_features_to_classifiers,TCN_deep_features,TCN_as_feature_extractor,classical_ml,KNN,KNN,32,Classifiers trained only on TCN latent temporal features.,0.8987381703470032,0.9007258323018916,0.8987381703470032,0.8989577129171694,0.8633663366336634,0.919831223628692,0.8907048008171604,"[[1541, 207], [114, 1308]]",1541,207,114,1308,D3 O-RAN event label
D3_ORAN_7_2_event_log_handover_labels,100,07_individual_deep_features_to_classifiers,TCN_deep_features,TCN_as_feature_extractor,classical_ml,Logistic_Regression,Logistic_Regression,32,Classifiers trained only on TCN latent temporal features.,0.8949526813880126,0.906778198307178,0.8949526813880126,0.8951458516187448,0.8250746268656717,0.9718706047819972,0.8924765902486277,"[[1455, 293], [40, 1382]]",1455,293,40,1382,D3 O-RAN event label
D3_ORAN_7_2_event_log_handover_labels,100,07_individual_deep_features_to_classifiers,Transformer_deep_features,Transformer_as_feature_extractor,classical_ml,Decision_Tree,Decision_Tree,32,Classifiers trained only on Transformer latent temporal features.,0.8962145110410095,0.901737606967095,0.8962145110410095,0.8964894432873696,0.8439269981120201,0.9430379746835444,0.8907339754234473,"[[1500, 248], [81, 1341]]",1500,248,81,1341,D3 O-RAN event label
D3_ORAN_7_2_event_log_handover_labels,100,07_individual_deep_features_to_classifiers,Transformer_deep_features,Transformer_as_feature_extractor,classical_ml,Random_Forest,Random_Forest,32,Classifiers trained only on Transformer latent temporal features.,0.9082018927444796,0.9131421953319978,0.9082018927444796,0.9084449662752064,0.8581380620645979,0.9528832630098452,0.903032322559147,"[[1524, 224], [67, 1355]]",1524,224,67,1355,D3 O-RAN event label
D3_ORAN_7_2_event_log_handover_labels,100,07_individual_deep_features_to_classifiers,Transformer_deep_features,Transformer_as_feature_extractor,classical_ml,SVM,SVM,32,Classifiers trained only on Transformer latent temporal features.,0.8968454258675079,0.9128818494684406,0.8968454258675079,0.8969338479545003,0.8184991273996509,0.989451476793249,0.8958930276981852,"[[1436, 312], [15, 1407]]",1436,312,15,1407,D3 O-RAN event label
D3_ORAN_7_2_event_log_handover_labels,100,07_individual_deep_features_to_classifiers,Transformer_deep_features,Transformer_as_feature_extractor,classical_ml,KNN,KNN,32,Classifiers trained only on Transformer latent temporal features.,0.8917981072555206,0.8927593362324211,0.8917981072555206,0.8919689401749843,0.8642808912896691,0.90014064697609,0.8818463658284533,"[[1547, 201], [142, 1280]]",1547,201,142,1280,D3 O-RAN event label
D3_ORAN_7_2_event_log_handover_labels,100,07_individual_deep_features_to_classifiers,Transformer_deep_features,Transformer_as_feature_extractor,classical_ml,Logistic_Regression,Logistic_Regression,32,Classifiers trained only on Transformer latent temporal features.,0.9053627760252366,0.917731920176874,0.9053627760252366,0.9055280756901816,0.8339285714285715,0.9852320675105484,0.9032882011605416,"[[1469, 279], [21, 1401]]",1469,279,21,1401,D3 O-RAN event label
D3_ORAN_7_2_event_log_handover_labels,100,08_combined_deep_features_to_classifiers,LSTM_GRU_TCN_Transformer_deep_features,combined_deep_feature_extraction,classical_ml,Decision_Tree,Decision_Tree,128,"Classifiers trained on concatenated LSTM, GRU, TCN, and Transformer features.",0.9132492113564668,0.9168109172119492,0.9132492113564668,0.913470575512537,0.8692852543464262,0.9493670886075948,0.907563025210084,"[[1545, 203], [72, 1350]]",1545,203,72,1350,D3 O-RAN event label
D3_ORAN_7_2_event_log_handover_labels,100,08_combined_deep_features_to_classifiers,LSTM_GRU_TCN_Transformer_deep_features,combined_deep_feature_extraction,classical_ml,Random_Forest,Random_Forest,128,"Classifiers trained on concatenated LSTM, GRU, TCN, and Transformer features.",0.9268138801261828,0.9297421799813858,0.9268138801261828,0.9269934069574792,0.8863636363636364,0.959915611814346,0.9216745442268738,"[[1573, 175], [57, 1365]]",1573,175,57,1365,D3 O-RAN event label
D3_ORAN_7_2_event_log_handover_labels,100,08_combined_deep_features_to_classifiers,LSTM_GRU_TCN_Transformer_deep_features,combined_deep_feature_extraction,classical_ml,SVM,SVM,128,"Classifiers trained on concatenated LSTM, GRU, TCN, and Transformer features.",0.9129337539432176,0.9239543620188824,0.9129337539432176,0.9131100047045164,0.8443509615384616,0.9880450070323488,0.9105638366817888,"[[1489, 259], [17, 1405]]",1489,259,17,1405,D3 O-RAN event label
D3_ORAN_7_2_event_log_handover_labels,100,08_combined_deep_features_to_classifiers,LSTM_GRU_TCN_Transformer_deep_features,combined_deep_feature_extraction,classical_ml,KNN,KNN,128,"Classifiers trained on concatenated LSTM, GRU, TCN, and Transformer features.",0.917981072555205,0.9182337946483796,0.917981072555205,0.9180453113400175,0.901243093922652,0.9177215189873418,0.9094076655052264,"[[1605, 143], [117, 1305]]",1605,143,117,1305,D3 O-RAN event label
D3_ORAN_7_2_event_log_handover_labels,100,08_combined_deep_features_to_classifiers,LSTM_GRU_TCN_Transformer_deep_features,combined_deep_feature_extraction,classical_ml,Logistic_Regression,Logistic_Regression,128,"Classifiers trained on concatenated LSTM, GRU, TCN, and Transformer features.",0.9217665615141956,0.9296470910276744,0.9217665615141956,0.9219618658925168,0.8614532019704434,0.9838255977496484,0.9185817465528562,"[[1523, 225], [23, 1399]]",1523,225,23,1399,D3 O-RAN event label
